Order_ID,Order_Date,Total,Subtotal,Discount,P_Service,Payment_Method,Purchase_Status,UF,Region,Category,D_Forecast,D_Date,Services,Quantity,delivery_lead_time,delivery_delay_days,is_late,is_confirmed,freight_share,discount_abs,avg_item_price,order_year,order_month,order_month_name,order_quarter,order_dayofweek,order_dayname
1,2025-04-12 00:52:33,3586.28,3958.2,0.1048,42.9,Credito,Processando,AC,Norte,Eletrônicos,2025-05-03 14:45:17,2025-05-03 14:45:17,Same-Day,2,21.0,0.0,0.0,0,0.011962256154009168,414.81936,1979.1,2025,4,April,2,5,Saturday
2,2025-05-05 01:02:38,1636.64,1799.01,0.1141,42.9,PIX,Em Analise,PB,Nordeste,Eletrônicos,2025-05-14 07:31:07,2025-05-17 07:31:07,Same-Day,1,12.0,3.0,1.0,0,0.026212239710626646,205.26704099999998,1799.01,2025,5,May,2,0,Monday
3,2025-04-27 23:05:38,2019.82,2144.0,0.0686,22.9,Boleto,Cancelado,RR,Norte,Eletrônicos,2025-05-10 15:29:43,2025-05-10 15:29:43,Standard,2,,,,0,0.011337643948470656,147.0784,1072.0,2025,4,April,2,6,Sunday
4,2025-04-10 02:42:52,237.23,199.6,0.0264,42.9,Debito,Processando,RO,Norte,Eletrônicos,2025-05-07 16:01:14,2025-05-10 16:01:14,Same-Day,4,30.0,3.0,1.0,0,0.18083716224760782,5.2694399999999995,49.9,2025,4,April,2,3,Thursday
5,2025-05-12 21:55:33,193.33,161.7,0.0697,42.9,Credito,Em Analise,AC,Norte,Eletrônicos,2025-04-30 15:40:39,2025-05-04 15:40:39,Same-Day,3,-9.0,4.0,1.0,0,0.2219003775927171,11.270489999999999,53.9,2025,5,May,2,0,Monday
6,2025-05-11 20:17:17,1666.13,1798.0,0.0972,42.9,Credito,Cancelado,PB,Nordeste,Eletrônicos,2025-04-22 13:34:38,2025-04-23 13:34:38,Same-Day,2,,,,0,0.025748290949685795,174.76559999999998,899.0,2025,5,May,2,6,Sunday
7,2025-03-18 05:42:47,4947.18,5397.03,0.0913,42.9,Boleto,Em Analise,RO,Norte,Eletrônicos,2025-04-26 02:07:24,2025-04-29 02:07:24,Same-Day,3,41.0,3.0,1.0,0,0.008671606854814258,492.74883900000003,1799.01,2025,3,March,1,1,Tuesday
8,2025-02-27 06:54:32,9143.39,9208.0,0.0106,32.99,PIX,Confirmado,PR,Sul,Eletrônicos,2025-05-03 10:22:08,2025-05-05 10:22:08,Scheduled,2,67.0,2.0,1.0,1,0.0036080709671139485,97.6048,4604.0,2025,2,February,1,3,Thursday
9,2025-05-04 04:29:08,467.54,449.0,0.0097,22.9,PIX,Em Analise,ES,Sudeste,Eletrônicos,2025-04-19 11:03:14,2025-04-22 11:03:14,Standard,1,-12.0,3.0,1.0,0,0.048979766437096284,4.3553,449.0,2025,5,May,2,6,Sunday
10,2025-04-16 20:57:08,7867.95,9149.97,0.1448,42.9,PIX,Cancelado,RS,Sul,Eletrônicos,2025-05-11 06:11:00,2025-05-14 06:11:00,Same-Day,3,,,,0,0.005452500333632013,1324.9156560000001,3049.99,2025,4,April,2,2,Wednesday
11,2025-04-16 02:03:43,4260.5,4316.0,0.0228,42.9,Debito,Em Analise,PB,Nordeste,Eletrônicos,2025-04-14 07:35:31,2025-04-18 07:35:31,Same-Day,4,2.0,4.0,1.0,0,0.010069240699448421,98.40480000000001,1079.0,2025,4,April,2,2,Wednesday
12,2025-03-25 09:52:22,1504.73,1539.8,0.0442,32.99,Credito,Confirmado,AC,Norte,Eletrônicos,2025-04-25 00:24:52,2025-04-29 00:24:52,Scheduled,2,34.0,4.0,1.0,1,0.021924199025738837,68.05916,769.9,2025,3,March,1,1,Tuesday
14,2025-02-26 12:39:38,4093.47,4316.0,0.0615,42.9,Boleto,Processando,ES,Sudeste,Eletrônicos,2025-05-11 16:28:28,2025-05-13 16:28:28,Same-Day,4,76.0,2.0,1.0,0,0.0104801061202354,265.43399999999997,1079.0,2025,2,February,1,2,Wednesday
15,2025-03-05 23:27:59,295.56,259.72,0.0272,42.9,Credito,Processando,PA,Norte,Eletrônicos,2025-04-28 11:37:36,2025-05-01 11:37:36,Same-Day,2,56.0,3.0,1.0,0,0.14514819326025172,7.064384,129.86,2025,3,March,1,2,Wednesday
16,2025-03-06 14:45:45,119.24,103.6,0.0701,22.9,Debito,Cancelado,RJ,Sudeste,Eletrônicos,2025-04-30 05:10:29,2025-05-05 05:10:29,Standard,2,,,,0,0.19204964776920497,7.262359999999999,51.8,2025,3,March,1,3,Thursday
17,2025-02-28 06:40:58,3008.64,3253.14,0.0853,32.99,Boleto,Confirmado,CE,Nordeste,Eletrônicos,2025-05-05 01:49:22,2025-05-09 01:49:22,Scheduled,2,69.0,4.0,1.0,1,0.010965087215486068,277.492842,1626.57,2025,2,February,1,4,Friday
18,2025-03-11 05:37:17,143.38,107.8,0.0679,42.9,Credito,Processando,PE,Nordeste,Eletrônicos,2025-04-19 06:49:11,2025-04-23 06:49:11,Same-Day,2,43.0,4.0,1.0,0,0.2992049100292928,7.3196200000000005,53.9,2025,3,March,1,1,Tuesday
19,2025-05-08 04:47:07,238.29,249.82,0.1378,22.9,Credito,Cancelado,CE,Nordeste,Eletrônicos,2025-05-07 11:50:38,2025-05-10 11:50:38,Standard,2,,,,0,0.09610138906374585,34.425196,124.91,2025,5,May,2,3,Thursday
20,2025-03-10 10:30:01,186.21,149.7,0.0427,42.9,Credito,Em Analise,SP,Sudeste,Eletrônicos,2025-05-08 15:34:41,2025-05-13 15:34:41,Same-Day,3,64.0,5.0,1.0,0,0.2303850491380699,6.392189999999999,49.9,2025,3,March,1,0,Monday
21,2025-04-01 12:47:17,2973.33,3253.14,0.0992,42.9,PIX,Em Analise,PI,Nordeste,Eletrônicos,2025-05-03 13:18:34,2025-05-03 13:18:34,Same-Day,2,32.0,0.0,0.0,0,0.014428267296263784,322.711488,1626.57,2025,4,April,2,1,Tuesday
22,2025-03-12 14:29:34,1096.89,1072.0,0.0168,42.9,Credito,Em Analise,PE,Nordeste,Eletrônicos,2025-04-28 16:07:18,2025-04-28 16:07:18,Same-Day,1,47.0,0.0,0.0,0,0.03911057626562371,18.0096,1072.0,2025,3,March,1,2,Wednesday
23,2025-02-25 05:46:45,1819.39,1898.0,0.0588,32.99,Credito,Em Analise,PB,Nordeste,Eletrônicos,2025-04-22 20:48:35,2025-04-26 20:48:35,Scheduled,2,60.0,4.0,1.0,0,0.01813245098631959,111.6024,949.0,2025,2,February,1,1,Tuesday
24,2025-04-20 21:15:27,886.47,949.0,0.1111,42.9,Debito,Cancelado,RS,Sul,Eletrônicos,2025-04-29 07:29:22,2025-05-04 07:29:22,Same-Day,1,,,,0,0.04839419269687637,105.43390000000001,949.0,2025,4,April,2,6,Sunday
25,2025-03-25 13:17:21,133.1,103.6,0.0337,32.99,PIX,Confirmado,PI,Nordeste,Eletrônicos,2025-04-17 15:51:23,2025-04-19 15:51:23,Scheduled,2,25.0,2.0,1.0,1,0.24785875281743053,3.49132,51.8,2025,3,March,1,1,Tuesday
26,2025-05-01 13:57:46,5963.46,6506.28,0.0885,32.99,Credito,Cancelado,BA,Nordeste,Eletrônicos,2025-05-04 06:59:40,2025-05-05 06:59:40,Scheduled,4,,,,0,0.005532023355568748,575.8057799999999,1626.57,2025,5,May,2,3,Thursday
27,2025-04-21 15:50:53,3022.74,3049.99,0.023,42.9,Credito,Processando,RS,Sul,Eletrônicos,2025-05-02 16:46:46,2025-05-06 16:46:46,Same-Day,1,15.0,4.0,1.0,0,0.014192421445443538,70.14976999999999,3049.99,2025,4,April,2,0,Monday
28,2025-04-22 23:40:44,3209.37,3216.0,0.0154,42.9,Boleto,Confirmado,PI,Nordeste,Eletrônicos,2025-04-26 18:17:08,2025-04-30 18:17:08,Same-Day,3,7.0,4.0,1.0,1,0.013367109432692398,49.5264,1072.0,2025,4,April,2,1,Tuesday
29,2025-02-19 04:48:16,345.24,349.8,0.0785,22.9,Debito,Processando,RS,Sul,Eletrônicos,2025-04-22 12:23:13,2025-04-27 12:23:13,Standard,2,67.0,5.0,1.0,0,0.06633066852044954,27.459300000000002,174.9,2025,2,February,1,2,Wednesday
30,2025-02-24 02:23:43,1658.76,1798.0,0.1013,42.9,PIX,Cancelado,PE,Nordeste,Eletrônicos,2025-04-23 18:00:59,2025-04-24 18:00:59,Same-Day,2,,,,0,0.025862692613759675,182.1374,899.0,2025,2,February,1,0,Monday
31,2025-04-13 11:48:49,1810.33,1798.0,0.017,42.9,Boleto,Cancelado,PE,Nordeste,Eletrônicos,2025-04-18 11:34:53,2025-04-20 11:34:53,Same-Day,2,,,,0,0.02369733694961692,30.566000000000003,899.0,2025,4,April,2,6,Sunday
32,2025-03-06 00:42:28,808.2,899.0,0.1377,32.99,PIX,Em Analise,SC,Sul,Eletrônicos,2025-05-07 22:52:17,2025-05-10 22:52:17,Scheduled,1,65.0,3.0,1.0,0,0.04081910418213314,123.79229999999998,899.0,2025,3,March,1,3,Thursday
33,2025-04-06 06:58:45,2254.3,2309.7,0.0339,22.9,Credito,Confirmado,MG,Sudeste,Eletrônicos,2025-05-12 17:09:59,2025-05-16 17:09:59,Standard,3,40.0,4.0,1.0,1,0.010158364015437163,78.29883,769.9,2025,4,April,2,6,Sunday
35,2025-03-15 05:05:42,94.97,53.7,0.0304,42.9,Boleto,Processando,AP,Norte,Eletrônicos,2025-05-12 17:04:07,2025-05-14 17:04:07,Same-Day,3,60.0,2.0,1.0,0,0.4517215962935664,1.6324800000000002,17.900000000000002,2025,3,March,1,5,Saturday
36,2025-03-18 12:37:25,243.11,215.6,0.0254,32.99,PIX,Confirmado,SC,Sul,Eletrônicos,2025-05-09 16:05:35,2025-05-09 16:05:35,Scheduled,4,52.0,0.0,0.0,1,0.13569988893916335,5.47624,53.9,2025,3,March,1,1,Tuesday
37,2025-03-16 04:22:08,96.07,53.9,0.0136,42.9,PIX,Processando,RS,Sul,Eletrônicos,2025-05-12 21:05:56,2025-05-13 21:05:56,Same-Day,1,58.0,1.0,1.0,0,0.4465493910690122,0.7330399999999999,53.9,2025,3,March,1,6,Sunday
38,2025-04-19 14:47:47,482.73,499.64,0.1197,42.9,Debito,Confirmado,SC,Sul,Eletrônicos,2025-04-17 17:16:43,2025-04-20 17:16:43,Same-Day,4,1.0,3.0,1.0,1,0.08886955440929711,59.806908,124.91,2025,4,April,2,5,Saturday
39,2025-03-22 18:59:08,5519.06,5937.3,0.0743,22.9,Boleto,Confirmado,RR,Norte,Eletrônicos,2025-04-29 04:43:18,2025-05-01 04:43:18,Standard,3,39.0,2.0,1.0,1,0.004149257301062137,441.14139000000006,1979.1000000000001,2025,3,March,1,5,Saturday
40,2025-03-03 03:31:44,1726.17,1798.0,0.0583,32.99,PIX,Processando,RJ,Sudeste,Eletrônicos,2025-05-12 18:08:14,2025-05-13 18:08:14,Scheduled,2,71.0,1.0,1.0,0,0.019111674979868726,104.82339999999999,899.0,2025,3,March,1,0,Monday
41,2025-03-27 02:25:36,182.95,174.9,0.1426,32.99,Debito,Em Analise,SP,Sudeste,Eletrônicos,2025-05-11 08:58:37,2025-05-11 08:58:37,Scheduled,1,45.0,0.0,0.0,0,0.18032249248428533,24.94074,174.9,2025,3,March,1,3,Thursday
42,2025-03-27 23:28:39,93.8,53.9,0.0557,42.9,Credito,Confirmado,PR,Sul,Eletrônicos,2025-05-06 22:51:51,2025-05-07 22:51:51,Same-Day,1,40.0,1.0,1.0,1,0.4573560767590618,3.00223,53.9,2025,3,March,1,3,Thursday
43,2025-05-03 13:48:20,1534.3,1539.8,0.025,32.99,Boleto,Em Analise,CE,Nordeste,Eletrônicos,2025-04-25 21:55:20,2025-04-28 21:55:20,Scheduled,2,-5.0,3.0,1.0,0,0.021501661995698366,38.495000000000005,769.9,2025,5,May,2,5,Saturday
44,2025-02-25 22:16:37,904.95,899.0,0.0411,42.9,PIX,Cancelado,MA,Nordeste,Eletrônicos,2025-04-19 08:30:24,2025-04-22 08:30:24,Same-Day,1,,,,0,0.04740593402950439,36.948899999999995,899.0,2025,2,February,1,1,Tuesday
45,2025-02-23 23:40:48,143.34,124.91,0.0358,22.9,Debito,Em Analise,BA,Nordeste,Eletrônicos,2025-04-14 21:15:46,2025-04-18 21:15:46,Standard,1,53.0,4.0,1.0,0,0.1597600111622715,4.471778,124.91,2025,2,February,1,6,Sunday
46,2025-03-22 02:32:04,7633.96,8226.39,0.0748,22.9,PIX,Confirmado,SP,Sudeste,Eletrônicos,2025-04-14 12:05:50,2025-04-19 12:05:50,Standard,3,28.0,5.0,1.0,1,0.002999753732008027,615.333972,2742.1299999999997,2025,3,March,1,5,Saturday
48,2025-05-05 18:29:47,1691.82,1798.0,0.0774,32.99,Credito,Confirmado,BA,Nordeste,Eletrônicos,2025-05-08 05:04:17,2025-05-11 05:04:17,Scheduled,2,5.0,3.0,1.0,1,0.019499710371079667,139.1652,899.0,2025,5,May,2,0,Monday
49,2025-04-03 11:00:22,418.91,428.99,0.1004,32.99,PIX,Processando,AC,Norte,Eletrônicos,2025-05-01 14:50:30,2025-05-04 14:50:30,Scheduled,1,31.0,3.0,1.0,0,0.07875199923611277,43.070596,428.99,2025,4,April,2,3,Thursday
50,2025-05-13 18:47:18,80.61,53.9,0.1166,32.99,Credito,Confirmado,TO,Norte,Eletrônicos,2025-04-18 04:50:09,2025-04-23 04:50:09,Scheduled,1,-21.0,5.0,1.0,1,0.4092544349336311,6.284739999999999,53.9,2025,5,May,2,1,Tuesday
51,2025-03-24 23:12:13,189.26,174.9,0.1065,32.99,PIX,Processando,MA,Nordeste,Eletrônicos,2025-05-01 13:04:52,2025-05-03 13:04:52,Scheduled,1,39.0,2.0,1.0,0,0.1743104723660573,18.62685,174.9,2025,3,March,1,0,Monday
52,2025-05-03 07:23:43,2656.83,2697.0,0.0308,42.9,Boleto,Em Analise,PE,Nordeste,Eletrônicos,2025-04-16 18:47:26,2025-04-19 18:47:26,Same-Day,3,-14.0,3.0,1.0,0,0.016147062476710966,83.0676,899.0,2025,5,May,2,5,Saturday
53,2025-04-26 01:20:49,3568.4,3598.02,0.0174,32.99,PIX,Confirmado,PR,Sul,Eletrônicos,2025-04-21 04:36:59,2025-04-24 04:36:59,Scheduled,2,-2.0,3.0,1.0,1,0.009245039793745096,62.605548,1799.01,2025,4,April,2,5,Saturday
55,2025-03-06 00:55:53,1687.72,1715.96,0.0298,22.9,PIX,Cancelado,SP,Sudeste,Eletrônicos,2025-05-10 00:34:08,2025-05-14 00:34:08,Standard,4,,,,0,0.013568601426776952,51.135608,428.99,2025,3,March,1,3,Thursday
56,2025-02-25 06:04:11,2163.58,2158.0,0.0127,32.99,Credito,Confirmado,PR,Sul,Eletrônicos,2025-05-10 17:13:03,2025-05-14 17:13:03,Scheduled,2,78.0,4.0,1.0,1,0.015247876205178456,27.406599999999997,1079.0,2025,2,February,1,1,Tuesday
57,2025-04-10 13:44:17,5003.11,5397.03,0.0791,32.99,PIX,Em Analise,CE,Nordeste,Eletrônicos,2025-05-03 20:27:26,2025-05-05 20:27:26,Scheduled,3,25.0,2.0,1.0,0,0.006593898595073865,426.905073,1799.01,2025,4,April,2,3,Thursday
58,2025-04-05 19:42:55,2951.6,3079.6,0.049,22.9,PIX,Cancelado,RO,Norte,Eletrônicos,2025-05-11 20:08:17,2025-05-13 20:08:17,Standard,4,,,,0,0.0077585038623119666,150.9004,769.9,2025,4,April,2,5,Saturday
59,2025-03-08 06:13:02,3221.2,3596.0,0.1134,32.99,Credito,Confirmado,PB,Nordeste,Eletrônicos,2025-04-20 19:00:53,2025-04-25 19:00:53,Scheduled,4,48.0,5.0,1.0,1,0.010241524897553709,407.7864,899.0,2025,3,March,1,5,Saturday
60,2025-02-17 03:46:36,290.39,259.72,0.0471,42.9,Boleto,Cancelado,RR,Norte,Eletrônicos,2025-05-10 04:07:08,2025-05-15 04:07:08,Same-Day,2,,,,0,0.14773235992974965,12.232812000000003,129.86,2025,2,February,1,0,Monday
61,2025-02-26 21:58:54,469.19,499.64,0.1468,42.9,Debito,Processando,CE,Nordeste,Eletrônicos,2025-05-02 16:44:30,2025-05-04 16:44:30,Same-Day,4,66.0,2.0,1.0,0,0.09143417378887017,73.34715200000001,124.91,2025,2,February,1,2,Wednesday
62,2025-04-13 00:47:22,3857.83,4316.0,0.1138,32.99,PIX,Em Analise,ES,Sudeste,Eletrônicos,2025-05-03 08:45:01,2025-05-07 08:45:01,Scheduled,4,24.0,4.0,1.0,0,0.008551439539844939,491.1608,1079.0,2025,4,April,2,6,Sunday
63,2025-04-19 16:41:04,701.08,663.96,0.0087,42.9,PIX,Processando,PE,Nordeste,Eletrônicos,2025-04-30 00:15:53,2025-04-30 00:15:53,Same-Day,4,10.0,0.0,0.0,0,0.06119130484395503,5.776452,165.99,2025,4,April,2,5,Saturday
64,2025-04-01 08:19:33,2156.37,2309.7,0.0763,22.9,Boleto,Em Analise,MA,Nordeste,Eletrônicos,2025-05-14 03:00:06,2025-05-17 03:00:06,Standard,3,45.0,3.0,1.0,0,0.010619698845745396,176.23011,769.9,2025,4,April,2,1,Tuesday
65,2025-03-11 05:24:52,161.8,129.86,0.0844,42.9,Boleto,Em Analise,PR,Sul,Eletrônicos,2025-05-07 20:02:45,2025-05-07 20:02:45,Same-Day,1,57.0,0.0,0.0,0,0.26514215080346104,10.960184000000002,129.86,2025,3,March,1,1,Tuesday
66,2025-03-24 17:40:20,65.06,35.8,0.1043,32.99,Boleto,Cancelado,PR,Sul,Eletrônicos,2025-04-24 03:46:36,2025-04-25 03:46:36,Scheduled,2,,,,0,0.5070703965570243,3.73394,17.9,2025,3,March,1,0,Monday
67,2025-02-25 21:44:12,79.16,49.9,0.0747,32.99,Credito,Cancelado,RR,Norte,Eletrônicos,2025-05-14 21:06:29,2025-05-15 21:06:29,Scheduled,1,,,,0,0.41675088428499246,3.7275300000000002,49.9,2025,2,February,1,1,Tuesday
68,2025-03-10 13:56:15,4025.99,4316.0,0.0725,22.9,Boleto,Processando,SP,Sudeste,Eletrônicos,2025-05-08 06:49:58,2025-05-12 06:49:58,Standard,4,62.0,4.0,1.0,0,0.005688041947446466,312.90999999999997,1079.0,2025,3,March,1,0,Monday
69,2025-05-06 00:20:48,3081.22,3237.0,0.0552,22.9,PIX,Cancelado,SC,Sul,Eletrônicos,2025-05-01 20:48:36,2025-05-05 20:48:36,Standard,3,,,,0,0.0074321210429635015,178.6824,1079.0,2025,5,May,2,1,Tuesday
70,2025-04-26 05:51:52,378.46,349.8,0.0407,42.9,PIX,Confirmado,AC,Norte,Eletrônicos,2025-04-18 10:00:44,2025-04-23 10:00:44,Same-Day,2,-3.0,5.0,1.0,1,0.11335411932568831,14.23686,174.9,2025,4,April,2,5,Saturday
71,2025-02-18 19:28:09,968.79,1079.0,0.1419,42.9,Debito,Processando,ES,Sudeste,Eletrônicos,2025-04-21 18:17:02,2025-04-21 18:17:02,Same-Day,1,61.0,0.0,0.0,0,0.044282042547920605,153.1101,1079.0,2025,2,February,1,1,Tuesday
72,2025-04-27 11:31:23,1850.56,1898.0,0.0476,42.9,Debito,Cancelado,PB,Nordeste,Eletrônicos,2025-05-02 19:26:52,2025-05-03 19:26:52,Same-Day,2,,,,0,0.023182171883105656,90.3448,949.0,2025,4,April,2,6,Sunday
73,2025-04-16 08:36:55,3063.92,3049.99,0.0095,42.9,PIX,Processando,PR,Sul,Eletrônicos,2025-04-21 18:07:41,2025-04-26 18:07:41,Same-Day,1,10.0,5.0,1.0,0,0.014001671061907622,28.974904999999996,3049.99,2025,4,April,2,2,Wednesday
74,2025-05-04 08:32:42,180.54,161.7,0.0251,22.9,Credito,Em Analise,PE,Nordeste,Eletrônicos,2025-04-14 11:00:30,2025-04-19 11:00:30,Standard,3,-15.0,5.0,1.0,0,0.12684169713082974,4.05867,53.9,2025,5,May,2,6,Sunday
75,2025-04-14 03:26:44,5348.51,6099.98,0.1286,32.99,PIX,Processando,CE,Nordeste,Eletrônicos,2025-04-21 14:28:41,2025-04-23 14:28:41,Scheduled,2,9.0,2.0,1.0,0,0.0061680729773338746,784.4574279999999,3049.99,2025,4,April,2,0,Monday
76,2025-03-18 15:51:41,516.63,519.44,0.088,42.9,Boleto,Em Analise,AC,Norte,Eletrônicos,2025-05-15 22:33:05,2025-05-15 22:33:05,Same-Day,4,58.0,0.0,0.0,0,0.08303815109459381,45.71072,129.86,2025,3,March,1,1,Tuesday
77,2025-04-16 05:35:45,790.76,857.98,0.1168,32.99,PIX,Processando,AC,Norte,Eletrônicos,2025-04-21 17:15:07,2025-04-24 17:15:07,Scheduled,2,8.0,3.0,1.0,0,0.041719358591734534,100.212064,428.99,2025,4,April,2,2,Wednesday
78,2025-04-20 09:40:32,1216.6,1347.0,0.1213,32.99,PIX,Em Analise,RN,Nordeste,Eletrônicos,2025-05-05 16:00:59,2025-05-06 16:00:59,Scheduled,3,16.0,1.0,1.0,0,0.02711655433174421,163.3911,449.0,2025,4,April,2,6,Sunday
79,2025-04-02 07:18:28,7243.42,8226.39,0.1235,32.99,PIX,Processando,PR,Sul,Eletrônicos,2025-04-28 08:23:50,2025-04-28 08:23:50,Scheduled,3,26.0,0.0,0.0,0,0.00455447840937016,1015.9591649999999,2742.1299999999997,2025,4,April,2,2,Wednesday
80,2025-03-05 18:08:56,223.08,207.2,0.0826,32.99,Boleto,Processando,AP,Norte,Eletrônicos,2025-04-21 05:18:02,2025-04-23 05:18:02,Scheduled,4,48.0,2.0,1.0,0,0.14788416711493635,17.114720000000002,51.8,2025,3,March,1,2,Wednesday
81,2025-05-01 22:57:48,538.61,519.44,0.0266,32.99,Debito,Em Analise,PA,Norte,Eletrônicos,2025-05-07 15:49:00,2025-05-09 15:49:00,Scheduled,4,7.0,2.0,1.0,0,0.06125025528675666,13.817104,129.86,2025,5,May,2,3,Thursday
82,2025-03-30 03:05:25,1792.06,1799.01,0.0222,32.99,Debito,Confirmado,RS,Sul,Eletrônicos,2025-05-04 04:10:01,2025-05-04 04:10:01,Scheduled,1,35.0,0.0,0.0,1,0.018408981842125822,39.938022000000004,1799.01,2025,3,March,1,6,Sunday
83,2025-04-27 16:58:19,497.62,519.44,0.0861,22.9,Credito,Confirmado,PR,Sul,Eletrônicos,2025-04-30 15:26:16,2025-05-04 15:26:16,Standard,4,6.0,4.0,1.0,1,0.046019050681242714,44.723784,129.86,2025,4,April,2,6,Sunday
84,2025-04-04 13:43:54,5787.38,6099.98,0.055,22.9,Credito,Cancelado,MG,Sudeste,Eletrônicos,2025-05-05 08:10:29,2025-05-10 08:10:29,Standard,2,,,,0,0.003956885499137779,335.4989,3049.99,2025,4,April,2,4,Friday
85,2025-04-06 23:27:00,379.87,389.58,0.0837,22.9,Boleto,Em Analise,RR,Norte,Eletrônicos,2025-05-06 03:18:44,2025-05-07 03:18:44,Standard,3,30.0,1.0,1.0,0,0.06028378129360044,32.607845999999995,129.85999999999999,2025,4,April,2,6,Sunday
86,2025-02-27 07:11:13,369.6,374.73,0.0748,22.9,PIX,Em Analise,AC,Norte,Eletrônicos,2025-05-06 04:04:13,2025-05-10 04:04:13,Standard,3,71.0,4.0,1.0,0,0.06195887445887445,28.029804000000002,124.91000000000001,2025,2,February,1,3,Thursday
87,2025-03-06 02:31:30,80.11,51.8,0.0903,32.99,Debito,Processando,SC,Sul,Eletrônicos,2025-05-11 16:34:58,2025-05-16 16:34:58,Scheduled,1,71.0,5.0,1.0,0,0.4118087629509425,4.67754,51.8,2025,3,March,1,3,Thursday
88,2025-03-03 20:00:09,539.85,519.44,0.0048,22.9,Boleto,Confirmado,BA,Nordeste,Eletrônicos,2025-05-14 03:19:23,2025-05-14 03:19:23,Standard,4,71.0,0.0,0.0,1,0.04241919051588404,2.493312,129.86,2025,3,March,1,0,Monday
89,2025-04-22 04:22:03,4317.75,4316.0,0.0049,22.9,Credito,Cancelado,TO,Norte,Eletrônicos,2025-05-04 22:50:17,2025-05-08 22:50:17,Standard,4,,,,0,0.005303688263563198,21.1484,1079.0,2025,4,April,2,1,Tuesday
90,2025-03-16 03:00:14,6450.42,7196.04,0.1082,32.99,Debito,Confirmado,RO,Norte,Eletrônicos,2025-04-29 03:18:47,2025-04-29 03:18:47,Scheduled,4,44.0,0.0,0.0,1,0.00511439565175601,778.611528,1799.01,2025,3,March,1,6,Sunday
91,2025-04-14 16:14:22,173.79,155.4,0.029,22.9,Debito,Processando,RN,Nordeste,Eletrônicos,2025-04-23 23:44:59,2025-04-28 23:44:59,Standard,3,14.0,5.0,1.0,0,0.1317682260199091,4.506600000000001,51.800000000000004,2025,4,April,2,0,Monday
92,2025-03-27 05:13:40,248.29,249.82,0.0978,22.9,Debito,Confirmado,BA,Nordeste,Eletrônicos,2025-04-24 13:29:15,2025-04-29 13:29:15,Standard,2,33.0,5.0,1.0,1,0.09223085907608039,24.432395999999997,124.91,2025,3,March,1,3,Thursday
93,2025-04-05 04:45:14,1446.53,1539.8,0.082,32.99,PIX,Em Analise,PA,Norte,Eletrônicos,2025-04-22 01:07:13,2025-04-23 01:07:13,Scheduled,2,17.0,1.0,1.0,0,0.02280630197783662,126.2636,769.9,2025,4,April,2,5,Saturday
94,2025-05-01 14:39:51,1566.14,1798.0,0.1473,32.99,Debito,Cancelado,RJ,Sudeste,Eletrônicos,2025-05-08 23:33:56,2025-05-12 23:33:56,Scheduled,2,,,,0,0.021064528075395557,264.8454,899.0,2025,5,May,2,3,Thursday
95,2025-04-03 23:16:41,501.86,524.7,0.1253,42.9,Boleto,Confirmado,MG,Sudeste,Eletrônicos,2025-05-11 05:29:28,2025-05-16 05:29:28,Same-Day,3,42.0,5.0,1.0,1,0.08548200693420475,65.74491,174.9,2025,4,April,2,3,Thursday
96,2025-04-25 17:03:55,2921.65,3079.6,0.062,32.99,PIX,Processando,PR,Sul,Eletrônicos,2025-04-19 15:41:19,2025-04-22 15:41:19,Scheduled,4,-4.0,3.0,1.0,0,0.011291564698030223,190.93519999999998,769.9,2025,4,April,2,4,Friday
97,2025-02-17 23:02:28,2810.77,3049.99,0.0925,42.9,Credito,Processando,RS,Sul,Eletrônicos,2025-05-16 04:41:37,2025-05-16 04:41:37,Same-Day,1,87.0,0.0,0.0,0,0.01526272160297712,282.124075,3049.99,2025,2,February,1,0,Monday
98,2025-04-29 14:44:20,538.37,524.7,0.0176,22.9,Debito,Processando,PA,Norte,Eletrônicos,2025-05-01 15:19:50,2025-05-04 15:19:50,Standard,3,5.0,3.0,1.0,0,0.04253580251499898,9.234720000000001,174.9,2025,4,April,2,1,Tuesday
99,2025-03-16 00:49:12,512.21,519.44,0.058,22.9,PIX,Confirmado,AC,Norte,Eletrônicos,2025-04-13 18:28:42,2025-04-17 18:28:42,Standard,4,32.0,4.0,1.0,1,0.044708225142031585,30.127520000000004,129.86,2025,3,March,1,6,Sunday
100,2025-05-04 09:01:41,1722.02,1898.0,0.1101,32.99,Credito,Em Analise,PE,Nordeste,Eletrônicos,2025-04-17 07:17:25,2025-04-22 07:17:25,Scheduled,2,-13.0,5.0,1.0,0,0.019157733359659007,208.96980000000002,949.0,2025,5,May,2,6,Sunday
101,2025-03-03 21:54:08,183.48,165.99,0.0934,32.99,Credito,Cancelado,ES,Sudeste,Eletrônicos,2025-05-06 15:27:46,2025-05-06 15:27:46,Scheduled,1,,,,0,0.1798016132548507,15.503466,165.99,2025,3,March,1,0,Monday
102,2025-04-24 02:08:55,8571.57,9208.0,0.0727,32.99,Boleto,Em Analise,RJ,Sudeste,Eletrônicos,2025-04-18 12:53:45,2025-04-22 12:53:45,Scheduled,2,-2.0,4.0,1.0,0,0.0038487698286311612,669.4216,4604.0,2025,4,April,2,3,Thursday
103,2025-03-02 11:41:12,1771.31,1796.0,0.0265,22.9,PIX,Cancelado,SC,Sul,Eletrônicos,2025-05-04 21:40:33,2025-05-07 21:40:33,Standard,4,,,,0,0.012928284715831784,47.594,449.0,2025,3,March,1,6,Sunday
104,2025-04-06 15:44:57,2725.37,3049.99,0.1205,42.9,PIX,Confirmado,RR,Norte,Eletrônicos,2025-05-06 09:02:34,2025-05-07 09:02:34,Same-Day,1,30.0,1.0,1.0,1,0.015740981958412986,367.52379499999995,3049.99,2025,4,April,2,6,Sunday
105,2025-05-12 07:40:23,111.56,71.6,0.041,42.9,Debito,Cancelado,ES,Sudeste,Eletrônicos,2025-05-07 16:04:23,2025-05-07 16:04:23,Same-Day,4,,,,0,0.38454643241305125,2.9356,17.9,2025,5,May,2,0,Monday
106,2025-03-12 00:16:54,5391.97,6099.98,0.1231,42.9,Debito,Em Analise,ES,Sudeste,Eletrônicos,2025-05-14 00:32:55,2025-05-15 00:32:55,Same-Day,2,64.0,1.0,1.0,0,0.007956275721118625,750.9075379999999,3049.99,2025,3,March,1,2,Wednesday
107,2025-03-28 12:33:18,3937.69,4288.0,0.0917,42.9,PIX,Confirmado,PE,Nordeste,Eletrônicos,2025-05-05 06:43:25,2025-05-08 06:43:25,Same-Day,4,40.0,3.0,1.0,1,0.010894712382132672,393.2096,1072.0,2025,3,March,1,4,Friday
108,2025-02-21 06:53:30,356.32,331.98,0.0559,42.9,Boleto,Cancelado,PI,Nordeste,Eletrônicos,2025-04-19 13:40:46,2025-04-24 13:40:46,Same-Day,2,,,,0,0.12039739559946115,18.557682,165.99,2025,2,February,1,4,Friday
109,2025-02-19 01:22:46,187.44,155.4,0.0061,32.99,PIX,Cancelado,SP,Sudeste,Eletrônicos,2025-05-05 06:35:43,2025-05-05 06:35:43,Scheduled,3,,,,0,0.17600298762270594,0.9479400000000001,51.800000000000004,2025,2,February,1,2,Wednesday
110,2025-03-05 17:15:06,187.38,149.7,0.0349,42.9,Boleto,Cancelado,AC,Norte,Eletrônicos,2025-04-28 21:09:35,2025-04-29 21:09:35,Same-Day,3,,,,0,0.22894652577649696,5.22453,49.9,2025,3,March,1,2,Wednesday
111,2025-03-28 22:32:50,9528.22,10968.52,0.1334,22.9,PIX,Processando,ES,Sudeste,Eletrônicos,2025-04-30 07:04:56,2025-05-01 07:04:56,Standard,4,33.0,1.0,1.0,0,0.0024033869914842436,1463.200568,2742.13,2025,3,March,1,4,Friday
112,2025-05-07 18:16:12,384.68,389.58,0.1227,42.9,Credito,Cancelado,MG,Sudeste,Eletrônicos,2025-04-30 08:53:46,2025-05-04 08:53:46,Same-Day,3,,,,0,0.11152126442757616,47.801466,129.85999999999999,2025,5,May,2,2,Wednesday
113,2025-03-30 03:43:34,388.99,389.58,0.0862,32.99,Credito,Cancelado,SE,Nordeste,Eletrônicos,2025-04-30 21:07:05,2025-05-03 21:07:05,Scheduled,3,,,,0,0.08480937813311397,33.581796,129.85999999999999,2025,3,March,1,6,Sunday
114,2025-03-19 05:32:24,3573.56,3796.0,0.0699,42.9,PIX,Confirmado,SC,Sul,Eletrônicos,2025-04-27 07:47:10,2025-05-02 07:47:10,Same-Day,4,44.0,5.0,1.0,1,0.012004835514165146,265.3404,949.0,2025,3,March,1,2,Wednesday
115,2025-05-16 06:48:30,5393.78,5937.3,0.0971,32.99,PIX,Confirmado,AC,Norte,Eletrônicos,2025-04-28 17:58:37,2025-05-02 17:58:37,Scheduled,3,-14.0,4.0,1.0,1,0.006116304335734866,576.51183,1979.1000000000001,2025,5,May,2,4,Friday
116,2025-03-13 07:35:30,2017.03,2144.0,0.0699,22.9,PIX,Confirmado,TO,Norte,Eletrônicos,2025-05-17 03:27:35,2025-05-17 03:27:35,Standard,2,64.0,0.0,0.0,1,0.011353326425486978,149.8656,1072.0,2025,3,March,1,3,Thursday
117,2025-05-12 17:21:39,3896.68,4288.0,0.0966,22.9,Debito,Processando,RN,Nordeste,Eletrônicos,2025-04-27 00:03:13,2025-04-29 00:03:13,Standard,4,-14.0,2.0,1.0,0,0.0058767976841824325,414.2208,1072.0,2025,5,May,2,0,Monday
118,2025-03-29 16:07:45,80.59,49.9,0.0461,32.99,PIX,Confirmado,AM,Norte,Eletrônicos,2025-05-01 05:57:52,2025-05-01 05:57:52,Scheduled,1,32.0,0.0,0.0,1,0.40935599950366053,2.30039,49.9,2025,3,March,1,5,Saturday
119,2025-03-26 23:04:45,435.42,449.0,0.1258,42.9,Boleto,Cancelado,AM,Norte,Eletrônicos,2025-04-13 16:52:02,2025-04-18 16:52:02,Same-Day,1,,,,0,0.0985255615268017,56.4842,449.0,2025,3,March,1,2,Wednesday
120,2025-04-02 23:27:10,74.93,35.8,0.1053,42.9,PIX,Em Analise,CE,Nordeste,Eletrônicos,2025-04-20 06:54:33,2025-04-24 06:54:33,Same-Day,2,21.0,4.0,1.0,0,0.5725343654077137,3.76974,17.9,2025,4,April,2,2,Wednesday
121,2025-03-21 17:47:53,4145.26,4316.0,0.0495,42.9,Boleto,Confirmado,SC,Sul,Eletrônicos,2025-04-27 20:48:45,2025-05-01 20:48:45,Same-Day,4,41.0,4.0,1.0,1,0.010349169895253856,213.642,1079.0,2025,3,March,1,4,Friday
122,2025-02-19 20:28:44,1755.4,1979.1,0.1246,22.9,Boleto,Cancelado,MA,Nordeste,Eletrônicos,2025-05-16 11:29:32,2025-05-16 11:29:32,Standard,1,,,,0,0.013045459724279364,246.59586,1979.1,2025,2,February,1,2,Wednesday
123,2025-03-23 00:47:08,153.36,129.86,0.0731,32.99,Debito,Processando,PR,Sul,Eletrônicos,2025-04-20 04:49:21,2025-04-25 04:49:21,Scheduled,1,33.0,5.0,1.0,0,0.21511476264997392,9.492766000000001,129.86,2025,3,March,1,6,Sunday
124,2025-03-02 23:39:35,3887.49,3958.2,0.0262,32.99,Boleto,Cancelado,SP,Sudeste,Eletrônicos,2025-05-08 13:48:08,2025-05-12 13:48:08,Scheduled,2,,,,0,0.00848619546288222,103.70484,1979.1,2025,3,March,1,6,Sunday
125,2025-04-22 04:22:37,93.66,71.6,0.0117,22.9,Credito,Processando,MG,Sudeste,Eletrônicos,2025-05-10 04:39:18,2025-05-15 04:39:18,Standard,4,23.0,5.0,1.0,0,0.24450138799914584,0.8377199999999999,17.9,2025,4,April,2,1,Tuesday
126,2025-03-30 06:33:37,2752.95,3049.99,0.1049,22.9,PIX,Confirmado,PR,Sul,Eletrônicos,2025-04-27 16:08:40,2025-04-28 16:08:40,Standard,1,29.0,1.0,1.0,1,0.008318349406999765,319.94395099999997,3049.99,2025,3,March,1,6,Sunday
127,2025-04-03 17:41:41,173.7,161.7,0.1298,32.99,Debito,Em Analise,PB,Nordeste,Eletrônicos,2025-05-13 11:58:37,2025-05-13 11:58:37,Scheduled,3,39.0,0.0,0.0,0,0.18992515831894072,20.98866,53.9,2025,4,April,2,3,Thursday
128,2025-04-29 14:12:50,271.17,259.72,0.1211,42.9,Credito,Confirmado,RJ,Sudeste,Eletrônicos,2025-04-28 06:24:11,2025-04-29 06:24:11,Same-Day,2,-1.0,1.0,1.0,1,0.15820334107755282,31.452092000000004,129.86,2025,4,April,2,1,Tuesday
129,2025-04-08 06:26:52,5889.61,6506.28,0.0983,22.9,Debito,Cancelado,BA,Nordeste,Eletrônicos,2025-05-05 22:10:19,2025-05-05 22:10:19,Standard,4,,,,0,0.0038882031238061604,639.567324,1626.57,2025,4,April,2,1,Tuesday
130,2025-02-19 00:02:05,6013.56,6099.98,0.0212,42.9,PIX,Confirmado,RS,Sul,Eletrônicos,2025-05-01 23:48:49,2025-05-05 23:48:49,Same-Day,2,75.0,4.0,1.0,1,0.0071338774369923965,129.31957599999998,3049.99,2025,2,February,1,2,Wednesday
131,2025-02-28 18:34:43,3059.08,3079.6,0.0141,22.9,Debito,Confirmado,TO,Norte,Eletrônicos,2025-05-11 18:11:06,2025-05-12 18:11:06,Standard,4,72.0,1.0,1.0,1,0.007485910796710122,43.42236,769.9,2025,2,February,1,4,Friday
132,2025-04-27 16:19:54,6202.24,6506.28,0.0518,32.99,Debito,Em Analise,SP,Sudeste,Eletrônicos,2025-04-22 14:53:05,2025-04-27 14:53:05,Scheduled,4,-1.0,5.0,1.0,0,0.005319046022082345,337.025304,1626.57,2025,4,April,2,6,Sunday
133,2025-03-06 17:04:14,2855.01,3237.0,0.1282,32.99,PIX,Confirmado,ES,Sudeste,Eletrônicos,2025-04-27 12:48:46,2025-04-27 12:48:46,Scheduled,3,51.0,0.0,0.0,1,0.011555125901485459,414.9834,1079.0,2025,3,March,1,3,Thursday
134,2025-03-12 17:03:17,631.64,699.6,0.1443,32.99,Debito,Confirmado,MG,Sudeste,Eletrônicos,2025-04-24 03:43:25,2025-04-25 03:43:25,Scheduled,4,43.0,1.0,1.0,1,0.05222911785194098,100.95228000000002,174.9,2025,3,March,1,2,Wednesday
135,2025-04-10 06:39:12,202.88,165.99,0.0362,42.9,Credito,Cancelado,AC,Norte,Eletrônicos,2025-05-05 09:17:41,2025-05-06 09:17:41,Same-Day,1,,,,0,0.21145504731861198,6.008838000000001,165.99,2025,4,April,2,3,Thursday
136,2025-03-25 07:55:58,4344.86,4879.71,0.1143,22.9,Boleto,Em Analise,RS,Sul,Eletrônicos,2025-05-01 00:16:02,2025-05-01 00:16:02,Standard,3,36.0,0.0,0.0,0,0.005270595600318537,557.750853,1626.57,2025,3,March,1,1,Tuesday
137,2025-04-21 07:23:43,4955.25,5397.03,0.0861,22.9,Boleto,Em Analise,SC,Sul,Eletrônicos,2025-04-14 16:00:50,2025-04-17 16:00:50,Standard,3,-4.0,3.0,1.0,0,0.0046213611825841275,464.68428299999994,1799.01,2025,4,April,2,0,Monday
138,2025-04-06 03:23:42,1931.79,1898.0,0.0048,42.9,Boleto,Em Analise,PA,Norte,Eletrônicos,2025-05-07 11:43:46,2025-05-09 11:43:46,Same-Day,2,33.0,2.0,1.0,0,0.022207382790054818,9.110399999999998,949.0,2025,4,April,2,6,Sunday
139,2025-03-08 00:20:22,82.32,53.7,0.0814,32.99,Debito,Cancelado,PE,Nordeste,Eletrônicos,2025-04-25 23:16:29,2025-04-26 23:16:29,Scheduled,3,,,,0,0.40075315840621967,4.37118,17.900000000000002,2025,3,March,1,5,Saturday
140,2025-03-23 22:52:13,2868.55,3237.0,0.1209,22.9,Credito,Cancelado,PR,Sul,Eletrônicos,2025-05-03 09:28:00,2025-05-03 09:28:00,Standard,3,,,,0,0.007983127363999231,391.3533,1079.0,2025,3,March,1,6,Sunday
141,2025-03-26 08:04:46,40.06,17.9,0.0414,22.9,PIX,Em Analise,PI,Nordeste,Eletrônicos,2025-04-27 02:23:17,2025-04-27 02:23:17,Standard,1,31.0,0.0,0.0,0,0.5716425361957064,0.7410599999999999,17.9,2025,3,March,1,2,Wednesday
142,2025-02-18 10:27:01,597.49,663.96,0.1346,22.9,Debito,Confirmado,RR,Norte,Eletrônicos,2025-05-10 05:55:46,2025-05-10 05:55:46,Standard,4,80.0,0.0,0.0,1,0.038327001288724495,89.369016,165.99,2025,2,February,1,1,Tuesday
143,2025-03-03 21:05:07,850.51,857.98,0.0354,22.9,PIX,Cancelado,ES,Sudeste,Eletrônicos,2025-04-30 15:55:45,2025-04-30 15:55:45,Standard,2,,,,0,0.026925021457713607,30.372492,428.99,2025,3,March,1,0,Monday
144,2025-05-01 08:58:30,82.32,49.9,0.0115,32.99,Credito,Confirmado,SP,Sudeste,Eletrônicos,2025-04-18 04:09:48,2025-04-23 04:09:48,Scheduled,1,-9.0,5.0,1.0,1,0.40075315840621967,0.57385,49.9,2025,5,May,2,3,Thursday
145,2025-04-25 17:41:17,423.13,389.58,0.024,42.9,Debito,Confirmado,SC,Sul,Eletrônicos,2025-05-01 12:29:29,2025-05-02 12:29:29,Same-Day,3,6.0,1.0,1.0,1,0.1013872805048094,9.34992,129.85999999999999,2025,4,April,2,4,Friday
146,2025-05-10 09:36:52,38.55,17.9,0.1256,22.9,Boleto,Processando,PB,Nordeste,Eletrônicos,2025-05-04 19:05:58,2025-05-09 19:05:58,Standard,1,-1.0,5.0,1.0,0,0.5940337224383917,2.2482399999999996,17.9,2025,5,May,2,5,Saturday
147,2025-03-15 07:05:58,932.49,949.0,0.0626,42.9,Credito,Processando,SC,Sul,Eletrônicos,2025-04-24 03:11:10,2025-04-27 03:11:10,Same-Day,1,42.0,3.0,1.0,0,0.04600585529067336,59.4074,949.0,2025,3,March,1,5,Saturday
148,2025-03-27 06:59:53,1604.28,1796.0,0.1195,22.9,Credito,Em Analise,SP,Sudeste,Eletrônicos,2025-04-20 01:34:28,2025-04-21 01:34:28,Standard,4,24.0,1.0,1.0,0,0.014274316204153887,214.62199999999999,449.0,2025,3,March,1,3,Thursday
149,2025-03-18 18:26:27,6030.63,6506.28,0.0797,42.9,Credito,Em Analise,AM,Norte,Eletrônicos,2025-05-09 16:43:45,2025-05-10 16:43:45,Same-Day,4,52.0,1.0,1.0,0,0.0071136846399132425,518.5505159999999,1626.57,2025,3,March,1,1,Tuesday
150,2025-05-15 06:57:19,5552.12,5937.3,0.0721,42.9,PIX,Processando,RN,Nordeste,Eletrônicos,2025-05-08 09:00:02,2025-05-08 09:00:02,Same-Day,3,-7.0,0.0,0.0,0,0.007726778239663408,428.07932999999997,1979.1000000000001,2025,5,May,2,3,Thursday
151,2025-02-27 19:01:53,78.52,51.8,0.121,32.99,Boleto,Confirmado,SP,Sudeste,Eletrônicos,2025-04-23 00:57:35,2025-04-26 00:57:35,Scheduled,1,57.0,3.0,1.0,1,0.4201477330616404,6.267799999999999,51.8,2025,2,February,1,3,Thursday
152,2025-03-14 10:03:21,8666.19,9208.0,0.0635,42.9,PIX,Processando,SC,Sul,Eletrônicos,2025-04-25 12:49:34,2025-04-26 12:49:34,Same-Day,2,43.0,1.0,1.0,0,0.004950272264974573,584.708,4604.0,2025,3,March,1,4,Friday
153,2025-03-14 03:03:33,6986.96,7916.4,0.1203,22.9,PIX,Confirmado,SC,Sul,Eletrônicos,2025-04-19 12:39:39,2025-04-23 12:39:39,Standard,4,40.0,4.0,1.0,1,0.003277534149329608,952.3429199999999,1979.1,2025,3,March,1,4,Friday
154,2025-03-20 13:19:56,2317.72,2309.7,0.0151,42.9,Debito,Em Analise,AM,Norte,Eletrônicos,2025-04-28 03:34:00,2025-04-30 03:34:00,Same-Day,3,40.0,2.0,1.0,0,0.018509569749581487,34.87647,769.9,2025,3,March,1,3,Thursday
155,2025-05-02 11:02:02,258.98,249.82,0.0954,32.99,Debito,Em Analise,ES,Sudeste,Eletrônicos,2025-05-10 08:36:16,2025-05-15 08:36:16,Scheduled,2,12.0,5.0,1.0,0,0.1273843540041702,23.832828,124.91,2025,5,May,2,4,Friday
156,2025-04-09 16:04:35,5490.03,6099.98,0.1054,32.99,Credito,Confirmado,MG,Sudeste,Eletrônicos,2025-04-27 13:32:19,2025-04-27 13:32:19,Scheduled,2,17.0,0.0,0.0,1,0.006009074631650465,642.9378919999999,3049.99,2025,4,April,2,2,Wednesday
157,2025-04-18 02:27:16,2021.02,2309.7,0.1349,22.9,PIX,Em Analise,BA,Nordeste,Eletrônicos,2025-05-01 10:12:07,2025-05-02 10:12:07,Standard,3,14.0,1.0,1.0,0,0.011330912113685167,311.57852999999994,769.9,2025,4,April,2,4,Friday
158,2025-03-16 14:44:56,466.9,449.0,0.0336,32.99,Boleto,Em Analise,SE,Nordeste,Eletrônicos,2025-04-25 13:28:59,2025-04-26 13:28:59,Scheduled,1,40.0,1.0,1.0,0,0.07065752837866782,15.0864,449.0,2025,3,March,1,6,Sunday
159,2025-04-07 19:35:25,8363.88,9149.97,0.0906,42.9,PIX,Processando,PA,Norte,Eletrônicos,2025-04-20 20:28:20,2025-04-20 20:28:20,Same-Day,3,13.0,0.0,0.0,0,0.005129198410307179,828.9872819999999,3049.99,2025,4,April,2,0,Monday
160,2025-04-22 21:31:53,444.01,428.99,0.065,42.9,Credito,Confirmado,RN,Nordeste,Eletrônicos,2025-04-15 20:22:20,2025-04-17 20:22:20,Same-Day,1,-6.0,2.0,1.0,1,0.09661944550798406,27.88435,428.99,2025,4,April,2,1,Tuesday
161,2025-04-04 14:15:14,179.36,165.99,0.0574,22.9,Debito,Cancelado,PR,Sul,Eletrônicos,2025-05-06 04:11:14,2025-05-09 04:11:14,Standard,1,,,,0,0.12767618198037464,9.527826000000001,165.99,2025,4,April,2,4,Friday
162,2025-04-27 07:01:35,6435.17,6506.28,0.016,32.99,PIX,Cancelado,TO,Norte,Eletrônicos,2025-04-14 19:20:24,2025-04-18 19:20:24,Scheduled,4,,,,0,0.005126515694224084,104.10048,1626.57,2025,4,April,2,6,Sunday
163,2025-03-23 22:05:55,1616.78,1626.57,0.0201,22.9,Debito,Processando,PR,Sul,Eletrônicos,2025-04-26 09:23:34,2025-04-26 09:23:34,Standard,1,33.0,0.0,0.0,0,0.01416395551652049,32.694057,1626.57,2025,3,March,1,6,Sunday
164,2025-05-16 20:39:21,4762.6,5397.03,0.1255,42.9,PIX,Confirmado,PR,Sul,Eletrônicos,2025-04-25 04:19:04,2025-04-26 04:19:04,Same-Day,3,-21.0,1.0,1.0,1,0.00900768487800781,677.327265,1799.01,2025,5,May,2,4,Friday
165,2025-05-06 15:21:43,980.51,1079.0,0.1125,22.9,Debito,Confirmado,CE,Nordeste,Eletrônicos,2025-05-01 12:43:20,2025-05-04 12:43:20,Standard,1,-3.0,3.0,1.0,1,0.023355192705836757,121.3875,1079.0,2025,5,May,2,1,Tuesday
166,2025-02-20 23:27:11,1236.0,1286.97,0.0574,22.9,Boleto,Confirmado,SE,Nordeste,Eletrônicos,2025-04-17 09:41:30,2025-04-18 09:41:30,Standard,3,56.0,1.0,1.0,1,0.018527508090614885,73.872078,428.99,2025,2,February,1,3,Thursday
167,2025-03-15 17:00:51,5384.65,6099.98,0.1243,42.9,Boleto,Confirmado,SP,Sudeste,Eletrônicos,2025-05-05 14:49:41,2025-05-09 14:49:41,Same-Day,2,54.0,4.0,1.0,1,0.00796709164012517,758.2275139999999,3049.99,2025,3,March,1,5,Saturday
168,2025-04-24 06:21:14,921.11,899.0,0.0121,32.99,PIX,Processando,SC,Sul,Eletrônicos,2025-04-22 04:17:13,2025-04-23 04:17:13,Scheduled,1,-2.0,1.0,1.0,0,0.03581548349274245,10.8779,899.0,2025,4,April,2,3,Thursday
169,2025-03-02 20:01:03,2467.19,2697.0,0.0937,22.9,Debito,Em Analise,SE,Nordeste,Eletrônicos,2025-04-30 11:17:03,2025-04-30 11:17:03,Standard,3,58.0,0.0,0.0,0,0.009281814533943474,252.70890000000003,899.0,2025,3,March,1,6,Sunday
170,2025-04-27 07:04:54,248.8,259.72,0.1302,22.9,Debito,Processando,MG,Sudeste,Eletrônicos,2025-04-28 16:03:22,2025-04-28 16:03:22,Standard,2,1.0,0.0,0.0,0,0.09204180064308681,33.815544,129.86,2025,4,April,2,6,Sunday
171,2025-03-19 21:57:59,827.93,898.0,0.1258,42.9,PIX,Em Analise,SC,Sul,Eletrônicos,2025-04-27 05:27:29,2025-04-30 05:27:29,Same-Day,2,41.0,3.0,1.0,0,0.051815974780476615,112.9684,449.0,2025,3,March,1,2,Wednesday
172,2025-04-10 21:34:58,2940.44,3079.6,0.0559,32.99,Credito,Confirmado,SP,Sudeste,Eletrônicos,2025-05-05 21:39:40,2025-05-06 21:39:40,Scheduled,4,26.0,1.0,1.0,1,0.011219409340098761,172.14963999999998,769.9,2025,4,April,2,3,Thursday
173,2025-05-13 20:14:09,343.68,349.8,0.1118,32.99,Debito,Processando,MG,Sudeste,Eletrônicos,2025-05-11 16:45:36,2025-05-15 16:45:36,Scheduled,2,1.0,4.0,1.0,0,0.09599045623836128,39.10764,174.9,2025,5,May,2,1,Tuesday
174,2025-04-18 15:48:39,4331.78,4604.0,0.0641,22.9,Boleto,Em Analise,RJ,Sudeste,Eletrônicos,2025-04-14 19:12:10,2025-04-17 19:12:10,Standard,1,-1.0,3.0,1.0,0,0.005286510395264764,295.1164,4604.0,2025,4,April,2,4,Friday
175,2025-04-22 21:20:18,9609.39,10968.52,0.126,22.9,Credito,Cancelado,AP,Norte,Eletrônicos,2025-04-15 12:48:27,2025-04-19 12:48:27,Standard,4,,,,0,0.002383085710955638,1382.03352,2742.13,2025,4,April,2,1,Tuesday
176,2025-02-26 19:23:14,160.68,149.7,0.0796,22.9,PIX,Em Analise,RN,Nordeste,Eletrônicos,2025-04-24 13:34:31,2025-04-27 13:34:31,Standard,3,59.0,3.0,1.0,0,0.14251929300472987,11.91612,49.9,2025,2,February,1,2,Wednesday
177,2025-04-15 22:32:03,3208.23,3598.02,0.1147,22.9,Credito,Cancelado,CE,Nordeste,Eletrônicos,2025-04-18 19:21:31,2025-04-21 19:21:31,Standard,2,,,,0,0.007137892233412192,412.69289399999997,1799.01,2025,4,April,2,1,Tuesday
178,2025-03-20 04:43:29,3598.46,3598.02,0.0118,42.9,PIX,Em Analise,RS,Sul,Eletrônicos,2025-04-19 15:01:07,2025-04-21 15:01:07,Same-Day,2,32.0,2.0,1.0,0,0.011921766533461536,42.456635999999996,1799.01,2025,3,March,1,3,Thursday
179,2025-05-16 14:17:09,3956.93,4316.0,0.0885,22.9,Boleto,Cancelado,RS,Sul,Eletrônicos,2025-05-01 20:11:50,2025-05-03 20:11:50,Standard,4,,,,0,0.0057873149133292725,381.966,1079.0,2025,5,May,2,4,Friday
180,2025-02-17 08:34:34,3957.14,4288.0,0.0825,22.9,Debito,Confirmado,RN,Nordeste,Eletrônicos,2025-04-23 23:51:44,2025-04-28 23:51:44,Standard,4,70.0,5.0,1.0,1,0.005787007788453277,353.76,1072.0,2025,2,February,1,0,Monday
181,2025-02-28 01:26:37,5015.44,5484.26,0.0915,32.99,Credito,Confirmado,TO,Norte,Eletrônicos,2025-04-27 08:43:24,2025-04-28 08:43:24,Scheduled,2,59.0,1.0,1.0,1,0.006577688099149826,501.80979,2742.13,2025,2,February,1,4,Friday
182,2025-04-21 14:53:30,1185.73,1286.97,0.1043,32.99,Credito,Confirmado,RS,Sul,Eletrônicos,2025-04-22 03:22:49,2025-04-25 03:22:49,Scheduled,3,3.0,3.0,1.0,1,0.027822522834034732,134.230971,428.99,2025,4,April,2,0,Monday
183,2025-05-10 01:08:01,1883.74,2158.0,0.1377,22.9,Credito,Confirmado,RJ,Sudeste,Eletrônicos,2025-04-16 07:39:44,2025-04-18 07:39:44,Standard,2,-22.0,2.0,1.0,1,0.012156667055963136,297.15659999999997,1079.0,2025,5,May,2,5,Saturday
184,2025-02-28 06:03:01,3524.52,3958.2,0.1179,32.99,Credito,Cancelado,SC,Sul,Eletrônicos,2025-05-02 23:39:50,2025-05-06 23:39:50,Scheduled,2,,,,0,0.009360139820457821,466.67178,1979.1,2025,2,February,1,4,Friday
185,2025-03-11 08:55:26,91.16,49.9,0.0329,42.9,Debito,Em Analise,SE,Nordeste,Eletrônicos,2025-04-15 23:33:56,2025-04-19 23:33:56,Same-Day,1,39.0,4.0,1.0,0,0.47060114085125054,1.6417099999999998,49.9,2025,3,March,1,1,Tuesday
186,2025-02-26 07:07:09,2892.98,3253.14,0.1239,42.9,Credito,Cancelado,SP,Sudeste,Eletrônicos,2025-04-18 09:32:37,2025-04-22 09:32:37,Same-Day,2,,,,0,0.01482899985482098,403.06404599999996,1626.57,2025,2,February,1,2,Wednesday
187,2025-04-30 06:56:52,73.75,51.8,0.0183,22.9,Boleto,Confirmado,PA,Norte,Eletrônicos,2025-04-26 16:17:07,2025-04-29 16:17:07,Standard,1,-1.0,3.0,1.0,1,0.3105084745762712,0.94794,51.8,2025,4,April,2,2,Wednesday
188,2025-03-23 07:14:22,7200.7,7916.4,0.0933,22.9,PIX,Confirmado,SC,Sul,Eletrônicos,2025-05-06 10:33:21,2025-05-10 10:33:21,Standard,4,48.0,4.0,1.0,1,0.003180246364936742,738.60012,1979.1,2025,3,March,1,6,Sunday
190,2025-03-04 01:16:58,387.38,349.8,0.0152,42.9,Boleto,Processando,PA,Norte,Eletrônicos,2025-04-28 09:04:31,2025-05-01 09:04:31,Same-Day,2,58.0,3.0,1.0,0,0.11074397232691414,5.31696,174.9,2025,3,March,1,1,Tuesday
191,2025-04-27 02:16:24,958.22,1072.0,0.1275,22.9,Boleto,Cancelado,AC,Norte,Eletrônicos,2025-05-06 23:13:59,2025-05-08 23:13:59,Standard,1,,,,0,0.02389847842875331,136.68,1072.0,2025,4,April,2,6,Sunday
192,2025-05-02 16:28:04,2906.31,3253.14,0.1198,42.9,Credito,Processando,SE,Nordeste,Eletrônicos,2025-04-20 00:25:54,2025-04-21 00:25:54,Same-Day,2,-12.0,1.0,1.0,0,0.014760985579652549,389.726172,1626.57,2025,5,May,2,4,Friday
193,2025-03-03 08:14:21,503.22,497.97,0.0756,42.9,Credito,Cancelado,AM,Norte,Eletrônicos,2025-05-06 05:29:20,2025-05-06 05:29:20,Same-Day,3,,,,0,0.08525098366519612,37.646532,165.99,2025,3,March,1,0,Monday
194,2025-05-06 02:37:05,518.29,519.44,0.0463,22.9,Credito,Confirmado,MG,Sudeste,Eletrônicos,2025-05-14 11:06:58,2025-05-14 11:06:58,Standard,4,8.0,0.0,0.0,1,0.044183758127689134,24.050072000000004,129.86,2025,5,May,2,1,Tuesday
195,2025-04-30 08:29:03,5111.79,5397.03,0.0608,42.9,Debito,Confirmado,RJ,Sudeste,Eletrônicos,2025-04-22 23:57:28,2025-04-26 23:57:28,Same-Day,3,-4.0,4.0,1.0,1,0.008392363536060753,328.13942399999996,1799.01,2025,4,April,2,2,Wednesday
196,2025-03-04 02:24:28,165.81,155.4,0.1453,32.99,Debito,Em Analise,SP,Sudeste,Eletrônicos,2025-05-03 12:55:46,2025-05-07 12:55:46,Scheduled,3,64.0,4.0,1.0,0,0.1989626681141065,22.579620000000002,51.800000000000004,2025,3,March,1,1,Tuesday
197,2025-04-21 02:25:00,2272.71,2309.7,0.0303,32.99,PIX,Cancelado,PA,Norte,Eletrônicos,2025-04-23 15:03:57,2025-04-28 15:03:57,Scheduled,3,,,,0,0.014515710319398427,69.98391,769.9,2025,4,April,2,0,Monday
198,2025-04-30 00:07:29,1262.94,1347.0,0.0869,32.99,Boleto,Processando,AM,Norte,Eletrônicos,2025-05-04 03:30:18,2025-05-07 03:30:18,Scheduled,3,7.0,3.0,1.0,0,0.026121589307488875,117.05430000000001,449.0,2025,4,April,2,2,Wednesday
199,2025-04-24 22:24:23,10854.31,10968.52,0.0125,22.9,Boleto,Processando,TO,Norte,Eletrônicos,2025-04-22 05:40:15,2025-04-26 05:40:15,Standard,4,1.0,4.0,1.0,0,0.002109761007378636,137.1065,2742.13,2025,4,April,2,3,Thursday
200,2025-04-14 02:04:02,187.7,149.7,0.0327,42.9,Credito,Cancelado,AP,Norte,Eletrônicos,2025-04-21 03:33:25,2025-04-26 03:33:25,Same-Day,3,,,,0,0.22855620671283963,4.8951899999999995,49.9,2025,4,April,2,0,Monday
201,2025-05-09 04:51:15,704.65,769.9,0.1145,22.9,PIX,Processando,RO,Norte,Eletrônicos,2025-04-21 15:06:58,2025-04-22 15:06:58,Standard,1,-17.0,1.0,1.0,0,0.03249840346271198,88.15355,769.9,2025,5,May,2,4,Friday
202,2025-03-11 06:21:15,852.02,857.98,0.0454,32.99,PIX,Cancelado,MA,Nordeste,Eletrônicos,2025-05-07 03:15:53,2025-05-08 03:15:53,Scheduled,2,,,,0,0.038719748362714496,38.952292,428.99,2025,3,March,1,1,Tuesday
203,2025-04-01 03:04:54,4180.9,4879.71,0.1479,22.9,Debito,Cancelado,RO,Norte,Eletrônicos,2025-05-08 13:55:21,2025-05-11 13:55:21,Standard,3,,,,0,0.005477289578798824,721.709109,1626.57,2025,4,April,2,1,Tuesday
204,2025-03-07 14:11:08,6040.56,6506.28,0.0751,22.9,PIX,Processando,SC,Sul,Eletrônicos,2025-04-16 01:51:51,2025-04-21 01:51:51,Standard,4,44.0,5.0,1.0,0,0.0037910392413948372,488.621628,1626.57,2025,3,March,1,4,Friday
205,2025-03-23 00:13:08,6681.25,7196.04,0.0775,42.9,PIX,Cancelado,MG,Sudeste,Eletrônicos,2025-04-25 23:38:02,2025-04-30 23:38:02,Same-Day,4,,,,0,0.006420954162768943,557.6931,1799.01,2025,3,March,1,6,Sunday
207,2025-04-15 03:04:00,9437.44,10968.52,0.1435,42.9,PIX,Processando,AM,Norte,Eletrônicos,2025-04-29 07:47:20,2025-05-02 07:47:20,Same-Day,4,17.0,3.0,1.0,0,0.004545724264207242,1573.98262,2742.13,2025,4,April,2,1,Tuesday
208,2025-03-24 15:37:03,8044.67,8226.39,0.0261,32.99,Boleto,Cancelado,RS,Sul,Eletrônicos,2025-04-24 07:06:42,2025-04-29 07:06:42,Scheduled,3,,,,0,0.004100851868379934,214.708779,2742.1299999999997,2025,3,March,1,0,Monday
209,2025-04-12 09:38:40,500.63,497.97,0.0808,42.9,Debito,Processando,RO,Norte,Eletrônicos,2025-05-10 12:51:25,2025-05-15 12:51:25,Same-Day,3,33.0,5.0,1.0,0,0.08569202804466372,40.235976,165.99,2025,4,April,2,5,Saturday
210,2025-03-27 17:25:46,465.23,449.0,0.0594,42.9,Boleto,Processando,RR,Norte,Eletrônicos,2025-05-13 03:31:44,2025-05-13 03:31:44,Same-Day,1,46.0,0.0,0.0,0,0.09221245405498354,26.6706,449.0,2025,3,March,1,3,Thursday
211,2025-05-07 07:47:02,394.28,374.73,0.0623,42.9,Debito,Em Analise,TO,Norte,Eletrônicos,2025-04-17 19:08:31,2025-04-19 19:08:31,Same-Day,3,-18.0,2.0,1.0,0,0.10880592472354672,23.345679,124.91000000000001,2025,5,May,2,2,Wednesday
212,2025-04-22 23:02:49,1195.77,1286.97,0.0965,32.99,Debito,Confirmado,AM,Norte,Eletrônicos,2025-04-28 11:17:58,2025-05-01 11:17:58,Scheduled,3,8.0,3.0,1.0,1,0.027588917601210936,124.192605,428.99,2025,4,April,2,1,Tuesday
213,2025-03-21 23:33:57,3608.05,3958.2,0.0993,42.9,PIX,Em Analise,SC,Sul,Eletrônicos,2025-04-29 04:04:18,2025-05-03 04:04:18,Same-Day,2,42.0,4.0,1.0,0,0.011890079128615179,393.04926,1979.1,2025,3,March,1,4,Friday
214,2025-05-08 23:04:54,3205.13,3237.0,0.0231,42.9,PIX,Confirmado,RO,Norte,Eletrônicos,2025-05-06 02:00:07,2025-05-06 02:00:07,Same-Day,3,-3.0,0.0,0.0,1,0.013384792504516196,74.7747,1079.0,2025,5,May,2,3,Thursday
215,2025-02-24 06:46:21,186.66,155.4,0.0749,42.9,Boleto,Cancelado,TO,Norte,Eletrônicos,2025-05-05 14:34:27,2025-05-05 14:34:27,Same-Day,3,,,,0,0.22982963677274187,11.63946,51.800000000000004,2025,2,February,1,0,Monday
216,2025-04-12 19:20:21,859.35,949.0,0.1186,22.9,Boleto,Cancelado,PR,Sul,Eletrônicos,2025-04-25 11:56:26,2025-04-25 11:56:26,Standard,1,,,,0,0.02664804794321289,112.5514,949.0,2025,4,April,2,5,Saturday
217,2025-04-01 22:30:10,1711.42,1798.0,0.0665,32.99,Debito,Cancelado,SP,Sudeste,Eletrônicos,2025-05-10 04:15:01,2025-05-13 04:15:01,Scheduled,2,,,,0,0.01927639036589499,119.56700000000001,899.0,2025,4,April,2,1,Tuesday
218,2025-03-24 14:26:44,8955.13,9149.97,0.0249,32.99,Credito,Processando,PR,Sul,Eletrônicos,2025-04-15 19:08:07,2025-04-17 19:08:07,Scheduled,3,24.0,2.0,1.0,0,0.0036839219531151425,227.83425299999996,3049.99,2025,3,March,1,0,Monday
219,2025-04-14 21:56:53,1756.39,1798.0,0.047,42.9,PIX,Processando,SP,Sudeste,Eletrônicos,2025-05-05 05:11:49,2025-05-09 05:11:49,Same-Day,2,24.0,4.0,1.0,0,0.024425099209173358,84.506,899.0,2025,4,April,2,0,Monday
220,2025-02-23 17:42:01,526.6,499.64,0.0319,42.9,PIX,Confirmado,SC,Sul,Eletrônicos,2025-04-21 04:19:03,2025-04-26 04:19:03,Same-Day,4,61.0,5.0,1.0,1,0.08146600835548803,15.938515999999998,124.91,2025,2,February,1,6,Sunday
221,2025-04-24 19:47:36,175.36,155.4,0.0189,22.9,Boleto,Cancelado,RJ,Sudeste,Eletrônicos,2025-05-12 02:06:46,2025-05-14 02:06:46,Standard,3,,,,0,0.130588503649635,2.9370600000000002,51.800000000000004,2025,4,April,2,3,Thursday
222,2025-03-12 23:36:09,184.13,149.7,0.0566,42.9,Debito,Cancelado,AM,Norte,Eletrônicos,2025-05-06 10:13:07,2025-05-06 10:13:07,Same-Day,3,,,,0,0.23298756313474175,8.473019999999998,49.9,2025,3,March,1,2,Wednesday
223,2025-03-31 22:41:40,3531.04,3796.0,0.0811,42.9,Credito,Confirmado,SE,Nordeste,Eletrônicos,2025-05-09 00:31:43,2025-05-13 00:31:43,Same-Day,4,42.0,4.0,1.0,1,0.012149395079070188,307.85560000000004,949.0,2025,3,March,1,0,Monday
224,2025-04-18 00:58:13,256.15,215.6,0.0109,42.9,PIX,Processando,RS,Sul,Eletrônicos,2025-04-29 10:25:25,2025-04-30 10:25:25,Same-Day,4,12.0,1.0,1.0,0,0.16747999219207496,2.35004,53.9,2025,4,April,2,4,Friday
225,2025-05-01 18:27:59,1668.09,1798.0,0.0906,32.99,Debito,Cancelado,RS,Sul,Eletrônicos,2025-04-17 16:39:02,2025-04-19 16:39:02,Scheduled,2,,,,0,0.019777110347763013,162.8988,899.0,2025,5,May,2,3,Thursday
226,2025-05-15 06:13:34,688.17,769.9,0.149,32.99,Debito,Em Analise,PR,Sul,Eletrônicos,2025-04-25 19:16:04,2025-04-25 19:16:04,Scheduled,1,-20.0,0.0,0.0,0,0.047938736068122705,114.71509999999999,769.9,2025,5,May,2,3,Thursday
227,2025-03-09 19:39:07,1424.36,1626.57,0.1446,32.99,Boleto,Confirmado,RJ,Sudeste,Eletrônicos,2025-05-06 21:48:51,2025-05-08 21:48:51,Scheduled,1,60.0,2.0,1.0,1,0.02316127945182398,235.202022,1626.57,2025,3,March,1,6,Sunday
228,2025-05-04 06:19:21,2394.48,2697.0,0.1244,32.99,Debito,Cancelado,ES,Sudeste,Eletrônicos,2025-04-26 17:59:28,2025-04-30 17:59:28,Scheduled,3,,,,0,0.01377752163308944,335.5068,899.0,2025,5,May,2,6,Sunday
229,2025-05-15 09:25:43,1062.11,1072.0,0.04,32.99,Debito,Processando,CE,Nordeste,Eletrônicos,2025-05-01 21:30:43,2025-05-06 21:30:43,Scheduled,1,-9.0,5.0,1.0,0,0.031060812910150556,42.88,1072.0,2025,5,May,2,3,Thursday
230,2025-03-23 16:55:42,529.27,497.97,0.0034,32.99,Credito,Em Analise,RS,Sul,Eletrônicos,2025-04-26 13:46:49,2025-04-30 13:46:49,Scheduled,3,37.0,4.0,1.0,0,0.062331135337351455,1.693098,165.99,2025,3,March,1,6,Sunday
231,2025-05-09 08:20:39,4071.4,4604.0,0.125,42.9,Credito,Cancelado,SE,Nordeste,Eletrônicos,2025-04-15 14:24:48,2025-04-20 14:24:48,Same-Day,1,,,,0,0.010536916048533674,575.5,4604.0,2025,5,May,2,4,Friday
232,2025-03-10 02:25:37,280.44,259.72,0.0084,22.9,Debito,Confirmado,PR,Sul,Eletrônicos,2025-04-27 10:57:21,2025-04-30 10:57:21,Standard,2,51.0,3.0,1.0,1,0.08165739552132363,2.181648,129.86,2025,3,March,1,0,Monday
233,2025-04-26 12:49:17,3007.65,3079.6,0.0308,22.9,PIX,Confirmado,MG,Sudeste,Eletrônicos,2025-05-05 13:52:10,2025-05-08 13:52:10,Standard,4,12.0,3.0,1.0,1,0.007613917842834106,94.85168,769.9,2025,4,April,2,5,Saturday
235,2025-04-02 17:14:18,4771.83,4879.71,0.0268,22.9,PIX,Confirmado,SP,Sudeste,Eletrônicos,2025-05-04 07:21:21,2025-05-06 07:21:21,Standard,3,33.0,2.0,1.0,1,0.004798997449615766,130.776228,1626.57,2025,4,April,2,2,Wednesday
236,2025-03-15 07:43:17,156.51,129.86,0.1251,42.9,Debito,Cancelado,SP,Sudeste,Eletrônicos,2025-05-04 05:26:52,2025-05-05 05:26:52,Same-Day,1,,,,0,0.27410389112516775,16.245486,129.86,2025,3,March,1,5,Saturday
237,2025-03-08 14:09:10,6379.88,7196.04,0.1166,22.9,Boleto,Processando,RJ,Sudeste,Eletrônicos,2025-05-08 07:15:40,2025-05-09 07:15:40,Standard,4,61.0,1.0,1.0,0,0.003589409205188812,839.058264,1799.01,2025,3,March,1,5,Saturday
238,2025-03-01 09:58:05,1933.86,2144.0,0.1134,32.99,Credito,Confirmado,RJ,Sudeste,Eletrônicos,2025-05-11 09:55:00,2025-05-14 09:55:00,Scheduled,2,73.0,3.0,1.0,1,0.01705914595679108,243.1296,1072.0,2025,3,March,1,5,Saturday
239,2025-03-10 14:49:38,361.85,374.73,0.1224,32.99,Debito,Em Analise,CE,Nordeste,Eletrônicos,2025-04-28 09:27:44,2025-04-30 09:27:44,Scheduled,3,50.0,2.0,1.0,0,0.09117037446455714,45.866952,124.91000000000001,2025,3,March,1,0,Monday
240,2025-03-22 13:15:56,226.0,199.6,0.033,32.99,Credito,Confirmado,ES,Sudeste,Eletrônicos,2025-04-17 03:27:15,2025-04-22 03:27:15,Scheduled,4,30.0,5.0,1.0,1,0.14597345132743364,6.5868,49.9,2025,3,March,1,5,Saturday
241,2025-02-19 19:44:13,1632.69,1796.0,0.1093,32.99,Credito,Em Analise,PB,Nordeste,Eletrônicos,2025-05-06 18:25:00,2025-05-07 18:25:00,Scheduled,4,76.0,1.0,1.0,0,0.020205917841108846,196.3028,449.0,2025,2,February,1,2,Wednesday
242,2025-04-15 05:51:06,170.02,155.4,0.0533,22.9,Credito,Processando,RS,Sul,Eletrônicos,2025-04-24 12:03:04,2025-04-25 12:03:04,Standard,3,10.0,1.0,1.0,0,0.13469003646629807,8.282820000000001,51.800000000000004,2025,4,April,2,1,Tuesday
243,2025-04-30 20:59:13,481.16,497.97,0.1,32.99,PIX,Em Analise,ES,Sudeste,Eletrônicos,2025-04-24 15:01:26,2025-04-28 15:01:26,Scheduled,3,-3.0,4.0,1.0,0,0.06856347161027516,49.797000000000004,165.99,2025,4,April,2,2,Wednesday
244,2025-03-17 21:44:13,1554.52,1539.8,0.0183,42.9,Credito,Em Analise,MG,Sudeste,Eletrônicos,2025-04-15 22:54:56,2025-04-20 22:54:56,Same-Day,2,34.0,5.0,1.0,0,0.02759694310784036,28.17834,769.9,2025,3,March,1,0,Monday
245,2025-03-05 03:49:27,881.59,949.0,0.1058,32.99,Boleto,Em Analise,PE,Nordeste,Eletrônicos,2025-05-12 06:43:40,2025-05-16 06:43:40,Scheduled,1,72.0,4.0,1.0,0,0.03742102337821436,100.4042,949.0,2025,3,March,1,2,Wednesday
246,2025-05-17 04:39:47,416.53,449.0,0.1458,32.99,Debito,Processando,PE,Nordeste,Eletrônicos,2025-05-03 09:42:29,2025-05-05 09:42:29,Scheduled,1,-12.0,2.0,1.0,0,0.07920197824886564,65.4642,449.0,2025,5,May,2,5,Saturday
247,2025-03-22 17:30:33,12153.65,12199.96,0.0065,32.99,Debito,Cancelado,RO,Norte,Eletrônicos,2025-04-29 23:20:18,2025-04-30 23:20:18,Scheduled,4,,,,0,0.002714410897137897,79.29973999999999,3049.99,2025,3,March,1,5,Saturday
248,2025-03-28 03:36:51,76.04,53.9,0.0141,22.9,Boleto,Processando,SE,Nordeste,Eletrônicos,2025-04-16 23:51:35,2025-04-19 23:51:35,Standard,1,22.0,3.0,1.0,0,0.30115728563913724,0.7599899999999999,53.9,2025,3,March,1,4,Friday
249,2025-04-13 06:20:03,3225.95,3253.14,0.0185,32.99,Boleto,Confirmado,RO,Norte,Eletrônicos,2025-04-19 03:50:00,2025-04-19 03:50:00,Scheduled,2,5.0,0.0,0.0,1,0.010226444923200918,60.18308999999999,1626.57,2025,4,April,2,6,Sunday
250,2025-03-20 18:23:57,654.06,663.96,0.0646,32.99,PIX,Em Analise,RS,Sul,Eletrônicos,2025-05-06 23:36:22,2025-05-08 23:36:22,Scheduled,4,49.0,2.0,1.0,0,0.0504387976638229,42.891816000000006,165.99,2025,3,March,1,3,Thursday
251,2025-04-09 02:30:49,3462.11,3596.0,0.0436,22.9,Boleto,Cancelado,MG,Sudeste,Eletrônicos,2025-04-27 13:48:16,2025-05-01 13:48:16,Standard,4,,,,0,0.006614463434148538,156.7856,899.0,2025,4,April,2,2,Wednesday
252,2025-05-15 23:08:43,4089.82,4604.0,0.121,42.9,Boleto,Confirmado,SP,Sudeste,Eletrônicos,2025-04-29 19:42:06,2025-05-03 19:42:06,Same-Day,1,-13.0,4.0,1.0,1,0.01048945919380315,557.084,4604.0,2025,5,May,2,3,Thursday
253,2025-03-29 23:00:15,143.53,129.86,0.0711,22.9,PIX,Processando,PA,Norte,Eletrônicos,2025-05-02 11:54:25,2025-05-03 11:54:25,Standard,1,34.0,1.0,1.0,0,0.1595485264404654,9.233046,129.86,2025,3,March,1,5,Saturday
254,2025-03-09 00:20:23,4292.19,4604.0,0.0727,22.9,Debito,Em Analise,RO,Norte,Eletrônicos,2025-04-27 12:03:18,2025-04-28 12:03:18,Standard,1,50.0,1.0,1.0,0,0.005335271737737612,334.7108,4604.0,2025,3,March,1,6,Sunday
255,2025-02-26 14:15:07,3555.2,3958.2,0.1076,22.9,Debito,Em Analise,MA,Nordeste,Eletrônicos,2025-05-11 10:09:41,2025-05-13 10:09:41,Standard,2,75.0,2.0,1.0,0,0.006441269126912692,425.90232,1979.1,2025,2,February,1,2,Wednesday
256,2025-03-28 10:41:22,3109.48,3253.14,0.0543,32.99,Credito,Em Analise,ES,Sudeste,Eletrônicos,2025-05-06 18:12:18,2025-05-08 18:12:18,Scheduled,2,41.0,2.0,1.0,0,0.010609490975983123,176.645502,1626.57,2025,3,March,1,4,Friday
257,2025-03-24 23:54:01,70.16,49.9,0.053,22.9,Debito,Processando,RO,Norte,Eletrônicos,2025-05-05 01:03:43,2025-05-06 01:03:43,Standard,1,42.0,1.0,1.0,0,0.32639680729760545,2.6447,49.9,2025,3,March,1,0,Monday
258,2025-03-19 11:03:34,131.37,99.8,0.1135,42.9,Debito,Confirmado,RN,Nordeste,Eletrônicos,2025-04-25 19:33:44,2025-04-27 19:33:44,Same-Day,2,39.0,2.0,1.0,1,0.32655857501712715,11.3273,49.9,2025,3,March,1,2,Wednesday
259,2025-04-09 14:07:09,1159.29,1286.97,0.117,22.9,Boleto,Em Analise,RS,Sul,Eletrônicos,2025-04-17 17:57:57,2025-04-19 17:57:57,Standard,3,10.0,2.0,1.0,0,0.019753469796168342,150.57549,428.99,2025,4,April,2,2,Wednesday
260,2025-05-01 15:26:19,416.81,374.73,0.0022,42.9,Debito,Em Analise,RS,Sul,Eletrônicos,2025-05-13 19:31:17,2025-05-14 19:31:17,Same-Day,3,13.0,1.0,1.0,0,0.10292459393968474,0.8244060000000001,124.91000000000001,2025,5,May,2,3,Thursday
261,2025-04-18 04:14:46,233.84,215.6,0.0216,22.9,Boleto,Em Analise,RO,Norte,Eletrônicos,2025-04-21 17:37:45,2025-04-21 17:37:45,Standard,4,3.0,0.0,0.0,0,0.09793020868970236,4.65696,53.9,2025,4,April,2,4,Friday
262,2025-04-01 02:49:17,4756.55,4879.71,0.032,32.99,Debito,Processando,PB,Nordeste,Eletrônicos,2025-04-20 10:18:54,2025-04-21 10:18:54,Scheduled,3,20.0,1.0,1.0,0,0.006935699193743364,156.15072,1626.57,2025,4,April,2,1,Tuesday
263,2025-02-19 08:17:17,2950.3,3079.6,0.0527,32.99,PIX,Em Analise,AP,Norte,Eletrônicos,2025-05-09 10:06:35,2025-05-10 10:06:35,Scheduled,4,80.0,1.0,1.0,0,0.01118191370369115,162.29492,769.9,2025,2,February,1,2,Wednesday
264,2025-03-25 22:22:24,950.43,949.0,0.0437,42.9,Credito,Processando,CE,Nordeste,Eletrônicos,2025-04-21 11:06:32,2025-04-25 11:06:32,Same-Day,1,30.0,4.0,1.0,0,0.04513746409519902,41.4713,949.0,2025,3,March,1,1,Tuesday
265,2025-05-14 05:50:30,5531.05,6099.98,0.1003,42.9,Boleto,Processando,PA,Norte,Eletrônicos,2025-04-28 14:44:20,2025-05-03 14:44:20,Same-Day,2,-11.0,5.0,1.0,0,0.007756212654016868,611.827994,3049.99,2025,5,May,2,2,Wednesday
266,2025-04-16 22:42:17,971.85,1072.0,0.1242,32.99,Credito,Confirmado,RS,Sul,Eletrônicos,2025-05-05 05:16:23,2025-05-07 05:16:23,Scheduled,1,20.0,2.0,1.0,1,0.03394556773164583,133.1424,1072.0,2025,4,April,2,2,Wednesday
267,2025-04-21 13:29:55,193.82,155.4,0.0288,42.9,Boleto,Processando,PE,Nordeste,Eletrônicos,2025-05-02 00:05:27,2025-05-07 00:05:27,Same-Day,3,15.0,5.0,1.0,0,0.2213393870601589,4.47552,51.800000000000004,2025,4,April,2,0,Monday
268,2025-03-26 09:22:40,1996.04,2144.0,0.0844,32.99,Boleto,Processando,PR,Sul,Eletrônicos,2025-04-13 20:02:10,2025-04-18 20:02:10,Scheduled,2,23.0,5.0,1.0,0,0.01652772489529268,180.9536,1072.0,2025,3,March,1,2,Wednesday
269,2025-02-19 14:50:32,7815.19,8226.39,0.0552,42.9,Boleto,Confirmado,MG,Sudeste,Eletrônicos,2025-04-20 17:15:25,2025-04-23 17:15:25,Same-Day,3,63.0,3.0,1.0,1,0.005489309920808067,454.096728,2742.1299999999997,2025,2,February,1,2,Wednesday
270,2025-04-13 10:26:20,853.67,899.0,0.0759,22.9,Credito,Processando,RO,Norte,Eletrônicos,2025-04-12 18:30:56,2025-04-17 18:30:56,Standard,1,4.0,5.0,1.0,0,0.0268253540595312,68.2341,899.0,2025,4,April,2,6,Sunday
271,2025-04-06 07:44:02,1990.08,2158.0,0.0931,32.99,PIX,Processando,PE,Nordeste,Eletrônicos,2025-04-30 16:53:30,2025-04-30 16:53:30,Scheduled,2,24.0,0.0,0.0,0,0.01657722302621,200.90980000000002,1079.0,2025,4,April,2,6,Sunday
272,2025-03-25 16:37:45,7966.77,9149.97,0.134,42.9,PIX,Cancelado,AC,Norte,Eletrônicos,2025-04-23 23:16:20,2025-04-24 23:16:20,Same-Day,3,,,,0,0.0053848673929333965,1226.09598,3049.99,2025,3,March,1,1,Tuesday
273,2025-04-11 03:23:40,10685.62,10968.52,0.0288,32.99,PIX,Cancelado,RJ,Sudeste,Eletrônicos,2025-05-01 20:04:34,2025-05-01 20:04:34,Scheduled,4,,,,0,0.003087326706358639,315.893376,2742.13,2025,4,April,2,4,Friday
274,2025-04-17 16:32:27,713.34,699.6,0.0131,22.9,Credito,Processando,PA,Norte,Eletrônicos,2025-05-12 23:31:33,2025-05-16 23:31:33,Standard,4,29.0,4.0,1.0,0,0.032102503714918545,9.164760000000001,174.9,2025,4,April,2,3,Thursday
275,2025-04-07 01:06:29,518.23,524.7,0.0941,42.9,PIX,Cancelado,RS,Sul,Eletrônicos,2025-05-11 22:40:22,2025-05-15 22:40:22,Same-Day,3,,,,0,0.08278177643131428,49.37427,174.9,2025,4,April,2,0,Monday
276,2025-03-02 18:48:08,5619.4,5937.3,0.0591,32.99,Debito,Cancelado,RS,Sul,Eletrônicos,2025-05-07 17:50:59,2025-05-08 17:50:59,Scheduled,3,,,,0,0.005870733530270136,350.89443,1979.1000000000001,2025,3,March,1,6,Sunday
277,2025-04-30 23:55:39,174.51,155.4,0.0244,22.9,Credito,Confirmado,PA,Norte,Eletrônicos,2025-04-24 04:08:49,2025-04-28 04:08:49,Standard,3,-3.0,4.0,1.0,1,0.13122457165778464,3.7917600000000005,51.800000000000004,2025,4,April,2,2,Wednesday
278,2025-03-16 00:13:36,3575.61,3596.0,0.0176,42.9,Boleto,Processando,ES,Sudeste,Eletrônicos,2025-05-10 15:21:44,2025-05-15 15:21:44,Same-Day,4,60.0,5.0,1.0,0,0.011997952796865429,63.28960000000001,899.0,2025,3,March,1,6,Sunday
279,2025-05-01 03:14:11,161.88,129.86,0.0838,42.9,Debito,Processando,BA,Nordeste,Eletrônicos,2025-05-13 10:05:52,2025-05-16 10:05:52,Same-Day,1,15.0,3.0,1.0,0,0.2650111193476649,10.882268000000002,129.86,2025,5,May,2,3,Thursday
280,2025-04-07 20:57:25,1747.99,1796.0,0.0451,32.99,Debito,Cancelado,TO,Norte,Eletrônicos,2025-05-04 17:54:39,2025-05-06 17:54:39,Scheduled,4,,,,0,0.018873105681382618,80.9996,449.0,2025,4,April,2,0,Monday
281,2025-04-28 01:29:03,170.2,149.7,0.1496,42.9,Boleto,Cancelado,SC,Sul,Eletrônicos,2025-04-23 13:37:50,2025-04-25 13:37:50,Same-Day,3,,,,0,0.2520564042303173,22.39512,49.9,2025,4,April,2,0,Monday
282,2025-02-20 15:34:29,5091.25,5397.03,0.0609,22.9,Debito,Cancelado,MG,Sudeste,Eletrônicos,2025-04-14 18:25:58,2025-04-19 18:25:58,Standard,3,,,,0,0.004497913086177265,328.679127,1799.01,2025,2,February,1,3,Thursday
283,2025-03-24 19:03:06,67.65,35.8,0.0318,32.99,Debito,Em Analise,PR,Sul,Eletrônicos,2025-04-21 04:55:53,2025-04-24 04:55:53,Scheduled,2,30.0,3.0,1.0,0,0.4876570583887657,1.13844,17.9,2025,3,March,1,0,Monday
284,2025-03-25 20:31:10,71.54,53.7,0.0943,22.9,Credito,Em Analise,SP,Sudeste,Eletrônicos,2025-05-01 04:39:56,2025-05-03 04:39:56,Standard,3,38.0,2.0,1.0,0,0.32010064299692476,5.06391,17.900000000000002,2025,3,March,1,1,Tuesday
285,2025-04-22 10:17:40,177.21,149.7,0.0366,32.99,Debito,Cancelado,ES,Sudeste,Eletrônicos,2025-05-04 14:52:37,2025-05-06 14:52:37,Scheduled,3,,,,0,0.186163309068337,5.479019999999999,49.9,2025,4,April,2,1,Tuesday
286,2025-04-08 04:08:21,163.14,129.86,0.0741,42.9,Boleto,Confirmado,SP,Sudeste,Eletrônicos,2025-05-12 09:35:34,2025-05-12 09:35:34,Same-Day,1,34.0,0.0,0.0,1,0.2629643251195293,9.622626,129.86,2025,4,April,2,1,Tuesday
287,2025-04-07 17:08:55,4046.42,4316.0,0.0724,42.9,Credito,Cancelado,SP,Sudeste,Eletrônicos,2025-04-27 01:44:48,2025-04-30 01:44:48,Same-Day,4,,,,0,0.010601964205396374,312.4784,1079.0,2025,4,April,2,0,Monday
288,2025-03-16 04:00:07,432.81,428.99,0.068,32.99,PIX,Processando,PA,Norte,Eletrônicos,2025-05-09 21:55:30,2025-05-11 21:55:30,Scheduled,1,56.0,2.0,1.0,0,0.07622282294771378,29.17132,428.99,2025,3,March,1,6,Sunday
289,2025-03-28 16:06:11,1626.22,1798.0,0.1194,42.9,Boleto,Confirmado,RJ,Sudeste,Eletrônicos,2025-05-01 07:30:32,2025-05-04 07:30:32,Same-Day,2,36.0,3.0,1.0,1,0.02638019456162143,214.68120000000002,899.0,2025,3,March,1,4,Friday
290,2025-05-05 04:36:11,5328.92,5484.26,0.0325,22.9,PIX,Confirmado,TO,Norte,Eletrônicos,2025-04-29 15:36:12,2025-05-03 15:36:12,Standard,2,-2.0,4.0,1.0,1,0.0042973060207321554,178.23845,2742.13,2025,5,May,2,0,Monday
291,2025-03-17 10:41:33,3444.37,3958.2,0.1356,22.9,Boleto,Processando,RR,Norte,Eletrônicos,2025-05-07 19:10:46,2025-05-08 19:10:46,Standard,2,52.0,1.0,1.0,0,0.006648530790826769,536.73192,1979.1,2025,3,March,1,0,Monday
293,2025-04-04 00:54:30,497.56,499.64,0.05,22.9,Boleto,Processando,PI,Nordeste,Eletrônicos,2025-05-12 13:41:49,2025-05-16 13:41:49,Standard,4,42.0,4.0,1.0,0,0.04602460004823539,24.982,124.91,2025,4,April,2,4,Friday
294,2025-03-23 21:53:48,1773.16,1799.01,0.0271,22.9,PIX,Confirmado,SC,Sul,Eletrônicos,2025-04-17 14:23:36,2025-04-17 14:23:36,Standard,1,24.0,0.0,0.0,1,0.012914796183085563,48.753170999999995,1799.01,2025,3,March,1,6,Sunday
295,2025-04-07 08:54:56,864.93,857.98,0.0419,42.9,Debito,Processando,AP,Norte,Eletrônicos,2025-04-29 05:27:16,2025-05-01 05:27:16,Same-Day,2,23.0,2.0,1.0,0,0.04959938954597482,35.949362,428.99,2025,4,April,2,0,Monday
296,2025-02-19 11:38:40,180.61,165.99,0.0499,22.9,Boleto,Em Analise,PE,Nordeste,Eletrônicos,2025-04-23 13:23:52,2025-04-27 13:23:52,Standard,1,67.0,4.0,1.0,0,0.12679253640440727,8.282901,165.99,2025,2,February,1,2,Wednesday
297,2025-02-22 17:06:56,7298.28,7916.4,0.0835,42.9,Debito,Confirmado,PR,Sul,Eletrônicos,2025-04-22 01:03:30,2025-04-26 01:03:30,Same-Day,4,62.0,4.0,1.0,1,0.005878097305118467,661.0194,1979.1,2025,2,February,1,5,Saturday
298,2025-03-23 06:22:31,6483.64,6506.28,0.007,22.9,Debito,Cancelado,MA,Nordeste,Eletrônicos,2025-05-09 05:05:42,2025-05-10 05:05:42,Standard,4,,,,0,0.0035319666113479463,45.54396,1626.57,2025,3,March,1,6,Sunday
299,2025-04-24 07:02:23,140.76,124.91,0.1372,32.99,Boleto,Cancelado,RO,Norte,Eletrônicos,2025-05-07 01:29:01,2025-05-11 01:29:01,Scheduled,1,,,,0,0.23437055981813018,17.137652,124.91,2025,4,April,2,3,Thursday
300,2025-03-04 14:19:41,367.52,349.8,0.0148,22.9,Boleto,Cancelado,AP,Norte,Eletrônicos,2025-05-07 10:26:20,2025-05-09 10:26:20,Standard,2,,,,0,0.06230953417501088,5.177040000000001,174.9,2025,3,March,1,1,Tuesday
301,2025-03-01 23:42:56,2087.16,2144.0,0.0419,32.99,Debito,Em Analise,PR,Sul,Eletrônicos,2025-05-12 19:39:38,2025-05-16 19:39:38,Scheduled,2,75.0,4.0,1.0,0,0.015806167232028212,89.8336,1072.0,2025,3,March,1,5,Saturday
302,2025-03-03 00:39:48,1537.45,1539.8,0.0164,22.9,Debito,Cancelado,SC,Sul,Eletrônicos,2025-04-24 09:49:31,2025-04-24 09:49:31,Standard,2,,,,0,0.014894793326612246,25.25272,769.9,2025,3,March,1,0,Monday
303,2025-02-23 05:57:30,522.34,519.44,0.0385,22.9,Credito,Confirmado,SP,Sudeste,Eletrônicos,2025-05-08 03:46:58,2025-05-10 03:46:58,Standard,4,75.0,2.0,1.0,1,0.043841176245357424,19.998440000000002,129.86,2025,2,February,1,6,Sunday
304,2025-04-24 10:29:22,74.2,35.8,0.1257,42.9,PIX,Confirmado,PR,Sul,Eletrônicos,2025-04-12 11:33:52,2025-04-17 11:33:52,Same-Day,2,-7.0,5.0,1.0,1,0.5781671159029649,4.5000599999999995,17.9,2025,4,April,2,3,Thursday
305,2025-04-03 06:37:28,995.95,1072.0,0.0923,22.9,Boleto,Cancelado,RN,Nordeste,Eletrônicos,2025-04-27 22:07:37,2025-05-02 22:07:37,Standard,1,,,,0,0.022993122144685976,98.9456,1072.0,2025,4,April,2,3,Thursday
306,2025-02-26 17:52:55,353.65,331.98,0.0341,32.99,Credito,Processando,CE,Nordeste,Eletrônicos,2025-05-11 16:08:08,2025-05-12 16:08:08,Scheduled,2,74.0,1.0,1.0,0,0.09328432065601584,11.320518,165.99,2025,2,February,1,2,Wednesday
307,2025-03-10 06:16:27,7193.28,8226.39,0.1308,42.9,Credito,Em Analise,RS,Sul,Eletrônicos,2025-05-10 20:27:40,2025-05-15 20:27:40,Same-Day,3,66.0,5.0,1.0,0,0.0059638996396636865,1076.011812,2742.1299999999997,2025,3,March,1,0,Monday
308,2025-05-13 03:12:16,165.18,161.7,0.1201,22.9,Debito,Processando,ES,Sudeste,Eletrônicos,2025-04-30 21:46:02,2025-04-30 21:46:02,Standard,3,-13.0,0.0,0.0,0,0.13863663881825886,19.42017,53.9,2025,5,May,2,1,Tuesday
309,2025-03-15 20:03:12,498.4,524.7,0.113,32.99,PIX,Em Analise,SP,Sudeste,Eletrônicos,2025-04-21 05:13:59,2025-04-21 05:13:59,Scheduled,3,36.0,0.0,0.0,0,0.06619181380417336,59.29110000000001,174.9,2025,3,March,1,5,Saturday
310,2025-05-01 11:43:29,477.58,497.97,0.1271,42.9,Boleto,Em Analise,SC,Sul,Eletrônicos,2025-04-22 07:12:20,2025-04-25 07:12:20,Same-Day,3,-7.0,3.0,1.0,0,0.08982788223962478,63.291987,165.99,2025,5,May,2,3,Thursday
311,2025-02-22 21:14:53,1005.4,1072.0,0.0929,32.99,Debito,Confirmado,RJ,Sudeste,Eletrônicos,2025-05-11 12:17:14,2025-05-16 12:17:14,Scheduled,1,82.0,5.0,1.0,1,0.03281281082156356,99.58879999999999,1072.0,2025,2,February,1,5,Saturday
312,2025-03-22 15:50:09,3368.48,3596.0,0.0752,42.9,PIX,Em Analise,RS,Sul,Eletrônicos,2025-05-14 06:33:07,2025-05-14 06:33:07,Same-Day,4,52.0,0.0,0.0,0,0.012735714624994062,270.4192,899.0,2025,3,March,1,5,Saturday
313,2025-03-06 21:02:53,1910.97,1979.1,0.0561,42.9,Credito,Confirmado,PB,Nordeste,Eletrônicos,2025-04-14 08:47:15,2025-04-19 08:47:15,Same-Day,1,43.0,5.0,1.0,1,0.022449332014631312,111.02750999999999,1979.1,2025,3,March,1,3,Thursday
314,2025-05-10 17:38:36,2639.37,2697.0,0.0336,32.99,Credito,Processando,PR,Sul,Eletrônicos,2025-05-05 16:02:10,2025-05-06 16:02:10,Scheduled,3,-5.0,1.0,1.0,0,0.012499194883627534,90.61919999999999,899.0,2025,5,May,2,5,Saturday
315,2025-04-29 04:55:03,1011.7,1079.0,0.0836,22.9,Boleto,Processando,AM,Norte,Eletrônicos,2025-05-04 15:51:26,2025-05-06 15:51:26,Standard,1,7.0,2.0,1.0,0,0.022635168528219826,90.20439999999999,1079.0,2025,4,April,2,1,Tuesday
316,2025-05-04 15:45:53,89.44,53.7,0.1334,42.9,Debito,Processando,RS,Sul,Eletrônicos,2025-04-16 13:15:35,2025-04-17 13:15:35,Same-Day,3,-18.0,1.0,1.0,0,0.4796511627906977,7.16358,17.900000000000002,2025,5,May,2,6,Sunday
317,2025-03-26 11:48:29,11135.84,12199.96,0.0891,22.9,Debito,Confirmado,PR,Sul,Eletrônicos,2025-04-23 19:33:33,2025-04-23 19:33:33,Standard,4,28.0,0.0,0.0,1,0.0020564232244716157,1087.0164359999999,3049.99,2025,3,March,1,2,Wednesday
318,2025-03-29 06:59:11,218.86,215.6,0.1379,32.99,Boleto,Processando,ES,Sudeste,Eletrônicos,2025-04-28 13:16:13,2025-05-01 13:16:13,Scheduled,4,33.0,3.0,1.0,0,0.15073563008315818,29.73124,53.9,2025,3,March,1,5,Saturday
319,2025-03-25 11:41:40,219.01,207.2,0.0535,22.9,Credito,Em Analise,RO,Norte,Eletrônicos,2025-04-27 14:39:25,2025-04-29 14:39:25,Standard,4,35.0,2.0,1.0,0,0.10456143555088808,11.085199999999999,51.8,2025,3,March,1,1,Tuesday
320,2025-03-27 18:55:11,8238.53,9149.97,0.1043,42.9,PIX,Em Analise,RR,Norte,Eletrônicos,2025-05-07 09:00:34,2025-05-12 09:00:34,Same-Day,3,45.0,5.0,1.0,0,0.005207239641052469,954.341871,3049.99,2025,3,March,1,3,Thursday
321,2025-04-18 01:49:12,1666.87,1799.01,0.0973,42.9,PIX,Cancelado,SC,Sul,Eletrônicos,2025-04-28 17:49:18,2025-04-29 17:49:18,Same-Day,1,,,,0,0.025736860103067426,175.04367299999998,1799.01,2025,4,April,2,4,Friday
322,2025-03-17 10:04:26,7421.72,8226.39,0.1006,22.9,Boleto,Em Analise,PA,Norte,Eletrônicos,2025-05-08 03:15:03,2025-05-12 03:15:03,Standard,3,55.0,4.0,1.0,0,0.0030855381232382786,827.5748339999999,2742.1299999999997,2025,3,March,1,0,Monday
323,2025-02-18 13:06:03,1979.36,2144.0,0.0968,42.9,Credito,Confirmado,SP,Sudeste,Eletrônicos,2025-04-19 07:07:52,2025-04-21 07:07:52,Same-Day,2,61.0,2.0,1.0,1,0.021673672298116564,207.5392,1072.0,2025,2,February,1,1,Tuesday
324,2025-04-01 20:12:53,7696.48,7916.4,0.0332,42.9,Debito,Em Analise,SP,Sudeste,Eletrônicos,2025-04-18 23:29:40,2025-04-20 23:29:40,Same-Day,4,19.0,2.0,1.0,0,0.005573976675051452,262.82448,1979.1,2025,4,April,2,1,Tuesday
325,2025-04-25 08:26:19,482.25,449.0,0.0215,42.9,Credito,Processando,SC,Sul,Eletrônicos,2025-05-02 04:28:34,2025-05-07 04:28:34,Same-Day,1,11.0,5.0,1.0,0,0.08895800933125972,9.6535,449.0,2025,4,April,2,4,Friday
326,2025-03-24 05:36:34,2798.48,3253.14,0.1468,22.9,PIX,Confirmado,AP,Norte,Eletrônicos,2025-05-08 14:33:35,2025-05-12 14:33:35,Standard,2,49.0,4.0,1.0,1,0.008183013635973813,477.56095200000004,1626.57,2025,3,March,1,0,Monday
327,2025-03-20 20:16:24,2701.56,2697.0,0.0068,22.9,PIX,Cancelado,CE,Nordeste,Eletrônicos,2025-04-23 20:15:38,2025-04-23 20:15:38,Standard,3,,,,0,0.008476583899672782,18.339599999999997,899.0,2025,3,March,1,3,Thursday
328,2025-02-20 07:12:37,758.75,769.9,0.0702,42.9,Boleto,Processando,TO,Norte,Eletrônicos,2025-04-30 04:08:30,2025-05-02 04:08:30,Same-Day,1,70.0,2.0,1.0,0,0.056540362438220755,54.04698,769.9,2025,2,February,1,3,Thursday
329,2025-05-06 15:19:23,3063.47,3237.0,0.0638,32.99,Debito,Em Analise,PR,Sul,Eletrônicos,2025-04-21 06:03:08,2025-04-24 06:03:08,Scheduled,3,-13.0,3.0,1.0,0,0.010768834034607815,206.52059999999997,1079.0,2025,5,May,2,1,Tuesday
330,2025-04-24 20:00:22,2051.12,2144.0,0.054,22.9,PIX,Em Analise,AC,Norte,Eletrônicos,2025-04-28 09:45:01,2025-04-28 09:45:01,Standard,2,3.0,0.0,0.0,0,0.011164632005928469,115.776,1072.0,2025,4,April,2,3,Thursday
331,2025-05-10 22:46:35,199.09,199.6,0.1173,22.9,Boleto,Em Analise,AM,Norte,Eletrônicos,2025-04-23 22:41:41,2025-04-27 22:41:41,Standard,4,-14.0,4.0,1.0,0,0.11502335627103319,23.41308,49.9,2025,5,May,2,5,Saturday
332,2025-04-04 03:17:47,38.8,17.9,0.1118,22.9,PIX,Processando,SP,Sudeste,Eletrônicos,2025-04-18 19:16:01,2025-04-22 19:16:01,Standard,1,18.0,4.0,1.0,0,0.5902061855670103,2.00122,17.9,2025,4,April,2,4,Friday
333,2025-04-14 03:12:57,7940.39,9149.97,0.1358,32.99,PIX,Cancelado,RN,Nordeste,Eletrônicos,2025-04-27 14:47:14,2025-04-30 14:47:14,Scheduled,3,,,,0,0.00415470776624322,1242.565926,3049.99,2025,4,April,2,0,Monday
334,2025-02-21 17:39:49,511.54,519.44,0.0593,22.9,Credito,Confirmado,MA,Nordeste,Eletrônicos,2025-05-02 04:22:13,2025-05-03 04:22:13,Standard,4,70.0,1.0,1.0,1,0.04476678265629276,30.802792000000004,129.86,2025,2,February,1,4,Friday
335,2025-05-16 13:39:08,1770.42,1898.0,0.0846,32.99,Debito,Cancelado,RO,Norte,Eletrônicos,2025-04-23 08:38:26,2025-04-25 08:38:26,Scheduled,2,,,,0,0.018633996452819105,160.5708,949.0,2025,5,May,2,4,Friday
336,2025-02-22 03:20:32,414.49,428.99,0.1338,42.9,PIX,Confirmado,SE,Nordeste,Eletrônicos,2025-05-05 14:04:57,2025-05-07 14:04:57,Same-Day,1,74.0,2.0,1.0,1,0.1035006875919805,57.398862,428.99,2025,2,February,1,5,Saturday
337,2025-02-18 15:38:19,945.15,1072.0,0.1491,32.99,Debito,Cancelado,PB,Nordeste,Eletrônicos,2025-04-26 09:57:07,2025-04-30 09:57:07,Scheduled,1,,,,0,0.0349045125112416,159.83520000000001,1072.0,2025,2,February,1,1,Tuesday
338,2025-03-27 13:23:23,2629.42,3049.99,0.1454,22.9,Credito,Em Analise,SP,Sudeste,Eletrônicos,2025-05-03 09:34:11,2025-05-08 09:34:11,Standard,1,41.0,5.0,1.0,0,0.008709144982543679,443.46854599999995,3049.99,2025,3,March,1,3,Thursday
339,2025-02-24 23:15:44,9810.11,10968.52,0.1077,22.9,Debito,Cancelado,TO,Norte,Eletrônicos,2025-04-23 17:06:30,2025-04-28 17:06:30,Standard,4,,,,0,0.002334326526409999,1181.309604,2742.13,2025,2,February,1,0,Monday
340,2025-02-25 02:11:55,462.25,449.0,0.0215,22.9,Boleto,Confirmado,MG,Sudeste,Eletrônicos,2025-04-29 11:56:34,2025-04-30 11:56:34,Standard,1,64.0,1.0,1.0,1,0.04954029204975662,9.6535,449.0,2025,2,February,1,1,Tuesday
341,2025-04-14 22:07:46,249.37,207.2,0.0035,42.9,Boleto,Em Analise,RS,Sul,Eletrônicos,2025-05-06 04:03:05,2025-05-07 04:03:05,Same-Day,4,22.0,1.0,1.0,0,0.17203352448169387,0.7252,51.8,2025,4,April,2,0,Monday
342,2025-04-30 20:39:36,2517.44,2847.0,0.1238,22.9,Credito,Cancelado,SP,Sudeste,Eletrônicos,2025-05-13 04:32:55,2025-05-14 04:32:55,Standard,3,,,,0,0.00909654251938477,352.4586,949.0,2025,4,April,2,2,Wednesday
343,2025-04-11 22:30:21,397.79,428.99,0.1261,22.9,Debito,Cancelado,RS,Sul,Eletrônicos,2025-04-29 03:14:05,2025-05-02 03:14:05,Standard,1,,,,0,0.05756806355111993,54.095639,428.99,2025,4,April,2,4,Friday
344,2025-03-11 20:40:00,484.16,519.44,0.112,22.9,Debito,Processando,RS,Sul,Eletrônicos,2025-05-14 09:27:05,2025-05-14 09:27:05,Standard,4,63.0,0.0,0.0,0,0.04729841374752147,58.17728000000001,129.86,2025,3,March,1,1,Tuesday
345,2025-04-06 13:09:26,128.6,99.8,0.042,32.99,Boleto,Em Analise,RN,Nordeste,Eletrônicos,2025-05-04 13:22:51,2025-05-04 13:22:51,Scheduled,2,28.0,0.0,0.0,0,0.25653188180404357,4.1916,49.9,2025,4,April,2,6,Sunday
346,2025-03-09 08:01:23,492.47,519.44,0.096,22.9,Boleto,Cancelado,RJ,Sudeste,Eletrônicos,2025-05-12 20:39:00,2025-05-12 20:39:00,Standard,4,,,,0,0.046500294434178725,49.866240000000005,129.86,2025,3,March,1,6,Sunday
347,2025-04-21 09:28:21,2233.21,2309.7,0.0474,32.99,Debito,Em Analise,TO,Norte,Eletrônicos,2025-04-17 21:33:12,2025-04-17 21:33:12,Scheduled,3,-4.0,0.0,0.0,0,0.01477245758347849,109.47977999999999,769.9,2025,4,April,2,0,Monday
348,2025-03-07 11:21:47,8554.33,9149.97,0.0676,22.9,Boleto,Processando,ES,Sudeste,Eletrônicos,2025-04-28 05:41:23,2025-04-28 05:41:23,Standard,3,51.0,0.0,0.0,0,0.0026770068491629383,618.5379719999999,3049.99,2025,3,March,1,4,Friday
349,2025-02-25 14:03:44,4111.16,4316.0,0.0574,42.9,PIX,Cancelado,RO,Norte,Eletrônicos,2025-04-19 07:02:40,2025-04-19 07:02:40,Same-Day,4,,,,0,0.01043501104311192,247.73839999999998,1079.0,2025,2,February,1,1,Tuesday
350,2025-03-27 06:56:48,53.8,35.8,0.137,22.9,Credito,Cancelado,MG,Sudeste,Eletrônicos,2025-04-27 06:46:41,2025-05-01 06:46:41,Standard,2,,,,0,0.4256505576208178,4.9046,17.9,2025,3,March,1,3,Thursday
351,2025-02-19 03:01:30,418.81,389.58,0.0351,42.9,Debito,Cancelado,PB,Nordeste,Eletrônicos,2025-04-20 23:44:31,2025-04-21 23:44:31,Same-Day,3,,,,0,0.10243308421479907,13.674258,129.85999999999999,2025,2,February,1,2,Wednesday
352,2025-05-04 10:19:28,3658.32,3958.2,0.0866,42.9,PIX,Confirmado,MG,Sudeste,Eletrônicos,2025-05-07 09:15:22,2025-05-09 09:15:22,Same-Day,2,4.0,2.0,1.0,1,0.01172669422029784,342.78011999999995,1979.1,2025,5,May,2,6,Sunday
353,2025-03-14 02:14:00,2616.68,2742.13,0.0541,22.9,Debito,Processando,AM,Norte,Eletrônicos,2025-04-21 09:20:14,2025-04-22 09:20:14,Standard,1,39.0,1.0,1.0,0,0.008751547762813948,148.349233,2742.13,2025,3,March,1,4,Friday
354,2025-04-16 23:24:48,2471.55,2697.0,0.0995,42.9,PIX,Em Analise,RO,Norte,Eletrônicos,2025-05-01 04:45:02,2025-05-03 04:45:02,Same-Day,3,16.0,2.0,1.0,0,0.01735752867633671,268.3515,899.0,2025,4,April,2,2,Wednesday
355,2025-04-18 08:52:49,8397.87,9149.97,0.0847,22.9,Credito,Processando,CE,Nordeste,Eletrônicos,2025-05-12 00:37:43,2025-05-16 00:37:43,Standard,3,27.0,4.0,1.0,0,0.002726881935538416,775.0024589999999,3049.99,2025,4,April,2,4,Friday
356,2025-05-09 18:30:41,3140.49,3596.0,0.1386,42.9,Boleto,Processando,SP,Sudeste,Eletrônicos,2025-04-22 19:31:06,2025-04-26 19:31:06,Same-Day,4,-13.0,4.0,1.0,0,0.013660288681065695,498.4056,899.0,2025,5,May,2,4,Friday
357,2025-04-13 17:41:28,367.38,349.8,0.0152,22.9,PIX,Processando,MA,Nordeste,Eletrônicos,2025-05-03 18:03:52,2025-05-07 18:03:52,Standard,2,24.0,4.0,1.0,0,0.062333278893788445,5.31696,174.9,2025,4,April,2,6,Sunday
358,2025-05-09 02:35:48,92.99,51.8,0.0331,42.9,Boleto,Cancelado,RJ,Sudeste,Eletrônicos,2025-04-20 08:54:30,2025-04-21 08:54:30,Same-Day,1,,,,0,0.46133992902462634,1.7145799999999998,51.8,2025,5,May,2,4,Friday
359,2025-05-01 06:14:54,48.83,17.9,0.115,32.99,Credito,Em Analise,SP,Sudeste,Eletrônicos,2025-04-23 00:10:30,2025-04-24 00:10:30,Scheduled,1,-8.0,1.0,1.0,0,0.6756092566045464,2.0585,17.9,2025,5,May,2,3,Thursday
360,2025-05-03 15:56:27,3081.06,3216.0,0.0553,42.9,Boleto,Confirmado,ES,Sudeste,Eletrônicos,2025-05-01 11:45:20,2025-05-01 11:45:20,Same-Day,3,-3.0,0.0,0.0,1,0.01392377947849117,177.8448,1072.0,2025,5,May,2,5,Saturday
361,2025-03-15 16:06:01,366.61,331.98,0.0249,42.9,Boleto,Confirmado,AP,Norte,Eletrônicos,2025-04-18 17:42:18,2025-04-23 17:42:18,Same-Day,2,39.0,5.0,1.0,1,0.11701808461307656,8.266302,165.99,2025,3,March,1,5,Saturday
362,2025-03-12 20:09:33,679.77,699.6,0.0755,32.99,Debito,Processando,SC,Sul,Eletrônicos,2025-05-09 08:17:42,2025-05-14 08:17:42,Scheduled,4,62.0,5.0,1.0,0,0.048531120820277454,52.8198,174.9,2025,3,March,1,2,Wednesday
363,2025-02-20 23:41:54,8340.45,9208.0,0.0978,32.99,PIX,Confirmado,TO,Norte,Eletrônicos,2025-04-19 04:30:21,2025-04-24 04:30:21,Scheduled,2,62.0,5.0,1.0,1,0.003955422069552602,900.5423999999999,4604.0,2025,2,February,1,3,Thursday
364,2025-05-15 00:47:46,187.78,165.99,0.0067,22.9,Boleto,Em Analise,AM,Norte,Eletrônicos,2025-05-06 11:13:54,2025-05-08 11:13:54,Standard,1,-7.0,2.0,1.0,0,0.12195121951219512,1.112133,165.99,2025,5,May,2,3,Thursday
365,2025-04-02 21:50:26,223.87,199.6,0.0437,32.99,Debito,Processando,PA,Norte,Eletrônicos,2025-05-06 10:48:58,2025-05-07 10:48:58,Scheduled,4,34.0,1.0,1.0,0,0.1473623084826015,8.722520000000001,49.9,2025,4,April,2,2,Wednesday
366,2025-04-03 01:30:21,1163.72,1286.97,0.1214,32.99,Boleto,Cancelado,SP,Sudeste,Eletrônicos,2025-05-14 05:44:17,2025-05-14 05:44:17,Scheduled,3,,,,0,0.02834874368404771,156.238158,428.99,2025,4,April,2,3,Thursday
367,2025-04-20 17:03:27,6021.69,6506.28,0.078,22.9,Debito,Processando,RR,Norte,Eletrônicos,2025-05-05 10:29:27,2025-05-08 10:29:27,Standard,4,17.0,3.0,1.0,0,0.003802919114069306,507.48983999999996,1626.57,2025,4,April,2,6,Sunday
368,2025-04-16 18:15:59,2770.5,2742.13,0.0053,42.9,Debito,Cancelado,PR,Sul,Eletrônicos,2025-04-23 05:41:28,2025-04-24 05:41:28,Same-Day,1,,,,0,0.015484569572279372,14.533289,2742.13,2025,4,April,2,2,Wednesday
369,2025-04-05 05:23:46,530.46,519.44,0.0423,32.99,Boleto,Em Analise,MG,Sudeste,Eletrônicos,2025-05-08 12:23:15,2025-05-13 12:23:15,Scheduled,4,38.0,5.0,1.0,0,0.06219130565923915,21.972312000000002,129.86,2025,4,April,2,5,Saturday
370,2025-03-29 17:20:42,381.69,374.73,0.0959,42.9,PIX,Cancelado,SC,Sul,Eletrônicos,2025-05-03 05:18:07,2025-05-08 05:18:07,Same-Day,3,,,,0,0.11239487542246325,35.936607,124.91000000000001,2025,3,March,1,5,Saturday
371,2025-04-23 22:34:47,265.25,249.82,0.0299,22.9,PIX,Cancelado,PR,Sul,Eletrônicos,2025-04-17 23:58:11,2025-04-19 23:58:11,Standard,2,,,,0,0.08633364750235627,7.469618,124.91,2025,4,April,2,2,Wednesday
372,2025-02-19 10:22:11,69.94,53.7,0.1241,22.9,Credito,Em Analise,AC,Norte,Eletrônicos,2025-05-09 07:56:54,2025-05-12 07:56:54,Standard,3,81.0,3.0,1.0,0,0.32742350586216756,6.66417,17.900000000000002,2025,2,February,1,2,Wednesday
373,2025-05-06 18:21:44,97.32,71.6,0.1015,32.99,Credito,Em Analise,PR,Sul,Eletrônicos,2025-04-16 13:42:09,2025-04-20 13:42:09,Scheduled,4,-17.0,4.0,1.0,0,0.3389847924373202,7.2674,17.9,2025,5,May,2,1,Tuesday
374,2025-03-04 23:27:14,1554.47,1626.57,0.0707,42.9,Credito,Processando,MA,Nordeste,Eletrônicos,2025-05-14 00:06:44,2025-05-17 00:06:44,Same-Day,1,73.0,3.0,1.0,0,0.027597830771902962,114.998499,1626.57,2025,3,March,1,1,Tuesday
375,2025-04-19 06:15:18,1446.14,1626.57,0.1373,42.9,Boleto,Em Analise,RS,Sul,Eletrônicos,2025-05-04 18:01:02,2025-05-07 18:01:02,Same-Day,1,18.0,3.0,1.0,0,0.029665177645317876,223.328061,1626.57,2025,4,April,2,5,Saturday
376,2025-04-19 16:05:44,185.18,161.7,0.0588,32.99,PIX,Cancelado,SC,Sul,Eletrônicos,2025-04-22 17:07:31,2025-04-23 17:07:31,Scheduled,3,,,,0,0.1781509882276704,9.507959999999999,53.9,2025,4,April,2,5,Saturday
377,2025-04-08 15:20:19,3155.72,3237.0,0.0353,32.99,Boleto,Processando,SC,Sul,Eletrônicos,2025-04-17 04:27:12,2025-04-22 04:27:12,Scheduled,3,13.0,5.0,1.0,0,0.010454032677170346,114.2661,1079.0,2025,4,April,2,1,Tuesday
378,2025-03-30 17:42:33,87.4,71.6,0.0992,22.9,Boleto,Processando,SC,Sul,Eletrônicos,2025-05-10 12:24:02,2025-05-10 12:24:02,Standard,4,40.0,0.0,0.0,0,0.2620137299771167,7.102719999999999,17.9,2025,3,March,1,6,Sunday
379,2025-03-14 15:47:54,2002.52,2144.0,0.086,42.9,Boleto,Cancelado,ES,Sudeste,Eletrônicos,2025-05-02 08:43:26,2025-05-02 08:43:26,Same-Day,2,,,,0,0.02142300701116593,184.384,1072.0,2025,3,March,1,4,Friday
380,2025-03-16 10:21:59,1741.51,1799.01,0.0503,32.99,PIX,Confirmado,SE,Nordeste,Eletrônicos,2025-05-11 23:35:39,2025-05-15 23:35:39,Scheduled,1,60.0,4.0,1.0,1,0.0189433307876498,90.490203,1799.01,2025,3,March,1,6,Sunday
381,2025-03-04 09:35:02,874.65,898.0,0.0515,22.9,PIX,Cancelado,PI,Nordeste,Eletrônicos,2025-04-30 20:52:06,2025-05-01 20:52:06,Standard,2,,,,0,0.026181901331961355,46.247,449.0,2025,3,March,1,1,Tuesday
382,2025-03-04 21:49:50,1243.13,1286.97,0.0597,32.99,Debito,Confirmado,RJ,Sudeste,Eletrônicos,2025-05-08 11:02:24,2025-05-13 11:02:24,Scheduled,3,69.0,5.0,1.0,1,0.026537852034783167,76.832109,428.99,2025,3,March,1,1,Tuesday
383,2025-05-04 23:20:55,5287.5,5484.26,0.0437,42.9,Debito,Confirmado,RS,Sul,Eletrônicos,2025-04-22 02:08:05,2025-04-23 02:08:05,Same-Day,2,-12.0,1.0,1.0,1,0.008113475177304964,239.66216200000002,2742.13,2025,5,May,2,6,Sunday
384,2025-03-11 09:15:32,3569.64,3958.2,0.1065,32.99,Credito,Processando,TO,Norte,Eletrônicos,2025-05-06 05:23:51,2025-05-07 05:23:51,Scheduled,2,56.0,1.0,1.0,0,0.009241828307616455,421.5483,1979.1,2025,3,March,1,1,Tuesday
385,2025-02-25 15:03:16,116.38,103.6,0.0977,22.9,Debito,Processando,RR,Norte,Eletrônicos,2025-04-30 07:49:58,2025-05-04 07:49:58,Standard,2,67.0,4.0,1.0,0,0.196769204330641,10.12172,51.8,2025,2,February,1,1,Tuesday
386,2025-03-26 10:43:24,6743.28,7196.04,0.0661,22.9,Debito,Confirmado,AC,Norte,Eletrônicos,2025-05-04 07:21:35,2025-05-05 07:21:35,Standard,4,39.0,1.0,1.0,1,0.0033959734728500075,475.658244,1799.01,2025,3,March,1,2,Wednesday
387,2025-04-05 22:44:10,198.98,165.99,0.0597,42.9,Boleto,Cancelado,MA,Nordeste,Eletrônicos,2025-04-20 17:04:05,2025-04-23 17:04:05,Same-Day,1,,,,0,0.21559955774449693,9.909603,165.99,2025,4,April,2,5,Saturday
388,2025-03-09 12:07:47,1740.48,1796.0,0.0548,42.9,Credito,Confirmado,CE,Nordeste,Eletrônicos,2025-05-08 10:47:39,2025-05-12 10:47:39,Same-Day,4,63.0,4.0,1.0,1,0.024648372862658575,98.4208,449.0,2025,3,March,1,6,Sunday
389,2025-03-28 15:25:07,519.71,497.97,0.0425,42.9,Credito,Processando,PB,Nordeste,Eletrônicos,2025-05-14 04:26:04,2025-05-17 04:26:04,Same-Day,3,49.0,3.0,1.0,0,0.08254603528891112,21.163725000000003,165.99,2025,3,March,1,4,Friday
390,2025-03-29 16:41:17,8153.26,8226.39,0.0129,32.99,Boleto,Em Analise,MG,Sudeste,Eletrônicos,2025-05-03 22:46:01,2025-05-08 22:46:01,Scheduled,3,40.0,5.0,1.0,0,0.004046234267029385,106.120431,2742.1299999999997,2025,3,March,1,5,Saturday
391,2025-05-06 07:35:04,80.88,49.9,0.0402,32.99,Debito,Cancelado,MG,Sudeste,Eletrônicos,2025-05-10 17:03:07,2025-05-14 17:03:07,Scheduled,1,,,,0,0.40788822947576664,2.00598,49.9,2025,5,May,2,1,Tuesday
392,2025-03-25 23:31:53,7852.78,8226.39,0.0482,22.9,Credito,Processando,MG,Sudeste,Eletrônicos,2025-05-05 13:23:25,2025-05-08 13:23:25,Standard,3,43.0,3.0,1.0,0,0.002916164721283418,396.51199799999995,2742.1299999999997,2025,3,March,1,1,Tuesday
393,2025-04-19 22:01:02,39.33,17.9,0.0822,22.9,Boleto,Em Analise,AP,Norte,Eletrônicos,2025-05-09 23:17:09,2025-05-11 23:17:09,Standard,1,22.0,2.0,1.0,0,0.5822527332824815,1.4713799999999997,17.9,2025,4,April,2,5,Saturday
394,2025-05-06 02:50:33,4880.53,5484.26,0.1161,32.99,PIX,Confirmado,MG,Sudeste,Eletrônicos,2025-05-16 02:09:53,2025-05-17 02:09:53,Scheduled,2,10.0,1.0,1.0,1,0.006759511774335984,636.722586,2742.13,2025,5,May,2,1,Tuesday
395,2025-04-03 17:47:33,829.92,857.98,0.0594,22.9,Credito,Processando,AP,Norte,Eletrônicos,2025-05-17 09:56:58,2025-05-17 09:56:58,Standard,2,43.0,0.0,0.0,0,0.027593021014073644,50.964012000000004,428.99,2025,4,April,2,3,Thursday
397,2025-04-30 10:18:18,1900.83,2144.0,0.1241,22.9,Debito,Em Analise,RR,Norte,Eletrônicos,2025-05-09 23:45:45,2025-05-12 23:45:45,Standard,2,12.0,3.0,1.0,0,0.012047368781006191,266.0704,1072.0,2025,4,April,2,2,Wednesday
398,2025-04-17 10:07:45,171.97,174.9,0.1477,22.9,PIX,Cancelado,RS,Sul,Eletrônicos,2025-04-25 04:36:39,2025-04-27 04:36:39,Standard,1,,,,0,0.13316276094667673,25.83273,174.9,2025,4,April,2,3,Thursday
399,2025-03-07 09:27:21,1585.52,1799.01,0.1314,22.9,Credito,Em Analise,PA,Norte,Eletrônicos,2025-04-26 12:11:01,2025-05-01 12:11:01,Standard,1,55.0,5.0,1.0,0,0.01444321106009385,236.38991399999998,1799.01,2025,3,March,1,4,Friday
400,2025-04-09 20:33:26,7498.44,8226.39,0.0925,32.99,Debito,Processando,BA,Nordeste,Eletrônicos,2025-05-15 14:56:44,2025-05-16 14:56:44,Scheduled,3,36.0,1.0,1.0,0,0.00439958177967684,760.941075,2742.1299999999997,2025,4,April,2,2,Wednesday
401,2025-04-28 19:40:32,1677.62,1796.0,0.0898,42.9,Debito,Em Analise,SP,Sudeste,Eletrônicos,2025-04-27 05:58:21,2025-04-30 05:58:21,Same-Day,4,1.0,3.0,1.0,0,0.025571941202417712,161.2808,449.0,2025,4,April,2,0,Monday
402,2025-02-20 18:38:11,2307.79,2309.7,0.0194,42.9,Credito,Confirmado,PA,Norte,Eletrônicos,2025-04-24 19:54:51,2025-04-26 19:54:51,Same-Day,3,65.0,2.0,1.0,1,0.018589213056647267,44.80818,769.9,2025,2,February,1,3,Thursday
403,2025-05-14 07:11:11,4147.83,4604.0,0.1084,42.9,Debito,Cancelado,SC,Sul,Eletrônicos,2025-04-25 09:17:35,2025-04-29 09:17:35,Same-Day,1,,,,0,0.010342757538279053,499.0736,4604.0,2025,5,May,2,2,Wednesday
404,2025-03-03 15:56:16,2477.17,2697.0,0.09,22.9,Debito,Confirmado,SC,Sul,Eletrônicos,2025-05-03 19:04:10,2025-05-06 19:04:10,Standard,3,64.0,3.0,1.0,1,0.00924442004384035,242.73,899.0,2025,3,March,1,0,Monday
405,2025-03-26 15:27:13,494.66,499.64,0.076,32.99,Boleto,Confirmado,AC,Norte,Eletrônicos,2025-04-15 07:21:29,2025-04-18 07:21:29,Scheduled,4,22.0,3.0,1.0,1,0.06669227348077468,37.97264,124.91,2025,3,March,1,2,Wednesday
406,2025-03-14 13:28:13,172.23,155.4,0.104,32.99,Credito,Em Analise,CE,Nordeste,Eletrônicos,2025-04-22 20:44:34,2025-04-25 20:44:34,Scheduled,3,42.0,3.0,1.0,0,0.1915461882366603,16.1616,51.800000000000004,2025,3,March,1,4,Friday
407,2025-03-27 00:46:28,1224.16,1286.97,0.0666,22.9,Credito,Em Analise,RJ,Sudeste,Eletrônicos,2025-05-06 13:14:18,2025-05-06 13:14:18,Standard,3,40.0,0.0,0.0,0,0.01870670500588158,85.712202,428.99,2025,3,March,1,3,Thursday
408,2025-03-26 08:26:40,282.21,259.72,0.0786,42.9,Credito,Confirmado,SP,Sudeste,Eletrônicos,2025-04-21 09:29:16,2025-04-26 09:29:16,Same-Day,2,31.0,5.0,1.0,1,0.15201445731901775,20.413992000000004,129.86,2025,3,March,1,2,Wednesday
409,2025-05-14 06:14:40,89.82,49.9,0.0598,42.9,Credito,Confirmado,PR,Sul,Eletrônicos,2025-05-05 23:40:11,2025-05-06 23:40:11,Same-Day,1,-8.0,1.0,1.0,1,0.47762191048764197,2.9840199999999997,49.9,2025,5,May,2,2,Wednesday
410,2025-05-02 02:29:43,433.68,449.0,0.1076,32.99,PIX,Processando,RN,Nordeste,Eletrônicos,2025-04-24 06:27:44,2025-04-25 06:27:44,Scheduled,1,-7.0,1.0,1.0,0,0.07606991330012913,48.312400000000004,449.0,2025,5,May,2,4,Friday
411,2025-04-03 20:02:51,187.06,165.99,0.1315,42.9,Boleto,Confirmado,RN,Nordeste,Eletrônicos,2025-04-19 06:13:04,2025-04-22 06:13:04,Same-Day,1,18.0,3.0,1.0,1,0.2293381802630172,21.827685000000002,165.99,2025,4,April,2,3,Thursday
412,2025-05-17 10:25:04,363.35,389.58,0.1261,22.9,Debito,Cancelado,RS,Sul,Eletrônicos,2025-04-25 17:26:50,2025-04-29 17:26:50,Standard,3,,,,0,0.06302463189761937,49.126037999999994,129.85999999999999,2025,5,May,2,5,Saturday
413,2025-02-17 23:04:12,90.45,53.9,0.1179,42.9,Credito,Processando,AM,Norte,Eletrônicos,2025-04-17 16:24:54,2025-04-21 16:24:54,Same-Day,1,62.0,4.0,1.0,0,0.4742951907131011,6.3548100000000005,53.9,2025,2,February,1,0,Monday
414,2025-05-11 22:01:41,68.71,35.8,0.0021,32.99,PIX,Processando,RJ,Sudeste,Eletrônicos,2025-05-10 07:05:26,2025-05-14 07:05:26,Scheduled,2,2.0,4.0,1.0,0,0.48013389608499496,0.07517999999999998,17.9,2025,5,May,2,6,Sunday
415,2025-03-14 00:03:57,9510.93,10968.52,0.1368,42.9,Credito,Em Analise,SE,Nordeste,Eletrônicos,2025-04-26 12:55:40,2025-04-26 12:55:40,Same-Day,4,43.0,0.0,0.0,0,0.0045105999097880016,1500.4935360000002,2742.13,2025,3,March,1,4,Friday
416,2025-02-25 07:30:34,2662.14,2742.13,0.0412,32.99,Credito,Processando,TO,Norte,Eletrônicos,2025-04-14 21:46:30,2025-04-17 21:46:30,Scheduled,1,51.0,3.0,1.0,0,0.012392285905324289,112.975756,2742.13,2025,2,February,1,1,Tuesday
417,2025-04-05 05:20:22,346.11,349.8,0.1332,42.9,Credito,Cancelado,PA,Norte,Eletrônicos,2025-04-16 13:12:48,2025-04-21 13:12:48,Same-Day,2,,,,0,0.12394903354424892,46.593360000000004,174.9,2025,4,April,2,5,Saturday
418,2025-03-12 12:10:53,396.67,374.73,0.0295,32.99,PIX,Confirmado,MG,Sudeste,Eletrônicos,2025-05-07 22:57:19,2025-05-09 22:57:19,Scheduled,3,58.0,2.0,1.0,1,0.0831673683414425,11.054535,124.91000000000001,2025,3,March,1,2,Wednesday
419,2025-03-05 00:08:49,2180.39,2309.7,0.0659,22.9,PIX,Em Analise,ES,Sudeste,Eletrônicos,2025-04-30 12:54:59,2025-05-04 12:54:59,Standard,3,60.0,4.0,1.0,0,0.010502708231096272,152.20923,769.9,2025,3,March,1,2,Wednesday
420,2025-02-26 14:01:51,38.79,17.9,0.1124,22.9,Credito,Cancelado,SP,Sudeste,Eletrônicos,2025-05-02 18:47:45,2025-05-04 18:47:45,Standard,1,,,,0,0.5903583397782933,2.0119599999999997,17.9,2025,2,February,1,2,Wednesday
422,2025-03-17 09:53:57,1567.97,1626.57,0.0624,42.9,Debito,Confirmado,RO,Norte,Eletrônicos,2025-05-14 12:30:06,2025-05-16 12:30:06,Same-Day,1,60.0,2.0,1.0,1,0.02736021735109728,101.49796799999999,1626.57,2025,3,March,1,0,Monday
423,2025-03-03 09:20:07,4870.51,5397.03,0.1018,22.9,PIX,Processando,MA,Nordeste,Eletrônicos,2025-04-27 15:50:22,2025-04-30 15:50:22,Standard,3,58.0,3.0,1.0,0,0.004701766344797567,549.417654,1799.01,2025,3,March,1,0,Monday
424,2025-04-27 04:12:33,181.38,161.7,0.0823,32.99,Boleto,Cancelado,CE,Nordeste,Eletrônicos,2025-05-04 07:50:26,2025-05-07 07:50:26,Scheduled,3,,,,0,0.18188333884662036,13.307909999999998,53.9,2025,4,April,2,6,Sunday
425,2025-03-04 01:38:38,147.38,129.86,0.0414,22.9,Boleto,Cancelado,ES,Sudeste,Eletrônicos,2025-04-14 23:48:08,2025-04-19 23:48:08,Standard,1,,,,0,0.1553806486633193,5.376204,129.86,2025,3,March,1,1,Tuesday
426,2025-02-28 01:31:57,55.23,35.8,0.0969,22.9,Debito,Confirmado,RN,Nordeste,Eletrônicos,2025-04-26 05:57:43,2025-04-27 05:57:43,Standard,2,58.0,1.0,1.0,1,0.41462973021908384,3.4690199999999995,17.9,2025,2,February,1,4,Friday
427,2025-03-23 08:33:55,4773.29,4879.71,0.0306,42.9,Debito,Em Analise,RO,Norte,Eletrônicos,2025-04-19 22:27:32,2025-04-19 22:27:32,Same-Day,3,27.0,0.0,0.0,0,0.00898751175813747,149.31912599999998,1626.57,2025,3,March,1,6,Sunday
428,2025-05-06 11:11:49,122.4,99.8,0.1041,32.99,Credito,Processando,AP,Norte,Eletrônicos,2025-04-30 16:53:56,2025-04-30 16:53:56,Scheduled,2,-6.0,0.0,0.0,0,0.26952614379084966,10.38918,49.9,2025,5,May,2,1,Tuesday
429,2025-03-02 11:51:26,372.53,349.8,0.0005,22.9,Debito,Processando,RJ,Sudeste,Eletrônicos,2025-05-03 23:14:46,2025-05-03 23:14:46,Standard,2,62.0,0.0,0.0,0,0.06147155933750302,0.1749,174.9,2025,3,March,1,6,Sunday
430,2025-02-18 14:33:43,481.42,499.64,0.0823,22.9,Boleto,Cancelado,AP,Norte,Eletrônicos,2025-04-30 20:24:34,2025-05-03 20:24:34,Standard,4,,,,0,0.04756761247974741,41.120371999999996,124.91,2025,2,February,1,1,Tuesday
431,2025-02-22 03:30:48,3610.38,3796.0,0.0602,42.9,Boleto,Confirmado,PR,Sul,Eletrônicos,2025-05-11 08:03:28,2025-05-15 08:03:28,Same-Day,4,82.0,4.0,1.0,1,0.011882405730144749,228.51919999999998,949.0,2025,2,February,1,5,Saturday
432,2025-02-27 04:21:17,3102.66,3216.0,0.0455,32.99,PIX,Cancelado,AC,Norte,Eletrônicos,2025-05-04 20:06:22,2025-05-04 20:06:22,Scheduled,3,,,,0,0.010632811845319824,146.328,1072.0,2025,2,February,1,3,Thursday
433,2025-04-04 12:41:02,3545.09,3796.0,0.0774,42.9,Debito,Processando,RN,Nordeste,Eletrônicos,2025-05-08 07:06:58,2025-05-08 07:06:58,Same-Day,4,33.0,0.0,0.0,0,0.012101244256140183,293.81039999999996,949.0,2025,4,April,2,4,Friday
434,2025-03-13 08:23:29,4907.59,5397.03,0.0968,32.99,PIX,Confirmado,RS,Sul,Eletrônicos,2025-05-13 10:51:35,2025-05-17 10:51:35,Scheduled,3,65.0,4.0,1.0,1,0.006722240447959182,522.432504,1799.01,2025,3,March,1,3,Thursday
435,2025-04-12 13:32:20,5110.57,5937.3,0.1448,32.99,Boleto,Confirmado,RJ,Sudeste,Eletrônicos,2025-05-01 12:43:15,2025-05-05 12:43:15,Scheduled,3,22.0,4.0,1.0,1,0.0064552486317573194,859.7210400000001,1979.1000000000001,2025,4,April,2,5,Saturday
436,2025-05-04 21:09:16,5370.47,6099.98,0.125,32.99,Boleto,Processando,AC,Norte,Eletrônicos,2025-04-20 22:33:05,2025-04-20 22:33:05,Scheduled,2,-14.0,0.0,0.0,0,0.006142851556753879,762.4975,3049.99,2025,5,May,2,6,Sunday
437,2025-03-28 01:54:51,1484.54,1626.57,0.1076,32.99,Credito,Cancelado,BA,Nordeste,Eletrônicos,2025-04-21 05:33:05,2025-04-24 05:33:05,Scheduled,1,,,,0,0.02222237191318523,175.018932,1626.57,2025,3,March,1,4,Friday
438,2025-02-27 08:35:45,70.98,51.8,0.0718,22.9,Debito,Processando,SP,Sudeste,Eletrônicos,2025-04-22 23:43:01,2025-04-26 23:43:01,Standard,1,58.0,4.0,1.0,0,0.32262609185686103,3.71924,51.8,2025,2,February,1,3,Thursday
439,2025-05-15 18:23:26,1895.72,1979.1,0.0588,32.99,PIX,Processando,SC,Sul,Eletrônicos,2025-05-12 19:54:13,2025-05-15 19:54:13,Scheduled,1,0.0,3.0,1.0,0,0.017402358998164287,116.37107999999999,1979.1,2025,5,May,2,3,Thursday
440,2025-04-09 17:04:09,3971.79,3958.2,0.0049,32.99,Boleto,Confirmado,RS,Sul,Eletrônicos,2025-04-22 00:31:04,2025-04-27 00:31:04,Scheduled,2,17.0,5.0,1.0,1,0.008306078619463768,19.39518,1979.1,2025,4,April,2,2,Wednesday
441,2025-04-17 05:27:30,184.53,149.7,0.0539,42.9,Credito,Em Analise,AM,Norte,Eletrônicos,2025-05-08 02:49:30,2025-05-09 02:49:30,Same-Day,3,21.0,1.0,1.0,0,0.23248252316696472,8.06883,49.9,2025,4,April,2,3,Thursday
442,2025-04-16 09:50:37,6941.63,7916.4,0.1273,32.99,Debito,Confirmado,AM,Norte,Eletrônicos,2025-05-14 21:17:26,2025-05-14 21:17:26,Scheduled,4,28.0,0.0,0.0,1,0.004752486087561568,1007.75772,1979.1,2025,4,April,2,2,Wednesday
443,2025-04-29 20:14:34,4381.71,4604.0,0.0576,42.9,PIX,Confirmado,SC,Sul,Eletrônicos,2025-05-09 05:00:08,2025-05-12 05:00:08,Same-Day,1,12.0,3.0,1.0,1,0.009790698152091307,265.1904,4604.0,2025,4,April,2,1,Tuesday
444,2025-05-12 09:44:58,694.09,699.6,0.0692,42.9,Debito,Em Analise,AP,Norte,Eletrônicos,2025-04-26 23:14:00,2025-05-01 23:14:00,Same-Day,4,-11.0,5.0,1.0,0,0.061807546571770226,48.41232,174.9,2025,5,May,2,0,Monday
445,2025-04-19 14:28:48,679.77,663.96,0.0408,42.9,Debito,Em Analise,AC,Norte,Eletrônicos,2025-04-16 23:01:55,2025-04-20 23:01:55,Same-Day,4,1.0,4.0,1.0,0,0.06310958118187034,27.089568000000003,165.99,2025,4,April,2,5,Saturday
446,2025-05-10 21:48:28,904.95,899.0,0.0411,42.9,Debito,Cancelado,MG,Sudeste,Eletrônicos,2025-05-14 03:37:55,2025-05-16 03:37:55,Same-Day,1,,,,0,0.04740593402950439,36.948899999999995,899.0,2025,5,May,2,5,Saturday
447,2025-05-13 09:48:01,2843.42,2847.0,0.0093,22.9,Boleto,Em Analise,RJ,Sudeste,Eletrônicos,2025-05-11 07:48:11,2025-05-15 07:48:11,Standard,3,1.0,4.0,1.0,0,0.008053681833847972,26.477099999999997,949.0,2025,5,May,2,1,Tuesday
448,2025-03-13 09:29:11,221.11,207.2,0.0921,32.99,Debito,Confirmado,AC,Norte,Eletrônicos,2025-05-06 11:58:10,2025-05-07 11:58:10,Scheduled,4,55.0,1.0,1.0,1,0.14920175478268735,19.08312,51.8,2025,3,March,1,3,Thursday
449,2025-04-07 09:55:55,255.93,249.82,0.0672,22.9,PIX,Em Analise,PR,Sul,Eletrônicos,2025-05-03 00:37:17,2025-05-08 00:37:17,Standard,2,30.0,5.0,1.0,0,0.08947759152893368,16.787903999999997,124.91,2025,4,April,2,0,Monday
450,2025-05-14 18:03:06,860.18,899.0,0.0909,42.9,Boleto,Cancelado,SC,Sul,Eletrônicos,2025-04-24 08:38:43,2025-04-26 08:38:43,Same-Day,1,,,,0,0.0498732823362552,81.7191,899.0,2025,5,May,2,2,Wednesday
451,2025-05-16 07:45:21,162.11,129.86,0.082,42.9,Boleto,Processando,ES,Sudeste,Eletrônicos,2025-04-28 16:06:02,2025-05-02 16:06:02,Same-Day,1,-14.0,4.0,1.0,0,0.2646351242983159,10.648520000000001,129.86,2025,5,May,2,4,Friday
452,2025-04-23 15:21:56,1605.5,1798.0,0.1198,22.9,Boleto,Em Analise,PA,Norte,Eletrônicos,2025-05-02 10:06:36,2025-05-05 10:06:36,Standard,2,11.0,3.0,1.0,0,0.014263469324198069,215.40040000000002,899.0,2025,4,April,2,2,Wednesday
453,2025-04-26 06:40:23,64.76,35.8,0.1127,32.99,PIX,Confirmado,PR,Sul,Eletrônicos,2025-04-18 21:06:51,2025-04-22 21:06:51,Scheduled,2,-4.0,4.0,1.0,1,0.5094193946880791,4.03466,17.9,2025,4,April,2,5,Saturday
454,2025-03-25 08:48:46,272.57,259.72,0.1157,42.9,PIX,Processando,SC,Sul,Eletrônicos,2025-04-18 22:36:37,2025-04-22 22:36:37,Same-Day,2,28.0,4.0,1.0,0,0.15739076200609017,30.049604000000002,129.86,2025,3,March,1,1,Tuesday
455,2025-04-12 20:15:25,89.14,71.6,0.0749,22.9,Credito,Processando,RS,Sul,Eletrônicos,2025-04-18 20:14:14,2025-04-23 20:14:14,Standard,4,10.0,5.0,1.0,0,0.25689925959165355,5.362839999999999,17.9,2025,4,April,2,5,Saturday
456,2025-02-17 09:27:01,5664.93,5937.3,0.0531,42.9,PIX,Cancelado,PR,Sul,Eletrônicos,2025-04-30 06:16:06,2025-05-03 06:16:06,Same-Day,3,,,,0,0.007572909109203467,315.27063000000004,1979.1000000000001,2025,2,February,1,0,Monday
457,2025-04-07 07:58:19,7961.78,9208.0,0.14,42.9,PIX,Em Analise,SE,Nordeste,Eletrônicos,2025-05-10 08:09:34,2025-05-15 08:09:34,Same-Day,2,38.0,5.0,1.0,0,0.005388242327720685,1289.1200000000001,4604.0,2025,4,April,2,0,Monday
458,2025-03-30 11:20:26,156.89,124.91,0.0081,32.99,Boleto,Em Analise,PA,Norte,Eletrônicos,2025-05-08 14:10:31,2025-05-13 14:10:31,Scheduled,1,44.0,5.0,1.0,0,0.21027471476830903,1.011771,124.91,2025,3,March,1,6,Sunday
459,2025-03-14 00:11:01,7778.01,7916.4,0.0229,42.9,Debito,Em Analise,RN,Nordeste,Eletrônicos,2025-04-16 15:40:08,2025-04-21 15:40:08,Same-Day,4,38.0,5.0,1.0,0,0.005515549607161729,181.28556,1979.1,2025,3,March,1,4,Friday
460,2025-04-11 18:06:13,5100.46,5397.03,0.0629,42.9,Debito,Processando,SC,Sul,Eletrônicos,2025-04-30 12:47:32,2025-05-01 12:47:32,Same-Day,3,19.0,1.0,1.0,0,0.008411006066119527,339.473187,1799.01,2025,4,April,2,4,Friday
461,2025-04-04 00:59:25,1590.91,1715.96,0.0921,32.99,PIX,Confirmado,RS,Sul,Eletrônicos,2025-04-29 03:51:18,2025-04-30 03:51:18,Scheduled,4,26.0,1.0,1.0,1,0.02073655957910881,158.039916,428.99,2025,4,April,2,4,Friday
462,2025-03-24 09:39:10,412.01,389.58,0.0012,22.9,Debito,Processando,PI,Nordeste,Eletrônicos,2025-04-14 19:14:59,2025-04-19 19:14:59,Standard,3,26.0,5.0,1.0,0,0.055581175214193826,0.46749599999999997,129.85999999999999,2025,3,March,1,0,Monday
463,2025-04-24 13:11:38,177.24,161.7,0.1079,32.99,Debito,Em Analise,RO,Norte,Eletrônicos,2025-04-21 06:44:21,2025-04-24 06:44:21,Scheduled,3,-1.0,3.0,1.0,0,0.1861317986910404,17.447429999999997,53.9,2025,4,April,2,3,Thursday
465,2025-03-23 21:38:07,66.19,35.8,0.0727,32.99,PIX,Em Analise,PB,Nordeste,Eletrônicos,2025-05-02 07:53:36,2025-05-04 07:53:36,Scheduled,2,41.0,2.0,1.0,0,0.49841365765221335,2.6026599999999998,17.9,2025,3,March,1,6,Sunday
466,2025-04-03 02:20:26,229.83,199.6,0.0635,42.9,Credito,Processando,PE,Nordeste,Eletrônicos,2025-05-12 18:39:19,2025-05-13 18:39:19,Same-Day,4,40.0,1.0,1.0,0,0.18665970499934734,12.6746,49.9,2025,4,April,2,3,Thursday
467,2025-03-01 08:05:12,92.6,53.9,0.0779,42.9,Debito,Em Analise,MA,Nordeste,Eletrônicos,2025-05-05 23:12:26,2025-05-09 23:12:26,Same-Day,1,69.0,4.0,1.0,0,0.4632829373650108,4.19881,53.9,2025,3,March,1,5,Saturday
468,2025-03-12 17:51:10,1788.28,1799.01,0.0243,32.99,Credito,Cancelado,SE,Nordeste,Eletrônicos,2025-04-21 19:35:50,2025-04-22 19:35:50,Scheduled,1,,,,0,0.018447894065806252,43.715942999999996,1799.01,2025,3,March,1,2,Wednesday
469,2025-03-09 18:12:13,3023.18,3049.99,0.0163,22.9,PIX,Confirmado,SC,Sul,Eletrônicos,2025-05-01 09:33:12,2025-05-02 09:33:12,Standard,1,53.0,1.0,1.0,1,0.007574805337426154,49.71483699999999,3049.99,2025,3,March,1,6,Sunday
470,2025-02-25 22:12:17,500.86,499.64,0.0434,22.9,Credito,Cancelado,RJ,Sudeste,Eletrônicos,2025-04-15 14:55:08,2025-04-17 14:55:08,Standard,4,,,,0,0.04572135926206924,21.684376,124.91,2025,2,February,1,1,Tuesday
471,2025-05-11 01:15:36,225.65,215.6,0.1064,32.99,Credito,Em Analise,PR,Sul,Eletrônicos,2025-04-23 12:39:54,2025-04-27 12:39:54,Scheduled,4,-14.0,4.0,1.0,0,0.1461998670507423,22.939839999999997,53.9,2025,5,May,2,6,Sunday
472,2025-04-14 15:29:08,8428.84,9208.0,0.0882,32.99,Debito,Confirmado,SC,Sul,Eletrônicos,2025-05-02 21:31:16,2025-05-07 21:31:16,Scheduled,2,23.0,5.0,1.0,1,0.00391394308113572,812.1456000000001,4604.0,2025,4,April,2,0,Monday
473,2025-02-24 03:34:02,5112.29,5484.26,0.072,22.9,Debito,Em Analise,ES,Sudeste,Eletrônicos,2025-04-26 03:06:32,2025-04-27 03:06:32,Standard,2,61.0,1.0,1.0,0,0.004479401598892082,394.86672,2742.13,2025,2,February,1,0,Monday
474,2025-03-22 15:59:02,2625.91,2847.0,0.0857,22.9,Debito,Cancelado,AM,Norte,Eletrônicos,2025-05-06 21:16:34,2025-05-06 21:16:34,Standard,3,,,,0,0.00872078631788599,243.9879,949.0,2025,3,March,1,5,Saturday
475,2025-03-02 05:35:11,3510.51,3796.0,0.0839,32.99,PIX,Cancelado,PR,Sul,Eletrônicos,2025-05-01 04:40:42,2025-05-06 04:40:42,Scheduled,4,,,,0,0.009397494950876084,318.4844,949.0,2025,3,March,1,6,Sunday
477,2025-04-12 15:19:04,129.13,107.8,0.0146,22.9,PIX,Processando,RO,Norte,Eletrônicos,2025-04-25 22:19:29,2025-04-25 22:19:29,Standard,2,13.0,0.0,0.0,0,0.17734066444668165,1.57388,53.9,2025,4,April,2,5,Saturday
478,2025-04-11 13:25:59,184.37,174.9,0.1345,32.99,PIX,Processando,RS,Sul,Eletrônicos,2025-04-29 03:58:57,2025-05-03 03:58:57,Scheduled,1,21.0,4.0,1.0,0,0.17893366599772198,23.524050000000003,174.9,2025,4,April,2,4,Friday
479,2025-03-15 10:33:31,1194.04,1286.97,0.09,22.9,Debito,Em Analise,PA,Norte,Eletrônicos,2025-04-27 02:43:55,2025-04-30 02:43:55,Standard,3,45.0,3.0,1.0,0,0.01917858698201065,115.8273,428.99,2025,3,March,1,5,Saturday
480,2025-05-14 13:28:53,235.93,215.6,0.1047,42.9,Credito,Em Analise,PI,Nordeste,Eletrônicos,2025-04-15 12:29:40,2025-04-20 12:29:40,Same-Day,4,-25.0,5.0,1.0,0,0.18183359471029542,22.57332,53.9,2025,5,May,2,2,Wednesday
481,2025-03-10 02:27:00,341.86,331.98,0.0696,32.99,Credito,Confirmado,SC,Sul,Eletrônicos,2025-04-18 06:10:38,2025-04-23 06:10:38,Scheduled,2,44.0,5.0,1.0,1,0.09650149183876441,23.105808,165.99,2025,3,March,1,0,Monday
482,2025-05-15 08:02:58,705.42,769.9,0.1135,22.9,Boleto,Em Analise,PA,Norte,Eletrônicos,2025-05-09 05:51:38,2025-05-09 05:51:38,Standard,1,-7.0,0.0,0.0,0,0.03246292988574183,87.38365,769.9,2025,5,May,2,3,Thursday
483,2025-04-29 08:44:48,279.84,259.72,0.0877,42.9,Credito,Confirmado,ES,Sudeste,Eletrônicos,2025-05-11 01:21:31,2025-05-16 01:21:31,Same-Day,2,16.0,5.0,1.0,1,0.15330188679245285,22.777444000000003,129.86,2025,4,April,2,1,Tuesday
484,2025-05-05 18:28:22,68.5,35.8,0.0081,32.99,Credito,Processando,BA,Nordeste,Eletrônicos,2025-04-24 10:56:39,2025-04-24 10:56:39,Scheduled,2,-12.0,0.0,0.0,0,0.48160583941605845,0.28997999999999996,17.9,2025,5,May,2,0,Monday
485,2025-05-03 12:56:15,7171.07,8226.39,0.1335,42.9,Debito,Em Analise,RS,Sul,Eletrônicos,2025-05-17 07:12:13,2025-05-17 07:12:13,Same-Day,3,13.0,0.0,0.0,0,0.0059823708316889945,1098.223065,2742.1299999999997,2025,5,May,2,5,Saturday
486,2025-04-19 13:44:38,5698.36,5937.3,0.0458,32.99,Boleto,Confirmado,PI,Nordeste,Eletrônicos,2025-04-22 12:29:40,2025-04-26 12:29:40,Scheduled,3,6.0,4.0,1.0,1,0.005789385016039704,271.92834,1979.1000000000001,2025,4,April,2,5,Saturday
487,2025-04-19 14:47:08,2684.07,2697.0,0.0207,42.9,Credito,Confirmado,SP,Sudeste,Eletrônicos,2025-05-11 17:33:19,2025-05-16 17:33:19,Same-Day,3,27.0,5.0,1.0,1,0.015983189708167072,55.8279,899.0,2025,4,April,2,5,Saturday
488,2025-03-01 22:37:41,2162.5,2158.0,0.0132,32.99,Credito,Confirmado,ES,Sudeste,Eletrônicos,2025-04-21 03:28:49,2025-04-22 03:28:49,Scheduled,2,51.0,1.0,1.0,1,0.01525549132947977,28.4856,1079.0,2025,3,March,1,5,Saturday
489,2025-03-09 21:27:26,1553.36,1715.96,0.1081,22.9,Boleto,Processando,AM,Norte,Eletrônicos,2025-05-03 04:34:41,2025-05-04 04:34:41,Standard,4,55.0,1.0,1.0,0,0.014742236184786527,185.49527600000002,428.99,2025,3,March,1,6,Sunday
490,2025-04-03 09:30:22,1237.75,1347.0,0.1056,32.99,Credito,Confirmado,RS,Sul,Eletrônicos,2025-05-02 19:21:12,2025-05-05 19:21:12,Scheduled,3,32.0,3.0,1.0,1,0.02665320137345991,142.2432,449.0,2025,4,April,2,3,Thursday
491,2025-03-30 18:28:14,6473.45,7196.04,0.105,32.99,Credito,Processando,PI,Nordeste,Eletrônicos,2025-04-17 11:15:21,2025-04-21 11:15:21,Scheduled,4,21.0,4.0,1.0,0,0.005096200634901019,755.5842,1799.01,2025,3,March,1,6,Sunday
492,2025-05-05 21:34:28,4763.71,5484.26,0.1374,32.99,Debito,Confirmado,PI,Nordeste,Eletrônicos,2025-05-06 12:02:28,2025-05-10 12:02:28,Scheduled,2,4.0,4.0,1.0,1,0.006925274628388378,753.537324,2742.13,2025,5,May,2,0,Monday
493,2025-02-17 23:21:03,412.1,389.58,0.0523,42.9,Boleto,Confirmado,PR,Sul,Eletrônicos,2025-04-22 03:19:26,2025-04-22 03:19:26,Same-Day,3,63.0,0.0,0.0,1,0.10410094637223974,20.375034,129.85999999999999,2025,2,February,1,0,Monday
494,2025-03-05 17:36:15,92.08,53.7,0.0842,42.9,PIX,Cancelado,AM,Norte,Eletrônicos,2025-04-30 11:08:56,2025-05-03 11:08:56,Same-Day,3,,,,0,0.4658992180712424,4.52154,17.900000000000002,2025,3,March,1,2,Wednesday
495,2025-04-22 11:38:16,2809.55,3049.99,0.0929,42.9,Debito,Confirmado,SC,Sul,Eletrônicos,2025-04-17 20:34:46,2025-04-18 20:34:46,Same-Day,1,-4.0,1.0,1.0,1,0.015269349184033028,283.344071,3049.99,2025,4,April,2,1,Tuesday
497,2025-04-14 11:36:16,4129.79,4288.0,0.0469,42.9,Credito,Em Analise,ES,Sudeste,Eletrônicos,2025-05-09 11:50:49,2025-05-11 11:50:49,Same-Day,4,27.0,2.0,1.0,0,0.010387937401175362,201.10719999999998,1072.0,2025,4,April,2,0,Monday
498,2025-02-20 10:23:20,1416.22,1626.57,0.1434,22.9,Boleto,Processando,MG,Sudeste,Eletrônicos,2025-04-24 00:15:30,2025-04-29 00:15:30,Standard,1,67.0,5.0,1.0,0,0.016169804126477522,233.250138,1626.57,2025,2,February,1,3,Thursday
499,2025-05-03 11:05:27,2723.88,2742.13,0.0223,42.9,Credito,Cancelado,SP,Sudeste,Eletrônicos,2025-04-24 23:34:18,2025-04-29 23:34:18,Same-Day,1,,,,0,0.015749592493061366,61.149499000000006,2742.13,2025,5,May,2,5,Saturday
500,2025-05-08 09:31:48,1182.38,1286.97,0.1146,42.9,Debito,Confirmado,MA,Nordeste,Eletrônicos,2025-05-01 03:09:09,2025-05-06 03:09:09,Same-Day,3,-3.0,5.0,1.0,1,0.03628275173801992,147.486762,428.99,2025,5,May,2,3,Thursday
501,2025-05-04 02:35:28,259.1,249.82,0.0949,32.99,Credito,Confirmado,AM,Norte,Eletrônicos,2025-04-25 13:36:34,2025-04-29 13:36:34,Scheduled,2,-5.0,4.0,1.0,1,0.12732535700501738,23.707918,124.91,2025,5,May,2,6,Sunday
502,2025-03-22 20:27:40,2439.21,2742.13,0.1225,32.99,Debito,Em Analise,RR,Norte,Eletrônicos,2025-04-13 03:18:53,2025-04-18 03:18:53,Scheduled,1,26.0,5.0,1.0,0,0.013524870757335368,335.910925,2742.13,2025,3,March,1,5,Saturday
503,2025-05-03 06:27:39,3822.58,3796.0,0.0043,42.9,Credito,Confirmado,RN,Nordeste,Eletrônicos,2025-05-13 09:00:53,2025-05-13 09:00:53,Same-Day,4,10.0,0.0,0.0,1,0.011222786704267799,16.3228,949.0,2025,5,May,2,5,Saturday
504,2025-05-06 15:23:09,525.13,497.97,0.0117,32.99,Credito,Cancelado,MA,Nordeste,Eletrônicos,2025-04-18 14:04:59,2025-04-21 14:04:59,Scheduled,3,,,,0,0.0628225391807743,5.826249000000001,165.99,2025,5,May,2,1,Tuesday
505,2025-03-15 03:34:04,156.59,124.91,0.0105,32.99,Debito,Em Analise,SE,Nordeste,Eletrônicos,2025-04-23 16:34:38,2025-04-25 16:34:38,Scheduled,1,41.0,2.0,1.0,0,0.21067756561721696,1.311555,124.91,2025,3,March,1,5,Saturday
506,2025-04-24 01:46:06,627.83,663.96,0.0889,22.9,PIX,Processando,RS,Sul,Eletrônicos,2025-04-30 23:40:25,2025-05-01 23:40:25,Standard,4,7.0,1.0,1.0,0,0.03647484191580523,59.026044000000006,165.99,2025,4,April,2,3,Thursday
507,2025-03-03 11:43:49,39.18,17.9,0.0904,22.9,Boleto,Processando,SC,Sul,Eletrônicos,2025-04-22 21:02:55,2025-04-23 21:02:55,Standard,1,51.0,1.0,1.0,0,0.5844818785094436,1.6181599999999998,17.9,2025,3,March,1,0,Monday
508,2025-03-20 00:32:20,819.73,899.0,0.1359,42.9,Boleto,Confirmado,PR,Sul,Eletrônicos,2025-04-17 06:20:50,2025-04-19 06:20:50,Same-Day,1,30.0,2.0,1.0,1,0.052334305198053016,122.1741,899.0,2025,3,March,1,3,Thursday
509,2025-04-09 10:12:57,1019.75,1072.0,0.0701,22.9,Debito,Cancelado,PE,Nordeste,Eletrônicos,2025-05-11 04:02:02,2025-05-13 04:02:02,Standard,1,,,,0,0.022456484432458935,75.1472,1072.0,2025,4,April,2,2,Wednesday
510,2025-04-30 02:23:30,1642.97,1626.57,0.0102,32.99,PIX,Confirmado,PI,Nordeste,Eletrônicos,2025-04-26 02:59:24,2025-04-29 02:59:24,Scheduled,1,-1.0,3.0,1.0,1,0.020079490191543363,16.591014,1626.57,2025,4,April,2,2,Wednesday
511,2025-04-09 01:39:31,541.21,524.7,0.0314,32.99,PIX,Confirmado,RS,Sul,Eletrônicos,2025-04-21 15:13:08,2025-04-26 15:13:08,Scheduled,3,17.0,5.0,1.0,1,0.06095600598658561,16.47558,174.9,2025,4,April,2,2,Wednesday
512,2025-04-21 10:04:22,397.18,374.73,0.0012,22.9,PIX,Processando,SC,Sul,Eletrônicos,2025-04-16 19:40:36,2025-04-17 19:40:36,Standard,3,-4.0,1.0,1.0,0,0.05765647817110629,0.44967599999999996,124.91000000000001,2025,4,April,2,0,Monday
513,2025-03-10 08:23:57,996.2,1079.0,0.1165,42.9,Boleto,Cancelado,PR,Sul,Eletrônicos,2025-05-12 01:47:28,2025-05-12 01:47:28,Same-Day,1,,,,0,0.04306364183898815,125.7035,1079.0,2025,3,March,1,0,Monday
514,2025-05-17 10:46:34,123.92,103.6,0.1223,32.99,Debito,Confirmado,PE,Nordeste,Eletrônicos,2025-04-27 07:08:00,2025-05-01 07:08:00,Scheduled,2,-17.0,4.0,1.0,1,0.2662201420271143,12.67028,51.8,2025,5,May,2,5,Saturday
515,2025-04-26 09:30:34,2453.79,2847.0,0.1497,32.99,PIX,Processando,RS,Sul,Eletrônicos,2025-04-27 22:10:15,2025-05-02 22:10:15,Scheduled,3,6.0,5.0,1.0,0,0.013444508291255569,426.1959,949.0,2025,4,April,2,5,Saturday
516,2025-05-05 02:45:24,6774.22,7196.04,0.0618,22.9,Debito,Confirmado,RR,Norte,Eletrônicos,2025-04-29 19:00:43,2025-05-04 19:00:43,Standard,4,-1.0,5.0,1.0,1,0.003380462990573084,444.715272,1799.01,2025,5,May,2,0,Monday
517,2025-03-20 08:40:05,167.45,124.91,0.0029,42.9,Credito,Cancelado,AM,Norte,Eletrônicos,2025-04-20 23:07:02,2025-04-23 23:07:02,Same-Day,1,,,,0,0.25619587936697524,0.362239,124.91,2025,3,March,1,3,Thursday
518,2025-03-12 00:43:17,215.47,199.6,0.0352,22.9,Credito,Em Analise,PE,Nordeste,Eletrônicos,2025-04-20 23:26:26,2025-04-23 23:26:26,Standard,4,42.0,3.0,1.0,0,0.10627929642177565,7.02592,49.9,2025,3,March,1,2,Wednesday
519,2025-05-15 07:10:44,5975.33,6506.28,0.0882,42.9,Boleto,Cancelado,RN,Nordeste,Eletrônicos,2025-04-18 14:00:44,2025-04-20 14:00:44,Same-Day,4,,,,0,0.007179519792212313,573.853896,1626.57,2025,5,May,2,3,Thursday
520,2025-04-30 23:34:43,87.23,51.8,0.1443,42.9,Boleto,Cancelado,SE,Nordeste,Eletrônicos,2025-04-30 10:44:38,2025-04-30 10:44:38,Same-Day,1,,,,0,0.4918032786885245,7.474740000000001,51.8,2025,4,April,2,2,Wednesday
522,2025-04-13 13:44:51,148.74,107.8,0.0182,42.9,Debito,Confirmado,SC,Sul,Eletrônicos,2025-04-23 11:23:58,2025-04-28 11:23:58,Same-Day,2,14.0,5.0,1.0,1,0.28842275110931825,1.9619600000000001,53.9,2025,4,April,2,6,Sunday
523,2025-03-05 12:20:34,177.66,161.7,0.1053,32.99,Debito,Cancelado,RN,Nordeste,Eletrônicos,2025-05-07 06:38:34,2025-05-10 06:38:34,Scheduled,3,,,,0,0.1856917707981538,17.02701,53.9,2025,3,March,1,2,Wednesday
524,2025-04-21 20:47:57,6518.62,7196.04,0.1001,42.9,Boleto,Confirmado,MG,Sudeste,Eletrônicos,2025-04-25 11:44:14,2025-04-26 11:44:14,Same-Day,4,4.0,1.0,1.0,1,0.00658114754349847,720.3236039999999,1799.01,2025,4,April,2,0,Monday
525,2025-02-28 21:23:30,172.46,155.4,0.0376,22.9,PIX,Processando,ES,Sudeste,Eletrônicos,2025-05-06 07:51:01,2025-05-11 07:51:01,Standard,3,71.0,5.0,1.0,0,0.13278441377710773,5.84304,51.800000000000004,2025,2,February,1,4,Friday
526,2025-05-14 05:05:40,8117.61,9208.0,0.122,32.99,PIX,Cancelado,MA,Nordeste,Eletrônicos,2025-04-22 14:34:04,2025-04-23 14:34:04,Scheduled,2,,,,0,0.0040640040603083915,1123.376,4604.0,2025,5,May,2,2,Wednesday
527,2025-02-22 06:40:32,85.65,53.7,0.0193,32.99,Boleto,Confirmado,SP,Sudeste,Eletrônicos,2025-05-11 09:48:49,2025-05-13 09:48:49,Scheduled,3,80.0,2.0,1.0,1,0.38517221249270284,1.03641,17.900000000000002,2025,2,February,1,5,Saturday
528,2025-02-16 17:59:59,3131.25,3598.02,0.1389,32.99,Boleto,Em Analise,RS,Sul,Eletrônicos,2025-04-26 09:04:39,2025-04-29 09:04:39,Scheduled,2,71.0,3.0,1.0,0,0.010535728542914173,499.764978,1799.01,2025,2,February,1,6,Sunday
529,2025-05-07 02:49:34,148.84,129.86,0.0302,22.9,Credito,Processando,AC,Norte,Eletrônicos,2025-05-10 01:57:55,2025-05-10 01:57:55,Standard,1,2.0,0.0,0.0,0,0.1538564901908089,3.9217720000000007,129.86,2025,5,May,2,2,Wednesday
531,2025-03-11 00:20:09,83.96,53.7,0.0509,32.99,Credito,Processando,PR,Sul,Eletrônicos,2025-05-03 06:04:40,2025-05-08 06:04:40,Scheduled,3,58.0,5.0,1.0,0,0.39292520247737023,2.73333,17.900000000000002,2025,3,March,1,1,Tuesday
532,2025-04-11 09:39:54,127.66,107.8,0.0282,22.9,Debito,Em Analise,PE,Nordeste,Eletrônicos,2025-05-13 19:27:08,2025-05-16 19:27:08,Standard,2,35.0,3.0,1.0,0,0.17938273539088204,3.0399599999999998,53.9,2025,4,April,2,4,Friday
533,2025-05-13 00:16:20,751.98,769.9,0.079,42.9,PIX,Confirmado,AP,Norte,Eletrônicos,2025-04-26 22:00:17,2025-04-28 22:00:17,Same-Day,1,-15.0,2.0,1.0,1,0.05704938961142583,60.8221,769.9,2025,5,May,2,1,Tuesday
534,2025-04-04 02:16:40,1562.12,1715.96,0.103,22.9,Credito,Confirmado,PR,Sul,Eletrônicos,2025-04-20 17:49:21,2025-04-22 17:49:21,Standard,4,18.0,2.0,1.0,1,0.014659565206258163,176.74388,428.99,2025,4,April,2,4,Friday
535,2025-05-14 21:18:04,1632.57,1715.96,0.0736,42.9,Boleto,Cancelado,SC,Sul,Eletrônicos,2025-05-15 13:18:25,2025-05-15 13:18:25,Same-Day,4,,,,0,0.026277586872232125,126.294656,428.99,2025,5,May,2,2,Wednesday
536,2025-04-07 17:29:54,200.47,174.9,0.0991,42.9,Credito,Cancelado,RR,Norte,Eletrônicos,2025-05-10 10:01:40,2025-05-14 10:01:40,Same-Day,1,,,,0,0.21399710679902229,17.33259,174.9,2025,4,April,2,0,Monday
537,2025-03-22 00:36:23,438.51,428.99,0.0547,32.99,PIX,Processando,MA,Nordeste,Eletrônicos,2025-04-13 17:21:14,2025-04-18 17:21:14,Scheduled,1,27.0,5.0,1.0,0,0.07523203575745138,23.465753,428.99,2025,3,March,1,5,Saturday
538,2025-03-31 07:31:43,545.4,524.7,0.0042,22.9,Credito,Processando,PR,Sul,Eletrônicos,2025-05-09 06:45:44,2025-05-10 06:45:44,Standard,3,39.0,1.0,1.0,0,0.04198753208654199,2.2037400000000003,174.9,2025,3,March,1,0,Monday
539,2025-02-18 06:59:10,3708.33,4316.0,0.1461,22.9,Debito,Confirmado,MG,Sudeste,Eletrônicos,2025-05-12 01:18:03,2025-05-14 01:18:03,Standard,4,84.0,2.0,1.0,1,0.006175286449695685,630.5676000000001,1079.0,2025,2,February,1,1,Tuesday
540,2025-02-25 16:38:31,503.11,524.7,0.1229,42.9,PIX,Processando,CE,Nordeste,Eletrônicos,2025-04-26 08:53:08,2025-04-29 08:53:08,Same-Day,3,62.0,3.0,1.0,0,0.08526962294528036,64.48563,174.9,2025,2,February,1,1,Tuesday
541,2025-03-17 00:43:02,170.95,149.7,0.011,22.9,Credito,Processando,ES,Sudeste,Eletrônicos,2025-05-03 23:12:06,2025-05-06 23:12:06,Standard,3,50.0,3.0,1.0,0,0.1339572974553963,1.6466999999999998,49.9,2025,3,March,1,0,Monday
542,2025-04-14 08:33:43,135.97,99.8,0.0674,42.9,Boleto,Em Analise,PA,Norte,Eletrônicos,2025-05-01 14:10:28,2025-05-02 14:10:28,Same-Day,2,18.0,1.0,1.0,0,0.31551077443553727,6.72652,49.9,2025,4,April,2,0,Monday
543,2025-03-28 12:58:35,160.38,129.86,0.0953,42.9,Credito,Processando,RR,Norte,Eletrônicos,2025-04-29 06:39:39,2025-05-04 06:39:39,Same-Day,1,36.0,5.0,1.0,0,0.2674897119341564,12.375658000000001,129.86,2025,3,March,1,4,Friday
544,2025-03-09 13:49:34,2798.57,2847.0,0.0286,32.99,Debito,Em Analise,RJ,Sudeste,Eletrônicos,2025-04-21 20:28:23,2025-04-22 20:28:23,Scheduled,3,44.0,1.0,1.0,0,0.011788163240512118,81.4242,949.0,2025,3,March,1,6,Sunday
545,2025-05-09 21:33:52,1665.01,1798.0,0.0867,22.9,Boleto,Processando,ES,Sudeste,Eletrônicos,2025-05-13 18:34:19,2025-05-13 18:34:19,Standard,2,3.0,0.0,0.0,0,0.013753671149122227,155.8866,899.0,2025,5,May,2,4,Friday
546,2025-02-23 03:11:13,4268.67,4604.0,0.08,32.99,Debito,Em Analise,CE,Nordeste,Eletrônicos,2025-05-10 08:59:15,2025-05-11 08:59:15,Scheduled,1,77.0,1.0,1.0,0,0.007728402523502637,368.32,4604.0,2025,2,February,1,6,Sunday
547,2025-02-21 03:31:40,2781.07,2847.0,0.0312,22.9,Boleto,Cancelado,MG,Sudeste,Eletrônicos,2025-04-21 07:14:06,2025-04-23 07:14:06,Standard,3,,,,0,0.008234240777830115,88.82639999999999,949.0,2025,2,February,1,4,Friday
549,2025-04-18 15:40:54,86.35,71.6,0.1138,22.9,Boleto,Cancelado,SC,Sul,Eletrônicos,2025-04-18 02:45:19,2025-04-20 02:45:19,Standard,4,,,,0,0.2651997683844818,8.148079999999998,17.9,2025,4,April,2,4,Friday
550,2025-03-24 21:03:24,94.19,53.9,0.0484,42.9,Credito,Em Analise,MA,Nordeste,Eletrônicos,2025-05-12 03:27:04,2025-05-13 03:27:04,Same-Day,1,49.0,1.0,1.0,0,0.45546236330820683,2.6087599999999997,53.9,2025,3,March,1,0,Monday
551,2025-04-18 00:06:28,522.64,497.97,0.0366,42.9,Boleto,Processando,PR,Sul,Eletrônicos,2025-04-27 23:44:09,2025-04-30 23:44:09,Same-Day,3,12.0,3.0,1.0,0,0.08208326955456911,18.225702000000002,165.99,2025,4,April,2,4,Friday
552,2025-05-01 17:13:05,645.05,699.6,0.1107,22.9,Debito,Processando,BA,Nordeste,Eletrônicos,2025-04-30 22:49:07,2025-04-30 22:49:07,Standard,4,-1.0,0.0,0.0,0,0.03550112394388032,77.44572000000001,174.9,2025,5,May,2,3,Thursday
553,2025-05-09 13:52:31,369.47,389.58,0.1104,22.9,Boleto,Confirmado,AM,Norte,Eletrônicos,2025-04-21 20:32:42,2025-04-23 20:32:42,Standard,3,-16.0,2.0,1.0,1,0.061980675020975984,43.009631999999996,129.85999999999999,2025,5,May,2,4,Friday
554,2025-03-10 19:56:05,444.18,428.99,0.0415,32.99,Debito,Cancelado,SC,Sul,Eletrônicos,2025-05-09 11:54:26,2025-05-11 11:54:26,Scheduled,1,,,,0,0.07427169165653565,17.803085000000003,428.99,2025,3,March,1,0,Monday
555,2025-02-26 20:45:27,69.74,53.9,0.1309,22.9,Boleto,Em Analise,ES,Sudeste,Eletrônicos,2025-05-10 14:40:27,2025-05-12 14:40:27,Standard,1,74.0,2.0,1.0,0,0.32836248924577,7.055509999999999,53.9,2025,2,February,1,2,Wednesday
556,2025-04-02 15:39:52,5867.82,6506.28,0.1032,32.99,Debito,Cancelado,RJ,Sudeste,Eletrônicos,2025-05-02 12:13:39,2025-05-05 12:13:39,Scheduled,4,,,,0,0.005622190183066284,671.448096,1626.57,2025,4,April,2,2,Wednesday
557,2025-03-11 02:43:19,8753.0,9208.0,0.0519,22.9,PIX,Processando,RJ,Sudeste,Eletrônicos,2025-04-25 08:03:30,2025-04-29 08:03:30,Standard,2,49.0,4.0,1.0,0,0.0026162458585627783,477.8952,4604.0,2025,3,March,1,1,Tuesday
558,2025-04-07 07:54:59,353.6,331.98,0.0641,42.9,Credito,Processando,SP,Sudeste,Eletrônicos,2025-04-28 09:37:01,2025-04-29 09:37:01,Same-Day,2,22.0,1.0,1.0,0,0.12132352941176469,21.279918000000002,165.99,2025,4,April,2,0,Monday
559,2025-04-06 09:16:16,178.74,174.9,0.109,22.9,Debito,Confirmado,RS,Sul,Eletrônicos,2025-04-14 11:38:24,2025-04-18 11:38:24,Standard,1,12.0,4.0,1.0,1,0.12811905561150272,19.0641,174.9,2025,4,April,2,6,Sunday
560,2025-02-25 13:22:57,189.56,161.7,0.0317,32.99,Debito,Em Analise,SE,Nordeste,Eletrônicos,2025-05-01 05:00:46,2025-05-04 05:00:46,Scheduled,3,67.0,3.0,1.0,0,0.17403460645705845,5.125889999999999,53.9,2025,2,February,1,1,Tuesday
561,2025-03-30 04:43:35,2029.19,2158.0,0.0703,22.9,Boleto,Em Analise,RJ,Sudeste,Eletrônicos,2025-05-10 02:38:11,2025-05-12 02:38:11,Standard,2,42.0,2.0,1.0,0,0.011285291175296546,151.7074,1079.0,2025,3,March,1,6,Sunday
562,2025-02-26 16:32:00,9916.51,10968.52,0.098,22.9,Credito,Processando,PR,Sul,Eletrônicos,2025-05-13 07:16:12,2025-05-15 07:16:12,Standard,4,77.0,2.0,1.0,0,0.0023092801802246958,1074.91496,2742.13,2025,2,February,1,2,Wednesday
563,2025-04-17 01:08:25,492.21,499.64,0.0809,32.99,Boleto,Processando,PE,Nordeste,Eletrônicos,2025-05-07 16:31:05,2025-05-07 16:31:05,Scheduled,4,20.0,0.0,0.0,0,0.06702423762215315,40.420876,124.91,2025,4,April,2,3,Thursday
564,2025-05-14 00:30:25,334.69,331.98,0.0912,32.99,PIX,Processando,AC,Norte,Eletrônicos,2025-04-27 19:31:22,2025-04-29 19:31:22,Scheduled,2,-15.0,2.0,1.0,0,0.09856882488272731,30.276576000000002,165.99,2025,5,May,2,2,Wednesday
565,2025-04-08 06:02:19,642.57,663.96,0.0819,32.99,Debito,Cancelado,RJ,Sudeste,Eletrônicos,2025-05-01 10:03:46,2025-05-03 10:03:46,Scheduled,4,,,,0,0.05134070996156061,54.378324000000006,165.99,2025,4,April,2,1,Tuesday
566,2025-04-30 04:07:56,60.26,17.9,0.0299,42.9,PIX,Confirmado,PR,Sul,Eletrônicos,2025-05-02 07:11:20,2025-05-04 07:11:20,Same-Day,1,4.0,2.0,1.0,1,0.7119150348489878,0.53521,17.9,2025,4,April,2,2,Wednesday
567,2025-03-13 15:40:06,2045.13,2144.0,0.0615,32.99,Boleto,Processando,SP,Sudeste,Eletrônicos,2025-05-12 13:52:25,2025-05-13 13:52:25,Scheduled,2,60.0,1.0,1.0,0,0.01613100389706278,131.856,1072.0,2025,3,March,1,3,Thursday
568,2025-03-24 19:18:25,2015.81,2144.0,0.0798,42.9,Boleto,Processando,SP,Sudeste,Eletrônicos,2025-04-22 07:31:15,2025-04-25 07:31:15,Same-Day,2,31.0,3.0,1.0,0,0.02128176762690928,171.0912,1072.0,2025,3,March,1,0,Monday
569,2025-03-09 04:12:41,836.72,899.0,0.117,42.9,Debito,Confirmado,AC,Norte,Eletrônicos,2025-05-08 19:03:46,2025-05-13 19:03:46,Same-Day,1,65.0,5.0,1.0,1,0.05127163208719763,105.183,899.0,2025,3,March,1,6,Sunday
570,2025-03-16 08:24:39,7442.28,8226.39,0.0981,22.9,Boleto,Cancelado,MG,Sudeste,Eletrônicos,2025-05-01 12:41:04,2025-05-02 12:41:04,Standard,3,,,,0,0.0030770140333338707,807.008859,2742.1299999999997,2025,3,March,1,6,Sunday
571,2025-02-27 23:33:07,509.1,519.44,0.064,22.9,PIX,Confirmado,SE,Nordeste,Eletrônicos,2025-05-01 01:00:27,2025-05-02 01:00:27,Standard,4,63.0,1.0,1.0,1,0.04498133961893537,33.24416,129.86,2025,2,February,1,3,Thursday
572,2025-04-10 22:53:37,790.47,899.0,0.1462,22.9,Boleto,Processando,CE,Nordeste,Eletrônicos,2025-04-30 02:57:06,2025-05-03 02:57:06,Standard,1,22.0,3.0,1.0,0,0.028970106392399456,131.4338,899.0,2025,4,April,2,3,Thursday
573,2025-03-31 15:31:25,145.79,124.91,0.0162,22.9,Credito,Cancelado,RJ,Sudeste,Eletrônicos,2025-04-27 02:39:50,2025-05-02 02:39:50,Standard,1,,,,0,0.15707524521572125,2.023542,124.91,2025,3,March,1,0,Monday
574,2025-04-21 12:38:54,517.14,499.64,0.031,32.99,PIX,Cancelado,RO,Norte,Eletrônicos,2025-05-16 03:33:41,2025-05-16 03:33:41,Scheduled,4,,,,0,0.06379317012801176,15.48884,124.91,2025,4,April,2,0,Monday
575,2025-02-17 17:05:50,56.87,35.8,0.0512,22.9,PIX,Confirmado,RS,Sul,Eletrônicos,2025-04-26 10:47:35,2025-04-29 10:47:35,Standard,2,70.0,3.0,1.0,1,0.40267276244065414,1.83296,17.9,2025,2,February,1,0,Monday
576,2025-03-30 10:41:49,6326.01,6506.28,0.0343,42.9,PIX,Cancelado,PR,Sul,Eletrônicos,2025-04-18 09:49:17,2025-04-22 09:49:17,Same-Day,4,,,,0,0.006781525795880815,223.16540399999997,1626.57,2025,3,March,1,6,Sunday
577,2025-03-30 04:35:37,892.97,949.0,0.0938,32.99,PIX,Processando,PI,Nordeste,Eletrônicos,2025-05-09 05:18:40,2025-05-12 05:18:40,Scheduled,1,43.0,3.0,1.0,0,0.03694413026193489,89.0162,949.0,2025,3,March,1,6,Sunday
578,2025-04-22 14:10:59,1659.87,1626.57,0.0059,42.9,Debito,Processando,RJ,Sudeste,Eletrônicos,2025-05-05 19:08:45,2025-05-06 19:08:45,Same-Day,1,14.0,1.0,1.0,0,0.025845397531131957,9.596763,1626.57,2025,4,April,2,1,Tuesday
579,2025-05-03 17:55:49,130.14,99.8,0.0266,32.99,Boleto,Cancelado,AC,Norte,Eletrônicos,2025-04-30 20:14:04,2025-04-30 20:14:04,Scheduled,2,,,,0,0.2534962348240357,2.65468,49.9,2025,5,May,2,5,Saturday
580,2025-03-19 14:55:38,187.58,161.7,0.044,32.99,PIX,Cancelado,SC,Sul,Eletrônicos,2025-04-19 07:50:56,2025-04-20 07:50:56,Scheduled,3,,,,0,0.1758716281053417,7.114799999999999,53.9,2025,3,March,1,2,Wednesday
581,2025-05-02 22:28:11,1005.02,1072.0,0.1025,42.9,Boleto,Cancelado,AM,Norte,Eletrônicos,2025-04-25 03:28:17,2025-04-29 03:28:17,Same-Day,1,,,,0,0.04268571769716026,109.88,1072.0,2025,5,May,2,4,Friday
583,2025-04-14 04:32:58,3817.2,4288.0,0.1198,42.9,Boleto,Confirmado,SP,Sudeste,Eletrônicos,2025-05-08 13:31:52,2025-05-08 13:31:52,Same-Day,4,24.0,0.0,0.0,1,0.011238604212511789,513.7024,1072.0,2025,4,April,2,0,Monday
584,2025-05-08 09:33:54,1284.83,1286.97,0.0273,32.99,PIX,Cancelado,AP,Norte,Eletrônicos,2025-05-12 07:33:16,2025-05-12 07:33:16,Scheduled,3,,,,0,0.025676548648459332,35.134281,428.99,2025,5,May,2,3,Thursday
585,2025-04-11 03:30:46,336.82,331.98,0.0848,32.99,Debito,Cancelado,PR,Sul,Eletrônicos,2025-04-19 00:38:49,2025-04-24 00:38:49,Scheduled,2,,,,0,0.0979454901727926,28.151904000000002,165.99,2025,4,April,2,4,Friday
586,2025-03-21 07:01:16,1652.24,1626.57,0.0045,32.99,Debito,Confirmado,TO,Norte,Eletrônicos,2025-04-27 17:53:47,2025-04-27 17:53:47,Scheduled,1,37.0,0.0,0.0,1,0.019966832905631143,7.319564999999999,1626.57,2025,3,March,1,4,Friday
587,2025-03-29 19:43:47,7885.94,8226.39,0.0466,42.9,PIX,Processando,ES,Sudeste,Eletrônicos,2025-04-20 17:32:38,2025-04-25 17:32:38,Same-Day,3,26.0,5.0,1.0,0,0.00544006167939396,383.34977399999997,2742.1299999999997,2025,3,March,1,5,Saturday
588,2025-04-02 02:51:37,186.74,174.9,0.1209,32.99,Boleto,Cancelado,RJ,Sudeste,Eletrônicos,2025-05-10 16:07:02,2025-05-12 16:07:02,Scheduled,1,,,,0,0.17666273963799936,21.14541,174.9,2025,4,April,2,2,Wednesday
589,2025-02-24 15:05:24,1548.14,1626.57,0.0685,32.99,PIX,Processando,PI,Nordeste,Eletrônicos,2025-05-07 09:23:28,2025-05-08 09:23:28,Scheduled,1,72.0,1.0,1.0,0,0.021309442298500136,111.420045,1626.57,2025,2,February,1,0,Monday
590,2025-04-14 15:18:13,1700.25,1715.96,0.0225,22.9,PIX,Confirmado,CE,Nordeste,Eletrônicos,2025-05-05 21:27:26,2025-05-08 21:27:26,Standard,4,24.0,3.0,1.0,1,0.013468607557712101,38.6091,428.99,2025,4,April,2,0,Monday
591,2025-04-09 15:15:16,129.77,103.6,0.0658,32.99,Debito,Processando,PB,Nordeste,Eletrônicos,2025-04-20 00:05:27,2025-04-25 00:05:27,Scheduled,2,15.0,5.0,1.0,0,0.25421900285119825,6.816879999999999,51.8,2025,4,April,2,2,Wednesday
592,2025-02-20 08:07:42,212.61,174.9,0.0297,42.9,Boleto,Cancelado,AM,Norte,Eletrônicos,2025-05-12 07:29:26,2025-05-17 07:29:26,Same-Day,1,,,,0,0.2017779032030478,5.19453,174.9,2025,2,February,1,3,Thursday
593,2025-03-03 18:58:01,2063.67,2158.0,0.059,32.99,PIX,Cancelado,SP,Sudeste,Eletrônicos,2025-05-11 12:04:23,2025-05-11 12:04:23,Scheduled,2,,,,0,0.015986083046223475,127.32199999999999,1079.0,2025,3,March,1,0,Monday
594,2025-04-04 10:59:35,3013.58,3216.0,0.0732,32.99,Debito,Em Analise,CE,Nordeste,Eletrônicos,2025-05-07 02:13:43,2025-05-12 02:13:43,Scheduled,3,37.0,5.0,1.0,0,0.010947112736346805,235.4112,1072.0,2025,4,April,2,4,Friday
595,2025-04-22 23:33:47,5137.13,5397.03,0.0524,22.9,PIX,Cancelado,SP,Sudeste,Eletrônicos,2025-05-06 12:31:55,2025-05-06 12:31:55,Standard,3,,,,0,0.00445774196876466,282.804372,1799.01,2025,4,April,2,1,Tuesday
596,2025-05-07 14:40:12,211.08,207.2,0.1405,32.99,Boleto,Confirmado,RS,Sul,Eletrônicos,2025-05-14 19:43:47,2025-05-14 19:43:47,Scheduled,4,7.0,0.0,0.0,1,0.15629145347735457,29.111600000000003,51.8,2025,5,May,2,2,Wednesday
597,2025-05-17 09:43:51,500.37,499.64,0.0844,42.9,PIX,Confirmado,AP,Norte,Eletrônicos,2025-04-18 06:18:30,2025-04-22 06:18:30,Same-Day,4,-26.0,4.0,1.0,1,0.08573655494933749,42.169616,124.91,2025,5,May,2,5,Saturday
598,2025-04-21 12:46:27,695.48,769.9,0.1264,22.9,Debito,Cancelado,PA,Norte,Eletrônicos,2025-05-11 09:27:05,2025-05-14 09:27:05,Standard,1,,,,0,0.03292689940760338,97.31536000000001,769.9,2025,4,April,2,0,Monday
599,2025-04-20 12:45:43,67.11,49.9,0.1141,22.9,Debito,Confirmado,MG,Sudeste,Eletrônicos,2025-05-13 12:56:43,2025-05-14 12:56:43,Standard,1,24.0,1.0,1.0,1,0.34123081507971986,5.6935899999999995,49.9,2025,4,April,2,6,Sunday
600,2025-02-27 10:05:22,4963.12,5484.26,0.0992,22.9,PIX,Confirmado,RN,Nordeste,Eletrônicos,2025-05-07 05:21:40,2025-05-07 05:21:40,Standard,2,68.0,0.0,0.0,1,0.004614033108206128,544.038592,2742.13,2025,2,February,1,3,Thursday
601,2025-03-22 20:00:51,39.47,17.9,0.0745,22.9,Credito,Confirmado,TO,Norte,Eletrônicos,2025-04-26 08:49:40,2025-04-29 08:49:40,Standard,1,37.0,3.0,1.0,1,0.5801874841651887,1.3335499999999998,17.9,2025,3,March,1,5,Saturday
602,2025-05-02 15:19:30,1831.46,1799.01,0.0003,32.99,Debito,Cancelado,PE,Nordeste,Eletrônicos,2025-04-26 07:09:22,2025-05-01 07:09:22,Scheduled,1,,,,0,0.018012951415810337,0.5397029999999999,1799.01,2025,5,May,2,4,Friday
603,2025-03-27 00:58:17,3288.07,3596.0,0.092,22.9,PIX,Cancelado,PI,Nordeste,Eletrônicos,2025-05-02 05:52:56,2025-05-04 05:52:56,Standard,4,,,,0,0.006964571922130611,330.832,899.0,2025,3,March,1,3,Thursday
604,2025-03-03 14:15:52,1735.93,1799.01,0.0534,32.99,Debito,Confirmado,RJ,Sudeste,Eletrônicos,2025-04-28 20:25:51,2025-05-03 20:25:51,Scheduled,1,61.0,5.0,1.0,1,0.019004222520493337,96.06713400000001,1799.01,2025,3,March,1,0,Monday
605,2025-02-16 17:55:35,8123.68,8226.39,0.0177,42.9,PIX,Em Analise,MG,Sudeste,Eletrônicos,2025-04-22 12:06:48,2025-04-26 12:06:48,Same-Day,3,68.0,4.0,1.0,0,0.005280857936304728,145.607103,2742.1299999999997,2025,2,February,1,6,Sunday
606,2025-04-15 06:26:26,5726.1,6099.98,0.0667,32.99,Debito,Em Analise,PE,Nordeste,Eletrônicos,2025-04-19 06:05:14,2025-04-24 06:05:14,Scheduled,2,8.0,5.0,1.0,0,0.005761338432790206,406.86866599999996,3049.99,2025,4,April,2,1,Tuesday
607,2025-02-23 02:32:31,188.6,174.9,0.1103,32.99,Boleto,Processando,RO,Norte,Eletrônicos,2025-04-28 01:04:03,2025-05-02 01:04:03,Scheduled,1,67.0,4.0,1.0,0,0.17492046659597033,19.29147,174.9,2025,2,February,1,6,Sunday
608,2025-04-15 21:31:45,1571.54,1798.0,0.1443,32.99,Credito,Em Analise,MA,Nordeste,Eletrônicos,2025-04-29 21:19:07,2025-05-02 21:19:07,Scheduled,2,16.0,3.0,1.0,0,0.020992147829517544,259.45140000000004,899.0,2025,4,April,2,1,Tuesday
609,2025-04-22 16:44:31,66.78,35.8,0.0561,32.99,PIX,Processando,ES,Sudeste,Eletrônicos,2025-04-22 21:08:27,2025-04-24 21:08:27,Scheduled,2,2.0,2.0,1.0,0,0.494010182689428,2.00838,17.9,2025,4,April,2,1,Tuesday
610,2025-03-24 18:08:21,730.13,769.9,0.0814,22.9,Credito,Cancelado,AC,Norte,Eletrônicos,2025-05-07 01:28:29,2025-05-10 01:28:29,Standard,1,,,,0,0.031364277594401,62.66986,769.9,2025,3,March,1,0,Monday
611,2025-04-02 17:41:59,791.32,857.98,0.1277,42.9,Boleto,Confirmado,MG,Sudeste,Eletrônicos,2025-05-14 01:00:36,2025-05-15 01:00:36,Same-Day,2,42.0,1.0,1.0,1,0.05421321336501036,109.564046,428.99,2025,4,April,2,2,Wednesday
612,2025-03-05 17:39:58,398.86,374.73,0.0501,42.9,Debito,Cancelado,PA,Norte,Eletrônicos,2025-04-22 18:23:13,2025-04-25 18:23:13,Same-Day,3,,,,0,0.10755653612796469,18.773973,124.91000000000001,2025,3,March,1,2,Wednesday
613,2025-03-26 06:49:51,951.69,949.0,0.0213,22.9,Credito,Cancelado,RJ,Sudeste,Eletrônicos,2025-04-16 06:53:23,2025-04-20 06:53:23,Standard,1,,,,0,0.02406245731278042,20.2137,949.0,2025,3,March,1,2,Wednesday
614,2025-02-16 20:33:10,3476.88,3596.0,0.0423,32.99,PIX,Em Analise,RN,Nordeste,Eletrônicos,2025-04-25 11:45:27,2025-04-30 11:45:27,Scheduled,4,72.0,5.0,1.0,0,0.009488391891580957,152.11079999999998,899.0,2025,2,February,1,6,Sunday
615,2025-05-06 20:01:54,345.51,349.8,0.1349,42.9,Debito,Confirmado,PR,Sul,Eletrônicos,2025-04-17 17:05:21,2025-04-22 17:05:21,Same-Day,2,-15.0,5.0,1.0,1,0.12416427889207259,47.18802,174.9,2025,5,May,2,1,Tuesday
616,2025-04-18 01:45:38,159.75,129.86,0.0239,32.99,PIX,Processando,SE,Nordeste,Eletrônicos,2025-04-28 15:32:35,2025-05-02 15:32:35,Scheduled,1,14.0,4.0,1.0,0,0.20651017214397496,3.1036540000000006,129.86,2025,4,April,2,4,Friday
617,2025-04-05 18:26:16,3795.65,3958.2,0.0494,32.99,PIX,Cancelado,RS,Sul,Eletrônicos,2025-04-26 23:30:33,2025-04-29 23:30:33,Scheduled,2,,,,0,0.008691528460211031,195.53508,1979.1,2025,4,April,2,5,Saturday
618,2025-03-25 05:37:14,4038.07,4316.0,0.0697,22.9,PIX,Confirmado,MG,Sudeste,Eletrônicos,2025-04-24 00:24:08,2025-04-27 00:24:08,Standard,4,32.0,3.0,1.0,1,0.0056710260099502975,300.8252,1079.0,2025,3,March,1,1,Tuesday
619,2025-04-28 11:28:52,964.76,1079.0,0.1271,22.9,Debito,Cancelado,RJ,Sudeste,Eletrônicos,2025-04-18 09:48:39,2025-04-19 09:48:39,Standard,1,,,,0,0.023736473319789377,137.1409,1079.0,2025,4,April,2,0,Monday
620,2025-05-12 06:38:29,357.67,389.58,0.1407,22.9,Boleto,Em Analise,PI,Nordeste,Eletrônicos,2025-05-11 19:00:51,2025-05-15 19:00:51,Standard,3,3.0,4.0,1.0,0,0.06402549836441412,54.813905999999996,129.85999999999999,2025,5,May,2,0,Monday
621,2025-02-26 05:27:11,1036.49,1072.0,0.0639,32.99,Credito,Confirmado,AM,Norte,Eletrônicos,2025-04-23 12:37:10,2025-04-27 12:37:10,Scheduled,1,60.0,4.0,1.0,1,0.03182857528775,68.5008,1072.0,2025,2,February,1,2,Wednesday
622,2025-03-26 16:35:34,9478.02,10968.52,0.1398,42.9,PIX,Cancelado,PR,Sul,Eletrônicos,2025-05-15 18:22:36,2025-05-15 18:22:36,Same-Day,4,,,,0,0.004526261814176378,1533.399096,2742.13,2025,3,March,1,2,Wednesday
623,2025-04-27 22:34:53,690.79,663.96,0.0242,42.9,PIX,Processando,PR,Sul,Eletrônicos,2025-05-16 08:48:00,2025-05-16 08:48:00,Same-Day,4,18.0,0.0,0.0,0,0.062102809826430606,16.067832,165.99,2025,4,April,2,6,Sunday
624,2025-03-04 20:07:27,83.57,51.8,0.0235,32.99,Debito,Confirmado,AC,Norte,Eletrônicos,2025-04-28 15:51:59,2025-04-28 15:51:59,Scheduled,1,54.0,0.0,0.0,1,0.394758884767261,1.2172999999999998,51.8,2025,3,March,1,1,Tuesday
625,2025-02-25 15:37:05,6832.0,7916.4,0.1424,42.9,Credito,Em Analise,SC,Sul,Eletrônicos,2025-04-20 08:31:30,2025-04-25 08:31:30,Same-Day,4,58.0,5.0,1.0,0,0.006279274004683841,1127.2953599999998,1979.1,2025,2,February,1,1,Tuesday
626,2025-04-07 06:31:45,272.84,259.72,0.0765,32.99,Debito,Cancelado,MA,Nordeste,Eletrônicos,2025-04-25 10:43:53,2025-04-27 10:43:53,Scheduled,2,,,,0,0.12091335581293067,19.86858,129.86,2025,4,April,2,0,Monday
627,2025-03-30 20:14:04,3169.17,3216.0,0.0279,42.9,Credito,Cancelado,MG,Sudeste,Eletrônicos,2025-04-22 10:09:27,2025-04-22 10:09:27,Same-Day,3,,,,0,0.013536667329300731,89.7264,1072.0,2025,3,March,1,6,Sunday
628,2025-04-26 20:51:38,11349.82,12199.96,0.0732,42.9,Debito,Processando,SC,Sul,Eletrônicos,2025-04-13 16:44:14,2025-04-18 16:44:14,Same-Day,4,-9.0,5.0,1.0,0,0.003779795626714785,893.037072,3049.99,2025,4,April,2,5,Saturday
630,2025-05-04 05:49:34,197.75,199.6,0.124,22.9,Boleto,Processando,AC,Norte,Eletrônicos,2025-04-19 02:26:46,2025-04-19 02:26:46,Standard,4,-16.0,0.0,0.0,0,0.11580278128950694,24.7504,49.9,2025,5,May,2,6,Sunday
631,2025-05-02 17:51:23,2874.43,3253.14,0.1296,42.9,Debito,Confirmado,PR,Sul,Eletrônicos,2025-05-13 04:56:08,2025-05-15 04:56:08,Same-Day,2,12.0,2.0,1.0,1,0.014924698114060875,421.60694399999994,1626.57,2025,5,May,2,4,Friday
632,2025-03-25 04:17:34,59.27,17.9,0.0854,42.9,PIX,Cancelado,ES,Sudeste,Eletrônicos,2025-05-05 21:56:44,2025-05-10 21:56:44,Same-Day,1,,,,0,0.7238063101062931,1.52866,17.9,2025,3,March,1,1,Tuesday
633,2025-05-16 16:48:31,477.59,499.64,0.13,42.9,Credito,Em Analise,SP,Sudeste,Eletrônicos,2025-04-28 17:10:03,2025-05-01 17:10:03,Same-Day,4,-15.0,3.0,1.0,0,0.08982600138193848,64.9532,124.91,2025,5,May,2,4,Friday
634,2025-03-11 03:39:48,392.77,389.58,0.0765,32.99,Boleto,Processando,RS,Sul,Eletrônicos,2025-04-23 02:37:44,2025-04-24 02:37:44,Scheduled,3,43.0,1.0,1.0,0,0.08399317666827916,29.80287,129.85999999999999,2025,3,March,1,1,Tuesday
635,2025-03-03 05:56:43,2515.22,2742.13,0.0911,22.9,Debito,Confirmado,TO,Norte,Eletrônicos,2025-05-15 21:57:16,2025-05-15 21:57:16,Standard,1,73.0,0.0,0.0,1,0.009104571369502469,249.808043,2742.13,2025,3,March,1,0,Monday
636,2025-02-28 16:28:39,485.68,499.64,0.1138,42.9,Boleto,Confirmado,PR,Sul,Eletrônicos,2025-04-24 20:23:57,2025-04-24 20:23:57,Same-Day,4,55.0,0.0,0.0,1,0.08832976445396146,56.859032,124.91,2025,2,February,1,4,Friday
637,2025-02-17 17:24:36,1649.38,1715.96,0.0638,42.9,PIX,Processando,SP,Sudeste,Eletrônicos,2025-05-16 22:49:29,2025-05-16 22:49:29,Same-Day,4,88.0,0.0,0.0,0,0.02600977336938728,109.478248,428.99,2025,2,February,1,0,Monday
638,2025-04-11 21:34:28,1809.23,1796.0,0.011,32.99,Credito,Em Analise,PA,Norte,Eletrônicos,2025-04-17 21:05:58,2025-04-17 21:05:58,Scheduled,4,5.0,0.0,0.0,0,0.018234276460151556,19.756,449.0,2025,4,April,2,4,Friday
639,2025-04-07 18:00:27,8747.48,9208.0,0.0525,22.9,Debito,Processando,PI,Nordeste,Eletrônicos,2025-04-13 08:38:03,2025-04-18 08:38:03,Standard,2,10.0,5.0,1.0,0,0.0026178968114245475,483.41999999999996,4604.0,2025,4,April,2,0,Monday
640,2025-05-07 19:51:16,2981.64,3253.14,0.0936,32.99,PIX,Confirmado,ES,Sudeste,Eletrônicos,2025-04-16 05:28:52,2025-04-21 05:28:52,Scheduled,2,-17.0,5.0,1.0,1,0.011064380676406273,304.493904,1626.57,2025,5,May,2,2,Wednesday
641,2025-03-10 21:55:40,722.35,699.6,0.0288,42.9,Boleto,Cancelado,SC,Sul,Eletrônicos,2025-05-09 00:57:09,2025-05-14 00:57:09,Same-Day,4,,,,0,0.05938949262822731,20.14848,174.9,2025,3,March,1,0,Monday
642,2025-04-11 20:05:13,195.28,165.99,0.0223,32.99,Debito,Cancelado,AP,Norte,Eletrônicos,2025-05-08 19:12:59,2025-05-12 19:12:59,Scheduled,1,,,,0,0.16893691110200737,3.7015770000000003,165.99,2025,4,April,2,4,Friday
643,2025-05-13 02:20:29,7907.33,8226.39,0.044,42.9,Boleto,Em Analise,RS,Sul,Eletrônicos,2025-04-26 13:05:01,2025-05-01 13:05:01,Same-Day,3,-12.0,5.0,1.0,0,0.00542534584998982,361.96115999999995,2742.1299999999997,2025,5,May,2,1,Tuesday
644,2025-02-21 03:54:31,977.43,949.0,0.0048,32.99,Debito,Confirmado,MG,Sudeste,Eletrônicos,2025-05-03 23:07:51,2025-05-03 23:07:51,Scheduled,1,71.0,0.0,0.0,1,0.033751777620903804,4.555199999999999,949.0,2025,2,February,1,4,Friday
645,2025-03-13 18:19:13,114.95,103.6,0.1115,22.9,Debito,Confirmado,SC,Sul,Eletrônicos,2025-05-11 22:52:45,2025-05-11 22:52:45,Standard,2,59.0,0.0,0.0,1,0.19921705089169203,11.5514,51.8,2025,3,March,1,3,Thursday
646,2025-04-25 03:52:19,118.83,99.8,0.0388,22.9,Boleto,Processando,AC,Norte,Eletrônicos,2025-05-09 05:07:56,2025-05-09 05:07:56,Standard,2,14.0,0.0,0.0,0,0.1927122780442649,3.87224,49.9,2025,4,April,2,4,Friday
647,2025-03-27 11:50:14,443.91,428.99,0.0186,22.9,Boleto,Cancelado,SP,Sudeste,Eletrônicos,2025-05-01 11:36:16,2025-05-02 11:36:16,Standard,1,,,,0,0.05158703340767272,7.979214,428.99,2025,3,March,1,3,Thursday
648,2025-03-04 11:29:16,91.15,53.9,0.1049,42.9,Credito,Processando,PR,Sul,Eletrônicos,2025-05-02 20:04:56,2025-05-03 20:04:56,Same-Day,1,60.0,1.0,1.0,0,0.4706527701590784,5.654109999999999,53.9,2025,3,March,1,1,Tuesday
649,2025-03-27 10:32:42,360.35,374.73,0.1264,32.99,Boleto,Confirmado,PI,Nordeste,Eletrônicos,2025-04-13 08:05:56,2025-04-18 08:05:56,Scheduled,3,21.0,5.0,1.0,1,0.0915498820591092,47.36587200000001,124.91000000000001,2025,3,March,1,3,Thursday
650,2025-05-06 04:19:00,197.28,174.9,0.003,22.9,Boleto,Em Analise,MG,Sudeste,Eletrônicos,2025-04-16 23:58:59,2025-04-18 23:58:59,Standard,1,-18.0,2.0,1.0,0,0.11607866991078669,0.5247,174.9,2025,5,May,2,1,Tuesday
651,2025-04-04 23:52:51,529.24,524.7,0.035,22.9,PIX,Cancelado,RJ,Sudeste,Eletrônicos,2025-04-28 11:02:08,2025-05-01 11:02:08,Standard,3,,,,0,0.04326959413498602,18.364500000000003,174.9,2025,4,April,2,4,Friday
652,2025-03-12 00:50:07,6198.54,7196.04,0.1418,22.9,Debito,Em Analise,SC,Sul,Eletrônicos,2025-04-24 14:44:59,2025-04-24 14:44:59,Standard,4,43.0,0.0,0.0,0,0.0036944183630338756,1020.3984720000001,1799.01,2025,3,March,1,2,Wednesday
653,2025-03-11 03:47:42,3072.8,3237.0,0.0578,22.9,Credito,Confirmado,SP,Sudeste,Eletrônicos,2025-04-18 13:55:15,2025-04-23 13:55:15,Standard,3,43.0,5.0,1.0,1,0.007452486331684456,187.0986,1079.0,2025,3,March,1,1,Tuesday
654,2025-04-23 07:46:51,1577.83,1798.0,0.1408,32.99,Debito,Confirmado,RJ,Sudeste,Eletrônicos,2025-05-01 13:42:02,2025-05-04 13:42:02,Scheduled,2,11.0,3.0,1.0,1,0.020908462888904383,253.15840000000003,899.0,2025,4,April,2,2,Wednesday
655,2025-04-05 04:43:43,224.39,199.6,0.0411,32.99,Debito,Cancelado,SC,Sul,Eletrônicos,2025-04-28 21:03:56,2025-05-02 21:03:56,Scheduled,4,,,,0,0.14702081197914346,8.20356,49.9,2025,4,April,2,5,Saturday
656,2025-03-13 13:41:35,119.44,99.8,0.0327,22.9,Boleto,Em Analise,RO,Norte,Eletrônicos,2025-05-09 07:53:37,2025-05-11 07:53:37,Standard,2,58.0,2.0,1.0,0,0.19172806430006697,3.26346,49.9,2025,3,March,1,3,Thursday
657,2025-04-11 03:12:46,2778.51,2847.0,0.0321,22.9,Credito,Processando,MG,Sudeste,Eletrônicos,2025-04-15 22:56:01,2025-04-17 22:56:01,Standard,3,6.0,2.0,1.0,0,0.00824182745428305,91.38869999999999,949.0,2025,4,April,2,4,Friday
658,2025-03-23 23:45:43,350.63,331.98,0.0128,22.9,Debito,Cancelado,PR,Sul,Eletrônicos,2025-05-02 17:01:09,2025-05-07 17:01:09,Standard,2,,,,0,0.0653110116076776,4.249344000000001,165.99,2025,3,March,1,6,Sunday
659,2025-02-23 01:39:21,79.64,53.9,0.1345,32.99,Boleto,Em Analise,PR,Sul,Eletrônicos,2025-05-11 12:55:28,2025-05-14 12:55:28,Scheduled,1,80.0,3.0,1.0,0,0.41423907584128583,7.24955,53.9,2025,2,February,1,6,Sunday
660,2025-02-22 13:58:17,67.09,51.8,0.147,22.9,Debito,Cancelado,RO,Norte,Eletrônicos,2025-04-19 19:58:22,2025-04-22 19:58:22,Standard,1,,,,0,0.34133253838127886,7.614599999999999,51.8,2025,2,February,1,5,Saturday
661,2025-03-10 15:53:38,482.55,524.7,0.1432,32.99,Credito,Cancelado,BA,Nordeste,Eletrônicos,2025-05-03 01:33:04,2025-05-07 01:33:04,Scheduled,3,,,,0,0.06836597243808933,75.13704,174.9,2025,3,March,1,0,Monday
662,2025-05-04 23:09:04,5201.41,5937.3,0.1278,22.9,Credito,Cancelado,SP,Sudeste,Eletrônicos,2025-05-04 19:58:44,2025-05-09 19:58:44,Standard,3,,,,0,0.004402652357726078,758.78694,1979.1000000000001,2025,5,May,2,6,Sunday
663,2025-03-02 09:04:10,715.02,769.9,0.127,42.9,PIX,Em Analise,SC,Sul,Eletrônicos,2025-05-12 10:14:44,2025-05-12 10:14:44,Same-Day,1,71.0,0.0,0.0,0,0.059998321725266424,97.7773,769.9,2025,3,March,1,6,Sunday
664,2025-05-02 12:37:57,3284.0,3598.02,0.0992,42.9,Boleto,Processando,SC,Sul,Eletrônicos,2025-04-28 12:31:24,2025-04-30 12:31:24,Same-Day,2,-3.0,2.0,1.0,0,0.013063337393422655,356.923584,1799.01,2025,5,May,2,4,Friday
665,2025-02-28 09:04:09,1695.83,1898.0,0.1239,32.99,Credito,Em Analise,SC,Sul,Eletrônicos,2025-04-27 00:26:38,2025-05-02 00:26:38,Scheduled,2,62.0,5.0,1.0,0,0.019453600891598807,235.16219999999998,949.0,2025,2,February,1,4,Friday
666,2025-03-10 04:17:15,8896.57,9149.97,0.0313,32.99,Debito,Processando,PB,Nordeste,Eletrônicos,2025-04-30 05:37:57,2025-04-30 05:37:57,Scheduled,3,51.0,0.0,0.0,0,0.0037081706770137257,286.39406099999997,3049.99,2025,3,March,1,0,Monday
667,2025-04-15 18:48:11,888.64,898.0,0.0582,42.9,Credito,Cancelado,SP,Sudeste,Eletrônicos,2025-04-12 22:36:39,2025-04-17 22:36:39,Same-Day,2,,,,0,0.04827601728483975,52.263600000000004,449.0,2025,4,April,2,1,Tuesday
668,2025-04-04 06:01:45,1659.12,1799.01,0.0961,32.99,Boleto,Confirmado,RS,Sul,Eletrônicos,2025-04-19 09:22:16,2025-04-24 09:22:16,Scheduled,1,20.0,5.0,1.0,1,0.01988403491007281,172.884861,1799.01,2025,4,April,2,4,Friday
669,2025-03-31 22:13:39,599.75,663.96,0.1312,22.9,Credito,Cancelado,SC,Sul,Eletrônicos,2025-04-26 09:57:13,2025-04-27 09:57:13,Standard,4,,,,0,0.0381825760733639,87.11155200000002,165.99,2025,3,March,1,0,Monday
670,2025-04-27 13:18:18,2513.28,2742.13,0.0991,42.9,Debito,Confirmado,RJ,Sudeste,Eletrônicos,2025-04-26 11:24:54,2025-04-27 11:24:54,Same-Day,1,-1.0,1.0,1.0,1,0.017069327731092435,271.74508299999997,2742.13,2025,4,April,2,6,Sunday
671,2025-04-02 19:44:10,2390.44,2697.0,0.1259,32.99,Debito,Em Analise,PR,Sul,Eletrônicos,2025-05-01 01:30:48,2025-05-04 01:30:48,Scheduled,3,31.0,3.0,1.0,0,0.0138008065460752,339.55230000000006,899.0,2025,4,April,2,2,Wednesday
672,2025-05-08 01:11:34,877.05,898.0,0.0711,42.9,Debito,Cancelado,RJ,Sudeste,Eletrônicos,2025-04-18 23:20:30,2025-04-19 23:20:30,Same-Day,2,,,,0,0.04891397297759535,63.8478,449.0,2025,5,May,2,3,Thursday
673,2025-05-02 08:42:40,90.82,53.7,0.1076,42.9,Credito,Cancelado,RJ,Sudeste,Eletrônicos,2025-04-18 07:32:54,2025-04-23 07:32:54,Same-Day,3,,,,0,0.47236291565734423,5.77812,17.900000000000002,2025,5,May,2,4,Friday
674,2025-05-11 14:43:09,342.54,374.73,0.147,22.9,Boleto,Cancelado,RS,Sul,Eletrônicos,2025-05-12 08:24:56,2025-05-14 08:24:56,Standard,3,,,,0,0.06685350615986453,55.08531,124.91000000000001,2025,5,May,2,6,Sunday
675,2025-04-28 11:09:18,3546.28,3596.0,0.023,32.99,Debito,Cancelado,RJ,Sudeste,Eletrônicos,2025-04-15 07:15:16,2025-04-20 07:15:16,Scheduled,4,,,,0,0.009302705934105598,82.708,899.0,2025,4,April,2,0,Monday
676,2025-03-22 18:46:38,248.09,249.82,0.139,32.99,Credito,Processando,RO,Norte,Eletrônicos,2025-04-24 01:09:48,2025-04-25 01:09:48,Scheduled,2,33.0,1.0,1.0,0,0.13297593615220282,34.72498,124.91,2025,3,March,1,5,Saturday
677,2025-04-07 15:05:28,7328.74,7916.4,0.0784,32.99,Boleto,Confirmado,RS,Sul,Eletrônicos,2025-05-07 01:51:21,2025-05-12 01:51:21,Scheduled,4,34.0,5.0,1.0,1,0.004501455911930291,620.64576,1979.1,2025,4,April,2,0,Monday
678,2025-04-15 13:59:35,738.5,769.9,0.0965,42.9,PIX,Confirmado,PE,Nordeste,Eletrônicos,2025-04-23 21:03:08,2025-04-26 21:03:08,Same-Day,1,11.0,3.0,1.0,1,0.05809072444143534,74.29535,769.9,2025,4,April,2,1,Tuesday
679,2025-02-17 06:02:33,803.5,899.0,0.1317,22.9,Boleto,Processando,ES,Sudeste,Eletrônicos,2025-05-15 13:33:36,2025-05-16 13:33:36,Standard,1,88.0,1.0,1.0,0,0.02850031113876789,118.3983,899.0,2025,2,February,1,0,Monday
680,2025-05-15 07:39:35,194.67,161.7,0.0614,42.9,PIX,Cancelado,SC,Sul,Eletrônicos,2025-05-05 15:59:49,2025-05-08 15:59:49,Same-Day,3,,,,0,0.22037293881954076,9.92838,53.9,2025,5,May,2,3,Thursday
681,2025-05-06 02:28:30,2919.19,3079.6,0.0628,32.99,Boleto,Cancelado,PR,Sul,Eletrônicos,2025-04-21 12:42:58,2025-04-24 12:42:58,Scheduled,4,,,,0,0.011301080094135703,193.39888,769.9,2025,5,May,2,1,Tuesday
682,2025-02-23 20:16:07,2149.9,2309.7,0.0791,22.9,Boleto,Processando,RJ,Sudeste,Eletrônicos,2025-04-16 22:41:20,2025-04-17 22:41:20,Standard,3,53.0,1.0,1.0,0,0.010651658216661239,182.69727,769.9,2025,2,February,1,6,Sunday
683,2025-04-04 00:26:35,9146.34,9149.97,0.0029,22.9,PIX,Processando,RO,Norte,Eletrônicos,2025-04-21 02:23:11,2025-04-23 02:23:11,Standard,3,19.0,2.0,1.0,0,0.0025037337339307306,26.534912999999996,3049.99,2025,4,April,2,4,Friday
684,2025-03-16 16:08:47,264.2,249.82,0.0745,32.99,Credito,Em Analise,PB,Nordeste,Eletrônicos,2025-04-13 08:56:20,2025-04-18 08:56:20,Scheduled,2,32.0,5.0,1.0,0,0.12486752460257382,18.61159,124.91,2025,3,March,1,6,Sunday
685,2025-02-27 00:01:32,395.46,389.58,0.0437,22.9,Boleto,Em Analise,PB,Nordeste,Eletrônicos,2025-04-30 03:43:36,2025-05-04 03:43:36,Standard,3,66.0,4.0,1.0,0,0.05790724725635968,17.024646,129.85999999999999,2025,2,February,1,3,Thursday
686,2025-03-13 07:43:59,65.85,49.9,0.1392,22.9,Debito,Processando,PA,Norte,Eletrônicos,2025-04-24 07:39:44,2025-04-26 07:39:44,Standard,1,43.0,2.0,1.0,0,0.3477600607441154,6.946079999999999,49.9,2025,3,March,1,3,Thursday
687,2025-03-20 17:38:04,121.38,99.8,0.0132,22.9,Credito,Cancelado,PR,Sul,Eletrônicos,2025-04-17 14:24:10,2025-04-21 14:24:10,Standard,2,,,,0,0.1886637007744274,1.3173599999999999,49.9,2025,3,March,1,3,Thursday
688,2025-03-08 22:51:40,859.03,898.0,0.0689,22.9,PIX,Confirmado,RO,Norte,Eletrônicos,2025-04-14 11:12:04,2025-04-18 11:12:04,Standard,2,40.0,4.0,1.0,1,0.026657974692385598,61.8722,449.0,2025,3,March,1,5,Saturday
689,2025-05-13 04:59:37,3428.73,3958.2,0.1421,32.99,PIX,Cancelado,SC,Sul,Eletrônicos,2025-05-03 16:10:55,2025-05-05 16:10:55,Scheduled,2,,,,0,0.009621638332560453,562.4602199999999,1979.1,2025,5,May,2,1,Tuesday
690,2025-04-23 23:04:21,369.9,389.58,0.1352,32.99,Credito,Processando,SC,Sul,Eletrônicos,2025-04-21 06:46:34,2025-04-21 06:46:34,Scheduled,3,-3.0,0.0,0.0,0,0.08918626655852935,52.671215999999994,129.85999999999999,2025,4,April,2,2,Wednesday
691,2025-03-22 07:16:27,2476.56,2742.13,0.1052,22.9,Boleto,Confirmado,RJ,Sudeste,Eletrônicos,2025-05-10 18:34:36,2025-05-15 18:34:36,Standard,1,54.0,5.0,1.0,1,0.009246697031366088,288.472076,2742.13,2025,3,March,1,5,Saturday
692,2025-05-07 13:55:24,3008.46,3253.14,0.0884,42.9,Credito,Processando,TO,Norte,Eletrônicos,2025-05-03 05:23:20,2025-05-03 05:23:20,Same-Day,2,-5.0,0.0,0.0,0,0.014259787399533316,287.577576,1626.57,2025,5,May,2,2,Wednesday
693,2025-04-28 03:32:43,157.38,129.86,0.0421,32.99,Boleto,Processando,BA,Nordeste,Eletrônicos,2025-05-06 12:35:39,2025-05-06 12:35:39,Scheduled,1,8.0,0.0,0.0,0,0.20962002795780915,5.467106,129.86,2025,4,April,2,0,Monday
694,2025-04-23 04:38:36,704.02,699.6,0.055,42.9,Debito,Processando,PR,Sul,Eletrônicos,2025-04-15 01:55:38,2025-04-19 01:55:38,Same-Day,4,-5.0,4.0,1.0,0,0.06093576887020255,38.478,174.9,2025,4,April,2,2,Wednesday
695,2025-04-02 15:37:14,5453.12,5484.26,0.0135,42.9,Debito,Em Analise,RS,Sul,Eletrônicos,2025-04-24 10:23:27,2025-04-24 10:23:27,Same-Day,2,21.0,0.0,0.0,0,0.007867055923948124,74.03751,2742.13,2025,4,April,2,2,Wednesday
696,2025-05-15 20:53:14,117.99,107.8,0.1179,22.9,PIX,Processando,ES,Sudeste,Eletrônicos,2025-05-11 16:18:45,2025-05-16 16:18:45,Standard,2,0.0,5.0,1.0,0,0.19408424442749386,12.709620000000001,53.9,2025,5,May,2,3,Thursday
697,2025-04-13 15:50:36,522.1,524.7,0.0486,22.9,Boleto,Cancelado,ES,Sudeste,Eletrônicos,2025-04-16 08:36:53,2025-04-18 08:36:53,Standard,3,,,,0,0.04386132924727063,25.500420000000002,174.9,2025,4,April,2,6,Sunday
698,2025-04-12 03:03:44,1506.49,1626.57,0.1002,42.9,Credito,Cancelado,SP,Sudeste,Eletrônicos,2025-04-21 11:38:30,2025-04-23 11:38:30,Same-Day,1,,,,0,0.02847679042011563,162.982314,1626.57,2025,4,April,2,5,Saturday
699,2025-04-05 01:54:44,1742.63,1796.0,0.0536,42.9,Credito,Processando,PR,Sul,Eletrônicos,2025-05-05 19:50:14,2025-05-08 19:50:14,Same-Day,4,33.0,3.0,1.0,0,0.024617962504949412,96.2656,449.0,2025,4,April,2,5,Saturday
700,2025-03-09 14:42:22,4012.46,4288.0,0.0696,22.9,Boleto,Em Analise,RS,Sul,Eletrônicos,2025-05-10 01:03:28,2025-05-15 01:03:28,Standard,4,66.0,5.0,1.0,0,0.005707222003459224,298.4448,1072.0,2025,3,March,1,6,Sunday
701,2025-04-09 01:08:32,80.48,51.8,0.0833,32.99,Debito,Processando,AM,Norte,Eletrônicos,2025-04-28 11:19:14,2025-04-29 11:19:14,Scheduled,1,20.0,1.0,1.0,0,0.4099155069582505,4.31494,51.8,2025,4,April,2,2,Wednesday
702,2025-03-02 18:57:41,38.65,17.9,0.1203,22.9,Credito,Cancelado,SC,Sul,Eletrônicos,2025-05-05 17:30:33,2025-05-08 17:30:33,Standard,1,,,,0,0.592496765847348,2.15337,17.9,2025,3,March,1,6,Sunday
703,2025-03-16 22:22:19,3855.63,3958.2,0.0317,22.9,PIX,Em Analise,BA,Nordeste,Eletrônicos,2025-04-18 03:35:59,2025-04-19 03:35:59,Standard,2,33.0,1.0,1.0,0,0.0059393665885990096,125.47493999999999,1979.1,2025,3,March,1,6,Sunday
704,2025-04-06 01:56:41,1243.0,1286.97,0.0598,32.99,PIX,Cancelado,MG,Sudeste,Eletrônicos,2025-04-24 20:48:05,2025-04-26 20:48:05,Scheduled,3,,,,0,0.026540627514078843,76.960806,428.99,2025,4,April,2,6,Sunday
705,2025-02-26 21:07:45,404.88,389.58,0.0195,22.9,Boleto,Cancelado,RS,Sul,Eletrônicos,2025-05-03 03:55:04,2025-05-05 03:55:04,Standard,3,,,,0,0.05655996838569453,7.59681,129.85999999999999,2025,2,February,1,2,Wednesday
706,2025-03-06 04:46:01,60.6,17.9,0.0114,42.9,PIX,Cancelado,ES,Sudeste,Eletrônicos,2025-05-07 05:10:50,2025-05-10 05:10:50,Same-Day,1,,,,0,0.7079207920792079,0.20406,17.9,2025,3,March,1,3,Thursday
707,2025-05-15 21:32:14,4229.32,4604.0,0.0907,42.9,Debito,Em Analise,AP,Norte,Eletrônicos,2025-04-20 13:35:30,2025-04-25 13:35:30,Same-Day,1,-21.0,5.0,1.0,0,0.01014347460111791,417.5828,4604.0,2025,5,May,2,3,Thursday
708,2025-05-10 11:49:48,8913.01,9149.97,0.0284,22.9,PIX,Cancelado,RS,Sul,Eletrônicos,2025-05-12 12:31:46,2025-05-16 12:31:46,Standard,3,,,,0,0.0025692779431415423,259.859148,3049.99,2025,5,May,2,5,Saturday
709,2025-05-16 03:24:43,125.57,103.6,0.009,22.9,Boleto,Em Analise,AM,Norte,Eletrônicos,2025-05-09 00:30:46,2025-05-10 00:30:46,Standard,2,-7.0,1.0,1.0,0,0.18236840009556424,0.9323999999999999,51.8,2025,5,May,2,4,Friday
710,2025-03-21 22:55:48,1900.52,2158.0,0.1346,32.99,Debito,Cancelado,SE,Nordeste,Eletrônicos,2025-05-13 13:03:01,2025-05-16 13:03:01,Scheduled,2,,,,0,0.017358407172773767,290.4668,1079.0,2025,3,March,1,4,Friday
711,2025-04-06 20:32:23,8459.96,9149.97,0.0801,42.9,PIX,Confirmado,RJ,Sudeste,Eletrônicos,2025-04-16 14:49:26,2025-04-21 14:49:26,Same-Day,3,14.0,5.0,1.0,1,0.005070945961919442,732.912597,3049.99,2025,4,April,2,6,Sunday
712,2025-04-05 15:26:23,2812.39,2847.0,0.0202,22.9,Boleto,Cancelado,AM,Norte,Eletrônicos,2025-04-21 11:06:47,2025-04-24 11:06:47,Standard,3,,,,0,0.00814254068603572,57.5094,949.0,2025,4,April,2,5,Saturday
713,2025-04-02 11:18:16,146.81,124.91,0.008,22.9,Boleto,Em Analise,BA,Nordeste,Eletrônicos,2025-04-25 00:31:00,2025-04-30 00:31:00,Standard,1,27.0,5.0,1.0,0,0.15598392480076287,0.99928,124.91,2025,4,April,2,2,Wednesday
714,2025-03-31 01:11:16,2291.03,2309.7,0.018,22.9,PIX,Processando,RS,Sul,Eletrônicos,2025-04-20 19:19:06,2025-04-22 19:19:06,Standard,3,22.0,2.0,1.0,0,0.009995504205532009,41.5746,769.9,2025,3,March,1,0,Monday
715,2025-03-22 04:45:49,748.46,769.9,0.0707,32.99,Debito,Em Analise,SC,Sul,Eletrônicos,2025-04-25 07:53:59,2025-04-26 07:53:59,Scheduled,1,35.0,1.0,1.0,0,0.044077171792747775,54.431929999999994,769.9,2025,3,March,1,5,Saturday
716,2025-04-03 07:11:20,202.48,199.6,0.1003,22.9,Credito,Confirmado,ES,Sudeste,Eletrônicos,2025-04-20 14:30:50,2025-04-23 14:30:50,Standard,4,20.0,3.0,1.0,1,0.11309758988542078,20.01988,49.9,2025,4,April,2,3,Thursday
717,2025-04-07 19:07:06,277.63,259.72,0.0962,42.9,Boleto,Confirmado,MG,Sudeste,Eletrônicos,2025-04-25 22:35:25,2025-04-30 22:35:25,Same-Day,2,23.0,5.0,1.0,1,0.15452220581349277,24.985064,129.86,2025,4,April,2,0,Monday
718,2025-04-19 15:36:46,11978.12,12199.96,0.0217,42.9,Credito,Processando,SE,Nordeste,Eletrônicos,2025-05-05 14:10:32,2025-05-05 14:10:32,Same-Day,4,15.0,0.0,0.0,0,0.003581530323623406,264.739132,3049.99,2025,4,April,2,5,Saturday
719,2025-04-13 07:59:35,666.13,699.6,0.095,32.99,Boleto,Processando,SC,Sul,Eletrônicos,2025-04-16 23:37:34,2025-04-19 23:37:34,Scheduled,4,6.0,3.0,1.0,0,0.04952486751835228,66.462,174.9,2025,4,April,2,6,Sunday
720,2025-03-20 19:12:18,1570.74,1626.57,0.0607,42.9,Debito,Em Analise,SP,Sudeste,Eletrônicos,2025-04-26 21:06:24,2025-05-01 21:06:24,Same-Day,1,42.0,5.0,1.0,0,0.02731196760762443,98.73279899999999,1626.57,2025,3,March,1,3,Thursday
721,2025-03-28 12:05:11,3380.23,3598.02,0.0697,32.99,Debito,Em Analise,SC,Sul,Eletrônicos,2025-04-19 09:42:23,2025-04-19 09:42:23,Scheduled,2,21.0,0.0,0.0,0,0.009759690908606811,250.781994,1799.01,2025,3,March,1,4,Friday
722,2025-04-17 21:36:34,3206.66,3596.0,0.1202,42.9,Boleto,Cancelado,CE,Nordeste,Eletrônicos,2025-04-29 14:30:14,2025-05-03 14:30:14,Same-Day,4,,,,0,0.013378406192112665,432.2392,899.0,2025,4,April,2,3,Thursday
723,2025-04-06 23:35:45,4143.53,4316.0,0.0499,42.9,Credito,Confirmado,SC,Sul,Eletrônicos,2025-04-20 07:53:00,2025-04-23 07:53:00,Same-Day,4,16.0,3.0,1.0,1,0.010353490864070008,215.3684,1079.0,2025,4,April,2,6,Sunday
724,2025-02-20 07:10:46,6406.04,6506.28,0.022,42.9,Debito,Confirmado,RO,Norte,Eletrônicos,2025-05-04 13:47:04,2025-05-05 13:47:04,Same-Day,4,74.0,1.0,1.0,1,0.006696804890384699,143.13816,1626.57,2025,2,February,1,3,Thursday
726,2025-03-26 02:07:46,148.63,129.86,0.0318,22.9,Boleto,Confirmado,MA,Nordeste,Eletrônicos,2025-05-09 01:00:52,2025-05-11 01:00:52,Standard,1,45.0,2.0,1.0,1,0.15407387472246517,4.129548000000001,129.86,2025,3,March,1,2,Wednesday
727,2025-03-20 07:00:44,2085.73,2158.0,0.0441,22.9,Debito,Em Analise,SP,Sudeste,Eletrônicos,2025-05-11 05:23:44,2025-05-15 05:23:44,Standard,2,55.0,4.0,1.0,0,0.010979369333518719,95.1678,1079.0,2025,3,March,1,3,Thursday
728,2025-02-21 01:42:21,2759.68,3049.99,0.106,32.99,Credito,Processando,SE,Nordeste,Eletrônicos,2025-05-11 11:01:07,2025-05-16 11:01:07,Scheduled,1,84.0,5.0,1.0,0,0.011954284554730984,323.29893999999996,3049.99,2025,2,February,1,4,Friday
729,2025-03-15 16:35:50,89.39,51.8,0.1025,42.9,Debito,Em Analise,PR,Sul,Eletrônicos,2025-04-20 14:26:29,2025-04-24 14:26:29,Same-Day,1,39.0,4.0,1.0,0,0.4799194540776373,5.309499999999999,51.8,2025,3,March,1,5,Saturday
730,2025-03-11 06:38:41,198.53,199.6,0.1201,22.9,Credito,Confirmado,RN,Nordeste,Eletrônicos,2025-05-01 00:02:22,2025-05-01 00:02:22,Standard,4,50.0,0.0,0.0,1,0.11534780637686999,23.97196,49.9,2025,3,March,1,1,Tuesday
731,2025-05-10 21:00:00,236.99,199.6,0.0276,42.9,Debito,Confirmado,RO,Norte,Eletrônicos,2025-05-03 04:21:49,2025-05-05 04:21:49,Same-Day,4,-6.0,2.0,1.0,1,0.18102029621503016,5.50896,49.9,2025,5,May,2,5,Saturday
732,2025-05-10 20:27:11,1648.26,1715.96,0.0528,22.9,Debito,Processando,ES,Sudeste,Eletrônicos,2025-05-07 12:29:37,2025-05-07 12:29:37,Standard,4,-4.0,0.0,0.0,0,0.013893439141882954,90.602688,428.99,2025,5,May,2,5,Saturday
733,2025-03-08 21:43:09,1074.64,1072.0,0.0189,22.9,Debito,Cancelado,ES,Sudeste,Eletrônicos,2025-04-28 22:18:52,2025-04-30 22:18:52,Standard,1,,,,0,0.02130946177324499,20.2608,1072.0,2025,3,March,1,5,Saturday
734,2025-05-07 18:26:11,400.85,389.58,0.0812,42.9,Boleto,Confirmado,AC,Norte,Eletrônicos,2025-04-29 17:49:23,2025-04-29 17:49:23,Same-Day,3,-9.0,0.0,0.0,1,0.10702257702382437,31.633895999999996,129.85999999999999,2025,5,May,2,2,Wednesday
735,2025-04-18 06:37:24,1064.62,1079.0,0.0439,32.99,Credito,Processando,ES,Sudeste,Eletrônicos,2025-04-22 11:49:14,2025-04-24 11:49:14,Scheduled,1,6.0,2.0,1.0,0,0.030987582423775625,47.3681,1079.0,2025,4,April,2,4,Friday
736,2025-03-22 08:11:33,157.14,149.7,0.1033,22.9,Credito,Confirmado,AC,Norte,Eletrônicos,2025-04-28 08:45:58,2025-04-28 08:45:58,Standard,3,37.0,0.0,0.0,1,0.14572992236222476,15.46401,49.9,2025,3,March,1,5,Saturday
737,2025-04-21 19:58:13,104.58,71.6,0.0001,32.99,Boleto,Confirmado,AM,Norte,Eletrônicos,2025-05-01 21:23:23,2025-05-03 21:23:23,Scheduled,4,12.0,2.0,1.0,1,0.3154522853318034,0.00716,17.9,2025,4,April,2,0,Monday
738,2025-02-19 19:53:06,404.35,374.73,0.009,32.99,Credito,Em Analise,MA,Nordeste,Eletrônicos,2025-05-09 03:23:20,2025-05-11 03:23:20,Scheduled,3,80.0,2.0,1.0,0,0.0815877333992828,3.37257,124.91000000000001,2025,2,February,1,2,Wednesday
739,2025-04-28 08:57:20,244.51,215.6,0.0649,42.9,Credito,Confirmado,SP,Sudeste,Eletrônicos,2025-04-15 17:51:34,2025-04-19 17:51:34,Same-Day,4,-9.0,4.0,1.0,1,0.175452946709746,13.99244,53.9,2025,4,April,2,0,Monday
740,2025-03-05 11:07:13,460.83,499.64,0.1437,32.99,Credito,Em Analise,RS,Sul,Eletrônicos,2025-05-09 08:17:09,2025-05-11 08:17:09,Scheduled,4,66.0,2.0,1.0,0,0.07158822125295664,71.798268,124.91,2025,3,March,1,2,Wednesday
741,2025-05-01 22:09:25,2044.02,2309.7,0.1336,42.9,Debito,Confirmado,PI,Nordeste,Eletrônicos,2025-04-14 15:17:19,2025-04-19 15:17:19,Same-Day,3,-13.0,5.0,1.0,1,0.02098805295447207,308.57591999999994,769.9,2025,5,May,2,3,Thursday
742,2025-03-10 03:57:00,10423.85,12199.96,0.1491,42.9,Boleto,Cancelado,RN,Nordeste,Eletrônicos,2025-04-25 19:55:47,2025-04-28 19:55:47,Same-Day,4,,,,0,0.004115561908507892,1819.014036,3049.99,2025,3,March,1,0,Monday
743,2025-05-06 06:46:23,4069.15,4316.0,0.0625,22.9,Credito,Confirmado,PB,Nordeste,Eletrônicos,2025-04-17 23:20:11,2025-04-19 23:20:11,Standard,4,-17.0,2.0,1.0,1,0.005627710947003674,269.75,1079.0,2025,5,May,2,1,Tuesday
744,2025-02-18 14:47:48,1562.01,1539.8,0.007,32.99,Credito,Confirmado,AM,Norte,Eletrônicos,2025-04-24 00:29:00,2025-04-27 00:29:00,Scheduled,2,67.0,3.0,1.0,1,0.021120223302027518,10.778599999999999,769.9,2025,2,February,1,1,Tuesday
745,2025-05-08 02:07:39,3111.32,3237.0,0.0459,22.9,Debito,Cancelado,SC,Sul,Eletrônicos,2025-04-15 19:47:32,2025-04-20 19:47:32,Standard,3,,,,0,0.007360220099507603,148.5783,1079.0,2025,5,May,2,3,Thursday
746,2025-03-31 12:28:14,885.76,949.0,0.1014,32.99,Boleto,Processando,PB,Nordeste,Eletrônicos,2025-04-25 11:39:05,2025-04-25 11:39:05,Scheduled,1,24.0,0.0,0.0,0,0.03724485187861272,96.2286,949.0,2025,3,March,1,0,Monday
747,2025-04-14 04:37:25,510.76,497.97,0.0203,22.9,Boleto,Processando,MG,Sudeste,Eletrônicos,2025-05-10 05:55:01,2025-05-13 05:55:01,Standard,3,29.0,3.0,1.0,0,0.044835147623149815,10.108791,165.99,2025,4,April,2,0,Monday
748,2025-03-16 18:16:09,200.02,174.9,0.045,32.99,Boleto,Cancelado,CE,Nordeste,Eletrônicos,2025-05-07 04:49:34,2025-05-08 04:49:34,Scheduled,1,,,,0,0.16493350664933507,7.8705,174.9,2025,3,March,1,6,Sunday
749,2025-04-17 06:20:33,873.67,857.98,0.0084,22.9,PIX,Em Analise,SC,Sul,Eletrônicos,2025-04-27 06:14:01,2025-04-29 06:14:01,Standard,2,11.0,2.0,1.0,0,0.026211269701374662,7.207032,428.99,2025,4,April,2,3,Thursday
750,2025-04-26 02:42:49,3064.42,3253.14,0.0712,42.9,Debito,Processando,PB,Nordeste,Eletrônicos,2025-04-21 18:07:51,2025-04-25 18:07:51,Same-Day,2,-1.0,4.0,1.0,0,0.013999386507071485,231.62356799999998,1626.57,2025,4,April,2,5,Saturday
751,2025-03-09 04:40:15,5942.04,6099.98,0.0313,32.99,Debito,Processando,RO,Norte,Eletrônicos,2025-04-14 04:33:26,2025-04-18 04:33:26,Scheduled,2,39.0,4.0,1.0,0,0.00555196531830819,190.929374,3049.99,2025,3,March,1,6,Sunday
752,2025-02-17 23:20:20,166.1,124.91,0.0137,42.9,Credito,Processando,SC,Sul,Eletrônicos,2025-05-09 08:35:22,2025-05-12 08:35:22,Same-Day,1,83.0,3.0,1.0,0,0.2582781456953642,1.711267,124.91,2025,2,February,1,0,Monday
754,2025-03-07 20:13:07,2620.52,2742.13,0.0527,22.9,Credito,Confirmado,PR,Sul,Eletrônicos,2025-05-06 17:53:26,2025-05-07 17:53:26,Standard,1,60.0,1.0,1.0,1,0.00873872361210752,144.510251,2742.13,2025,3,March,1,4,Friday
755,2025-03-07 15:34:05,2156.53,2309.7,0.0806,32.99,Boleto,Cancelado,BA,Nordeste,Eletrônicos,2025-04-22 09:31:03,2025-04-27 09:31:03,Scheduled,3,,,,0,0.015297723657913407,186.16182,769.9,2025,3,March,1,4,Friday
756,2025-03-29 00:04:19,70.56,53.7,0.1124,22.9,PIX,Processando,MG,Sudeste,Eletrônicos,2025-04-16 15:57:16,2025-04-21 15:57:16,Standard,3,23.0,5.0,1.0,0,0.32454648526077096,6.035880000000001,17.900000000000002,2025,3,March,1,5,Saturday
757,2025-03-17 22:11:42,886.38,857.98,0.0169,42.9,Credito,Confirmado,MG,Sudeste,Eletrônicos,2025-05-09 13:50:13,2025-05-10 13:50:13,Same-Day,2,53.0,1.0,1.0,1,0.04839910647803425,14.499861999999998,428.99,2025,3,March,1,0,Monday
758,2025-02-24 08:50:20,983.91,1079.0,0.1187,32.99,PIX,Cancelado,PB,Nordeste,Eletrônicos,2025-05-17 04:07:06,2025-05-17 04:07:06,Scheduled,1,,,,0,0.03352948948582696,128.0773,1079.0,2025,2,February,1,0,Monday
759,2025-03-22 00:17:50,470.22,428.99,0.0039,42.9,PIX,Confirmado,RJ,Sudeste,Eletrônicos,2025-04-28 06:41:58,2025-04-30 06:41:58,Same-Day,1,39.0,2.0,1.0,1,0.09123389051933137,1.673061,428.99,2025,3,March,1,5,Saturday
760,2025-03-19 06:39:23,406.57,389.58,0.0665,42.9,PIX,Confirmado,RN,Nordeste,Eletrônicos,2025-05-12 00:28:15,2025-05-15 00:28:15,Same-Day,3,56.0,3.0,1.0,1,0.10551688516122684,25.90707,129.85999999999999,2025,3,March,1,2,Wednesday
761,2025-02-20 18:44:08,325.63,331.98,0.0881,22.9,PIX,Em Analise,PR,Sul,Eletrônicos,2025-05-02 19:24:18,2025-05-04 19:24:18,Standard,2,73.0,2.0,1.0,0,0.07032521573565088,29.247438000000002,165.99,2025,2,February,1,3,Thursday
762,2025-03-18 06:33:58,792.89,899.0,0.1435,22.9,Boleto,Processando,SC,Sul,Eletrônicos,2025-04-26 01:23:10,2025-04-30 01:23:10,Standard,1,42.0,4.0,1.0,0,0.02888168598418444,129.0065,899.0,2025,3,March,1,1,Tuesday
763,2025-02-22 03:16:37,8438.09,9208.0,0.0861,22.9,Credito,Confirmado,RS,Sul,Eletrônicos,2025-04-29 22:30:51,2025-05-01 22:30:51,Standard,2,68.0,2.0,1.0,1,0.0027138843032013167,792.8088,4604.0,2025,2,February,1,5,Saturday
764,2025-05-07 23:09:34,2709.86,2742.13,0.0238,32.99,Credito,Processando,SP,Sudeste,Eletrônicos,2025-04-19 05:56:48,2025-04-21 05:56:48,Scheduled,1,-17.0,2.0,1.0,0,0.012174060652579838,65.26269400000001,2742.13,2025,5,May,2,2,Wednesday
765,2025-02-19 16:34:24,2520.7,2697.0,0.0776,32.99,Credito,Cancelado,PR,Sul,Eletrônicos,2025-05-12 14:17:24,2025-05-12 14:17:24,Scheduled,3,,,,0,0.013087634387273377,209.2872,899.0,2025,2,February,1,2,Wednesday
766,2025-05-09 13:52:40,225.69,215.6,0.0594,22.9,Credito,Em Analise,MG,Sudeste,Eletrônicos,2025-04-27 06:43:47,2025-05-01 06:43:47,Standard,4,-9.0,4.0,1.0,0,0.10146661349638884,12.80664,53.9,2025,5,May,2,4,Friday
767,2025-03-12 20:15:06,7657.81,8226.39,0.0719,22.9,Debito,Confirmado,RO,Norte,Eletrônicos,2025-04-18 13:53:24,2025-04-20 13:53:24,Standard,3,38.0,2.0,1.0,1,0.002990411096645124,591.477441,2742.1299999999997,2025,3,March,1,2,Wednesday
768,2025-04-16 05:49:43,7704.97,7916.4,0.0296,22.9,PIX,Processando,SC,Sul,Eletrônicos,2025-04-25 16:55:28,2025-04-26 16:55:28,Standard,4,10.0,1.0,1.0,0,0.002972107613657159,234.32544,1979.1,2025,4,April,2,2,Wednesday
769,2025-05-03 00:55:11,118.72,103.6,0.0751,22.9,PIX,Processando,RN,Nordeste,Eletrônicos,2025-05-08 11:39:15,2025-05-08 11:39:15,Standard,2,5.0,0.0,0.0,0,0.1928908355795148,7.78036,51.8,2025,5,May,2,5,Saturday
770,2025-03-02 08:30:55,5298.5,5397.03,0.0225,22.9,Debito,Em Analise,MG,Sudeste,Eletrônicos,2025-04-20 12:10:51,2025-04-20 12:10:51,Standard,3,49.0,0.0,0.0,0,0.004321977918278758,121.43317499999999,1799.01,2025,3,March,1,6,Sunday
771,2025-03-11 15:54:05,165.98,149.7,0.1116,32.99,Credito,Processando,PA,Norte,Eletrônicos,2025-04-20 08:03:04,2025-04-24 08:03:04,Scheduled,3,43.0,4.0,1.0,0,0.19875888661284494,16.70652,49.9,2025,3,March,1,1,Tuesday
772,2025-04-23 03:05:33,861.8,899.0,0.0891,42.9,Credito,Cancelado,RO,Norte,Eletrônicos,2025-04-26 11:28:53,2025-04-29 11:28:53,Same-Day,1,,,,0,0.04977953121373869,80.1009,899.0,2025,4,April,2,2,Wednesday
773,2025-04-12 02:28:19,793.81,769.9,0.0118,32.99,Boleto,Em Analise,AM,Norte,Eletrônicos,2025-05-02 04:31:53,2025-05-05 04:31:53,Scheduled,1,23.0,3.0,1.0,0,0.04155906325191167,9.084819999999999,769.9,2025,4,April,2,5,Saturday
774,2025-04-01 02:01:10,112.68,103.6,0.1334,22.9,PIX,Confirmado,TO,Norte,Eletrônicos,2025-05-04 19:20:16,2025-05-08 19:20:16,Standard,2,37.0,4.0,1.0,1,0.2032303869364572,13.820239999999998,51.8,2025,4,April,2,1,Tuesday
775,2025-03-24 19:46:13,7217.12,7916.4,0.0925,32.99,PIX,Processando,PB,Nordeste,Eletrônicos,2025-04-23 09:53:38,2025-04-28 09:53:38,Scheduled,4,34.0,5.0,1.0,0,0.004571075442835924,732.2669999999999,1979.1,2025,3,March,1,0,Monday
776,2025-03-07 11:45:46,2635.05,2742.13,0.0474,22.9,Boleto,Em Analise,PI,Nordeste,Eletrônicos,2025-05-03 04:55:46,2025-05-08 04:55:46,Standard,1,61.0,5.0,1.0,0,0.008690537181457656,129.976962,2742.13,2025,3,March,1,4,Friday
777,2025-04-05 19:42:17,1638.41,1626.57,0.0068,22.9,Boleto,Em Analise,AP,Norte,Eletrônicos,2025-05-07 05:36:33,2025-05-11 05:36:33,Standard,1,35.0,4.0,1.0,0,0.013976965472622846,11.060675999999999,1626.57,2025,4,April,2,5,Saturday
778,2025-03-03 17:16:18,3469.13,3796.0,0.0948,32.99,Boleto,Processando,RR,Norte,Eletrônicos,2025-05-09 23:18:10,2025-05-10 23:18:10,Scheduled,4,68.0,1.0,1.0,0,0.009509588859454677,359.8608,949.0,2025,3,March,1,0,Monday
779,2025-04-15 18:40:35,928.85,949.0,0.056,32.99,PIX,Processando,PB,Nordeste,Eletrônicos,2025-04-25 20:34:26,2025-04-29 20:34:26,Scheduled,1,14.0,4.0,1.0,0,0.035517037196533346,53.144,949.0,2025,4,April,2,1,Tuesday
780,2025-03-06 11:55:34,379.46,389.58,0.1361,42.9,Boleto,Confirmado,PI,Nordeste,Eletrônicos,2025-05-11 18:04:26,2025-05-14 18:04:26,Same-Day,3,69.0,3.0,1.0,1,0.11305539450798503,53.021837999999995,129.85999999999999,2025,3,March,1,3,Thursday
781,2025-05-05 18:21:36,2175.75,2144.0,0.0052,42.9,PIX,Cancelado,RS,Sul,Eletrônicos,2025-05-08 01:11:01,2025-05-08 01:11:01,Same-Day,2,,,,0,0.019717338848672872,11.1488,1072.0,2025,5,May,2,0,Monday
782,2025-04-09 22:08:53,3260.8,3237.0,0.0059,42.9,PIX,Cancelado,RJ,Sudeste,Eletrônicos,2025-05-04 08:51:06,2025-05-04 08:51:06,Same-Day,3,,,,0,0.013156280667320901,19.0983,1079.0,2025,4,April,2,2,Wednesday
783,2025-03-09 16:17:06,1437.85,1626.57,0.1424,42.9,Credito,Cancelado,SP,Sudeste,Eletrônicos,2025-05-09 11:06:19,2025-05-14 11:06:19,Same-Day,1,,,,0,0.029836213791424697,231.62356799999998,1626.57,2025,3,March,1,6,Sunday
784,2025-04-30 11:15:35,220.12,207.2,0.1447,42.9,PIX,Confirmado,TO,Norte,Eletrônicos,2025-04-15 17:38:40,2025-04-19 17:38:40,Same-Day,4,-11.0,4.0,1.0,1,0.19489369434853715,29.98184,51.8,2025,4,April,2,2,Wednesday
785,2025-03-05 22:05:28,371.23,349.8,0.0042,22.9,Boleto,Confirmado,MG,Sudeste,Eletrônicos,2025-05-08 12:42:25,2025-05-12 12:42:25,Standard,2,67.0,4.0,1.0,1,0.06168682487945478,1.46916,174.9,2025,3,March,1,2,Wednesday
786,2025-04-30 20:14:54,5487.74,6099.98,0.1074,42.9,Boleto,Processando,SP,Sudeste,Eletrônicos,2025-04-17 19:45:51,2025-04-21 19:45:51,Same-Day,2,-10.0,4.0,1.0,0,0.007817425752677788,655.137852,3049.99,2025,4,April,2,2,Wednesday
787,2025-03-22 19:15:17,1069.4,1072.0,0.0332,32.99,Debito,Cancelado,MA,Nordeste,Eletrônicos,2025-04-26 20:23:54,2025-04-30 20:23:54,Scheduled,1,,,,0,0.030849074247241443,35.5904,1072.0,2025,3,March,1,5,Saturday
788,2025-03-22 13:15:11,10939.42,12199.96,0.1052,22.9,Debito,Confirmado,SP,Sudeste,Eletrônicos,2025-04-28 13:48:04,2025-05-03 13:48:04,Standard,4,42.0,5.0,1.0,1,0.0020933468136336295,1283.435792,3049.99,2025,3,March,1,5,Saturday
789,2025-02-20 06:01:02,8031.1,9208.0,0.1303,22.9,Debito,Processando,PB,Nordeste,Eletrônicos,2025-05-04 21:06:15,2025-05-06 21:06:15,Standard,2,75.0,2.0,1.0,0,0.0028514151237065905,1199.8024,4604.0,2025,2,February,1,3,Thursday
790,2025-04-24 09:25:01,5424.35,5484.26,0.0151,22.9,Debito,Confirmado,RN,Nordeste,Eletrônicos,2025-05-04 20:08:56,2025-05-09 20:08:56,Standard,2,15.0,5.0,1.0,1,0.0042217039829657,82.81232600000001,2742.13,2025,4,April,2,3,Thursday
791,2025-03-01 10:47:05,222.68,207.2,0.0358,22.9,Debito,Cancelado,SE,Nordeste,Eletrônicos,2025-04-23 13:17:48,2025-04-27 13:17:48,Standard,4,,,,0,0.10283815340398778,7.4177599999999995,51.8,2025,3,March,1,5,Saturday
792,2025-03-29 08:29:31,194.11,161.7,0.0036,32.99,PIX,Processando,RJ,Sudeste,Eletrônicos,2025-04-25 03:39:28,2025-04-29 03:39:28,Scheduled,3,30.0,4.0,1.0,0,0.16995518005254753,0.58212,53.9,2025,3,March,1,5,Saturday
793,2025-04-29 09:38:38,4880.49,4879.71,0.0066,32.99,Boleto,Em Analise,RS,Sul,Eletrônicos,2025-04-23 07:40:37,2025-04-23 07:40:37,Scheduled,3,-7.0,0.0,0.0,0,0.006759567174607468,32.206086,1626.57,2025,4,April,2,1,Tuesday
794,2025-03-04 12:32:55,182.03,149.7,0.0044,32.99,Debito,Cancelado,MG,Sudeste,Eletrônicos,2025-05-05 15:40:02,2025-05-06 15:40:02,Scheduled,3,,,,0,0.1812338625501291,0.65868,49.9,2025,3,March,1,1,Tuesday
795,2025-04-14 02:14:53,5247.13,5937.3,0.1201,22.9,Boleto,Processando,PR,Sul,Eletrônicos,2025-04-30 00:16:37,2025-05-04 00:16:37,Standard,3,19.0,4.0,1.0,0,0.004364290574085262,713.06973,1979.1000000000001,2025,4,April,2,0,Monday
796,2025-03-31 23:21:00,2974.93,3079.6,0.0447,32.99,Credito,Em Analise,RO,Norte,Eletrônicos,2025-04-25 07:33:06,2025-04-27 07:33:06,Scheduled,4,26.0,2.0,1.0,0,0.01108933655581812,137.65812,769.9,2025,3,March,1,0,Monday
797,2025-04-10 15:20:35,207.73,199.6,0.074,22.9,Boleto,Confirmado,TO,Norte,Eletrônicos,2025-05-13 07:45:25,2025-05-13 07:45:25,Standard,4,32.0,0.0,0.0,1,0.11023925287632985,14.770399999999999,49.9,2025,4,April,2,3,Thursday
798,2025-02-18 19:22:47,175.58,161.7,0.1182,32.99,PIX,Cancelado,PA,Norte,Eletrônicos,2025-05-08 15:32:12,2025-05-09 15:32:12,Scheduled,3,,,,0,0.18789155940312108,19.11294,53.9,2025,2,February,1,1,Tuesday
799,2025-02-25 13:58:18,132.79,107.8,0.0742,32.99,Debito,Processando,CE,Nordeste,Eletrônicos,2025-05-09 18:53:14,2025-05-09 18:53:14,Scheduled,2,73.0,0.0,0.0,0,0.24843738233300702,7.99876,53.9,2025,2,February,1,1,Tuesday
800,2025-05-11 19:16:57,10295.14,10968.52,0.0644,32.99,Credito,Em Analise,AP,Norte,Eletrônicos,2025-04-24 07:33:59,2025-04-27 07:33:59,Scheduled,4,-15.0,3.0,1.0,0,0.0032044246120013914,706.372688,2742.13,2025,5,May,2,6,Sunday
801,2025-03-01 21:32:52,76.51,53.7,0.0017,22.9,Credito,Processando,RS,Sul,Eletrônicos,2025-05-05 01:59:58,2025-05-09 01:59:58,Standard,3,68.0,4.0,1.0,0,0.2993072800941053,0.09129,17.900000000000002,2025,3,March,1,5,Saturday
802,2025-02-25 11:36:24,844.39,898.0,0.0852,22.9,Debito,Confirmado,SC,Sul,Eletrônicos,2025-05-12 10:01:48,2025-05-12 10:01:48,Standard,2,75.0,0.0,0.0,1,0.027120169589881452,76.50959999999999,449.0,2025,2,February,1,1,Tuesday
803,2025-03-30 20:41:58,1716.86,1715.96,0.0187,32.99,Debito,Cancelado,AC,Norte,Eletrônicos,2025-05-07 16:02:57,2025-05-10 16:02:57,Scheduled,4,,,,0,0.019215311673636756,32.088452000000004,428.99,2025,3,March,1,6,Sunday
804,2025-04-06 15:28:42,620.79,663.96,0.1147,32.99,PIX,Confirmado,PR,Sul,Eletrônicos,2025-05-09 05:29:45,2025-05-10 05:29:45,Scheduled,4,33.0,1.0,1.0,1,0.0531419642713317,76.156212,165.99,2025,4,April,2,6,Sunday
805,2025-03-23 09:39:49,3838.01,3958.2,0.0387,32.99,Credito,Processando,RJ,Sudeste,Eletrônicos,2025-05-04 09:35:55,2025-05-06 09:35:55,Scheduled,2,43.0,2.0,1.0,0,0.008595600324126306,153.18233999999998,1979.1,2025,3,March,1,6,Sunday
806,2025-03-28 05:10:08,172.11,165.99,0.1011,22.9,Debito,Processando,PR,Sul,Eletrônicos,2025-04-21 17:08:25,2025-04-21 17:08:25,Standard,1,24.0,0.0,0.0,0,0.1330544419266748,16.781589,165.99,2025,3,March,1,4,Friday
807,2025-02-18 05:56:11,203.16,199.6,0.0969,22.9,Credito,Cancelado,RO,Norte,Eletrônicos,2025-05-09 07:18:09,2025-05-13 07:18:09,Standard,4,,,,0,0.11271903918094113,19.34124,49.9,2025,2,February,1,1,Tuesday
808,2025-03-07 00:48:20,179.73,161.7,0.0925,32.99,Credito,Processando,PB,Nordeste,Eletrônicos,2025-04-24 04:09:50,2025-04-28 04:09:50,Scheduled,3,52.0,4.0,1.0,0,0.1835531074389362,14.957249999999998,53.9,2025,3,March,1,4,Friday
809,2025-03-05 10:23:06,182.25,165.99,0.04,22.9,Credito,Confirmado,RJ,Sudeste,Eletrônicos,2025-04-19 17:46:50,2025-04-21 17:46:50,Standard,1,47.0,2.0,1.0,1,0.12565157750342934,6.639600000000001,165.99,2025,3,March,1,2,Wednesday
810,2025-03-26 18:13:12,463.99,449.0,0.0401,32.99,Boleto,Cancelado,PR,Sul,Eletrônicos,2025-04-18 13:28:30,2025-04-21 13:28:30,Scheduled,1,,,,0,0.07110067027306623,18.0049,449.0,2025,3,March,1,2,Wednesday
811,2025-03-12 13:14:15,849.0,949.0,0.1295,22.9,Debito,Processando,RS,Sul,Eletrônicos,2025-05-08 19:00:37,2025-05-11 19:00:37,Standard,1,60.0,3.0,1.0,0,0.02697290930506478,122.8955,949.0,2025,3,March,1,2,Wednesday
812,2025-04-25 07:38:04,68.72,35.8,0.0019,32.99,Debito,Cancelado,PB,Nordeste,Eletrônicos,2025-04-22 03:12:10,2025-04-27 03:12:10,Scheduled,2,,,,0,0.4800640279394645,0.06802,17.9,2025,4,April,2,4,Friday
813,2025-02-28 02:27:38,896.47,898.0,0.0272,22.9,Debito,Confirmado,RR,Norte,Eletrônicos,2025-05-01 09:41:49,2025-05-03 09:41:49,Standard,2,64.0,2.0,1.0,1,0.025544636184144476,24.4256,449.0,2025,2,February,1,4,Friday
814,2025-04-25 21:42:07,140.88,129.86,0.0915,22.9,Credito,Confirmado,PA,Norte,Eletrônicos,2025-04-23 05:48:05,2025-04-27 05:48:05,Standard,1,1.0,4.0,1.0,1,0.16254968767745598,11.882190000000001,129.86,2025,4,April,2,4,Friday
815,2025-02-25 22:19:56,8112.09,9208.0,0.1226,32.99,Debito,Confirmado,SC,Sul,Eletrônicos,2025-05-07 20:16:14,2025-05-11 20:16:14,Scheduled,2,74.0,4.0,1.0,1,0.004066769476176916,1128.9008000000001,4604.0,2025,2,February,1,1,Tuesday
816,2025-02-25 21:02:41,1732.37,1796.0,0.0538,32.99,Debito,Cancelado,RR,Norte,Eletrônicos,2025-04-18 09:04:46,2025-04-18 09:04:46,Scheduled,4,,,,0,0.019043275974532002,96.62480000000001,449.0,2025,2,February,1,1,Tuesday
817,2025-04-05 05:27:57,427.9,449.0,0.098,22.9,Debito,Cancelado,CE,Nordeste,Eletrônicos,2025-05-12 22:22:41,2025-05-14 22:22:41,Standard,1,,,,0,0.053517176910493104,44.002,449.0,2025,4,April,2,5,Saturday
818,2025-04-20 06:56:43,1011.7,1079.0,0.0836,22.9,Boleto,Cancelado,SC,Sul,Eletrônicos,2025-04-19 06:49:41,2025-04-23 06:49:41,Standard,1,,,,0,0.022635168528219826,90.20439999999999,1079.0,2025,4,April,2,6,Sunday
819,2025-02-16 20:02:49,9161.58,9208.0,0.0097,42.9,PIX,Cancelado,RO,Norte,Eletrônicos,2025-05-03 16:50:02,2025-05-06 16:50:02,Same-Day,2,,,,0,0.004682598416430353,89.3176,4604.0,2025,2,February,1,6,Sunday
821,2025-02-21 10:22:53,218.13,199.6,0.1221,42.9,Debito,Processando,RS,Sul,Eletrônicos,2025-04-17 07:47:58,2025-04-18 07:47:58,Same-Day,4,55.0,1.0,1.0,0,0.19667170953101362,24.37116,49.9,2025,2,February,1,4,Friday
822,2025-05-12 23:43:32,235.52,249.82,0.1489,22.9,Boleto,Confirmado,RR,Norte,Eletrônicos,2025-04-25 18:02:19,2025-04-28 18:02:19,Standard,2,-15.0,3.0,1.0,1,0.09723165760869565,37.198198,124.91,2025,5,May,2,0,Monday
823,2025-03-11 00:10:48,2772.96,2742.13,0.0044,42.9,PIX,Processando,AP,Norte,Eletrônicos,2025-04-15 15:18:18,2025-04-17 15:18:18,Same-Day,1,37.0,2.0,1.0,0,0.015470832612082396,12.065372000000002,2742.13,2025,3,March,1,1,Tuesday
824,2025-03-04 06:44:41,5895.15,6506.28,0.099,32.99,Credito,Confirmado,AP,Norte,Eletrônicos,2025-04-24 09:36:58,2025-04-29 09:36:58,Scheduled,4,56.0,5.0,1.0,1,0.0055961256286947755,644.12172,1626.57,2025,3,March,1,1,Tuesday
825,2025-03-08 03:47:56,7757.61,8226.39,0.0622,42.9,Debito,Confirmado,RN,Nordeste,Eletrônicos,2025-04-27 11:27:30,2025-05-01 11:27:30,Same-Day,3,54.0,4.0,1.0,1,0.005530053714997274,511.68145799999996,2742.1299999999997,2025,3,March,1,5,Saturday
827,2025-05-07 05:32:19,334.36,331.98,0.0922,32.99,Boleto,Cancelado,SC,Sul,Eletrônicos,2025-05-04 11:50:48,2025-05-04 11:50:48,Scheduled,2,,,,0,0.0986661083861706,30.608556000000004,165.99,2025,5,May,2,2,Wednesday
829,2025-03-24 21:54:47,3434.65,3596.0,0.0568,42.9,Credito,Cancelado,RO,Norte,Eletrônicos,2025-04-25 07:49:13,2025-04-29 07:49:13,Same-Day,4,,,,0,0.012490355640312695,204.2528,899.0,2025,3,March,1,0,Monday
830,2025-03-24 15:46:16,2991.87,3079.6,0.0392,32.99,Debito,Em Analise,AC,Norte,Eletrônicos,2025-05-06 17:08:07,2025-05-07 17:08:07,Scheduled,4,44.0,1.0,1.0,0,0.011026548613409006,120.72031999999999,769.9,2025,3,March,1,0,Monday
831,2025-03-01 12:14:48,91.89,51.8,0.0542,42.9,PIX,Processando,CE,Nordeste,Eletrônicos,2025-05-14 02:18:10,2025-05-16 02:18:10,Same-Day,1,75.0,2.0,1.0,0,0.4668625530525628,2.8075599999999996,51.8,2025,3,March,1,5,Saturday
832,2025-03-13 07:47:37,3375.03,3598.02,0.0739,42.9,Credito,Confirmado,RS,Sul,Eletrônicos,2025-04-19 07:56:21,2025-04-22 07:56:21,Same-Day,2,40.0,3.0,1.0,1,0.012710998124461114,265.89367799999997,1799.01,2025,3,March,1,3,Thursday
833,2025-05-09 03:57:26,5640.18,5937.3,0.0539,22.9,Boleto,Cancelado,SP,Sudeste,Eletrônicos,2025-05-11 11:36:33,2025-05-16 11:36:33,Standard,3,,,,0,0.004060154108556819,320.02047000000005,1979.1000000000001,2025,5,May,2,4,Friday
834,2025-05-11 03:35:15,1606.7,1715.96,0.0829,32.99,PIX,Cancelado,PI,Nordeste,Eletrônicos,2025-04-19 04:04:19,2025-04-20 04:04:19,Scheduled,4,,,,0,0.020532769029688182,142.253084,428.99,2025,5,May,2,6,Sunday
835,2025-04-07 10:08:26,94.87,53.9,0.0358,42.9,Boleto,Processando,RS,Sul,Eletrônicos,2025-05-11 17:46:09,2025-05-13 17:46:09,Same-Day,1,36.0,2.0,1.0,0,0.45219774428164855,1.92962,53.9,2025,4,April,2,0,Monday
836,2025-02-19 02:30:09,7204.87,7916.4,0.0953,42.9,Debito,Cancelado,PR,Sul,Eletrônicos,2025-04-24 18:00:20,2025-04-25 18:00:20,Same-Day,4,,,,0,0.005954305906976809,754.43292,1979.1,2025,2,February,1,2,Wednesday
837,2025-05-13 01:49:22,1165.01,1286.97,0.1281,42.9,PIX,Em Analise,MG,Sudeste,Eletrônicos,2025-04-28 00:00:58,2025-05-01 00:00:58,Same-Day,3,-13.0,3.0,1.0,0,0.036823718251345484,164.86085699999998,428.99,2025,5,May,2,1,Tuesday
838,2025-03-20 11:41:48,5917.92,6099.98,0.0336,22.9,PIX,Confirmado,AM,Norte,Eletrônicos,2025-04-13 15:09:52,2025-04-18 15:09:52,Standard,2,29.0,5.0,1.0,1,0.003869602833427961,204.95932799999997,3049.99,2025,3,March,1,3,Thursday
839,2025-05-16 07:34:34,4540.87,4879.71,0.0762,32.99,Debito,Confirmado,SC,Sul,Eletrônicos,2025-05-04 20:51:29,2025-05-08 20:51:29,Scheduled,3,-8.0,4.0,1.0,1,0.0072651276077051324,371.833902,1626.57,2025,5,May,2,4,Friday
840,2025-04-13 10:10:27,5392.59,5937.3,0.0973,32.99,Boleto,Confirmado,RS,Sul,Eletrônicos,2025-05-11 22:31:01,2025-05-15 22:31:01,Scheduled,3,32.0,4.0,1.0,1,0.006117654040080926,577.69929,1979.1000000000001,2025,4,April,2,6,Sunday
841,2025-04-01 18:30:25,202.99,174.9,0.0847,42.9,PIX,Cancelado,AC,Norte,Eletrônicos,2025-04-19 17:22:52,2025-04-24 17:22:52,Same-Day,1,,,,0,0.2113404601211882,14.81403,174.9,2025,4,April,2,1,Tuesday
842,2025-04-10 01:13:26,853.86,857.98,0.0548,42.9,Credito,Em Analise,SP,Sudeste,Eletrônicos,2025-05-05 05:04:46,2025-05-05 05:04:46,Same-Day,2,25.0,0.0,0.0,0,0.05024242850115944,47.017304,428.99,2025,4,April,2,3,Thursday
843,2025-04-01 09:52:21,2130.18,2309.7,0.0963,42.9,Debito,Cancelado,ES,Sudeste,Eletrônicos,2025-05-04 23:56:03,2025-05-04 23:56:03,Same-Day,3,,,,0,0.020139143170999636,222.42410999999998,769.9,2025,4,April,2,1,Tuesday
844,2025-03-14 00:19:26,3813.05,3796.0,0.0042,32.99,Credito,Processando,AP,Norte,Eletrônicos,2025-05-13 07:47:37,2025-05-17 07:47:37,Scheduled,4,64.0,4.0,1.0,0,0.008651866615963599,15.9432,949.0,2025,3,March,1,4,Friday
845,2025-03-26 09:45:31,1729.31,1796.0,0.0555,32.99,Debito,Processando,SC,Sul,Eletrônicos,2025-05-03 01:16:18,2025-05-04 01:16:18,Scheduled,4,38.0,1.0,1.0,0,0.01907697289670447,99.678,449.0,2025,3,March,1,2,Wednesday
846,2025-04-17 04:36:07,481.08,497.97,0.0799,22.9,PIX,Cancelado,PR,Sul,Eletrônicos,2025-04-28 12:19:57,2025-05-01 12:19:57,Standard,3,,,,0,0.047601230564563064,39.787803000000004,165.99,2025,4,April,2,3,Thursday
847,2025-04-04 06:14:50,3228.93,3216.0,0.0031,22.9,Credito,Confirmado,AM,Norte,Eletrônicos,2025-05-09 22:15:45,2025-05-12 22:15:45,Standard,3,38.0,3.0,1.0,1,0.007092132687918288,9.9696,1072.0,2025,4,April,2,4,Friday
848,2025-05-05 14:26:13,5508.37,5937.3,0.0761,22.9,Debito,Confirmado,RO,Norte,Eletrônicos,2025-04-14 02:03:37,2025-04-19 02:03:37,Standard,3,-17.0,5.0,1.0,1,0.0041573096941563475,451.82853,1979.1000000000001,2025,5,May,2,0,Monday
849,2025-03-24 00:21:39,130.21,107.8,0.0981,32.99,PIX,Processando,SP,Sudeste,Eletrônicos,2025-04-14 21:58:35,2025-04-19 21:58:35,Scheduled,2,26.0,5.0,1.0,0,0.2533599569925505,10.57518,53.9,2025,3,March,1,0,Monday
850,2025-02-17 15:52:44,4882.5,5484.26,0.1139,22.9,PIX,Confirmado,SP,Sudeste,Eletrônicos,2025-04-25 20:35:38,2025-04-25 20:35:38,Standard,2,67.0,0.0,0.0,1,0.004690220174091142,624.6572140000001,2742.13,2025,2,February,1,0,Monday
851,2025-03-11 07:06:33,201.85,161.7,0.017,42.9,Debito,Cancelado,RR,Norte,Eletrônicos,2025-05-09 12:24:21,2025-05-10 12:24:21,Same-Day,3,,,,0,0.2125340599455041,2.7489,53.9,2025,3,March,1,1,Tuesday
852,2025-02-17 10:53:58,1417.85,1626.57,0.1486,32.99,Credito,Processando,MA,Nordeste,Eletrônicos,2025-04-28 09:15:48,2025-04-30 09:15:48,Scheduled,1,71.0,2.0,1.0,0,0.023267623514476147,241.708302,1626.57,2025,2,February,1,0,Monday
853,2025-04-15 17:10:18,81.99,53.9,0.0909,32.99,Debito,Cancelado,MA,Nordeste,Eletrônicos,2025-04-27 06:27:29,2025-04-30 06:27:29,Scheduled,1,,,,0,0.402366142212465,4.899509999999999,53.9,2025,4,April,2,1,Tuesday
854,2025-02-17 20:58:16,391.25,389.58,0.0545,22.9,Credito,Cancelado,RJ,Sudeste,Eletrônicos,2025-05-14 23:22:18,2025-05-15 23:22:18,Standard,3,,,,0,0.058530351437699676,21.23211,129.85999999999999,2025,2,February,1,0,Monday
855,2025-04-20 08:01:54,764.01,769.9,0.0374,22.9,Debito,Confirmado,CE,Nordeste,Eletrônicos,2025-04-29 02:03:18,2025-05-01 02:03:18,Standard,1,10.0,2.0,1.0,1,0.029973429667150952,28.79426,769.9,2025,4,April,2,6,Sunday
856,2025-04-05 14:33:43,5598.89,6099.98,0.0859,22.9,Credito,Confirmado,RS,Sul,Eletrônicos,2025-04-14 14:07:13,2025-04-18 14:07:13,Standard,2,12.0,4.0,1.0,1,0.004090096429828055,523.988282,3049.99,2025,4,April,2,5,Saturday
857,2025-03-26 10:02:56,2851.64,3237.0,0.1323,42.9,Debito,Em Analise,SP,Sudeste,Eletrônicos,2025-05-10 07:27:33,2025-05-15 07:27:33,Same-Day,3,49.0,5.0,1.0,0,0.015043974695263076,428.2551,1079.0,2025,3,March,1,2,Wednesday
858,2025-03-15 03:42:47,8458.26,9149.97,0.0781,22.9,Credito,Em Analise,RJ,Sudeste,Eletrônicos,2025-05-10 08:18:52,2025-05-14 08:18:52,Standard,3,60.0,4.0,1.0,0,0.0027074126356957575,714.612657,3049.99,2025,3,March,1,5,Saturday
859,2025-04-07 02:23:55,4904.54,5397.03,0.0992,42.9,Boleto,Cancelado,SC,Sul,Eletrônicos,2025-05-13 22:21:14,2025-05-13 22:21:14,Same-Day,3,,,,0,0.008746997679700849,535.385376,1799.01,2025,4,April,2,0,Monday
860,2025-02-27 20:45:19,438.94,428.99,0.0537,32.99,Boleto,Cancelado,SE,Nordeste,Eletrônicos,2025-04-28 22:35:39,2025-05-02 22:35:39,Scheduled,1,,,,0,0.07515833599125166,23.036763,428.99,2025,2,February,1,3,Thursday
861,2025-05-09 05:09:40,3106.71,3253.14,0.0582,42.9,PIX,Em Analise,PE,Nordeste,Eletrônicos,2025-04-14 21:32:34,2025-04-19 21:32:34,Same-Day,2,-20.0,5.0,1.0,0,0.013808820263236671,189.332748,1626.57,2025,5,May,2,4,Friday
862,2025-04-14 08:09:38,2604.2,2697.0,0.0429,22.9,Debito,Em Analise,RS,Sul,Eletrônicos,2025-04-18 03:31:33,2025-04-23 03:31:33,Standard,3,8.0,5.0,1.0,0,0.008793487443360726,115.7013,899.0,2025,4,April,2,0,Monday
863,2025-02-19 04:21:17,1577.31,1715.96,0.1058,42.9,Boleto,Em Analise,RS,Sul,Eletrônicos,2025-05-10 10:37:57,2025-05-15 10:37:57,Same-Day,4,85.0,5.0,1.0,0,0.027198204538106015,181.54856800000002,428.99,2025,2,February,1,2,Wednesday
864,2025-04-06 08:47:22,893.44,899.0,0.0539,42.9,Debito,Cancelado,SP,Sudeste,Eletrônicos,2025-05-05 06:15:52,2025-05-09 06:15:52,Same-Day,1,,,,0,0.04801665472779369,48.456100000000006,899.0,2025,4,April,2,6,Sunday
865,2025-05-17 03:37:13,8014.02,8226.39,0.0286,22.9,Debito,Confirmado,PE,Nordeste,Eletrônicos,2025-05-06 06:30:11,2025-05-09 06:30:11,Standard,3,-8.0,3.0,1.0,1,0.002857492244840916,235.27475399999997,2742.1299999999997,2025,5,May,2,5,Saturday
867,2025-05-09 17:07:54,220.97,215.6,0.1281,32.99,PIX,Em Analise,RN,Nordeste,Eletrônicos,2025-05-05 08:28:27,2025-05-05 08:28:27,Scheduled,4,-5.0,0.0,0.0,0,0.14929628456351543,27.61836,53.9,2025,5,May,2,4,Friday
868,2025-03-30 09:48:56,3553.02,3958.2,0.1107,32.99,Credito,Em Analise,SP,Sudeste,Eletrônicos,2025-04-29 09:27:52,2025-05-01 09:27:52,Scheduled,2,31.0,2.0,1.0,0,0.009285058907633507,438.17274000000003,1979.1,2025,3,March,1,6,Sunday
870,2025-05-12 22:31:08,2492.8,2847.0,0.136,32.99,PIX,Cancelado,SP,Sudeste,Eletrônicos,2025-05-03 02:48:26,2025-05-06 02:48:26,Scheduled,3,,,,0,0.013234114249037227,387.192,949.0,2025,5,May,2,0,Monday
871,2025-05-04 20:39:59,881.36,857.98,0.0112,32.99,Debito,Cancelado,RO,Norte,Eletrônicos,2025-04-26 14:35:43,2025-04-26 14:35:43,Scheduled,2,,,,0,0.03743078878097486,9.609376,428.99,2025,5,May,2,6,Sunday
872,2025-04-09 13:50:50,543.66,524.7,0.0075,22.9,Boleto,Processando,BA,Nordeste,Eletrônicos,2025-04-28 06:15:47,2025-04-30 06:15:47,Standard,3,20.0,2.0,1.0,0,0.042121914431814005,3.9352500000000004,174.9,2025,4,April,2,2,Wednesday
873,2025-03-11 04:02:59,6026.37,6099.98,0.0191,42.9,Debito,Em Analise,SE,Nordeste,Eletrônicos,2025-05-04 10:01:14,2025-05-04 10:01:14,Same-Day,2,54.0,0.0,0.0,0,0.007118713255243206,116.50961799999999,3049.99,2025,3,March,1,1,Tuesday
874,2025-03-21 05:28:16,298.07,259.72,0.0175,42.9,Credito,Confirmado,TO,Norte,Eletrônicos,2025-05-04 06:55:51,2025-05-07 06:55:51,Same-Day,2,47.0,3.0,1.0,1,0.1439259234408025,4.545100000000001,129.86,2025,3,March,1,4,Friday
875,2025-03-31 22:06:20,535.48,519.44,0.0132,22.9,Boleto,Cancelado,PR,Sul,Eletrônicos,2025-05-13 03:40:43,2025-05-14 03:40:43,Standard,4,,,,0,0.04276536938821244,6.8566080000000005,129.86,2025,3,March,1,0,Monday
876,2025-04-24 22:43:14,79.65,51.8,0.0992,32.99,PIX,Cancelado,PE,Nordeste,Eletrônicos,2025-04-24 10:55:29,2025-04-26 10:55:29,Scheduled,1,,,,0,0.41418706842435654,5.138559999999999,51.8,2025,4,April,2,3,Thursday
877,2025-05-10 17:38:42,496.0,497.97,0.0901,42.9,Debito,Em Analise,RS,Sul,Eletrônicos,2025-04-26 00:58:55,2025-05-01 00:58:55,Same-Day,3,-10.0,5.0,1.0,0,0.08649193548387096,44.867097,165.99,2025,5,May,2,5,Saturday
878,2025-04-03 16:27:02,622.39,663.96,0.0971,22.9,Boleto,Em Analise,SC,Sul,Eletrônicos,2025-05-08 06:02:32,2025-05-11 06:02:32,Standard,4,37.0,3.0,1.0,0,0.036793650283584244,64.470516,165.99,2025,4,April,2,3,Thursday
879,2025-03-05 01:00:56,167.9,161.7,0.1033,22.9,PIX,Processando,SC,Sul,Eletrônicos,2025-04-28 22:34:18,2025-05-02 22:34:18,Standard,3,58.0,4.0,1.0,0,0.13639070875521142,16.703609999999998,53.9,2025,3,March,1,2,Wednesday
880,2025-02-24 01:02:00,1626.92,1798.0,0.1135,32.99,Debito,Cancelado,SC,Sul,Eletrônicos,2025-05-16 08:56:56,2025-05-17 08:56:56,Scheduled,2,,,,0,0.02027757972119096,204.073,899.0,2025,2,February,1,0,Monday
881,2025-02-20 00:15:24,2110.31,2144.0,0.0311,32.99,Credito,Confirmado,ES,Sudeste,Eletrônicos,2025-05-03 13:52:48,2025-05-04 13:52:48,Scheduled,2,73.0,1.0,1.0,1,0.015632774331733254,66.6784,1072.0,2025,2,February,1,3,Thursday
883,2025-04-12 16:18:15,39.24,17.9,0.087,22.9,Boleto,Processando,RO,Norte,Eletrônicos,2025-05-04 20:55:28,2025-05-08 20:55:28,Standard,1,26.0,4.0,1.0,0,0.5835881753312945,1.5572999999999997,17.9,2025,4,April,2,5,Saturday
884,2025-03-13 16:40:43,6819.13,7916.4,0.1415,22.9,Debito,Processando,SP,Sudeste,Eletrônicos,2025-04-17 21:50:27,2025-04-22 21:50:27,Standard,4,40.0,5.0,1.0,0,0.003358199653034918,1120.1706,1979.1,2025,3,March,1,3,Thursday
885,2025-02-22 07:14:42,1077.49,1072.0,0.0349,42.9,Credito,Processando,AC,Norte,Eletrônicos,2025-05-09 03:24:10,2025-05-09 03:24:10,Same-Day,1,75.0,0.0,0.0,0,0.03981475466129616,37.4128,1072.0,2025,2,February,1,5,Saturday
886,2025-05-07 15:05:34,4300.92,4316.0,0.0088,22.9,Credito,Confirmado,PB,Nordeste,Eletrônicos,2025-05-02 08:41:26,2025-05-02 08:41:26,Standard,4,-6.0,0.0,0.0,1,0.005324442212363866,37.9808,1079.0,2025,5,May,2,2,Wednesday
887,2025-04-16 11:38:04,664.03,699.6,0.098,32.99,Credito,Em Analise,SP,Sudeste,Eletrônicos,2025-05-09 16:45:33,2025-05-14 16:45:33,Scheduled,4,28.0,5.0,1.0,0,0.04968149029411322,68.5608,174.9,2025,4,April,2,2,Wednesday
888,2025-04-20 18:03:44,1220.38,1347.0,0.111,22.9,PIX,Em Analise,PI,Nordeste,Eletrônicos,2025-04-23 17:00:11,2025-04-23 17:00:11,Standard,3,2.0,0.0,0.0,0,0.018764647077139904,149.517,449.0,2025,4,April,2,6,Sunday
889,2025-03-20 08:12:08,2075.78,2144.0,0.0425,22.9,Credito,Confirmado,PR,Sul,Eletrônicos,2025-04-22 03:00:19,2025-04-24 03:00:19,Standard,2,34.0,2.0,1.0,1,0.01103199761053676,91.12,1072.0,2025,3,March,1,3,Thursday
890,2025-04-26 03:29:14,182.83,174.9,0.0856,22.9,PIX,Confirmado,PR,Sul,Eletrônicos,2025-04-20 21:31:32,2025-04-20 21:31:32,Standard,1,-6.0,0.0,0.0,1,0.12525296723732426,14.97144,174.9,2025,4,April,2,5,Saturday
891,2025-04-20 07:58:55,6088.59,6099.98,0.0089,42.9,Debito,Processando,PI,Nordeste,Eletrônicos,2025-04-23 17:39:13,2025-04-23 17:39:13,Same-Day,2,3.0,0.0,0.0,0,0.007045966307470202,54.289821999999994,3049.99,2025,4,April,2,6,Sunday
892,2025-03-18 17:01:48,3703.52,4288.0,0.144,32.99,Credito,Processando,SP,Sudeste,Eletrônicos,2025-05-04 00:29:25,2025-05-07 00:29:25,Scheduled,4,49.0,3.0,1.0,0,0.00890774182399447,617.472,1072.0,2025,3,March,1,1,Tuesday
893,2025-03-08 13:28:55,976.24,949.0,0.0165,42.9,Debito,Processando,RS,Sul,Eletrônicos,2025-05-05 01:40:47,2025-05-08 01:40:47,Same-Day,1,60.0,3.0,1.0,0,0.04394411210358108,15.6585,949.0,2025,3,March,1,5,Saturday
894,2025-05-09 05:12:44,196.73,155.4,0.0101,42.9,Boleto,Confirmado,PA,Norte,Eletrônicos,2025-04-28 05:03:47,2025-05-03 05:03:47,Same-Day,3,-7.0,5.0,1.0,1,0.21806536877954558,1.56954,51.800000000000004,2025,5,May,2,4,Friday
895,2025-04-20 04:15:40,281.16,249.82,0.0066,32.99,Credito,Processando,ES,Sudeste,Eletrônicos,2025-04-24 05:20:46,2025-04-27 05:20:46,Scheduled,2,7.0,3.0,1.0,0,0.11733532508180396,1.648812,124.91,2025,4,April,2,6,Sunday
896,2025-04-26 22:01:20,276.06,259.72,0.0641,32.99,Debito,Em Analise,TO,Norte,Eletrônicos,2025-04-14 20:52:09,2025-04-18 20:52:09,Scheduled,2,-9.0,4.0,1.0,0,0.11950300659276969,16.648052000000003,129.86,2025,4,April,2,5,Saturday
897,2025-04-02 17:30:47,1805.73,1799.01,0.0146,32.99,Credito,Cancelado,TO,Norte,Eletrônicos,2025-05-12 00:58:15,2025-05-17 00:58:15,Scheduled,1,,,,0,0.018269619489070903,26.265546,1799.01,2025,4,April,2,2,Wednesday
898,2025-04-25 11:24:02,1791.02,1979.1,0.1117,32.99,PIX,Cancelado,RR,Norte,Eletrônicos,2025-05-06 17:19:56,2025-05-10 17:19:56,Scheduled,1,,,,0,0.01841967147212203,221.06546999999998,1979.1,2025,4,April,2,4,Friday
899,2025-03-28 05:55:41,1599.4,1799.01,0.1348,42.9,PIX,Cancelado,MA,Nordeste,Eletrônicos,2025-05-06 05:42:58,2025-05-07 05:42:58,Same-Day,1,,,,0,0.02682255845942228,242.506548,1799.01,2025,3,March,1,4,Friday
900,2025-03-24 06:59:32,762.77,769.9,0.039,22.9,Credito,Cancelado,PI,Nordeste,Eletrônicos,2025-04-21 03:52:37,2025-04-21 03:52:37,Standard,1,,,,0,0.030022156088991437,30.0261,769.9,2025,3,March,1,0,Monday
901,2025-03-05 12:48:29,5567.65,6099.98,0.0943,42.9,PIX,Cancelado,RS,Sul,Eletrônicos,2025-04-29 21:12:42,2025-04-30 21:12:42,Same-Day,2,,,,0,0.007705225723599724,575.2281139999999,3049.99,2025,3,March,1,2,Wednesday
902,2025-05-04 19:27:37,207.83,165.99,0.0064,42.9,Boleto,Cancelado,SC,Sul,Eletrônicos,2025-04-15 16:52:40,2025-04-19 16:52:40,Same-Day,1,,,,0,0.20641870759755568,1.0623360000000002,165.99,2025,5,May,2,6,Sunday
903,2025-04-07 00:04:19,4629.68,4879.71,0.058,32.99,Credito,Processando,RN,Nordeste,Eletrônicos,2025-05-03 17:27:28,2025-05-06 17:27:28,Scheduled,3,29.0,3.0,1.0,0,0.0071257624717043075,283.02318,1626.57,2025,4,April,2,0,Monday
904,2025-04-07 05:29:07,201.6,165.99,0.0439,42.9,Boleto,Em Analise,RR,Norte,Eletrônicos,2025-04-14 00:40:17,2025-04-18 00:40:17,Same-Day,1,10.0,4.0,1.0,0,0.21279761904761904,7.286961000000001,165.99,2025,4,April,2,0,Monday
906,2025-03-28 08:18:27,834.97,899.0,0.0967,22.9,PIX,Processando,RS,Sul,Eletrônicos,2025-04-27 21:59:15,2025-04-27 21:59:15,Standard,1,30.0,0.0,0.0,0,0.0274261350707211,86.93329999999999,899.0,2025,3,March,1,4,Friday
907,2025-03-08 17:04:23,155.46,124.91,0.0195,32.99,Credito,Em Analise,PB,Nordeste,Eletrônicos,2025-04-15 19:17:51,2025-04-19 19:17:51,Scheduled,1,42.0,4.0,1.0,0,0.2122089283416956,2.435745,124.91,2025,3,March,1,5,Saturday
908,2025-02-27 13:15:12,2431.02,2742.13,0.1291,42.9,Boleto,Confirmado,RO,Norte,Eletrônicos,2025-04-18 20:48:06,2025-04-23 20:48:06,Same-Day,1,55.0,5.0,1.0,1,0.01764691364118765,354.008983,2742.13,2025,2,February,1,3,Thursday
909,2025-03-06 21:05:05,257.9,249.82,0.0997,32.99,Debito,Cancelado,PI,Nordeste,Eletrônicos,2025-05-06 11:56:52,2025-05-10 11:56:52,Scheduled,2,,,,0,0.12791779759596744,24.907054,124.91,2025,3,March,1,3,Thursday
910,2025-05-01 00:23:51,2747.76,3049.99,0.1066,22.9,Credito,Processando,SE,Nordeste,Eletrônicos,2025-05-02 02:54:07,2025-05-05 02:54:07,Standard,1,4.0,3.0,1.0,0,0.008334061198940226,325.12893399999996,3049.99,2025,5,May,2,3,Thursday
911,2025-04-24 16:35:44,343.62,349.8,0.1403,42.9,PIX,Confirmado,SP,Sudeste,Eletrônicos,2025-04-21 14:46:00,2025-04-23 14:46:00,Same-Day,2,-2.0,2.0,1.0,1,0.12484721494674349,49.07694000000001,174.9,2025,4,April,2,3,Thursday
912,2025-02-23 23:46:19,6830.01,7916.4,0.1414,32.99,Boleto,Confirmado,SP,Sudeste,Eletrônicos,2025-05-07 00:53:06,2025-05-07 00:53:06,Scheduled,4,72.0,0.0,0.0,1,0.004830153982205004,1119.37896,1979.1,2025,2,February,1,6,Sunday
913,2025-05-03 15:17:52,11213.92,12199.96,0.0827,22.9,PIX,Cancelado,SC,Sul,Eletrônicos,2025-04-28 20:45:54,2025-04-29 20:45:54,Standard,4,,,,0,0.0020421048125900663,1008.9366919999999,3049.99,2025,5,May,2,5,Saturday
914,2025-03-18 08:26:25,1621.45,1715.96,0.0743,32.99,PIX,Em Analise,RJ,Sudeste,Eletrônicos,2025-05-13 06:28:16,2025-05-15 06:28:16,Scheduled,4,57.0,2.0,1.0,0,0.02034598661691696,127.49582800000002,428.99,2025,3,March,1,1,Tuesday
916,2025-04-03 00:52:31,357.42,374.73,0.1073,22.9,Boleto,Em Analise,RR,Norte,Eletrônicos,2025-05-13 12:42:12,2025-05-15 12:42:12,Standard,3,42.0,2.0,1.0,0,0.0640702814615858,40.208529000000006,124.91000000000001,2025,4,April,2,3,Thursday
917,2025-03-02 20:11:18,2873.98,3079.6,0.0807,42.9,Debito,Confirmado,ES,Sudeste,Eletrônicos,2025-05-03 09:37:23,2025-05-06 09:37:23,Same-Day,4,64.0,3.0,1.0,1,0.014927034982846088,248.52371999999997,769.9,2025,3,March,1,6,Sunday
918,2025-04-20 13:28:28,6851.8,7916.4,0.1399,42.9,Debito,Em Analise,ES,Sudeste,Eletrônicos,2025-05-07 14:26:27,2025-05-12 14:26:27,Same-Day,4,22.0,5.0,1.0,0,0.006261128462593771,1107.50436,1979.1,2025,4,April,2,6,Sunday
919,2025-04-10 07:13:41,363.0,331.98,0.0358,42.9,Boleto,Confirmado,MG,Sudeste,Eletrônicos,2025-05-11 19:59:10,2025-05-15 19:59:10,Same-Day,2,35.0,4.0,1.0,1,0.11818181818181818,11.884884,165.99,2025,4,April,2,3,Thursday
920,2025-03-24 12:53:09,8767.4,9149.97,0.0465,42.9,Credito,Em Analise,SC,Sul,Eletrônicos,2025-04-19 14:49:44,2025-04-21 14:49:44,Same-Day,3,28.0,2.0,1.0,0,0.004893126810685038,425.47360499999996,3049.99,2025,3,March,1,0,Monday
921,2025-04-12 04:06:46,1054.18,1072.0,0.0474,32.99,Boleto,Cancelado,RS,Sul,Eletrônicos,2025-05-01 16:08:10,2025-05-02 16:08:10,Scheduled,1,,,,0,0.031294465840748256,50.812799999999996,1072.0,2025,4,April,2,5,Saturday
922,2025-03-22 05:04:05,1917.78,2144.0,0.1209,32.99,PIX,Confirmado,SC,Sul,Eletrônicos,2025-04-27 10:46:52,2025-04-27 10:46:52,Scheduled,2,36.0,0.0,0.0,1,0.017202181689244856,259.20959999999997,1072.0,2025,3,March,1,5,Saturday
923,2025-03-27 07:00:08,7821.35,7916.4,0.0149,22.9,Debito,Em Analise,MA,Nordeste,Eletrônicos,2025-05-07 05:56:03,2025-05-07 05:56:03,Standard,4,40.0,0.0,0.0,0,0.0029278832938047774,117.95436,1979.1,2025,3,March,1,3,Thursday
924,2025-03-20 20:03:42,3579.63,3796.0,0.0683,42.9,Credito,Processando,MG,Sudeste,Eletrônicos,2025-05-10 04:04:46,2025-05-11 04:04:46,Same-Day,4,51.0,1.0,1.0,0,0.011984478842785426,259.2668,949.0,2025,3,March,1,3,Thursday
925,2025-02-22 03:29:30,5751.87,6099.98,0.0641,42.9,Credito,Em Analise,SP,Sudeste,Eletrônicos,2025-05-02 23:03:05,2025-05-03 23:03:05,Same-Day,2,70.0,1.0,1.0,0,0.007458443949532934,391.008718,3049.99,2025,2,February,1,5,Saturday
926,2025-04-17 09:22:26,3787.23,3796.0,0.011,32.99,Credito,Processando,TO,Norte,Eletrônicos,2025-04-17 20:54:59,2025-04-22 20:54:59,Scheduled,4,5.0,5.0,1.0,0,0.008710851994729658,41.756,949.0,2025,4,April,2,3,Thursday
927,2025-04-03 07:57:10,665.96,663.96,0.0616,42.9,Credito,Cancelado,PA,Norte,Eletrônicos,2025-04-14 23:56:33,2025-04-17 23:56:33,Same-Day,4,,,,0,0.0644182833803832,40.899936000000004,165.99,2025,4,April,2,3,Thursday
928,2025-02-27 17:09:22,2660.77,2847.0,0.077,32.99,PIX,Em Analise,RN,Nordeste,Eletrônicos,2025-05-13 20:55:37,2025-05-14 20:55:37,Scheduled,3,76.0,1.0,1.0,0,0.01239866655141181,219.219,949.0,2025,2,February,1,3,Thursday
929,2025-02-23 14:26:39,3217.47,3216.0,0.0098,32.99,Credito,Confirmado,RS,Sul,Eletrônicos,2025-04-28 17:07:26,2025-04-28 17:07:26,Scheduled,3,64.0,0.0,0.0,1,0.010253397856079467,31.5168,1072.0,2025,2,February,1,6,Sunday
930,2025-03-27 03:33:34,82.58,53.7,0.0765,32.99,Debito,Cancelado,SC,Sul,Eletrônicos,2025-04-28 19:04:26,2025-04-28 19:04:26,Scheduled,3,,,,0,0.3994914022765803,4.10805,17.900000000000002,2025,3,March,1,3,Thursday
931,2025-04-15 21:03:46,1647.78,1898.0,0.1439,22.9,Credito,Cancelado,PR,Sul,Eletrônicos,2025-04-29 03:18:09,2025-05-01 03:18:09,Standard,2,,,,0,0.01389748631492068,273.1222,949.0,2025,4,April,2,1,Tuesday
932,2025-03-18 09:05:39,5574.06,6506.28,0.1468,22.9,Credito,Processando,TO,Norte,Eletrônicos,2025-04-30 16:38:15,2025-05-05 16:38:15,Standard,4,48.0,5.0,1.0,0,0.004108316020997262,955.1219040000001,1626.57,2025,3,March,1,1,Tuesday
933,2025-03-29 01:25:11,175.64,165.99,0.0798,22.9,Credito,Processando,ES,Sudeste,Eletrônicos,2025-05-10 11:27:05,2025-05-10 11:27:05,Standard,1,42.0,0.0,0.0,0,0.13038032338874972,13.246002,165.99,2025,3,March,1,5,Saturday
934,2025-04-05 08:17:24,1265.78,1347.0,0.0773,22.9,Debito,Em Analise,PE,Nordeste,Eletrônicos,2025-05-13 08:04:31,2025-05-15 08:04:31,Standard,3,39.0,2.0,1.0,0,0.01809161149646858,104.1231,449.0,2025,4,April,2,5,Saturday
935,2025-04-19 20:17:50,3811.69,3958.2,0.0428,22.9,Credito,Em Analise,SC,Sul,Eletrônicos,2025-05-07 21:24:22,2025-05-09 21:24:22,Standard,2,20.0,2.0,1.0,0,0.006007833795508029,169.41096,1979.1,2025,4,April,2,5,Saturday
936,2025-03-19 23:39:48,1560.31,1796.0,0.1496,32.99,Boleto,Processando,RO,Norte,Eletrônicos,2025-05-11 11:20:57,2025-05-15 11:20:57,Scheduled,4,56.0,4.0,1.0,0,0.021143234357275158,268.6816,449.0,2025,3,March,1,2,Wednesday
937,2025-05-15 03:46:38,229.64,215.6,0.0411,22.9,Debito,Cancelado,RJ,Sudeste,Eletrônicos,2025-05-10 02:02:47,2025-05-11 02:02:47,Standard,4,,,,0,0.09972130290890088,8.86116,53.9,2025,5,May,2,3,Thursday
938,2025-02-16 21:29:26,167.75,155.4,0.0679,22.9,Debito,Confirmado,TO,Norte,Eletrônicos,2025-04-27 01:22:32,2025-04-29 01:22:32,Standard,3,71.0,2.0,1.0,1,0.13651266766020864,10.55166,51.800000000000004,2025,2,February,1,6,Sunday
939,2025-04-27 21:43:42,58.69,35.8,0.0004,22.9,Debito,Em Analise,RN,Nordeste,Eletrônicos,2025-04-22 11:14:57,2025-04-27 11:14:57,Standard,2,-1.0,5.0,1.0,0,0.39018572158800474,0.01432,17.9,2025,4,April,2,6,Sunday
940,2025-04-12 05:25:49,237.29,215.6,0.0524,32.99,PIX,Confirmado,PE,Nordeste,Eletrônicos,2025-05-05 20:13:34,2025-05-10 20:13:34,Scheduled,4,28.0,5.0,1.0,1,0.1390281933499094,11.29744,53.9,2025,4,April,2,5,Saturday
941,2025-03-10 02:09:56,552.08,524.7,0.0107,32.99,PIX,Cancelado,RS,Sul,Eletrônicos,2025-04-26 01:36:40,2025-04-27 01:36:40,Scheduled,3,,,,0,0.05975583248804521,5.6142900000000004,174.9,2025,3,March,1,0,Monday
942,2025-02-19 16:47:33,148.36,129.86,0.1116,32.99,PIX,Processando,PA,Norte,Eletrônicos,2025-05-03 10:31:21,2025-05-04 10:31:21,Scheduled,1,73.0,1.0,1.0,0,0.22236451873820437,14.492376000000002,129.86,2025,2,February,1,2,Wednesday
943,2025-04-02 05:50:52,215.78,199.6,0.0842,32.99,Boleto,Em Analise,PB,Nordeste,Eletrônicos,2025-04-24 04:20:06,2025-04-29 04:20:06,Scheduled,4,26.0,5.0,1.0,0,0.1528871999258504,16.80632,49.9,2025,4,April,2,2,Wednesday
944,2025-03-22 04:43:42,190.73,161.7,0.0858,42.9,Boleto,Processando,SP,Sudeste,Eletrônicos,2025-04-20 07:36:30,2025-04-24 07:36:30,Same-Day,3,33.0,4.0,1.0,0,0.22492528705499923,13.873859999999999,53.9,2025,3,March,1,5,Saturday
945,2025-03-25 12:46:31,77.16,35.8,0.043,42.9,Credito,Em Analise,PB,Nordeste,Eletrônicos,2025-04-22 19:46:54,2025-04-22 19:46:54,Same-Day,2,28.0,0.0,0.0,0,0.5559875583203733,1.5393999999999997,17.9,2025,3,March,1,1,Tuesday
946,2025-04-17 00:14:45,1760.15,1979.1,0.1222,22.9,PIX,Confirmado,RO,Norte,Eletrônicos,2025-04-24 14:29:15,2025-04-25 14:29:15,Standard,1,8.0,1.0,1.0,1,0.013010254807828877,241.84601999999998,1979.1,2025,4,April,2,3,Thursday
947,2025-03-22 10:24:53,74.67,51.8,0.0005,22.9,Credito,Em Analise,MG,Sudeste,Eletrônicos,2025-04-16 18:37:52,2025-04-20 18:37:52,Standard,1,29.0,4.0,1.0,0,0.3066827373777956,0.0259,51.8,2025,3,March,1,5,Saturday
948,2025-03-25 17:37:43,944.45,949.0,0.05,42.9,Boleto,Em Analise,RJ,Sudeste,Eletrônicos,2025-05-06 01:15:16,2025-05-08 01:15:16,Same-Day,1,43.0,2.0,1.0,0,0.045423262216104605,47.45,949.0,2025,3,March,1,1,Tuesday
949,2025-04-12 23:06:28,5539.59,6099.98,0.0989,42.9,PIX,Cancelado,ES,Sudeste,Eletrônicos,2025-04-17 12:06:11,2025-04-20 12:06:11,Same-Day,2,,,,0,0.00774425544128717,603.288022,3049.99,2025,4,April,2,5,Saturday
950,2025-04-01 22:00:23,453.05,497.97,0.1362,22.9,Boleto,Cancelado,PR,Sul,Eletrônicos,2025-04-29 13:12:41,2025-05-03 13:12:41,Standard,3,,,,0,0.050546297318176794,67.823514,165.99,2025,4,April,2,1,Tuesday
951,2025-03-30 04:40:17,2124.94,2158.0,0.0352,42.9,Boleto,Processando,MA,Nordeste,Eletrônicos,2025-04-16 14:57:47,2025-04-18 14:57:47,Same-Day,2,19.0,2.0,1.0,0,0.02018880533097405,75.9616,1079.0,2025,3,March,1,6,Sunday
952,2025-03-04 16:54:34,490.52,497.97,0.0812,32.99,PIX,Confirmado,PI,Nordeste,Eletrônicos,2025-04-17 01:46:10,2025-04-18 01:46:10,Scheduled,3,44.0,1.0,1.0,1,0.06725515779173123,40.435164,165.99,2025,3,March,1,1,Tuesday
953,2025-03-02 12:40:37,500.68,497.97,0.0807,42.9,Boleto,Cancelado,RS,Sul,Eletrônicos,2025-04-30 23:41:47,2025-05-02 23:41:47,Same-Day,3,,,,0,0.08568347048014699,40.186178999999996,165.99,2025,3,March,1,6,Sunday
954,2025-04-16 22:33:53,183.4,161.7,0.1311,42.9,Debito,Processando,SP,Sudeste,Eletrônicos,2025-04-15 00:20:17,2025-04-19 00:20:17,Same-Day,3,2.0,4.0,1.0,0,0.23391494002181024,21.198869999999996,53.9,2025,4,April,2,2,Wednesday
955,2025-04-17 02:39:12,3790.05,3796.0,0.0076,22.9,Debito,Confirmado,PR,Sul,Eletrônicos,2025-04-25 07:07:40,2025-04-30 07:07:40,Standard,4,13.0,5.0,1.0,1,0.006042136647273782,28.8496,949.0,2025,4,April,2,3,Thursday
956,2025-05-12 18:49:27,2698.64,2847.0,0.0637,32.99,PIX,Cancelado,SC,Sul,Eletrônicos,2025-04-21 23:10:26,2025-04-26 23:10:26,Scheduled,3,,,,0,0.012224676133163373,181.3539,949.0,2025,5,May,2,0,Monday
957,2025-05-12 23:15:27,4768.91,4879.71,0.0274,22.9,Boleto,Processando,SP,Sudeste,Eletrônicos,2025-05-10 05:19:01,2025-05-14 05:19:01,Standard,3,1.0,4.0,1.0,0,0.004801935872138497,133.704054,1626.57,2025,5,May,2,0,Monday
958,2025-03-01 01:57:05,3269.54,3237.0,0.0032,42.9,Credito,Processando,ES,Sudeste,Eletrônicos,2025-04-18 00:16:34,2025-04-22 00:16:34,Same-Day,3,51.0,4.0,1.0,0,0.013121111838362582,10.358400000000001,1079.0,2025,3,March,1,5,Saturday
959,2025-03-03 01:07:05,4253.61,4316.0,0.0221,32.99,Credito,Processando,SC,Sul,Eletrônicos,2025-04-27 15:52:07,2025-05-01 15:52:07,Scheduled,4,59.0,4.0,1.0,0,0.007755765103053642,95.3836,1079.0,2025,3,March,1,0,Monday
960,2025-04-26 12:20:53,2767.76,3216.0,0.1465,22.9,Credito,Em Analise,TO,Norte,Eletrônicos,2025-05-02 08:06:28,2025-05-04 08:06:28,Standard,3,7.0,2.0,1.0,0,0.008273838772147874,471.14399999999995,1072.0,2025,4,April,2,5,Saturday
961,2025-03-25 15:49:14,1958.27,1979.1,0.0322,42.9,PIX,Cancelado,PR,Sul,Eletrônicos,2025-05-08 02:27:05,2025-05-13 02:27:05,Same-Day,1,,,,0,0.021907091463383495,63.727019999999996,1979.1,2025,3,March,1,1,Tuesday
962,2025-03-28 15:45:19,1366.67,1539.8,0.1403,42.9,Debito,Em Analise,SE,Nordeste,Eletrônicos,2025-05-03 01:34:48,2025-05-06 01:34:48,Same-Day,2,38.0,3.0,1.0,0,0.031390167341055264,216.03394,769.9,2025,3,March,1,4,Friday
963,2025-04-20 15:32:27,1071.97,1072.0,0.0308,32.99,Credito,Processando,RJ,Sudeste,Eletrônicos,2025-05-11 15:23:40,2025-05-15 15:23:40,Scheduled,1,24.0,4.0,1.0,0,0.030775114975232516,33.0176,1072.0,2025,4,April,2,6,Sunday
964,2025-03-11 22:40:34,2363.13,2697.0,0.1397,42.9,Debito,Processando,SE,Nordeste,Eletrônicos,2025-05-11 22:06:27,2025-05-15 22:06:27,Same-Day,3,64.0,4.0,1.0,0,0.018153889121631055,376.7709,899.0,2025,3,March,1,1,Tuesday
965,2025-02-19 18:02:30,322.28,331.98,0.0982,22.9,Debito,Confirmado,AC,Norte,Eletrônicos,2025-05-09 03:00:17,2025-05-10 03:00:17,Standard,2,79.0,1.0,1.0,1,0.07105622440114187,32.600436,165.99,2025,2,February,1,2,Wednesday
966,2025-04-08 13:38:07,2140.54,2144.0,0.017,32.99,Boleto,Confirmado,PR,Sul,Eletrônicos,2025-04-18 06:20:37,2025-04-19 06:20:37,Scheduled,2,10.0,1.0,1.0,1,0.01541199884141385,36.448,1072.0,2025,4,April,2,1,Tuesday
967,2025-02-22 09:10:18,1252.31,1347.0,0.0873,22.9,Credito,Confirmado,SE,Nordeste,Eletrônicos,2025-04-25 13:00:08,2025-04-27 13:00:08,Standard,3,64.0,2.0,1.0,1,0.018286207089298977,117.5931,449.0,2025,2,February,1,5,Saturday
968,2025-04-23 08:49:45,4679.45,4879.71,0.0478,32.99,Boleto,Confirmado,PA,Norte,Eletrônicos,2025-04-19 22:57:58,2025-04-23 22:57:58,Scheduled,3,0.0,4.0,1.0,1,0.007049973821709817,233.25013800000002,1626.57,2025,4,April,2,2,Wednesday
969,2025-05-08 14:07:30,221.11,199.6,0.0575,32.99,Credito,Em Analise,PE,Nordeste,Eletrônicos,2025-05-14 09:43:14,2025-05-16 09:43:14,Scheduled,4,7.0,2.0,1.0,0,0.14920175478268735,11.477,49.9,2025,5,May,2,3,Thursday
970,2025-03-14 05:05:14,861.63,898.0,0.066,22.9,Boleto,Em Analise,ES,Sudeste,Eletrônicos,2025-05-09 10:57:09,2025-05-09 10:57:09,Standard,2,56.0,0.0,0.0,0,0.026577533279946147,59.268,449.0,2025,3,March,1,4,Friday
971,2025-03-28 13:05:49,83.29,53.7,0.0634,32.99,Credito,Processando,ES,Sudeste,Eletrônicos,2025-05-04 19:52:17,2025-05-08 19:52:17,Scheduled,3,41.0,4.0,1.0,0,0.39608596470164487,3.40458,17.900000000000002,2025,3,March,1,4,Friday
972,2025-04-18 09:11:26,119.96,107.8,0.0996,22.9,PIX,Processando,BA,Nordeste,Eletrônicos,2025-05-05 15:47:49,2025-05-09 15:47:49,Standard,2,21.0,4.0,1.0,0,0.1908969656552184,10.73688,53.9,2025,4,April,2,4,Friday
973,2025-04-22 14:56:38,1551.1,1715.96,0.1153,32.99,PIX,Processando,MG,Sudeste,Eletrônicos,2025-04-27 08:12:20,2025-05-01 08:12:20,Scheduled,4,8.0,4.0,1.0,0,0.021268776996969895,197.850188,428.99,2025,4,April,2,1,Tuesday
974,2025-03-21 04:09:59,507.95,499.64,0.0494,32.99,Credito,Cancelado,RR,Norte,Eletrônicos,2025-05-14 01:12:51,2025-05-17 01:12:51,Scheduled,4,,,,0,0.06494733733635201,24.682216,124.91,2025,3,March,1,4,Friday
975,2025-04-06 14:34:14,144.84,129.86,0.1387,32.99,Debito,Em Analise,AP,Norte,Eletrônicos,2025-04-17 16:31:25,2025-04-20 16:31:25,Scheduled,1,14.0,3.0,1.0,0,0.22776857221761945,18.011582,129.86,2025,4,April,2,6,Sunday
976,2025-02-22 21:44:34,7894.64,9149.97,0.1408,32.99,Boleto,Cancelado,AP,Norte,Eletrônicos,2025-05-09 03:57:33,2025-05-11 03:57:33,Scheduled,3,,,,0,0.004178784593091009,1288.315776,3049.99,2025,2,February,1,5,Saturday
977,2025-04-28 21:20:22,3250.24,3237.0,0.0061,32.99,Debito,Processando,SE,Nordeste,Eletrônicos,2025-05-03 08:08:18,2025-05-03 08:08:18,Scheduled,3,4.0,0.0,0.0,0,0.0101500196908536,19.745700000000003,1079.0,2025,4,April,2,0,Monday
978,2025-04-11 09:00:29,1745.17,1715.96,0.0022,32.99,Boleto,Cancelado,RR,Norte,Eletrônicos,2025-05-11 08:10:06,2025-05-12 08:10:06,Scheduled,4,,,,0,0.018903602514368227,3.7751120000000005,428.99,2025,4,April,2,4,Friday
979,2025-02-24 09:37:11,8663.43,9208.0,0.0638,42.9,Credito,Cancelado,TO,Norte,Eletrônicos,2025-04-18 08:06:00,2025-04-18 08:06:00,Same-Day,2,,,,0,0.004951849325267244,587.4703999999999,4604.0,2025,2,February,1,0,Monday
980,2025-02-23 22:28:08,10019.61,10968.52,0.0886,22.9,Debito,Cancelado,SE,Nordeste,Eletrônicos,2025-05-09 16:46:36,2025-05-11 16:46:36,Standard,4,,,,0,0.002285518099007845,971.810872,2742.13,2025,2,February,1,6,Sunday
981,2025-04-26 15:45:05,669.26,663.96,0.0417,32.99,PIX,Confirmado,RN,Nordeste,Eletrônicos,2025-04-24 20:41:05,2025-04-25 20:41:05,Scheduled,4,-1.0,1.0,1.0,1,0.049293249260377134,27.687132000000002,165.99,2025,4,April,2,5,Saturday
982,2025-03-07 13:03:55,3671.24,3796.0,0.0389,22.9,Debito,Confirmado,AC,Norte,Eletrônicos,2025-05-16 23:45:13,2025-05-16 23:45:13,Standard,4,70.0,0.0,0.0,1,0.006237674464213726,147.6644,949.0,2025,3,March,1,4,Friday
983,2025-04-24 03:09:18,202.18,199.6,0.1018,22.9,Credito,Confirmado,RJ,Sudeste,Eletrônicos,2025-04-15 23:07:06,2025-04-19 23:07:06,Standard,4,-5.0,4.0,1.0,1,0.11326540706301315,20.31928,49.9,2025,4,April,2,3,Thursday
984,2025-04-13 08:53:50,1014.56,1079.0,0.0903,32.99,Debito,Cancelado,PR,Sul,Eletrônicos,2025-05-01 16:00:54,2025-05-02 16:00:54,Scheduled,1,,,,0,0.03251655890238133,97.4337,1079.0,2025,4,April,2,6,Sunday
985,2025-05-07 23:20:43,715.03,699.6,0.0251,32.99,Boleto,Em Analise,RO,Norte,Eletrônicos,2025-04-26 11:09:40,2025-04-28 11:09:40,Scheduled,4,-10.0,2.0,1.0,0,0.04613792428289722,17.55996,174.9,2025,5,May,2,2,Wednesday
986,2025-04-28 14:07:12,5172.32,5937.3,0.1327,22.9,Debito,Confirmado,RO,Norte,Eletrônicos,2025-04-28 16:20:44,2025-05-03 16:20:44,Standard,3,5.0,5.0,1.0,1,0.004427413617100257,787.87971,1979.1000000000001,2025,4,April,2,0,Monday
987,2025-03-06 13:09:27,8311.68,9208.0,0.102,42.9,PIX,Confirmado,RS,Sul,Eletrônicos,2025-04-15 02:10:39,2025-04-20 02:10:39,Same-Day,2,44.0,5.0,1.0,1,0.005161411411411411,939.2159999999999,4604.0,2025,3,March,1,3,Thursday
989,2025-05-11 07:13:48,167.35,149.7,0.1025,32.99,Credito,Em Analise,PR,Sul,Eletrônicos,2025-05-09 08:27:01,2025-05-12 08:27:01,Scheduled,3,1.0,3.0,1.0,0,0.197131759784882,15.344249999999997,49.9,2025,5,May,2,6,Sunday
990,2025-03-02 21:46:22,4569.09,4604.0,0.0169,42.9,Credito,Cancelado,AP,Norte,Eletrônicos,2025-05-06 08:44:44,2025-05-11 08:44:44,Same-Day,1,,,,0,0.0093891781514481,77.8076,4604.0,2025,3,March,1,6,Sunday
991,2025-04-11 01:16:51,1029.74,1072.0,0.0702,32.99,PIX,Em Analise,RS,Sul,Eletrônicos,2025-04-16 07:46:27,2025-04-21 07:46:27,Scheduled,1,10.0,5.0,1.0,0,0.03203721327713792,75.2544,1072.0,2025,4,April,2,4,Friday
992,2025-04-25 00:44:15,234.95,207.2,0.0253,32.99,Debito,Processando,MG,Sudeste,Eletrônicos,2025-04-21 18:27:06,2025-04-22 18:27:06,Scheduled,4,-3.0,1.0,1.0,0,0.1404128537986806,5.242159999999999,51.8,2025,4,April,2,4,Friday
993,2025-03-28 11:32:52,3815.36,3796.0,0.0062,42.9,Debito,Confirmado,ES,Sudeste,Eletrônicos,2025-04-14 18:08:17,2025-04-19 18:08:17,Same-Day,4,22.0,5.0,1.0,1,0.011244024154994547,23.5352,949.0,2025,3,March,1,4,Friday
994,2025-04-22 09:15:05,8774.14,9208.0,0.0507,32.99,Boleto,Cancelado,ES,Sudeste,Eletrônicos,2025-05-01 13:45:43,2025-05-02 13:45:43,Scheduled,2,,,,0,0.0037599126524080996,466.8456,4604.0,2025,4,April,2,1,Tuesday
995,2025-05-17 07:30:24,95.39,53.7,0.0226,42.9,PIX,Processando,PB,Nordeste,Eletrônicos,2025-04-23 08:20:08,2025-04-26 08:20:08,Same-Day,3,-21.0,3.0,1.0,0,0.44973267638117204,1.21362,17.900000000000002,2025,5,May,2,5,Saturday
996,2025-03-20 10:37:09,1740.59,1898.0,0.095,22.9,Boleto,Processando,ES,Sudeste,Eletrônicos,2025-05-10 15:20:46,2025-05-12 15:20:46,Standard,2,53.0,2.0,1.0,0,0.01315645844225234,180.31,949.0,2025,3,March,1,3,Thursday
997,2025-03-16 00:01:31,1812.0,1979.1,0.1011,32.99,Credito,Processando,RS,Sul,Eletrônicos,2025-04-19 23:55:23,2025-04-24 23:55:23,Scheduled,1,39.0,5.0,1.0,0,0.018206401766004417,200.08701,1979.1,2025,3,March,1,6,Sunday
998,2025-02-20 10:17:44,40.4,17.9,0.0223,22.9,PIX,Processando,SE,Nordeste,Eletrônicos,2025-04-30 17:38:14,2025-05-03 17:38:14,Standard,1,72.0,3.0,1.0,0,0.5668316831683168,0.39916999999999997,17.9,2025,2,February,1,3,Thursday
999,2025-05-11 10:41:10,5506.87,5484.26,0.0037,42.9,Debito,Processando,RO,Norte,Eletrônicos,2025-04-27 01:52:41,2025-04-27 01:52:41,Same-Day,2,-15.0,0.0,0.0,0,0.007790269245506068,20.291762000000002,2742.13,2025,5,May,2,6,Sunday
1000,2025-03-22 03:16:01,1156.85,1286.97,0.1189,22.9,PIX,Confirmado,RJ,Sudeste,Eletrônicos,2025-04-29 11:31:56,2025-05-03 11:31:56,Standard,3,42.0,4.0,1.0,1,0.019795133336214722,153.020733,428.99,2025,3,March,1,5,Saturday
1001,2025-04-05 04:00:35,2879.14,2847.0,0.0003,32.99,Credito,Processando,SC,Sul,Eletrônicos,2025-04-24 17:27:38,2025-04-29 17:27:38,Scheduled,3,24.0,5.0,1.0,0,0.0114582826816341,0.8541,949.0,2025,4,April,2,5,Saturday
1002,2025-04-03 01:32:55,6857.71,7196.04,0.0516,32.99,Debito,Processando,MG,Sudeste,Eletrônicos,2025-04-12 17:16:25,2025-04-17 17:16:25,Scheduled,4,14.0,5.0,1.0,0,0.004810643786336838,371.315664,1799.01,2025,4,April,2,3,Thursday
1003,2025-05-07 23:09:41,1025.45,1072.0,0.0742,32.99,PIX,Processando,AC,Norte,Eletrônicos,2025-04-29 09:43:34,2025-04-30 09:43:34,Scheduled,1,-8.0,1.0,1.0,0,0.03217124189380272,79.5424,1072.0,2025,5,May,2,2,Wednesday
1004,2025-03-09 01:55:33,2854.07,3216.0,0.1228,32.99,Credito,Processando,AC,Norte,Eletrônicos,2025-04-30 18:58:53,2025-05-05 18:58:53,Scheduled,3,57.0,5.0,1.0,0,0.011558931630969107,394.9248,1072.0,2025,3,March,1,6,Sunday
1005,2025-04-16 21:50:58,8041.8,9149.97,0.1258,42.9,Boleto,Processando,BA,Nordeste,Eletrônicos,2025-05-07 17:16:59,2025-05-11 17:16:59,Same-Day,3,24.0,4.0,1.0,0,0.00533462657613967,1151.066226,3049.99,2025,4,April,2,2,Wednesday
1006,2025-03-28 06:23:45,878.83,949.0,0.1087,32.99,Debito,Em Analise,SC,Sul,Eletrônicos,2025-04-24 21:51:28,2025-04-28 21:51:28,Scheduled,1,31.0,4.0,1.0,0,0.037538545566264236,103.1563,949.0,2025,3,March,1,4,Friday
1007,2025-05-06 06:49:06,283.45,249.82,0.0371,42.9,Boleto,Confirmado,RS,Sul,Eletrônicos,2025-05-13 06:37:09,2025-05-13 06:37:09,Same-Day,2,6.0,0.0,0.0,1,0.1513494443464456,9.268322,124.91,2025,5,May,2,1,Tuesday
1008,2025-02-18 12:28:46,3872.77,4316.0,0.108,22.9,Boleto,Cancelado,RR,Norte,Eletrônicos,2025-05-07 03:35:27,2025-05-09 03:35:27,Standard,4,,,,0,0.005913080301696201,466.128,1079.0,2025,2,February,1,1,Tuesday
1009,2025-05-12 08:55:11,3495.94,3596.0,0.037,32.99,Boleto,Cancelado,PE,Nordeste,Eletrônicos,2025-04-19 07:33:47,2025-04-20 07:33:47,Scheduled,4,,,,0,0.009436660812256503,133.052,899.0,2025,5,May,2,0,Monday
1010,2025-02-18 01:26:50,3696.67,3796.0,0.0322,22.9,Debito,Processando,ES,Sudeste,Eletrônicos,2025-05-04 22:55:26,2025-05-08 22:55:26,Standard,4,79.0,4.0,1.0,0,0.006194764477218686,122.2312,949.0,2025,2,February,1,1,Tuesday
1011,2025-03-04 21:38:15,5056.9,5484.26,0.0821,22.9,Debito,Em Analise,MA,Nordeste,Eletrônicos,2025-04-27 18:09:17,2025-04-30 18:09:17,Standard,2,56.0,3.0,1.0,0,0.004528466056279539,450.25774600000005,2742.13,2025,3,March,1,1,Tuesday
1012,2025-02-27 03:44:07,3264.73,3598.02,0.1018,32.99,PIX,Confirmado,SP,Sudeste,Eletrônicos,2025-04-17 00:12:36,2025-04-21 00:12:36,Scheduled,2,52.0,4.0,1.0,1,0.010104970395714194,366.278436,1799.01,2025,2,February,1,3,Thursday
1013,2025-03-26 06:18:38,934.71,899.0,0.008,42.9,Debito,Processando,AM,Norte,Eletrônicos,2025-05-14 06:58:44,2025-05-16 06:58:44,Same-Day,1,51.0,2.0,1.0,0,0.04589658824662194,7.192,899.0,2025,3,March,1,2,Wednesday
1014,2025-02-17 21:37:31,3588.54,3598.02,0.009,22.9,PIX,Em Analise,BA,Nordeste,Eletrônicos,2025-04-28 10:11:15,2025-04-28 10:11:15,Standard,2,69.0,0.0,0.0,0,0.006381425315030625,32.38218,1799.01,2025,2,February,1,0,Monday
1015,2025-03-17 23:11:30,4862.21,5484.26,0.1176,22.9,Boleto,Processando,PA,Norte,Eletrônicos,2025-04-29 01:57:19,2025-05-04 01:57:19,Standard,2,47.0,5.0,1.0,0,0.004709792460630043,644.948976,2742.13,2025,3,March,1,0,Monday
1016,2025-05-08 12:28:49,5194.88,5937.3,0.1289,22.9,Credito,Cancelado,SC,Sul,Eletrônicos,2025-04-16 18:46:05,2025-04-17 18:46:05,Standard,3,,,,0,0.004408186522114081,765.31797,1979.1000000000001,2025,5,May,2,3,Thursday
1017,2025-05-14 11:48:39,71.73,53.7,0.0907,22.9,Credito,Processando,AM,Norte,Eletrônicos,2025-04-18 12:44:32,2025-04-21 12:44:32,Standard,3,-23.0,3.0,1.0,0,0.3192527533807333,4.87059,17.900000000000002,2025,5,May,2,2,Wednesday
1018,2025-02-26 03:56:45,743.3,769.9,0.0643,22.9,Boleto,Processando,AC,Norte,Eletrônicos,2025-04-30 22:13:40,2025-05-01 22:13:40,Standard,1,64.0,1.0,1.0,0,0.03080855643750841,49.504569999999994,769.9,2025,2,February,1,2,Wednesday
1019,2025-02-19 16:20:13,4831.76,5484.26,0.1268,42.9,Boleto,Cancelado,AP,Norte,Eletrônicos,2025-04-15 02:57:00,2025-04-19 02:57:00,Same-Day,2,,,,0,0.008878752255906749,695.404168,2742.13,2025,2,February,1,2,Wednesday
1020,2025-05-06 04:13:23,987.82,1072.0,0.1093,32.99,Credito,Processando,RJ,Sudeste,Eletrônicos,2025-05-06 12:50:31,2025-05-06 12:50:31,Scheduled,1,0.0,0.0,0.0,0,0.03339677269138102,117.16959999999999,1072.0,2025,5,May,2,1,Tuesday
1021,2025-04-19 03:27:34,1609.74,1715.96,0.0869,42.9,Debito,Em Analise,MG,Sudeste,Eletrônicos,2025-05-01 04:35:45,2025-05-01 04:35:45,Same-Day,4,12.0,0.0,0.0,0,0.026650266502665027,149.116924,428.99,2025,4,April,2,5,Saturday
1022,2025-03-11 04:52:49,1744.69,1798.0,0.048,32.99,Credito,Confirmado,TO,Norte,Eletrônicos,2025-05-03 12:33:23,2025-05-06 12:33:23,Scheduled,2,56.0,3.0,1.0,1,0.018908803283104736,86.304,899.0,2025,3,March,1,1,Tuesday
1023,2025-05-12 23:48:33,7005.22,7196.04,0.0297,22.9,Credito,Cancelado,SP,Sudeste,Eletrônicos,2025-04-29 01:56:06,2025-04-29 01:56:06,Standard,4,,,,0,0.003268990838260611,213.722388,1799.01,2025,5,May,2,0,Monday
1024,2025-03-01 18:34:04,143.93,107.8,0.0628,42.9,PIX,Processando,AM,Norte,Eletrônicos,2025-04-24 13:07:33,2025-04-27 13:07:33,Same-Day,2,56.0,3.0,1.0,0,0.2980615577016605,6.769839999999999,53.9,2025,3,March,1,5,Saturday
1025,2025-02-25 23:52:39,1859.29,1898.0,0.043,42.9,Credito,Cancelado,PA,Norte,Eletrônicos,2025-04-20 09:31:55,2025-04-20 09:31:55,Same-Day,2,,,,0,0.02307332368807448,81.61399999999999,949.0,2025,2,February,1,1,Tuesday
1026,2025-04-05 06:25:16,2917.65,3049.99,0.0509,22.9,Credito,Confirmado,ES,Sudeste,Eletrônicos,2025-05-08 20:07:29,2025-05-09 20:07:29,Standard,1,34.0,1.0,1.0,1,0.007848782410501602,155.24449099999998,3049.99,2025,4,April,2,5,Saturday
1027,2025-04-18 17:25:26,824.65,857.98,0.0773,32.99,Debito,Em Analise,PI,Nordeste,Eletrônicos,2025-04-14 14:06:23,2025-04-17 14:06:23,Scheduled,2,-2.0,3.0,1.0,0,0.040004850542654465,66.321854,428.99,2025,4,April,2,4,Friday
1028,2025-04-13 18:50:05,3024.28,3079.6,0.0254,22.9,PIX,Confirmado,ES,Sudeste,Eletrônicos,2025-05-10 02:57:31,2025-05-14 02:57:31,Standard,4,30.0,4.0,1.0,1,0.007572050206991415,78.22184,769.9,2025,4,April,2,6,Sunday
1029,2025-04-25 04:56:33,1174.28,1286.97,0.1209,42.9,PIX,Cancelado,AP,Norte,Eletrônicos,2025-05-09 08:51:38,2025-05-10 08:51:38,Same-Day,3,,,,0,0.036533024491603366,155.594673,428.99,2025,4,April,2,4,Friday
1030,2025-02-24 03:57:02,1081.62,1072.0,0.0218,32.99,Credito,Cancelado,AC,Norte,Eletrônicos,2025-05-12 03:24:35,2025-05-13 03:24:35,Scheduled,1,,,,0,0.03050054547807918,23.3696,1072.0,2025,2,February,1,0,Monday
1031,2025-02-22 10:48:11,8567.0,9208.0,0.0721,22.9,Debito,Em Analise,BA,Nordeste,Eletrônicos,2025-05-09 13:56:09,2025-05-12 13:56:09,Standard,2,79.0,3.0,1.0,0,0.002673047741333022,663.8968,4604.0,2025,2,February,1,5,Saturday
1032,2025-03-08 16:02:22,1477.55,1626.57,0.1119,32.99,Boleto,Processando,SP,Sudeste,Eletrônicos,2025-05-13 04:31:55,2025-05-17 04:31:55,Scheduled,1,69.0,4.0,1.0,0,0.022327501607390617,182.013183,1626.57,2025,3,March,1,5,Saturday
1033,2025-04-05 19:52:02,76.09,35.8,0.0728,42.9,PIX,Confirmado,BA,Nordeste,Eletrônicos,2025-05-04 18:18:29,2025-05-06 18:18:29,Same-Day,2,30.0,2.0,1.0,1,0.5638060191878038,2.60624,17.9,2025,4,April,2,5,Saturday
1034,2025-03-06 05:27:17,1828.12,1898.0,0.0542,32.99,Debito,Em Analise,PR,Sul,Eletrônicos,2025-05-04 02:45:43,2025-05-07 02:45:43,Scheduled,2,61.0,3.0,1.0,0,0.018045861322013874,102.8716,949.0,2025,3,March,1,3,Thursday
1035,2025-05-03 23:27:50,5708.56,6099.98,0.0712,42.9,Boleto,Confirmado,RN,Nordeste,Eletrônicos,2025-05-07 09:00:10,2025-05-07 09:00:10,Same-Day,2,3.0,0.0,0.0,1,0.007515030060120239,434.31857599999995,3049.99,2025,5,May,2,5,Saturday
1036,2025-02-23 15:22:20,223.72,207.2,0.1273,42.9,PIX,Cancelado,ES,Sudeste,Eletrônicos,2025-04-17 23:37:15,2025-04-20 23:37:15,Same-Day,4,,,,0,0.19175755408546397,26.376559999999998,51.8,2025,2,February,1,6,Sunday
1037,2025-02-20 13:28:42,698.39,769.9,0.1486,42.9,Boleto,Processando,ES,Sudeste,Eletrônicos,2025-04-24 00:54:23,2025-04-29 00:54:23,Same-Day,1,67.0,5.0,1.0,0,0.06142699637738226,114.40714,769.9,2025,2,February,1,3,Thursday
1038,2025-05-02 11:26:40,1198.08,1286.97,0.0947,32.99,Boleto,Confirmado,AP,Norte,Eletrônicos,2025-05-05 00:53:36,2025-05-09 00:53:36,Scheduled,3,6.0,4.0,1.0,1,0.027535723824786328,121.87605900000001,428.99,2025,5,May,2,4,Friday
1039,2025-04-02 11:28:51,78.63,51.8,0.119,32.99,Credito,Em Analise,PA,Norte,Eletrônicos,2025-05-01 15:28:10,2025-05-02 15:28:10,Scheduled,1,30.0,1.0,1.0,0,0.4195599643901819,6.164199999999999,51.8,2025,4,April,2,2,Wednesday
1040,2025-03-01 10:40:30,391.93,349.8,0.0022,42.9,PIX,Confirmado,RS,Sul,Eletrônicos,2025-04-20 19:00:45,2025-04-25 19:00:45,Same-Day,2,55.0,5.0,1.0,1,0.1094583216390682,0.76956,174.9,2025,3,March,1,5,Saturday
1041,2025-02-23 00:33:43,2842.38,3237.0,0.1321,32.99,Credito,Cancelado,ES,Sudeste,Eletrônicos,2025-04-17 00:46:29,2025-04-20 00:46:29,Scheduled,3,,,,0,0.011606470633764663,427.60769999999997,1079.0,2025,2,February,1,6,Sunday
1042,2025-05-14 09:37:55,58.24,17.9,0.1431,42.9,Boleto,Cancelado,PR,Sul,Eletrônicos,2025-05-09 08:32:28,2025-05-13 08:32:28,Same-Day,1,,,,0,0.7366071428571428,2.56149,17.9,2025,5,May,2,2,Wednesday
1043,2025-04-20 21:21:01,2846.82,3079.6,0.0863,32.99,PIX,Em Analise,PE,Nordeste,Eletrônicos,2025-04-27 23:02:23,2025-05-02 23:02:23,Scheduled,4,12.0,5.0,1.0,0,0.011588368776389094,265.76948,769.9,2025,4,April,2,6,Sunday
1044,2025-05-07 05:13:41,155.67,149.7,0.1131,22.9,Debito,Confirmado,MG,Sudeste,Eletrônicos,2025-05-12 01:40:27,2025-05-13 01:40:27,Standard,3,5.0,1.0,1.0,1,0.14710605768613091,16.93107,49.9,2025,5,May,2,2,Wednesday
1045,2025-04-22 11:28:18,502.58,497.97,0.0769,42.9,Debito,Confirmado,SP,Sudeste,Eletrônicos,2025-04-30 04:10:53,2025-05-04 04:10:53,Same-Day,3,11.0,4.0,1.0,1,0.08535954474909467,38.293893,165.99,2025,4,April,2,1,Tuesday
1046,2025-03-07 10:16:44,4173.74,4316.0,0.0429,42.9,Boleto,Confirmado,MA,Nordeste,Eletrônicos,2025-04-30 12:33:48,2025-04-30 12:33:48,Same-Day,4,54.0,0.0,0.0,1,0.010278551131598998,185.1564,1079.0,2025,3,March,1,4,Friday
1047,2025-03-29 10:15:53,146.25,129.86,0.1278,32.99,Debito,Em Analise,PR,Sul,Eletrônicos,2025-04-25 06:52:30,2025-04-28 06:52:30,Scheduled,1,29.0,3.0,1.0,0,0.22557264957264958,16.596108,129.86,2025,3,March,1,5,Saturday
1049,2025-03-30 06:11:03,156.96,124.91,0.0869,42.9,Boleto,Processando,TO,Norte,Eletrônicos,2025-04-18 02:09:20,2025-04-20 02:09:20,Same-Day,1,20.0,2.0,1.0,0,0.2733180428134556,10.854679,124.91,2025,3,March,1,6,Sunday
1050,2025-04-08 10:10:48,2503.92,2742.13,0.0989,32.99,Boleto,Processando,ES,Sudeste,Eletrônicos,2025-05-12 08:32:59,2025-05-13 08:32:59,Scheduled,1,34.0,1.0,1.0,0,0.013175341065209751,271.196657,2742.13,2025,4,April,2,1,Tuesday
1051,2025-03-28 14:47:38,2858.34,3253.14,0.1284,22.9,Boleto,Confirmado,RN,Nordeste,Eletrônicos,2025-05-09 16:33:51,2025-05-13 16:33:51,Standard,2,46.0,4.0,1.0,1,0.008011643121532077,417.7031759999999,1626.57,2025,3,March,1,4,Friday
1052,2025-02-24 16:35:53,414.88,428.99,0.1098,32.99,PIX,Cancelado,AP,Norte,Eletrônicos,2025-04-22 01:10:11,2025-04-22 01:10:11,Scheduled,1,,,,0,0.07951696876205168,47.103102,428.99,2025,2,February,1,0,Monday
1053,2025-03-17 09:31:24,7708.35,7916.4,0.0317,42.9,Boleto,Cancelado,AC,Norte,Eletrônicos,2025-05-09 14:34:03,2025-05-14 14:34:03,Same-Day,4,,,,0,0.005565393372122438,250.94987999999998,1979.1,2025,3,March,1,0,Monday
1054,2025-03-13 19:59:16,1703.27,1796.0,0.07,32.99,PIX,Em Analise,SC,Sul,Eletrônicos,2025-04-29 02:52:58,2025-05-01 02:52:58,Scheduled,4,48.0,2.0,1.0,0,0.019368626230720908,125.72000000000001,449.0,2025,3,March,1,3,Thursday
1055,2025-03-29 09:01:30,1554.89,1796.0,0.147,22.9,PIX,Em Analise,SC,Sul,Eletrônicos,2025-05-13 12:48:52,2025-05-16 12:48:52,Standard,4,48.0,3.0,1.0,0,0.014727729935879707,264.012,449.0,2025,3,March,1,5,Saturday
1056,2025-03-01 18:14:56,1202.79,1286.97,0.0832,22.9,PIX,Processando,RO,Norte,Eletrônicos,2025-05-11 00:30:36,2025-05-13 00:30:36,Standard,3,72.0,2.0,1.0,0,0.019039067501392594,107.075904,428.99,2025,3,March,1,5,Saturday
1057,2025-02-26 17:58:13,493.77,524.7,0.1407,42.9,Debito,Cancelado,PR,Sul,Eletrônicos,2025-04-27 13:32:09,2025-04-28 13:32:09,Same-Day,3,,,,0,0.08688255665593292,73.82529,174.9,2025,2,February,1,2,Wednesday
1058,2025-05-14 01:46:48,4858.08,5484.26,0.122,42.9,Boleto,Em Analise,PA,Norte,Eletrônicos,2025-05-04 16:04:06,2025-05-09 16:04:06,Same-Day,2,-5.0,5.0,1.0,0,0.008830649145341369,669.0797200000001,2742.13,2025,5,May,2,2,Wednesday
1059,2025-03-21 08:59:22,1652.28,1799.01,0.0999,32.99,Debito,Cancelado,PE,Nordeste,Eletrônicos,2025-04-17 05:39:37,2025-04-20 05:39:37,Scheduled,1,,,,0,0.0199663495291355,179.721099,1799.01,2025,3,March,1,4,Friday
1060,2025-04-27 07:45:00,2211.57,2309.7,0.0524,22.9,Boleto,Em Analise,SP,Sudeste,Eletrônicos,2025-04-24 22:54:15,2025-04-28 22:54:15,Standard,3,1.0,4.0,1.0,0,0.010354634942597338,121.02828,769.9,2025,4,April,2,6,Sunday
1061,2025-03-09 21:43:10,4162.09,4316.0,0.0456,42.9,Boleto,Cancelado,SP,Sudeste,Eletrônicos,2025-04-25 07:41:19,2025-04-28 07:41:19,Same-Day,4,,,,0,0.010307321562003703,196.80960000000002,1079.0,2025,3,March,1,6,Sunday
1062,2025-03-02 00:58:24,2510.5,2742.13,0.0965,32.99,PIX,Processando,CE,Nordeste,Eletrônicos,2025-04-24 13:18:21,2025-04-26 13:18:21,Scheduled,1,55.0,2.0,1.0,0,0.013140808603863774,264.615545,2742.13,2025,3,March,1,6,Sunday
1063,2025-05-15 07:37:55,1627.49,1715.96,0.0649,22.9,Credito,Em Analise,CE,Nordeste,Eletrônicos,2025-04-20 20:55:34,2025-04-20 20:55:34,Standard,4,-25.0,0.0,0.0,0,0.014070746978476057,111.365804,428.99,2025,5,May,2,3,Thursday
1064,2025-04-06 10:39:47,4850.15,5484.26,0.1198,22.9,Debito,Em Analise,AP,Norte,Eletrônicos,2025-04-24 15:52:11,2025-04-26 15:52:11,Standard,2,20.0,2.0,1.0,0,0.004721503458655918,657.014348,2742.13,2025,4,April,2,6,Sunday
1065,2025-03-27 06:09:11,631.1,663.96,0.1141,42.9,Debito,Cancelado,RS,Sul,Eletrônicos,2025-04-27 22:24:27,2025-05-02 22:24:27,Same-Day,4,,,,0,0.06797654888290286,75.757836,165.99,2025,3,March,1,3,Thursday
1066,2025-04-20 11:21:00,228.41,215.6,0.0468,22.9,PIX,Cancelado,RO,Norte,Eletrônicos,2025-04-29 05:08:16,2025-04-29 05:08:16,Standard,4,,,,0,0.10025830742962216,10.09008,53.9,2025,4,April,2,6,Sunday
1067,2025-05-02 06:54:55,135.58,103.6,0.1054,42.9,Debito,Confirmado,SE,Nordeste,Eletrônicos,2025-04-26 22:38:03,2025-04-28 22:38:03,Same-Day,2,-4.0,2.0,1.0,1,0.3164183507892019,10.919439999999998,51.8,2025,5,May,2,4,Friday
1068,2025-04-08 21:10:29,125.38,99.8,0.0742,32.99,Debito,Confirmado,RS,Sul,Eletrônicos,2025-04-27 21:16:40,2025-04-29 21:16:40,Scheduled,2,21.0,2.0,1.0,1,0.2631201148508534,7.40516,49.9,2025,4,April,2,1,Tuesday
1069,2025-05-17 07:22:12,1906.01,1979.1,0.0485,22.9,Credito,Confirmado,AP,Norte,Eletrônicos,2025-05-10 19:57:57,2025-05-15 19:57:57,Standard,1,-2.0,5.0,1.0,1,0.012014627415386068,95.98635,1979.1,2025,5,May,2,5,Saturday
1070,2025-02-21 12:38:45,1306.52,1347.0,0.0619,42.9,Boleto,Em Analise,AP,Norte,Eletrônicos,2025-04-16 15:37:22,2025-04-20 15:37:22,Same-Day,3,58.0,4.0,1.0,0,0.032835318250007656,83.3793,449.0,2025,2,February,1,4,Friday
1071,2025-05-10 05:12:28,1441.11,1626.57,0.1343,32.99,Debito,Cancelado,CE,Nordeste,Eletrônicos,2025-04-23 03:55:29,2025-04-28 03:55:29,Scheduled,1,,,,0,0.022892076246782,218.448351,1626.57,2025,5,May,2,5,Saturday
1072,2025-02-24 06:35:13,1666.37,1715.96,0.0539,42.9,Debito,Processando,SP,Sudeste,Eletrônicos,2025-04-15 02:10:58,2025-04-19 02:10:58,Same-Day,4,53.0,4.0,1.0,0,0.025744582535691354,92.490244,428.99,2025,2,February,1,0,Monday
1073,2025-02-19 18:41:28,892.29,898.0,0.0431,32.99,Credito,Confirmado,RR,Norte,Eletrônicos,2025-04-21 12:29:10,2025-04-26 12:29:10,Scheduled,2,65.0,5.0,1.0,1,0.03697228479530198,38.7038,449.0,2025,2,February,1,2,Wednesday
1074,2025-04-18 21:06:18,1055.02,1079.0,0.0528,32.99,Boleto,Confirmado,MG,Sudeste,Eletrônicos,2025-05-12 23:41:12,2025-05-12 23:41:12,Scheduled,1,24.0,0.0,0.0,1,0.03126954939242858,56.9712,1079.0,2025,4,April,2,4,Friday
1076,2025-05-04 02:52:52,5624.51,6099.98,0.0817,22.9,PIX,Confirmado,CE,Nordeste,Eletrônicos,2025-04-22 00:03:56,2025-04-24 00:03:56,Standard,2,-11.0,2.0,1.0,1,0.004071465781019146,498.3683659999999,3049.99,2025,5,May,2,6,Sunday
1077,2025-04-09 19:33:20,71.7,49.9,0.0221,22.9,Debito,Processando,TO,Norte,Eletrônicos,2025-05-03 19:35:21,2025-05-03 19:35:21,Standard,1,24.0,0.0,0.0,0,0.31938633193863314,1.10279,49.9,2025,4,April,2,2,Wednesday
1078,2025-03-02 03:53:48,169.34,155.4,0.1226,32.99,Debito,Confirmado,AC,Norte,Eletrônicos,2025-05-04 02:55:38,2025-05-04 02:55:38,Scheduled,3,62.0,0.0,0.0,1,0.19481516475729302,19.05204,51.800000000000004,2025,3,March,1,6,Sunday
1079,2025-02-26 12:34:51,949.91,949.0,0.0338,32.99,PIX,Em Analise,MA,Nordeste,Eletrônicos,2025-04-28 17:24:59,2025-04-29 17:24:59,Scheduled,1,62.0,1.0,1.0,0,0.03472960596267015,32.0762,949.0,2025,2,February,1,2,Wednesday
1080,2025-03-10 12:35:54,477.72,499.64,0.0897,22.9,Boleto,Confirmado,RS,Sul,Eletrônicos,2025-05-03 18:29:02,2025-05-03 18:29:02,Standard,4,54.0,0.0,0.0,1,0.04793602947333165,44.817708,124.91,2025,3,March,1,0,Monday
1081,2025-04-02 13:18:32,5424.06,5484.26,0.0188,42.9,Boleto,Processando,ES,Sudeste,Eletrônicos,2025-04-18 03:03:04,2025-04-19 03:03:04,Same-Day,2,16.0,1.0,1.0,0,0.00790920454419752,103.104088,2742.13,2025,4,April,2,2,Wednesday
1082,2025-03-07 23:16:40,689.87,769.9,0.1468,32.99,Boleto,Processando,AP,Norte,Eletrônicos,2025-04-27 13:57:33,2025-05-01 13:57:33,Scheduled,1,54.0,4.0,1.0,0,0.04782060388189079,113.02132,769.9,2025,3,March,1,4,Friday
1083,2025-03-03 12:50:32,684.88,699.6,0.0682,32.99,Debito,Cancelado,CE,Nordeste,Eletrônicos,2025-05-07 17:56:25,2025-05-09 17:56:25,Scheduled,4,,,,0,0.04816902231047775,47.71272,174.9,2025,3,March,1,0,Monday
1084,2025-04-20 22:35:41,1922.54,2144.0,0.1233,42.9,Debito,Confirmado,AC,Norte,Eletrônicos,2025-04-17 06:08:19,2025-04-18 06:08:19,Same-Day,2,-3.0,1.0,1.0,1,0.02231423013305315,264.3552,1072.0,2025,4,April,2,6,Sunday
1085,2025-04-20 20:34:25,96.33,71.6,0.1153,32.99,Boleto,Confirmado,AP,Norte,Eletrônicos,2025-04-27 18:04:43,2025-04-27 18:04:43,Scheduled,4,6.0,0.0,0.0,1,0.3424685975293263,8.255479999999999,17.9,2025,4,April,2,6,Sunday
1086,2025-03-07 10:06:48,1626.55,1796.0,0.1071,22.9,Credito,Processando,SC,Sul,Eletrônicos,2025-04-21 19:02:05,2025-04-21 19:02:05,Standard,4,45.0,0.0,0.0,0,0.014078878608096892,192.3516,449.0,2025,3,March,1,4,Friday
1087,2025-03-14 10:24:32,3813.37,4316.0,0.1241,32.99,Debito,Em Analise,PR,Sul,Eletrônicos,2025-04-17 17:13:21,2025-04-18 17:13:21,Scheduled,4,35.0,1.0,1.0,0,0.008651140592179621,535.6156,1079.0,2025,3,March,1,4,Friday
1088,2025-03-17 23:47:09,135.03,103.6,0.0151,32.99,PIX,Processando,PR,Sul,Eletrônicos,2025-04-22 17:16:52,2025-04-27 17:16:52,Scheduled,2,40.0,5.0,1.0,0,0.2443160779086129,1.56436,51.8,2025,3,March,1,0,Monday
1089,2025-03-22 11:38:24,256.18,259.72,0.1018,22.9,Debito,Confirmado,MA,Nordeste,Eletrônicos,2025-04-17 01:49:37,2025-04-20 01:49:37,Standard,2,28.0,3.0,1.0,1,0.08939027246467326,26.439496000000002,129.86,2025,3,March,1,5,Saturday
1090,2025-03-21 01:45:23,50.18,17.9,0.0399,32.99,Credito,Cancelado,SP,Sudeste,Eletrônicos,2025-05-07 05:09:23,2025-05-08 05:09:23,Scheduled,1,,,,0,0.6574332403347948,0.7142099999999999,17.9,2025,3,March,1,4,Friday
1091,2025-05-01 12:25:37,233.08,215.6,0.1179,42.9,PIX,Processando,RO,Norte,Eletrônicos,2025-04-19 03:57:29,2025-04-21 03:57:29,Same-Day,4,-11.0,2.0,1.0,0,0.1840569761455294,25.419240000000002,53.9,2025,5,May,2,3,Thursday
1092,2025-04-25 06:34:29,682.32,769.9,0.1435,22.9,PIX,Em Analise,PE,Nordeste,Eletrônicos,2025-05-11 04:06:32,2025-05-11 04:06:32,Standard,1,15.0,0.0,0.0,0,0.03356196506038222,110.48064999999998,769.9,2025,4,April,2,4,Friday
1093,2025-03-08 00:25:04,810.45,899.0,0.1352,32.99,Boleto,Confirmado,SC,Sul,Eletrônicos,2025-05-07 08:13:36,2025-05-09 08:13:36,Scheduled,1,62.0,2.0,1.0,1,0.040705780739095566,121.5448,899.0,2025,3,March,1,5,Saturday
1094,2025-02-16 13:54:24,120.98,99.8,0.0172,22.9,Credito,Confirmado,AC,Norte,Eletrônicos,2025-04-24 17:02:47,2025-04-29 17:02:47,Standard,2,72.0,5.0,1.0,1,0.18928748553479913,1.7165599999999999,49.9,2025,2,February,1,6,Sunday
1095,2025-04-16 20:04:03,150.98,124.91,0.0554,32.99,Debito,Cancelado,PR,Sul,Eletrônicos,2025-05-16 07:00:42,2025-05-16 07:00:42,Scheduled,1,,,,0,0.21850576235262953,6.920013999999999,124.91,2025,4,April,2,2,Wednesday
1096,2025-05-05 00:44:13,4096.78,4288.0,0.0546,42.9,Credito,Cancelado,PB,Nordeste,Eletrônicos,2025-05-01 05:19:00,2025-05-06 05:19:00,Same-Day,4,,,,0,0.010471638701614439,234.12480000000002,1072.0,2025,5,May,2,0,Monday
1097,2025-04-18 17:19:22,8118.75,8226.39,0.0183,42.9,PIX,Confirmado,PA,Norte,Eletrônicos,2025-04-22 18:22:45,2025-04-27 18:22:45,Same-Day,3,9.0,5.0,1.0,1,0.005284064665127021,150.542937,2742.1299999999997,2025,4,April,2,4,Friday
1098,2025-05-17 06:50:45,544.79,519.44,0.0147,32.99,PIX,Confirmado,SC,Sul,Eletrônicos,2025-04-19 20:24:58,2025-04-20 20:24:58,Scheduled,4,-27.0,1.0,1.0,1,0.06055544338185356,7.6357680000000006,129.86,2025,5,May,2,5,Saturday
1099,2025-02-25 07:10:00,1493.85,1539.8,0.0577,42.9,Credito,Cancelado,RJ,Sudeste,Eletrônicos,2025-05-04 14:55:45,2025-05-07 14:55:45,Same-Day,2,,,,0,0.02871774274525555,88.84646,769.9,2025,2,February,1,1,Tuesday
1100,2025-04-23 00:19:24,315.57,331.98,0.1488,32.99,PIX,Processando,MG,Sudeste,Eletrônicos,2025-04-20 03:38:38,2025-04-20 03:38:38,Scheduled,2,-3.0,0.0,0.0,0,0.10454098932091138,49.398624,165.99,2025,4,April,2,2,Wednesday
1101,2025-04-07 00:16:51,65.74,35.8,0.0853,32.99,Credito,Confirmado,MG,Sudeste,Eletrônicos,2025-05-04 18:24:09,2025-05-08 18:24:09,Scheduled,2,31.0,4.0,1.0,1,0.5018253726802556,3.05374,17.9,2025,4,April,2,0,Monday
1102,2025-04-18 12:05:14,91.77,53.9,0.0933,42.9,PIX,Cancelado,ES,Sudeste,Eletrônicos,2025-04-13 23:05:39,2025-04-17 23:05:39,Same-Day,1,,,,0,0.4674730304020922,5.0288699999999995,53.9,2025,4,April,2,4,Friday
1103,2025-05-05 16:43:31,2015.32,2144.0,0.0707,22.9,Credito,Processando,MG,Sudeste,Eletrônicos,2025-04-28 10:37:22,2025-04-28 10:37:22,Standard,2,-8.0,0.0,0.0,0,0.011362959728479845,151.5808,1072.0,2025,5,May,2,0,Monday
1104,2025-04-16 20:23:30,3598.14,3958.2,0.0993,32.99,Credito,Processando,AP,Norte,Eletrônicos,2025-05-07 08:07:11,2025-05-08 08:07:11,Scheduled,2,21.0,1.0,1.0,0,0.009168626012328592,393.04926,1979.1,2025,4,April,2,2,Wednesday
1105,2025-04-16 10:01:15,236.87,249.82,0.1435,22.9,Boleto,Processando,ES,Sudeste,Eletrônicos,2025-04-19 15:17:23,2025-04-23 15:17:23,Standard,2,7.0,4.0,1.0,0,0.09667750242749186,35.849169999999994,124.91,2025,4,April,2,2,Wednesday
1106,2025-05-16 17:30:21,414.01,428.99,0.0883,22.9,Credito,Em Analise,RS,Sul,Eletrônicos,2025-05-09 18:28:29,2025-05-10 18:28:29,Standard,1,-6.0,1.0,1.0,0,0.0553126736069177,37.879817,428.99,2025,5,May,2,4,Friday
1107,2025-03-08 14:05:43,156.68,124.91,0.0098,32.99,Debito,Processando,PB,Nordeste,Eletrônicos,2025-04-29 12:00:41,2025-05-01 12:00:41,Scheduled,1,53.0,2.0,1.0,0,0.21055654837886137,1.2241179999999998,124.91,2025,3,March,1,5,Saturday
1108,2025-04-06 09:51:31,1855.74,1979.1,0.0739,22.9,PIX,Cancelado,RJ,Sudeste,Eletrônicos,2025-04-18 20:55:57,2025-04-21 20:55:57,Standard,1,,,,0,0.012340090745470808,146.25548999999998,1979.1,2025,4,April,2,6,Sunday
1110,2025-04-13 11:54:10,395.86,374.73,0.0581,42.9,Credito,Cancelado,PB,Nordeste,Eletrônicos,2025-04-28 22:41:42,2025-05-02 22:41:42,Same-Day,3,,,,0,0.10837164654170665,21.771813,124.91000000000001,2025,4,April,2,6,Sunday
1111,2025-04-25 03:48:16,75.51,35.8,0.0891,42.9,Credito,Cancelado,MG,Sudeste,Eletrônicos,2025-04-20 21:23:11,2025-04-22 21:23:11,Same-Day,2,,,,0,0.5681366706396503,3.18978,17.9,2025,4,April,2,4,Friday
1112,2025-03-14 21:37:43,86.03,53.9,0.016,32.99,Boleto,Confirmado,AC,Norte,Eletrônicos,2025-04-27 08:07:40,2025-04-29 08:07:40,Scheduled,1,45.0,2.0,1.0,1,0.3834708822503778,0.8623999999999999,53.9,2025,3,March,1,4,Friday
1113,2025-03-20 02:52:13,2726.9,2742.13,0.0212,42.9,Debito,Confirmado,PB,Nordeste,Eletrônicos,2025-05-04 06:47:00,2025-05-07 06:47:00,Same-Day,1,48.0,3.0,1.0,1,0.01573215006050827,58.133156,2742.13,2025,3,March,1,3,Thursday
1114,2025-03-29 22:12:26,239.94,249.82,0.1312,22.9,Boleto,Confirmado,PR,Sul,Eletrônicos,2025-05-01 22:25:54,2025-05-02 22:25:54,Standard,2,34.0,1.0,1.0,1,0.09544052679836626,32.776384,124.91,2025,3,March,1,5,Saturday
1115,2025-03-02 04:18:26,1750.86,1799.01,0.0451,32.99,Debito,Processando,MA,Nordeste,Eletrônicos,2025-04-17 07:12:00,2025-04-18 07:12:00,Scheduled,1,47.0,1.0,1.0,0,0.018842168991238594,81.135351,1799.01,2025,3,March,1,6,Sunday
1116,2025-03-31 20:04:01,2102.06,2158.0,0.0458,42.9,Debito,Confirmado,PI,Nordeste,Eletrônicos,2025-04-22 11:07:43,2025-04-22 11:07:43,Same-Day,2,21.0,0.0,0.0,1,0.020408551611276558,98.8364,1079.0,2025,3,March,1,0,Monday
1118,2025-05-14 00:55:37,85.56,49.9,0.145,42.9,Debito,Processando,CE,Nordeste,Eletrônicos,2025-04-21 11:37:54,2025-04-24 11:37:54,Same-Day,1,-20.0,3.0,1.0,0,0.5014025245441794,7.235499999999999,49.9,2025,5,May,2,2,Wednesday
1119,2025-03-25 15:16:32,713.62,699.6,0.0127,22.9,Credito,Em Analise,ES,Sudeste,Eletrônicos,2025-05-07 19:19:13,2025-05-10 19:19:13,Standard,4,46.0,3.0,1.0,0,0.032089907794064065,8.88492,174.9,2025,3,March,1,1,Tuesday
1120,2025-02-17 02:06:38,461.18,499.64,0.1228,22.9,Boleto,Confirmado,SC,Sul,Eletrônicos,2025-05-03 02:36:16,2025-05-06 02:36:16,Standard,4,78.0,3.0,1.0,1,0.04965523223036558,61.355792,124.91,2025,2,February,1,0,Monday
1121,2025-03-16 17:43:47,923.31,949.0,0.0512,22.9,PIX,Processando,RJ,Sudeste,Eletrônicos,2025-05-11 10:20:52,2025-05-11 10:20:52,Standard,1,55.0,0.0,0.0,0,0.024802070810453693,48.5888,949.0,2025,3,March,1,6,Sunday
1122,2025-04-08 19:26:10,85.38,71.6,0.1274,22.9,Debito,Processando,MA,Nordeste,Eletrônicos,2025-05-02 11:46:03,2025-05-03 11:46:03,Standard,4,24.0,1.0,1.0,0,0.26821269618177557,9.12184,17.9,2025,4,April,2,1,Tuesday
1123,2025-03-07 11:37:16,2644.26,3079.6,0.1488,22.9,Boleto,Confirmado,SC,Sul,Eletrônicos,2025-05-07 19:09:09,2025-05-11 19:09:09,Standard,4,65.0,4.0,1.0,1,0.008660267901038474,458.24447999999995,769.9,2025,3,March,1,4,Friday
1124,2025-04-11 20:58:59,494.83,497.97,0.0523,22.9,PIX,Cancelado,PI,Nordeste,Eletrônicos,2025-05-03 03:04:10,2025-05-07 03:04:10,Standard,3,,,,0,0.046278519895721765,26.043831,165.99,2025,4,April,2,4,Friday
1125,2025-03-05 10:47:21,1794.15,1796.0,0.0194,32.99,Boleto,Cancelado,RN,Nordeste,Eletrônicos,2025-04-21 16:36:45,2025-04-26 16:36:45,Scheduled,4,,,,0,0.018387537273918012,34.8424,449.0,2025,3,March,1,2,Wednesday
1126,2025-03-03 02:29:29,3552.93,3598.02,0.0217,32.99,Boleto,Em Analise,MG,Sudeste,Eletrônicos,2025-04-20 05:07:18,2025-04-21 05:07:18,Scheduled,2,49.0,1.0,1.0,0,0.009285294109368888,78.077034,1799.01,2025,3,March,1,0,Monday
1127,2025-05-16 08:31:27,368.15,389.58,0.1138,22.9,Credito,Em Analise,RR,Norte,Eletrônicos,2025-04-28 15:25:03,2025-05-01 15:25:03,Standard,3,-15.0,3.0,1.0,0,0.06220290642401195,44.334204,129.85999999999999,2025,5,May,2,4,Friday
1128,2025-04-14 13:06:08,201.09,161.7,0.0217,42.9,Boleto,Em Analise,SC,Sul,Eletrônicos,2025-05-08 15:19:29,2025-05-09 15:19:29,Same-Day,3,25.0,1.0,1.0,0,0.21333731165149933,3.5088899999999996,53.9,2025,4,April,2,0,Monday
1129,2025-04-18 19:58:22,1512.58,1539.8,0.0391,32.99,Debito,Cancelado,PI,Nordeste,Eletrônicos,2025-04-15 00:34:05,2025-04-19 00:34:05,Scheduled,2,,,,0,0.021810416639119916,60.20618,769.9,2025,4,April,2,4,Friday
1130,2025-03-28 01:58:49,2134.65,2158.0,0.0307,42.9,Credito,Em Analise,CE,Nordeste,Eletrônicos,2025-04-20 21:12:25,2025-04-21 21:12:25,Same-Day,2,24.0,1.0,1.0,0,0.020096971400463775,66.2506,1079.0,2025,3,March,1,4,Friday
1131,2025-03-19 01:54:31,401.77,389.58,0.0534,32.99,Debito,Em Analise,PI,Nordeste,Eletrônicos,2025-05-15 13:51:58,2025-05-15 13:51:58,Scheduled,3,57.0,0.0,0.0,0,0.08211165592254276,20.803572,129.85999999999999,2025,3,March,1,2,Wednesday
1132,2025-03-27 05:18:35,135.43,103.6,0.0112,32.99,Debito,Confirmado,PI,Nordeste,Eletrônicos,2025-05-03 02:02:39,2025-05-06 02:02:39,Scheduled,2,39.0,3.0,1.0,1,0.24359447685151,1.16032,51.8,2025,3,March,1,3,Thursday
1133,2025-05-17 00:32:03,78.13,51.8,0.1285,32.99,PIX,Cancelado,CE,Nordeste,Eletrônicos,2025-05-08 02:55:58,2025-05-11 02:55:58,Scheduled,1,,,,0,0.4222449763215155,6.6563,51.8,2025,5,May,2,5,Saturday
1134,2025-03-18 21:41:41,2862.33,3237.0,0.129,42.9,Boleto,Processando,PR,Sul,Eletrônicos,2025-04-13 16:33:58,2025-04-17 16:33:58,Same-Day,3,29.0,4.0,1.0,0,0.014987789667858003,417.57300000000004,1079.0,2025,3,March,1,1,Tuesday
1135,2025-03-19 01:27:29,10312.47,10968.52,0.0619,22.9,Boleto,Processando,PB,Nordeste,Eletrônicos,2025-05-06 23:18:12,2025-05-09 23:18:12,Standard,4,51.0,3.0,1.0,0,0.002220612520569757,678.951388,2742.13,2025,3,March,1,2,Wednesday
1136,2025-03-27 14:35:40,1256.34,1347.0,0.0918,32.99,Boleto,Confirmado,RJ,Sudeste,Eletrônicos,2025-04-18 15:17:16,2025-04-21 15:17:16,Scheduled,3,25.0,3.0,1.0,1,0.02625881528885493,123.6546,449.0,2025,3,March,1,3,Thursday
1137,2025-03-31 14:29:17,130.41,107.8,0.0963,32.99,Debito,Confirmado,AC,Norte,Eletrônicos,2025-04-27 15:02:29,2025-05-01 15:02:29,Scheduled,2,31.0,4.0,1.0,1,0.25297139789893414,10.38114,53.9,2025,3,March,1,0,Monday
1138,2025-02-24 18:07:08,106.45,71.6,0.1124,42.9,Credito,Cancelado,SC,Sul,Eletrônicos,2025-05-08 00:33:28,2025-05-13 00:33:28,Same-Day,4,,,,0,0.4030061061531235,8.047839999999999,17.9,2025,2,February,1,0,Monday
1139,2025-03-18 10:31:48,125.0,99.8,0.0781,32.99,Credito,Confirmado,RN,Nordeste,Eletrônicos,2025-05-09 04:52:40,2025-05-12 04:52:40,Scheduled,2,54.0,3.0,1.0,1,0.26392000000000004,7.79438,49.9,2025,3,March,1,1,Tuesday
1140,2025-03-20 01:13:19,194.49,174.9,0.0766,32.99,PIX,Em Analise,RS,Sul,Eletrônicos,2025-04-18 13:41:27,2025-04-21 13:41:27,Scheduled,1,32.0,3.0,1.0,0,0.16962311686976195,13.39734,174.9,2025,3,March,1,3,Thursday
1141,2025-03-01 13:39:27,81.6,53.7,0.0947,32.99,Debito,Em Analise,PR,Sul,Eletrônicos,2025-05-05 15:59:42,2025-05-09 15:59:42,Scheduled,3,69.0,4.0,1.0,0,0.4042892156862746,5.08539,17.900000000000002,2025,3,March,1,5,Saturday
1142,2025-03-15 17:31:54,4387.8,4879.71,0.1055,22.9,PIX,Em Analise,MA,Nordeste,Eletrônicos,2025-05-13 07:52:44,2025-05-15 07:52:44,Standard,3,60.0,2.0,1.0,0,0.0052190163635534885,514.809405,1626.57,2025,3,March,1,5,Saturday
1143,2025-05-08 10:37:20,239.33,207.2,0.052,42.9,Boleto,Processando,TO,Norte,Eletrônicos,2025-04-26 09:44:51,2025-04-29 09:44:51,Same-Day,4,-10.0,3.0,1.0,0,0.1792504073872895,10.774399999999998,51.8,2025,5,May,2,3,Thursday
1144,2025-03-16 06:24:55,754.61,769.9,0.0496,22.9,Credito,Processando,ES,Sudeste,Eletrônicos,2025-05-14 14:57:42,2025-05-15 14:57:42,Standard,1,60.0,1.0,1.0,0,0.03034680165913518,38.187039999999996,769.9,2025,3,March,1,6,Sunday
1145,2025-03-12 11:40:30,4440.44,4604.0,0.0405,22.9,Credito,Processando,ES,Sudeste,Eletrônicos,2025-05-07 18:20:20,2025-05-11 18:20:20,Standard,1,60.0,4.0,1.0,0,0.005157146589076758,186.46200000000002,4604.0,2025,3,March,1,2,Wednesday
1146,2025-03-16 03:04:21,2013.39,2158.0,0.0823,32.99,PIX,Cancelado,MG,Sudeste,Eletrônicos,2025-05-05 06:10:03,2025-05-08 06:10:03,Scheduled,2,,,,0,0.016385300413730076,177.6034,1079.0,2025,3,March,1,6,Sunday
1147,2025-04-28 03:59:41,1828.5,1898.0,0.054,32.99,PIX,Confirmado,CE,Nordeste,Eletrônicos,2025-05-02 13:52:19,2025-05-07 13:52:19,Scheduled,2,9.0,5.0,1.0,1,0.01804211101996172,102.492,949.0,2025,4,April,2,0,Monday
1148,2025-04-02 06:50:07,124.71,99.8,0.081,32.99,PIX,Em Analise,AM,Norte,Eletrônicos,2025-05-02 22:23:16,2025-05-05 22:23:16,Scheduled,2,33.0,3.0,1.0,0,0.264533718226285,8.0838,49.9,2025,4,April,2,2,Wednesday
1149,2025-04-14 12:35:41,2069.48,2158.0,0.0609,42.9,Boleto,Cancelado,SC,Sul,Eletrônicos,2025-04-19 05:36:41,2025-04-23 05:36:41,Same-Day,2,,,,0,0.020729845178498945,131.4222,1079.0,2025,4,April,2,0,Monday
1150,2025-04-14 21:30:46,373.68,389.58,0.1255,32.99,Boleto,Cancelado,SC,Sul,Eletrônicos,2025-05-03 02:43:32,2025-05-03 02:43:32,Scheduled,3,,,,0,0.08828409334189681,48.892289999999996,129.85999999999999,2025,4,April,2,0,Monday
1151,2025-03-24 09:47:28,689.65,663.96,0.011,32.99,Boleto,Processando,PR,Sul,Eletrônicos,2025-05-01 12:42:42,2025-05-05 12:42:42,Scheduled,4,42.0,4.0,1.0,0,0.047835858768940774,7.30356,165.99,2025,3,March,1,0,Monday
1152,2025-03-24 12:57:21,182.79,174.9,0.0858,22.9,Debito,Processando,AM,Norte,Eletrônicos,2025-04-28 13:49:03,2025-05-01 13:49:03,Standard,1,38.0,3.0,1.0,0,0.12528037638820505,15.00642,174.9,2025,3,March,1,0,Monday
1153,2025-04-06 13:02:58,157.03,124.91,0.0863,42.9,PIX,Confirmado,RN,Nordeste,Eletrônicos,2025-04-20 16:21:52,2025-04-22 16:21:52,Same-Day,1,16.0,2.0,1.0,1,0.27319620454690186,10.779733,124.91,2025,4,April,2,6,Sunday
1154,2025-03-14 14:23:40,91.72,51.8,0.0576,42.9,Debito,Processando,RJ,Sudeste,Eletrônicos,2025-04-30 07:07:07,2025-05-05 07:07:07,Same-Day,1,51.0,5.0,1.0,0,0.4677278674225905,2.9836799999999997,51.8,2025,3,March,1,4,Friday
1155,2025-05-03 19:08:35,1727.27,1798.0,0.0632,42.9,Boleto,Confirmado,CE,Nordeste,Eletrônicos,2025-04-24 02:29:36,2025-04-24 02:29:36,Same-Day,2,-10.0,0.0,0.0,1,0.02483688132139156,113.63360000000002,899.0,2025,5,May,2,5,Saturday
1156,2025-02-28 19:16:29,208.64,199.6,0.12,32.99,Boleto,Em Analise,SC,Sul,Eletrônicos,2025-04-26 09:56:35,2025-05-01 09:56:35,Scheduled,4,61.0,5.0,1.0,0,0.1581192484662577,23.951999999999998,49.9,2025,2,February,1,4,Friday
1157,2025-04-10 15:30:07,7902.96,8226.39,0.0421,22.9,Credito,Confirmado,PR,Sul,Eletrônicos,2025-05-11 18:47:43,2025-05-14 18:47:43,Standard,3,34.0,3.0,1.0,1,0.0028976484760140503,346.33101899999997,2742.1299999999997,2025,4,April,2,3,Thursday
1158,2025-02-25 10:37:34,48.55,17.9,0.1307,32.99,Boleto,Processando,ES,Sudeste,Eletrônicos,2025-04-25 01:17:06,2025-04-30 01:17:06,Scheduled,1,63.0,5.0,1.0,0,0.6795056642636458,2.33953,17.9,2025,2,February,1,1,Tuesday
1159,2025-02-18 08:40:41,6894.54,7916.4,0.1345,42.9,Credito,Confirmado,AM,Norte,Eletrônicos,2025-04-20 10:54:16,2025-04-25 10:54:16,Same-Day,4,66.0,5.0,1.0,1,0.006222315049299881,1064.7558,1979.1,2025,2,February,1,1,Tuesday
1160,2025-02-21 14:48:58,3278.02,3596.0,0.0976,32.99,PIX,Confirmado,PR,Sul,Eletrônicos,2025-05-04 03:01:04,2025-05-08 03:01:04,Scheduled,4,75.0,4.0,1.0,1,0.010064002050018,350.9696,899.0,2025,2,February,1,4,Friday
1161,2025-03-27 22:33:24,422.17,428.99,0.1159,42.9,Boleto,Em Analise,AP,Norte,Eletrônicos,2025-05-06 23:40:14,2025-05-07 23:40:14,Same-Day,1,41.0,1.0,1.0,0,0.10161783167918137,49.719941000000006,428.99,2025,3,March,1,3,Thursday
1163,2025-05-16 23:13:58,5492.34,5937.3,0.0788,22.9,PIX,Em Analise,AM,Norte,Eletrônicos,2025-05-03 09:59:09,2025-05-03 09:59:09,Standard,3,-14.0,0.0,0.0,0,0.004169443260978016,467.85924,1979.1000000000001,2025,5,May,2,4,Friday
1164,2025-04-23 00:34:44,10473.87,12199.96,0.145,42.9,Debito,Em Analise,RS,Sul,Eletrônicos,2025-04-26 18:10:36,2025-05-01 18:10:36,Same-Day,4,8.0,5.0,1.0,0,0.004095907243454424,1768.9941999999999,3049.99,2025,4,April,2,2,Wednesday
1165,2025-03-12 04:50:14,1850.51,1898.0,0.0424,32.99,Credito,Em Analise,RR,Norte,Eletrônicos,2025-04-28 07:04:56,2025-05-03 07:04:56,Scheduled,2,52.0,5.0,1.0,0,0.017827517819411946,80.4752,949.0,2025,3,March,1,2,Wednesday
1166,2025-04-13 15:01:05,2721.69,2742.13,0.0231,42.9,PIX,Em Analise,PR,Sul,Eletrônicos,2025-04-29 14:55:40,2025-04-30 14:55:40,Same-Day,1,16.0,1.0,1.0,0,0.01576226535718616,63.343203,2742.13,2025,4,April,2,6,Sunday
1167,2025-04-01 16:01:28,10518.68,10968.52,0.0431,22.9,Debito,Cancelado,RS,Sul,Eletrônicos,2025-05-09 22:47:20,2025-05-12 22:47:20,Standard,4,,,,0,0.002177079253290337,472.743212,2742.13,2025,4,April,2,1,Tuesday
1168,2025-04-15 06:43:04,189.69,161.7,0.0922,42.9,Debito,Em Analise,PR,Sul,Eletrônicos,2025-05-01 11:18:22,2025-05-03 11:18:22,Same-Day,3,18.0,2.0,1.0,0,0.22615846908113238,14.90874,53.9,2025,4,April,2,1,Tuesday
1169,2025-05-07 20:56:14,77.7,35.8,0.0278,42.9,Debito,Em Analise,RS,Sul,Eletrônicos,2025-05-13 20:01:45,2025-05-15 20:01:45,Same-Day,2,7.0,2.0,1.0,0,0.5521235521235521,0.9952399999999999,17.9,2025,5,May,2,2,Wednesday
1170,2025-03-23 12:00:18,413.42,428.99,0.1363,42.9,Credito,Processando,PE,Nordeste,Eletrônicos,2025-04-20 16:30:06,2025-04-20 16:30:06,Same-Day,1,28.0,0.0,0.0,0,0.10376856465579797,58.471337000000005,428.99,2025,3,March,1,6,Sunday
1171,2025-04-17 01:11:24,198.65,165.99,0.0617,42.9,Boleto,Processando,AP,Norte,Eletrônicos,2025-04-22 23:20:00,2025-04-26 23:20:00,Same-Day,1,9.0,4.0,1.0,0,0.21595771457337024,10.241583,165.99,2025,4,April,2,3,Thursday
1172,2025-04-22 17:20:09,131.88,124.91,0.1275,22.9,Credito,Confirmado,RR,Norte,Eletrônicos,2025-04-19 14:45:04,2025-04-21 14:45:04,Standard,1,-2.0,2.0,1.0,1,0.17364270548983923,15.926025,124.91,2025,4,April,2,1,Tuesday
1173,2025-05-06 02:21:20,211.26,174.9,0.0374,42.9,PIX,Processando,SC,Sul,Eletrônicos,2025-04-17 17:01:10,2025-04-20 17:01:10,Same-Day,1,-16.0,3.0,1.0,0,0.20306731042317525,6.54126,174.9,2025,5,May,2,1,Tuesday
1174,2025-03-21 14:45:31,517.93,519.44,0.047,22.9,Debito,Processando,TO,Norte,Eletrônicos,2025-05-14 23:58:00,2025-05-15 23:58:00,Standard,4,55.0,1.0,1.0,0,0.04421446913675593,24.413680000000003,129.86,2025,3,March,1,4,Friday
1175,2025-05-02 10:10:17,4585.92,4604.0,0.0089,22.9,Boleto,Processando,SC,Sul,Eletrônicos,2025-04-30 10:50:21,2025-04-30 10:50:21,Standard,1,-2.0,0.0,0.0,0,0.004993545460888982,40.9756,4604.0,2025,5,May,2,4,Friday
1176,2025-02-23 07:13:30,7950.93,8226.39,0.0387,42.9,Credito,Cancelado,SE,Nordeste,Eletrônicos,2025-05-12 00:05:11,2025-05-15 00:05:11,Same-Day,3,,,,0,0.005395595232255849,318.361293,2742.1299999999997,2025,2,February,1,6,Sunday
1177,2025-05-09 06:20:21,1706.89,1796.0,0.0735,42.9,PIX,Em Analise,PA,Norte,Eletrônicos,2025-04-22 11:49:10,2025-04-24 11:49:10,Same-Day,4,-15.0,2.0,1.0,0,0.0251334298050841,132.006,449.0,2025,5,May,2,4,Friday
1178,2025-04-28 01:42:12,172.98,174.9,0.1419,22.9,PIX,Confirmado,CE,Nordeste,Eletrônicos,2025-04-21 04:02:40,2025-04-22 04:02:40,Standard,1,-6.0,1.0,1.0,1,0.13238524684934674,24.81831,174.9,2025,4,April,2,0,Monday
1179,2025-04-09 10:27:01,1810.25,1898.0,0.0583,22.9,Debito,Em Analise,MA,Nordeste,Eletrônicos,2025-05-05 10:34:25,2025-05-10 10:34:25,Standard,2,31.0,5.0,1.0,0,0.012650186438337246,110.65339999999999,949.0,2025,4,April,2,2,Wednesday
1180,2025-04-20 09:30:47,5390.22,5937.3,0.096,22.9,Debito,Processando,MA,Nordeste,Eletrônicos,2025-04-29 01:56:00,2025-05-02 01:56:00,Standard,3,11.0,3.0,1.0,0,0.004248435128807358,569.9808,1979.1000000000001,2025,4,April,2,6,Sunday
1181,2025-05-15 12:16:27,7741.16,8226.39,0.0642,42.9,Credito,Em Analise,PR,Sul,Eletrônicos,2025-04-17 18:28:48,2025-04-17 18:28:48,Same-Day,3,-28.0,0.0,0.0,0,0.005541805104144599,528.1342379999999,2742.1299999999997,2025,5,May,2,3,Thursday
1182,2025-05-09 10:19:20,1658.08,1626.57,0.007,42.9,Boleto,Processando,MA,Nordeste,Eletrônicos,2025-04-18 19:35:08,2025-04-19 19:35:08,Same-Day,1,-20.0,1.0,1.0,0,0.025873299237672488,11.38599,1626.57,2025,5,May,2,4,Friday
1183,2025-05-16 06:43:47,1685.15,1798.0,0.0755,22.9,Credito,Confirmado,RJ,Sudeste,Eletrônicos,2025-05-05 04:55:11,2025-05-05 04:55:11,Standard,2,-12.0,0.0,0.0,1,0.01358929472153814,135.749,899.0,2025,5,May,2,4,Friday
1184,2025-04-15 05:39:59,542.41,524.7,0.0099,22.9,Boleto,Cancelado,PA,Norte,Eletrônicos,2025-05-12 02:14:21,2025-05-14 02:14:21,Standard,3,,,,0,0.042218985638170385,5.194530000000001,174.9,2025,4,April,2,1,Tuesday
1185,2025-03-30 14:32:19,249.68,249.82,0.1326,32.99,Boleto,Em Analise,SC,Sul,Eletrônicos,2025-04-26 01:03:53,2025-05-01 01:03:53,Scheduled,2,31.0,5.0,1.0,0,0.13212912528035886,33.126132,124.91,2025,3,March,1,6,Sunday
1186,2025-04-20 06:20:36,10864.26,12199.96,0.113,42.9,PIX,Confirmado,SP,Sudeste,Eletrônicos,2025-05-12 12:57:00,2025-05-13 12:57:00,Same-Day,4,23.0,1.0,1.0,1,0.0039487272948180545,1378.59548,3049.99,2025,4,April,2,6,Sunday
1187,2025-05-16 05:37:33,362.92,349.8,0.0568,32.99,Credito,Confirmado,PR,Sul,Eletrônicos,2025-05-03 02:59:45,2025-05-03 02:59:45,Scheduled,2,-14.0,0.0,0.0,1,0.0909015761049267,19.868640000000003,174.9,2025,5,May,2,4,Friday
1188,2025-02-21 14:14:27,2963.74,3253.14,0.096,22.9,Credito,Processando,MA,Nordeste,Eletrônicos,2025-05-05 03:32:01,2025-05-07 03:32:01,Standard,2,74.0,2.0,1.0,0,0.007726723666718403,312.30144,1626.57,2025,2,February,1,4,Friday
1189,2025-05-12 03:25:02,3568.58,3596.0,0.0168,32.99,Boleto,Processando,AC,Norte,Eletrônicos,2025-05-11 16:28:51,2025-05-11 16:28:51,Scheduled,4,-1.0,0.0,0.0,0,0.00924457347180111,60.4128,899.0,2025,5,May,2,0,Monday
1190,2025-04-07 07:40:24,97.04,71.6,0.1054,32.99,Boleto,Em Analise,TO,Norte,Eletrônicos,2025-04-18 12:42:39,2025-04-21 12:42:39,Scheduled,4,14.0,3.0,1.0,0,0.3399629018961253,7.546639999999999,17.9,2025,4,April,2,0,Monday
1191,2025-03-14 06:56:53,2518.58,2847.0,0.1234,22.9,Debito,Em Analise,SP,Sudeste,Eletrônicos,2025-05-08 19:43:36,2025-05-08 19:43:36,Standard,3,55.0,0.0,0.0,0,0.009092425096681463,351.3198,949.0,2025,3,March,1,4,Friday
1192,2025-04-17 15:03:48,2722.79,3079.6,0.1233,22.9,Boleto,Em Analise,SC,Sul,Eletrônicos,2025-05-08 04:39:01,2025-05-13 04:39:01,Standard,4,25.0,5.0,1.0,0,0.008410490709896834,379.71468,769.9,2025,4,April,2,3,Thursday
1193,2025-03-28 03:54:51,2748.62,2847.0,0.0426,22.9,PIX,Confirmado,PR,Sul,Eletrônicos,2025-05-05 19:48:14,2025-05-06 19:48:14,Standard,3,39.0,1.0,1.0,1,0.008331453602171272,121.2822,949.0,2025,3,March,1,4,Friday
1194,2025-02-25 19:27:45,1069.26,1079.0,0.0396,32.99,Boleto,Processando,SP,Sudeste,Eletrônicos,2025-04-14 20:38:28,2025-04-18 20:38:28,Scheduled,1,52.0,4.0,1.0,0,0.03085311336812375,42.7284,1079.0,2025,2,February,1,1,Tuesday
1195,2025-05-05 04:11:46,152.69,129.86,0.0782,32.99,Debito,Confirmado,PR,Sul,Eletrônicos,2025-04-27 10:51:51,2025-04-30 10:51:51,Scheduled,1,-5.0,3.0,1.0,1,0.216058680987622,10.155052000000001,129.86,2025,5,May,2,0,Monday
1196,2025-05-01 01:30:34,7864.29,9149.97,0.1452,42.9,Credito,Cancelado,MG,Sudeste,Eletrônicos,2025-04-21 21:46:12,2025-04-24 21:46:12,Same-Day,3,,,,0,0.0054550378991619075,1328.5756439999998,3049.99,2025,5,May,2,3,Thursday
1197,2025-03-25 19:02:04,9486.76,10968.52,0.1381,32.99,Credito,Confirmado,RS,Sul,Eletrônicos,2025-04-24 19:39:02,2025-04-29 19:39:02,Scheduled,4,35.0,5.0,1.0,1,0.003477478085247229,1514.752612,2742.13,2025,3,March,1,1,Tuesday
1198,2025-04-27 09:21:53,4089.87,4288.0,0.0539,32.99,Boleto,Cancelado,AM,Norte,Eletrônicos,2025-05-15 23:14:04,2025-05-16 23:14:04,Scheduled,4,,,,0,0.00806627105507021,231.12320000000003,1072.0,2025,4,April,2,6,Sunday
1199,2025-05-11 01:24:42,2556.8,2847.0,0.117,42.9,Boleto,Cancelado,RJ,Sudeste,Eletrônicos,2025-04-30 16:24:54,2025-05-03 16:24:54,Same-Day,3,,,,0,0.016778785982478096,333.09900000000005,949.0,2025,5,May,2,6,Sunday
1200,2025-04-13 20:22:18,3314.29,3796.0,0.1382,42.9,PIX,Cancelado,TO,Norte,Eletrônicos,2025-04-18 11:40:21,2025-04-18 11:40:21,Same-Day,4,,,,0,0.012943948779376577,524.6071999999999,949.0,2025,4,April,2,6,Sunday
1201,2025-04-23 20:42:12,445.21,428.99,0.0391,32.99,PIX,Cancelado,PE,Nordeste,Eletrônicos,2025-04-26 14:20:09,2025-04-26 14:20:09,Scheduled,1,,,,0,0.07409986298600661,16.773509,428.99,2025,4,April,2,2,Wednesday
1202,2025-03-22 15:24:57,1457.05,1626.57,0.1245,32.99,PIX,Confirmado,RJ,Sudeste,Eletrônicos,2025-04-18 20:34:06,2025-04-23 20:34:06,Scheduled,1,32.0,5.0,1.0,1,0.022641638927970904,202.50796499999998,1626.57,2025,3,March,1,5,Saturday
1203,2025-03-01 20:39:30,3494.34,3596.0,0.0402,42.9,Boleto,Cancelado,AP,Norte,Eletrônicos,2025-05-04 03:15:57,2025-05-05 03:15:57,Same-Day,4,,,,0,0.012276996514363226,144.5592,899.0,2025,3,March,1,5,Saturday
1204,2025-03-04 13:40:07,1059.69,1072.0,0.0515,42.9,Debito,Cancelado,RN,Nordeste,Eletrônicos,2025-04-26 05:11:15,2025-04-26 05:11:15,Same-Day,1,,,,0,0.040483537638365936,55.208,1072.0,2025,3,March,1,1,Tuesday
1205,2025-04-04 12:07:45,203.94,165.99,0.0298,42.9,Debito,Em Analise,ES,Sudeste,Eletrônicos,2025-04-17 07:49:24,2025-04-18 07:49:24,Same-Day,1,13.0,1.0,1.0,0,0.21035598705501618,4.946502000000001,165.99,2025,4,April,2,4,Friday
1206,2025-02-24 14:54:05,679.35,699.6,0.0761,32.99,PIX,Processando,CE,Nordeste,Eletrônicos,2025-05-12 03:56:55,2025-05-16 03:56:55,Scheduled,4,80.0,4.0,1.0,0,0.04856112460440127,53.239560000000004,174.9,2025,2,February,1,0,Monday
1207,2025-03-12 07:30:56,370.23,374.73,0.1265,42.9,PIX,Confirmado,PR,Sul,Eletrônicos,2025-04-15 16:35:01,2025-04-18 16:35:01,Same-Day,3,37.0,3.0,1.0,1,0.11587391621424518,47.403345,124.91000000000001,2025,3,March,1,2,Wednesday
1208,2025-04-02 14:26:09,8448.19,9149.97,0.0792,22.9,Credito,Confirmado,AP,Norte,Eletrônicos,2025-04-23 16:42:11,2025-04-28 16:42:11,Standard,3,26.0,5.0,1.0,1,0.002710639793849333,724.677624,3049.99,2025,4,April,2,2,Wednesday
1209,2025-02-17 04:19:57,3748.67,3796.0,0.0185,22.9,PIX,Em Analise,BA,Nordeste,Eletrônicos,2025-04-29 15:01:16,2025-05-04 15:01:16,Standard,4,76.0,5.0,1.0,0,0.0061088332661984115,70.226,949.0,2025,2,February,1,0,Monday
1210,2025-04-11 00:07:38,3482.97,3596.0,0.0378,22.9,PIX,Confirmado,PA,Norte,Eletrônicos,2025-05-02 23:08:37,2025-05-07 23:08:37,Standard,4,26.0,5.0,1.0,1,0.006574848477018177,135.9288,899.0,2025,4,April,2,4,Friday
1211,2025-02-24 07:54:35,1780.71,1898.0,0.0844,42.9,Boleto,Processando,MG,Sudeste,Eletrônicos,2025-04-18 19:49:26,2025-04-21 19:49:26,Same-Day,2,56.0,3.0,1.0,0,0.02409151405899894,160.1912,949.0,2025,2,February,1,0,Monday
1212,2025-05-03 22:24:28,190.45,161.7,0.0875,42.9,Debito,Em Analise,SP,Sudeste,Eletrônicos,2025-04-21 11:50:54,2025-04-24 11:50:54,Same-Day,3,-10.0,3.0,1.0,0,0.22525597269624573,14.148749999999998,53.9,2025,5,May,2,5,Saturday
1213,2025-04-08 12:52:25,681.98,699.6,0.0865,42.9,Boleto,Processando,SC,Sul,Eletrônicos,2025-04-18 11:39:21,2025-04-22 11:39:21,Same-Day,4,13.0,4.0,1.0,0,0.06290507052992755,60.5154,174.9,2025,4,April,2,1,Tuesday
1214,2025-03-08 13:04:31,1808.16,1796.0,0.0116,32.99,Debito,Em Analise,AP,Norte,Eletrônicos,2025-05-09 14:01:15,2025-05-12 14:01:15,Scheduled,4,65.0,3.0,1.0,0,0.018245066808247057,20.833599999999997,449.0,2025,3,March,1,5,Saturday
1215,2025-05-16 20:27:38,10863.04,12199.96,0.1131,42.9,Credito,Em Analise,SC,Sul,Eletrônicos,2025-05-11 16:43:35,2025-05-16 16:43:35,Same-Day,4,-1.0,5.0,1.0,0,0.0039491707661943615,1379.815476,3049.99,2025,5,May,2,4,Friday
1216,2025-05-08 18:45:48,89.28,53.7,0.1364,42.9,Boleto,Processando,SE,Nordeste,Eletrônicos,2025-05-13 12:53:25,2025-05-16 12:53:25,Same-Day,3,7.0,3.0,1.0,0,0.480510752688172,7.32468,17.900000000000002,2025,5,May,2,3,Thursday
1217,2025-03-21 06:19:52,527.41,524.7,0.0766,42.9,Credito,Confirmado,RJ,Sudeste,Eletrônicos,2025-04-24 17:21:25,2025-04-25 17:21:25,Same-Day,3,35.0,1.0,1.0,1,0.08134089228493961,40.19202000000001,174.9,2025,3,March,1,4,Friday
1218,2025-05-13 09:19:18,1494.13,1626.57,0.1078,42.9,PIX,Processando,ES,Sudeste,Eletrônicos,2025-04-25 14:28:53,2025-04-29 14:28:53,Same-Day,1,-14.0,4.0,1.0,0,0.02871236103953471,175.344246,1626.57,2025,5,May,2,1,Tuesday
1219,2025-05-13 06:13:56,6853.96,7916.4,0.1371,22.9,Boleto,Processando,PA,Norte,Eletrônicos,2025-05-10 13:11:14,2025-05-13 13:11:14,Standard,4,0.0,3.0,1.0,0,0.0033411341764469004,1085.33844,1979.1,2025,5,May,2,1,Tuesday
1220,2025-03-20 05:16:12,130.4,107.8,0.0964,32.99,PIX,Em Analise,PB,Nordeste,Eletrônicos,2025-04-17 15:33:01,2025-04-22 15:33:01,Scheduled,2,33.0,5.0,1.0,0,0.2529907975460123,10.391919999999999,53.9,2025,3,March,1,3,Thursday
1221,2025-03-12 05:11:05,831.01,899.0,0.1011,22.9,Boleto,Processando,PB,Nordeste,Eletrônicos,2025-04-23 19:06:04,2025-04-26 19:06:04,Standard,1,45.0,3.0,1.0,0,0.027556828437684262,90.88889999999999,899.0,2025,3,March,1,2,Wednesday
1222,2025-04-12 05:11:41,4138.84,4604.0,0.1082,32.99,PIX,Confirmado,SC,Sul,Eletrônicos,2025-04-20 10:38:10,2025-04-25 10:38:10,Scheduled,1,13.0,5.0,1.0,1,0.007970832407147896,498.1528,4604.0,2025,4,April,2,5,Saturday
1223,2025-04-26 22:57:34,4170.14,4316.0,0.0391,22.9,PIX,Processando,PA,Norte,Eletrônicos,2025-05-04 00:54:18,2025-05-05 00:54:18,Standard,4,8.0,1.0,1.0,0,0.005491422350328765,168.75560000000002,1079.0,2025,4,April,2,5,Saturday
1224,2025-05-15 15:49:40,90.17,51.8,0.0874,42.9,Debito,Processando,BA,Nordeste,Eletrônicos,2025-05-10 16:25:18,2025-05-15 16:25:18,Same-Day,1,0.0,5.0,1.0,0,0.4757679937895087,4.5273200000000005,51.8,2025,5,May,2,3,Thursday
1225,2025-05-16 19:21:31,1681.18,1898.0,0.1263,22.9,Boleto,Processando,RJ,Sudeste,Eletrônicos,2025-05-07 22:58:25,2025-05-10 22:58:25,Standard,2,-6.0,3.0,1.0,0,0.013621384979597662,239.7174,949.0,2025,5,May,2,4,Friday
1226,2025-02-22 17:04:13,5263.66,5484.26,0.0444,22.9,Debito,Cancelado,RS,Sul,Eletrônicos,2025-05-14 10:32:03,2025-05-16 10:32:03,Standard,2,,,,0,0.00435058495419537,243.501144,2742.13,2025,2,February,1,5,Saturday
1227,2025-03-14 05:50:51,775.49,857.98,0.1346,32.99,PIX,Processando,RS,Sul,Eletrônicos,2025-04-17 05:04:02,2025-04-18 05:04:02,Scheduled,2,34.0,1.0,1.0,0,0.042540845143070834,115.484108,428.99,2025,3,March,1,4,Friday
1228,2025-03-24 02:59:15,7222.28,7916.4,0.0931,42.9,Credito,Processando,RS,Sul,Eletrônicos,2025-04-22 10:30:04,2025-04-25 10:30:04,Same-Day,4,32.0,3.0,1.0,0,0.005939952480380157,737.01684,1979.1,2025,3,March,1,0,Monday
1229,2025-03-11 16:04:43,3054.68,3216.0,0.0635,42.9,Debito,Cancelado,SC,Sul,Eletrônicos,2025-04-16 16:28:22,2025-04-17 16:28:22,Same-Day,3,,,,0,0.01404402425131274,204.216,1072.0,2025,3,March,1,1,Tuesday
1230,2025-03-02 13:42:19,2787.72,3049.99,0.0935,22.9,Debito,Processando,RO,Norte,Eletrônicos,2025-04-22 14:34:51,2025-04-27 14:34:51,Standard,1,56.0,5.0,1.0,0,0.008214598309729815,285.174065,3049.99,2025,3,March,1,6,Sunday
1231,2025-03-21 14:43:53,8621.13,9149.97,0.0603,22.9,Debito,Cancelado,RJ,Sudeste,Eletrônicos,2025-04-14 04:52:39,2025-04-18 04:52:39,Standard,3,,,,0,0.0026562643180186355,551.7431909999999,3049.99,2025,3,March,1,4,Friday
1232,2025-03-06 23:51:34,4309.23,4879.71,0.1257,42.9,PIX,Cancelado,PR,Sul,Eletrônicos,2025-05-07 20:44:13,2025-05-09 20:44:13,Same-Day,3,,,,0,0.009955374858153314,613.379547,1626.57,2025,3,March,1,3,Thursday
1233,2025-04-24 06:34:50,2031.89,2144.0,0.0723,42.9,Boleto,Cancelado,RJ,Sudeste,Eletrônicos,2025-05-03 23:38:59,2025-05-08 23:38:59,Same-Day,2,,,,0,0.021113347671379845,155.0112,1072.0,2025,4,April,2,3,Thursday
1234,2025-05-13 07:19:50,2706.14,3079.6,0.1352,42.9,Debito,Processando,RJ,Sudeste,Eletrônicos,2025-04-13 07:39:45,2025-04-18 07:39:45,Same-Day,4,-25.0,5.0,1.0,0,0.01585283836017353,416.36191999999994,769.9,2025,5,May,2,1,Tuesday
1235,2025-04-25 19:26:10,815.24,857.98,0.0765,22.9,Boleto,Confirmado,PB,Nordeste,Eletrônicos,2025-04-20 18:56:48,2025-04-21 18:56:48,Standard,2,-5.0,1.0,1.0,1,0.028089887640449437,65.63547,428.99,2025,4,April,2,4,Friday
1236,2025-02-24 13:12:07,877.85,949.0,0.0991,22.9,PIX,Cancelado,SC,Sul,Eletrônicos,2025-05-14 21:00:04,2025-05-16 21:00:04,Standard,1,,,,0,0.02608646124053084,94.04589999999999,949.0,2025,2,February,1,0,Monday
1237,2025-03-23 07:51:19,1552.6,1799.01,0.1497,22.9,PIX,Cancelado,BA,Nordeste,Eletrônicos,2025-05-06 01:06:13,2025-05-06 01:06:13,Standard,1,,,,0,0.014749452531237923,269.311797,1799.01,2025,3,March,1,6,Sunday
1238,2025-02-18 09:52:12,482.02,449.0,0.022,42.9,Credito,Processando,RJ,Sudeste,Eletrônicos,2025-04-30 11:15:02,2025-05-04 11:15:02,Same-Day,1,75.0,4.0,1.0,0,0.08900045641259699,9.878,449.0,2025,2,February,1,1,Tuesday
1239,2025-05-13 07:45:33,1949.99,2144.0,0.1105,42.9,PIX,Em Analise,RS,Sul,Eletrônicos,2025-05-07 06:16:19,2025-05-07 06:16:19,Same-Day,2,-7.0,0.0,0.0,0,0.022000112821091388,236.912,1072.0,2025,5,May,2,1,Tuesday
1240,2025-04-13 06:46:03,181.24,161.7,0.0208,22.9,PIX,Processando,PI,Nordeste,Eletrônicos,2025-04-23 00:34:31,2025-04-25 00:34:31,Standard,3,11.0,2.0,1.0,0,0.12635179871992935,3.3633599999999997,53.9,2025,4,April,2,6,Sunday
1241,2025-05-02 16:00:48,217.39,199.6,0.1258,42.9,Boleto,Em Analise,SC,Sul,Eletrônicos,2025-05-05 18:59:36,2025-05-10 18:59:36,Same-Day,4,8.0,5.0,1.0,0,0.1973411840471043,25.109679999999997,49.9,2025,5,May,2,4,Friday
1242,2025-03-06 18:53:07,8364.04,9149.97,0.0895,32.99,Credito,Confirmado,MG,Sudeste,Eletrônicos,2025-04-19 04:10:06,2025-04-19 04:10:06,Scheduled,3,43.0,0.0,0.0,1,0.003944266168024064,818.9223149999999,3049.99,2025,3,March,1,3,Thursday
1243,2025-02-25 18:44:21,94.52,71.6,0.1407,32.99,Credito,Confirmado,ES,Sudeste,Eletrônicos,2025-05-03 10:14:09,2025-05-06 10:14:09,Scheduled,4,69.0,3.0,1.0,1,0.3490266610241219,10.074119999999999,17.9,2025,2,February,1,1,Tuesday
1244,2025-05-03 03:55:01,79.89,53.9,0.1299,32.99,Boleto,Confirmado,PE,Nordeste,Eletrônicos,2025-04-26 06:09:22,2025-05-01 06:09:22,Scheduled,1,-2.0,5.0,1.0,1,0.4129427963449744,7.0016099999999994,53.9,2025,5,May,2,5,Saturday
1245,2025-04-01 21:18:40,12106.22,12199.96,0.0112,42.9,Debito,Confirmado,PI,Nordeste,Eletrônicos,2025-04-25 01:17:55,2025-04-30 01:17:55,Same-Day,4,28.0,5.0,1.0,1,0.0035436329424048136,136.63955199999998,3049.99,2025,4,April,2,1,Tuesday
1246,2025-05-16 15:01:16,673.18,663.96,0.0206,22.9,Debito,Em Analise,PI,Nordeste,Eletrônicos,2025-05-01 14:30:07,2025-05-04 14:30:07,Standard,4,-13.0,3.0,1.0,0,0.03401764758311299,13.677576,165.99,2025,5,May,2,4,Friday
1247,2025-03-19 21:43:39,190.01,161.7,0.0902,42.9,PIX,Cancelado,SP,Sudeste,Eletrônicos,2025-05-08 08:50:44,2025-05-11 08:50:44,Same-Day,3,,,,0,0.22577759065312353,14.585339999999999,53.9,2025,3,March,1,2,Wednesday
1248,2025-03-05 04:09:41,368.51,374.73,0.0777,22.9,Credito,Em Analise,RJ,Sudeste,Eletrônicos,2025-05-08 08:49:19,2025-05-10 08:49:19,Standard,3,66.0,2.0,1.0,0,0.06214213996906461,29.116521000000002,124.91000000000001,2025,3,March,1,2,Wednesday
1249,2025-02-24 05:42:22,5378.5,5484.26,0.0253,32.99,Boleto,Processando,SP,Sudeste,Eletrônicos,2025-04-22 08:16:47,2025-04-27 08:16:47,Scheduled,2,62.0,5.0,1.0,0,0.006133680394161942,138.751778,2742.13,2025,2,February,1,0,Monday
1250,2025-04-27 00:34:48,1963.61,1979.1,0.0194,22.9,Credito,Em Analise,PR,Sul,Eletrônicos,2025-05-10 23:27:35,2025-05-14 23:27:35,Standard,1,17.0,4.0,1.0,0,0.011662193612784616,38.39454,1979.1,2025,4,April,2,6,Sunday
1251,2025-04-30 10:30:57,8451.9,9208.0,0.0846,22.9,Boleto,Cancelado,PA,Norte,Eletrônicos,2025-05-07 04:55:52,2025-05-12 04:55:52,Standard,2,,,,0,0.0027094499461659508,778.9968,4604.0,2025,4,April,2,2,Wednesday
1252,2025-03-12 04:55:16,3614.65,3598.02,0.0073,42.9,PIX,Em Analise,TO,Norte,Eletrônicos,2025-04-16 08:30:09,2025-04-18 08:30:09,Same-Day,2,37.0,2.0,1.0,0,0.011868368998381585,26.265546,1799.01,2025,3,March,1,2,Wednesday
1253,2025-04-15 00:38:03,4043.32,4604.0,0.1311,42.9,Credito,Em Analise,SP,Sudeste,Eletrônicos,2025-04-16 14:24:21,2025-04-21 14:24:21,Same-Day,1,6.0,5.0,1.0,0,0.010610092696101223,603.5844,4604.0,2025,4,April,2,1,Tuesday
1254,2025-03-07 03:02:07,222.48,215.6,0.1211,32.99,Boleto,Processando,MA,Nordeste,Eletrônicos,2025-04-13 14:38:14,2025-04-18 14:38:14,Scheduled,4,42.0,5.0,1.0,0,0.1482829917295937,26.10916,53.9,2025,3,March,1,4,Friday
1255,2025-05-08 16:16:49,4804.16,5397.03,0.1178,42.9,PIX,Em Analise,SP,Sudeste,Eletrônicos,2025-04-18 16:30:45,2025-04-19 16:30:45,Same-Day,3,-19.0,1.0,1.0,0,0.008929760873909278,635.770134,1799.01,2025,5,May,2,3,Thursday
1256,2025-05-10 02:52:09,140.53,107.8,0.0024,32.99,Credito,Cancelado,PR,Sul,Eletrônicos,2025-04-15 00:03:20,2025-04-20 00:03:20,Scheduled,2,,,,0,0.23475414502241515,0.25871999999999995,53.9,2025,5,May,2,5,Saturday
1257,2025-05-11 07:07:02,177.2,155.4,0.0071,22.9,Debito,Cancelado,CE,Nordeste,Eletrônicos,2025-05-14 09:54:39,2025-05-16 09:54:39,Standard,3,,,,0,0.12923250564334085,1.1033400000000002,51.800000000000004,2025,5,May,2,6,Sunday
1258,2025-05-03 16:25:04,3027.66,3253.14,0.0825,42.9,Credito,Cancelado,MG,Sudeste,Eletrônicos,2025-04-24 04:56:37,2025-04-25 04:56:37,Same-Day,2,,,,0,0.014169358514496345,268.38405,1626.57,2025,5,May,2,5,Saturday
1259,2025-03-15 03:11:04,86.97,51.8,0.1492,42.9,PIX,Processando,AC,Norte,Eletrônicos,2025-04-26 12:03:19,2025-05-01 12:03:19,Same-Day,1,47.0,5.0,1.0,0,0.49327354260089684,7.72856,51.8,2025,3,March,1,5,Saturday
1260,2025-04-12 15:05:28,39.88,17.9,0.0513,22.9,Credito,Confirmado,MG,Sudeste,Eletrônicos,2025-04-17 15:10:54,2025-04-20 15:10:54,Standard,1,8.0,3.0,1.0,1,0.574222668004012,0.9182699999999999,17.9,2025,4,April,2,5,Saturday
1261,2025-03-23 17:24:10,10434.44,10968.52,0.0517,32.99,PIX,Em Analise,SE,Nordeste,Eletrônicos,2025-04-30 20:27:18,2025-05-05 20:27:18,Scheduled,4,43.0,5.0,1.0,0,0.0031616454740263974,567.072484,2742.13,2025,3,March,1,6,Sunday
1262,2025-03-04 04:58:31,3040.6,3079.6,0.0201,22.9,Credito,Confirmado,RN,Nordeste,Eletrônicos,2025-04-30 17:09:40,2025-05-04 17:09:40,Standard,4,61.0,4.0,1.0,1,0.007531408274682628,61.89996,769.9,2025,3,March,1,1,Tuesday
1263,2025-05-14 03:35:03,3444.83,3796.0,0.1012,32.99,Debito,Processando,RS,Sul,Eletrônicos,2025-04-22 01:56:50,2025-04-25 01:56:50,Scheduled,4,-20.0,3.0,1.0,0,0.009576669966297321,384.1552,949.0,2025,5,May,2,2,Wednesday
1264,2025-04-19 21:34:23,267.52,259.72,0.097,32.99,Debito,Cancelado,PR,Sul,Eletrônicos,2025-04-24 01:38:20,2025-04-27 01:38:20,Scheduled,2,,,,0,0.12331788277511964,25.192840000000004,129.86,2025,4,April,2,5,Saturday
1265,2025-05-09 20:21:39,9033.79,9149.97,0.0152,22.9,Credito,Em Analise,PI,Nordeste,Eletrônicos,2025-05-05 05:54:21,2025-05-09 05:54:21,Standard,3,-1.0,4.0,1.0,0,0.0025349272010972133,139.079544,3049.99,2025,5,May,2,4,Friday
1266,2025-04-26 22:32:08,4046.44,4316.0,0.0701,32.99,Boleto,Cancelado,MG,Sudeste,Eletrônicos,2025-04-18 19:29:29,2025-04-23 19:29:29,Scheduled,4,,,,0,0.00815284546416109,302.5516,1079.0,2025,4,April,2,5,Saturday
1267,2025-03-11 06:31:00,380.12,374.73,0.1001,42.9,Credito,Confirmado,RR,Norte,Eletrônicos,2025-04-27 23:43:15,2025-05-01 23:43:15,Same-Day,3,51.0,4.0,1.0,1,0.11285909712722297,37.510473,124.91000000000001,2025,3,March,1,1,Tuesday
1268,2025-04-07 03:05:02,503.9,519.44,0.074,22.9,PIX,Processando,PI,Nordeste,Eletrônicos,2025-05-15 11:48:53,2025-05-16 11:48:53,Standard,4,39.0,1.0,1.0,0,0.045445524905735266,38.43856,129.86,2025,4,April,2,0,Monday
1269,2025-03-15 03:13:50,9901.41,10968.52,0.1012,42.9,Credito,Processando,CE,Nordeste,Eletrônicos,2025-04-17 18:12:42,2025-04-17 18:12:42,Same-Day,4,33.0,0.0,0.0,0,0.004332716249503859,1110.014224,2742.13,2025,3,March,1,5,Saturday
1270,2025-03-29 04:09:11,186.48,174.9,0.1224,32.99,Debito,Cancelado,MG,Sudeste,Eletrônicos,2025-05-05 11:20:13,2025-05-10 11:20:13,Scheduled,1,,,,0,0.17690905190905193,21.40776,174.9,2025,3,March,1,5,Saturday
1271,2025-03-07 21:37:15,58.96,17.9,0.1029,42.9,PIX,Cancelado,AM,Norte,Eletrônicos,2025-04-23 19:35:12,2025-04-24 19:35:12,Same-Day,1,,,,0,0.7276119402985074,1.84191,17.9,2025,3,March,1,4,Friday
1272,2025-05-14 09:19:05,904.21,949.0,0.0924,42.9,PIX,Processando,SC,Sul,Eletrônicos,2025-05-11 01:57:52,2025-05-14 01:57:52,Same-Day,1,-1.0,3.0,1.0,0,0.04744473075944747,87.6876,949.0,2025,5,May,2,2,Wednesday
1273,2025-03-25 07:37:17,771.06,857.98,0.128,22.9,Debito,Processando,SP,Sudeste,Eletrônicos,2025-04-21 17:31:50,2025-04-22 17:31:50,Standard,2,28.0,1.0,1.0,0,0.029699374886519855,109.82144000000001,428.99,2025,3,March,1,1,Tuesday
1274,2025-05-05 22:10:01,473.59,497.97,0.1351,42.9,Credito,Confirmado,SP,Sudeste,Eletrônicos,2025-05-06 21:35:49,2025-05-07 21:35:49,Same-Day,3,1.0,1.0,1.0,1,0.09058468295360966,67.275747,165.99,2025,5,May,2,0,Monday
1275,2025-03-16 03:03:32,1648.91,1715.96,0.0583,32.99,PIX,Em Analise,MA,Nordeste,Eletrônicos,2025-05-09 22:22:26,2025-05-14 22:22:26,Scheduled,4,59.0,5.0,1.0,0,0.020007156242608754,100.040468,428.99,2025,3,March,1,6,Sunday
1276,2025-03-23 10:31:02,1792.2,1796.0,0.026,42.9,PIX,Cancelado,AP,Norte,Eletrônicos,2025-05-12 05:41:09,2025-05-13 05:41:09,Same-Day,4,,,,0,0.023937060595915632,46.696,449.0,2025,3,March,1,6,Sunday
1277,2025-04-11 01:11:46,2059.29,2309.7,0.1227,32.99,PIX,Processando,PB,Nordeste,Eletrônicos,2025-05-11 01:41:13,2025-05-16 01:41:13,Scheduled,3,35.0,5.0,1.0,0,0.016020084592262382,283.40019,769.9,2025,4,April,2,4,Friday
1278,2025-05-03 08:55:04,1938.47,1979.1,0.0321,22.9,Debito,Confirmado,CE,Nordeste,Eletrônicos,2025-04-22 03:02:50,2025-04-22 03:02:50,Standard,1,-12.0,0.0,0.0,1,0.011813440496886719,63.52910999999999,1979.1,2025,5,May,2,5,Saturday
1279,2025-03-10 05:34:45,3995.65,4604.0,0.1393,32.99,PIX,Processando,PA,Norte,Eletrônicos,2025-04-19 11:30:44,2025-04-20 11:30:44,Scheduled,1,41.0,1.0,1.0,0,0.008256478920826399,641.3372,4604.0,2025,3,March,1,0,Monday
1280,2025-05-01 21:37:33,4886.02,4879.71,0.0034,22.9,PIX,Processando,RO,Norte,Eletrônicos,2025-04-24 05:55:14,2025-04-28 05:55:14,Standard,3,-4.0,4.0,1.0,0,0.004686841232741577,16.591013999999998,1626.57,2025,5,May,2,3,Thursday
1281,2025-02-18 16:34:39,4248.23,4879.71,0.1382,42.9,PIX,Cancelado,RR,Norte,Eletrônicos,2025-05-02 22:50:19,2025-05-05 22:50:19,Same-Day,3,,,,0,0.010098323301704475,674.375922,1626.57,2025,2,February,1,1,Tuesday
1282,2025-03-12 23:14:12,1525.68,1626.57,0.0884,42.9,PIX,Em Analise,RR,Norte,Eletrônicos,2025-04-13 00:29:42,2025-04-18 00:29:42,Same-Day,1,36.0,5.0,1.0,0,0.028118609406952964,143.788788,1626.57,2025,3,March,1,2,Wednesday
1283,2025-05-14 06:24:48,1611.97,1798.0,0.1162,22.9,Boleto,Em Analise,RS,Sul,Eletrônicos,2025-04-29 00:41:58,2025-04-29 00:41:58,Standard,2,-16.0,0.0,0.0,0,0.014206219718729256,208.92759999999998,899.0,2025,5,May,2,2,Wednesday
1284,2025-05-17 10:05:01,144.99,129.86,0.0598,22.9,Credito,Em Analise,RO,Norte,Eletrônicos,2025-04-23 10:22:16,2025-04-26 10:22:16,Standard,1,-21.0,3.0,1.0,0,0.15794192702945029,7.765628,129.86,2025,5,May,2,5,Saturday
1285,2025-03-10 15:13:06,3093.91,3596.0,0.1488,32.99,PIX,Em Analise,SC,Sul,Eletrônicos,2025-04-19 06:49:25,2025-04-24 06:49:25,Scheduled,4,44.0,5.0,1.0,0,0.010662882889288959,535.0848,899.0,2025,3,March,1,0,Monday
1286,2025-05-02 16:36:54,94.77,53.7,0.0341,42.9,Boleto,Cancelado,BA,Nordeste,Eletrônicos,2025-04-24 07:13:44,2025-04-29 07:13:44,Same-Day,3,,,,0,0.45267489711934156,1.83117,17.900000000000002,2025,5,May,2,4,Friday
1287,2025-05-06 00:39:06,4728.89,4879.71,0.0397,42.9,Debito,Cancelado,SC,Sul,Eletrônicos,2025-04-20 00:33:49,2025-04-25 00:33:49,Same-Day,3,,,,0,0.009071896364686003,193.724487,1626.57,2025,5,May,2,1,Tuesday
1288,2025-04-27 10:42:47,181.54,149.7,0.0077,32.99,Boleto,Processando,MG,Sudeste,Eletrônicos,2025-04-18 23:15:43,2025-04-23 23:15:43,Scheduled,3,-4.0,5.0,1.0,0,0.18172303624545558,1.15269,49.9,2025,4,April,2,6,Sunday
1289,2025-05-15 05:58:08,2016.79,2309.7,0.1411,32.99,Boleto,Confirmado,RO,Norte,Eletrônicos,2025-05-12 10:22:06,2025-05-17 10:22:06,Scheduled,3,2.0,5.0,1.0,1,0.016357677299074273,325.89867,769.9,2025,5,May,2,3,Thursday
1290,2025-02-26 19:01:45,7696.69,8226.39,0.0684,32.99,Debito,Cancelado,AM,Norte,Eletrônicos,2025-05-07 05:41:49,2025-05-07 05:41:49,Scheduled,3,,,,0,0.004286258118749749,562.685076,2742.1299999999997,2025,2,February,1,2,Wednesday
1291,2025-05-08 14:03:13,4952.15,5484.26,0.1012,22.9,Boleto,Processando,PA,Norte,Eletrônicos,2025-05-13 22:50:44,2025-05-13 22:50:44,Standard,2,5.0,0.0,0.0,0,0.004624254111850409,555.007112,2742.13,2025,5,May,2,3,Thursday
1292,2025-03-23 07:02:41,1735.31,1898.0,0.1031,32.99,Boleto,Confirmado,PE,Nordeste,Eletrônicos,2025-04-25 16:09:57,2025-04-30 16:09:57,Scheduled,2,38.0,5.0,1.0,1,0.019011012441581043,195.6838,949.0,2025,3,March,1,6,Sunday
1293,2025-03-02 21:52:39,116.56,107.8,0.1312,22.9,Credito,Processando,PI,Nordeste,Eletrônicos,2025-04-26 22:22:59,2025-04-30 22:22:59,Standard,2,59.0,4.0,1.0,0,0.1964653397391901,14.143360000000001,53.9,2025,3,March,1,6,Sunday
1294,2025-03-29 05:24:41,998.11,1072.0,0.0997,32.99,Debito,Processando,MG,Sudeste,Eletrônicos,2025-04-30 05:27:44,2025-05-05 05:27:44,Scheduled,1,37.0,5.0,1.0,0,0.033052469166725114,106.8784,1072.0,2025,3,March,1,5,Saturday
1295,2025-05-16 18:35:33,435.73,428.99,0.0843,42.9,Boleto,Confirmado,PR,Sul,Eletrônicos,2025-04-20 12:47:47,2025-04-21 12:47:47,Same-Day,1,-26.0,1.0,1.0,1,0.09845546554058705,36.163857,428.99,2025,5,May,2,4,Friday
1296,2025-04-29 12:06:25,80.97,53.7,0.1065,32.99,Credito,Confirmado,MG,Sudeste,Eletrônicos,2025-04-20 04:12:59,2025-04-25 04:12:59,Scheduled,3,-5.0,5.0,1.0,1,0.4074348524144745,5.71905,17.900000000000002,2025,4,April,2,1,Tuesday
1297,2025-05-10 12:20:41,170.89,155.4,0.1126,32.99,PIX,Cancelado,RR,Norte,Eletrônicos,2025-04-19 01:07:41,2025-04-23 01:07:41,Scheduled,3,,,,0,0.19304815963485286,17.498040000000003,51.800000000000004,2025,5,May,2,5,Saturday
1298,2025-05-03 00:48:11,1768.79,1796.0,0.0279,22.9,Debito,Processando,TO,Norte,Eletrônicos,2025-04-20 08:20:03,2025-04-22 08:20:03,Standard,4,-11.0,2.0,1.0,0,0.012946703678786062,50.1084,449.0,2025,5,May,2,5,Saturday
1299,2025-04-24 05:10:46,246.68,207.2,0.0165,42.9,PIX,Cancelado,PR,Sul,Eletrônicos,2025-04-29 04:29:30,2025-05-03 04:29:30,Same-Day,4,,,,0,0.17390951840441057,3.4188,51.8,2025,4,April,2,3,Thursday
1300,2025-05-04 08:17:49,181.01,149.7,0.0112,32.99,Boleto,Processando,RR,Norte,Eletrônicos,2025-04-14 01:44:15,2025-04-19 01:44:15,Scheduled,3,-16.0,5.0,1.0,0,0.1822551240262969,1.67664,49.9,2025,5,May,2,6,Sunday
1301,2025-04-08 20:38:34,2056.71,2144.0,0.0561,32.99,Boleto,Processando,MG,Sudeste,Eletrônicos,2025-04-21 19:33:48,2025-04-25 19:33:48,Scheduled,2,16.0,4.0,1.0,0,0.01604018067690632,120.27839999999999,1072.0,2025,4,April,2,1,Tuesday
1302,2025-04-18 12:23:44,369.64,374.73,0.0747,22.9,Debito,Processando,RJ,Sudeste,Eletrônicos,2025-04-23 06:20:43,2025-04-27 06:20:43,Standard,3,8.0,4.0,1.0,0,0.06195216967860621,27.992331000000004,124.91000000000001,2025,4,April,2,4,Friday
1303,2025-03-23 22:08:27,801.69,857.98,0.0923,22.9,Boleto,Cancelado,AC,Norte,Eletrônicos,2025-04-24 21:27:22,2025-04-29 21:27:22,Standard,2,,,,0,0.028564657161745808,79.191554,428.99,2025,3,March,1,6,Sunday
1304,2025-03-02 04:53:03,2332.34,2697.0,0.1437,22.9,Boleto,Cancelado,TO,Norte,Eletrônicos,2025-05-03 09:46:33,2025-05-07 09:46:33,Standard,3,,,,0,0.009818465575344932,387.5589,899.0,2025,3,March,1,6,Sunday
1305,2025-04-01 23:30:36,70.32,49.9,0.0496,22.9,Boleto,Cancelado,RJ,Sudeste,Eletrônicos,2025-05-12 04:29:34,2025-05-16 04:29:34,Standard,1,,,,0,0.32565415244596135,2.47504,49.9,2025,4,April,2,1,Tuesday
1306,2025-03-02 21:09:17,652.77,699.6,0.1141,32.99,Boleto,Cancelado,AC,Norte,Eletrônicos,2025-05-07 14:44:07,2025-05-07 14:44:07,Scheduled,4,,,,0,0.050538474500972784,79.82436,174.9,2025,3,March,1,6,Sunday
1307,2025-04-13 09:01:57,171.71,161.7,0.0797,22.9,Debito,Confirmado,TO,Norte,Eletrônicos,2025-05-02 08:14:51,2025-05-06 08:14:51,Standard,3,22.0,4.0,1.0,1,0.13336439345407955,12.887489999999998,53.9,2025,4,April,2,6,Sunday
1308,2025-03-02 21:07:06,2992.24,3049.99,0.033,42.9,Debito,Cancelado,PI,Nordeste,Eletrônicos,2025-04-28 06:43:51,2025-04-29 06:43:51,Same-Day,1,,,,0,0.014337085260540599,100.64967,3049.99,2025,3,March,1,6,Sunday
1309,2025-04-11 02:02:38,2995.78,3253.14,0.0923,42.9,Credito,Processando,SC,Sul,Eletrônicos,2025-05-11 22:34:53,2025-05-13 22:34:53,Same-Day,2,32.0,2.0,1.0,0,0.014320143668760723,300.264822,1626.57,2025,4,April,2,4,Friday
1310,2025-04-25 04:50:33,7055.64,8226.39,0.1451,22.9,Credito,Processando,AM,Norte,Eletrônicos,2025-05-12 02:00:30,2025-05-12 02:00:30,Standard,3,16.0,0.0,0.0,0,0.0032456304459978114,1193.649189,2742.1299999999997,2025,4,April,2,4,Friday
1311,2025-04-09 18:59:31,2679.83,2697.0,0.0186,32.99,Credito,Processando,CE,Nordeste,Eletrônicos,2025-05-01 20:11:27,2025-05-05 20:11:27,Scheduled,3,26.0,4.0,1.0,0,0.012310482381345087,50.164199999999994,899.0,2025,4,April,2,2,Wednesday
1312,2025-04-13 03:00:24,171.3,149.7,0.0761,32.99,Debito,Cancelado,RS,Sul,Eletrônicos,2025-05-04 23:09:11,2025-05-09 23:09:11,Scheduled,3,,,,0,0.19258610624635142,11.39217,49.9,2025,4,April,2,6,Sunday
1313,2025-03-06 10:35:05,183.35,161.7,0.0077,22.9,Boleto,Confirmado,SC,Sul,Eletrônicos,2025-05-04 23:46:25,2025-05-06 23:46:25,Standard,3,61.0,2.0,1.0,1,0.12489773656940278,1.24509,53.9,2025,3,March,1,3,Thursday
1314,2025-03-10 16:38:34,451.21,428.99,0.0482,42.9,Debito,Processando,SC,Sul,Eletrônicos,2025-04-27 01:29:54,2025-04-29 01:29:54,Same-Day,1,49.0,2.0,1.0,0,0.0950776800159571,20.677318,428.99,2025,3,March,1,0,Monday
1315,2025-03-24 23:30:17,258.44,259.72,0.0931,22.9,Boleto,Processando,AP,Norte,Eletrônicos,2025-04-25 09:52:50,2025-04-29 09:52:50,Standard,2,35.0,4.0,1.0,0,0.08860857452406748,24.179932000000004,129.86,2025,3,March,1,0,Monday
1316,2025-03-22 14:51:59,2530.61,2847.0,0.1262,42.9,Boleto,Em Analise,CE,Nordeste,Eletrônicos,2025-04-28 23:43:11,2025-04-30 23:43:11,Same-Day,3,39.0,2.0,1.0,0,0.016952434393288574,359.2914,949.0,2025,3,March,1,5,Saturday
1317,2025-03-15 06:32:25,3423.24,3796.0,0.1095,42.9,Boleto,Confirmado,SC,Sul,Eletrônicos,2025-04-29 14:03:51,2025-05-03 14:03:51,Same-Day,4,49.0,4.0,1.0,1,0.012531987240158447,415.662,949.0,2025,3,March,1,5,Saturday
1318,2025-04-24 04:34:09,59.56,17.9,0.0694,42.9,Boleto,Em Analise,RN,Nordeste,Eletrônicos,2025-04-29 13:13:06,2025-04-29 13:13:06,Same-Day,1,5.0,0.0,0.0,0,0.7202820685023505,1.24226,17.9,2025,4,April,2,3,Thursday
1319,2025-04-26 22:41:28,116.0,107.8,0.1364,22.9,Credito,Processando,TO,Norte,Eletrônicos,2025-04-24 16:55:26,2025-04-24 16:55:26,Standard,2,-3.0,0.0,0.0,0,0.19741379310344825,14.703919999999998,53.9,2025,4,April,2,5,Saturday
1320,2025-03-07 11:00:02,91.25,71.6,0.0454,22.9,Debito,Processando,RS,Sul,Eletrônicos,2025-04-30 21:57:32,2025-05-02 21:57:32,Standard,4,56.0,2.0,1.0,0,0.25095890410958904,3.2506399999999998,17.9,2025,3,March,1,4,Friday
1321,2025-02-25 17:09:15,611.77,663.96,0.1131,22.9,Boleto,Cancelado,RS,Sul,Eletrônicos,2025-04-30 20:35:08,2025-05-04 20:35:08,Standard,4,,,,0,0.037432368373735224,75.09387600000001,165.99,2025,2,February,1,1,Tuesday
1322,2025-02-18 00:48:10,530.29,524.7,0.0711,42.9,Credito,Cancelado,AM,Norte,Eletrônicos,2025-04-15 12:02:36,2025-04-17 12:02:36,Same-Day,3,,,,0,0.08089913066435347,37.30617,174.9,2025,2,February,1,1,Tuesday
1323,2025-03-25 08:55:02,359.96,389.58,0.1348,22.9,PIX,Processando,RR,Norte,Eletrônicos,2025-05-05 17:38:56,2025-05-10 17:38:56,Standard,3,46.0,5.0,1.0,0,0.0636181797977553,52.515384,129.85999999999999,2025,3,March,1,1,Tuesday
1324,2025-05-01 23:04:33,778.27,857.98,0.1196,22.9,Boleto,Processando,PI,Nordeste,Eletrônicos,2025-05-05 07:53:08,2025-05-09 07:53:08,Standard,2,7.0,4.0,1.0,0,0.0294242358050548,102.614408,428.99,2025,5,May,2,3,Thursday
1325,2025-02-19 21:53:28,3315.77,3796.0,0.1352,32.99,Debito,Processando,PA,Norte,Eletrônicos,2025-04-24 01:42:43,2025-04-27 01:42:43,Scheduled,4,66.0,3.0,1.0,0,0.009949423512487296,513.2192,949.0,2025,2,February,1,2,Wednesday
1326,2025-04-22 22:30:28,202.28,174.9,0.0321,32.99,Boleto,Processando,RS,Sul,Eletrônicos,2025-04-15 10:48:02,2025-04-18 10:48:02,Scheduled,1,-5.0,3.0,1.0,0,0.16309076527585525,5.61429,174.9,2025,4,April,2,1,Tuesday
1327,2025-05-03 05:06:20,81.31,53.7,0.1002,32.99,Credito,Cancelado,BA,Nordeste,Eletrônicos,2025-05-06 01:02:01,2025-05-11 01:02:01,Scheduled,3,,,,0,0.4057311523797811,5.38074,17.900000000000002,2025,5,May,2,5,Saturday
1329,2025-04-11 16:27:11,253.69,259.72,0.1114,22.9,Credito,Processando,CE,Nordeste,Eletrônicos,2025-04-26 06:53:49,2025-05-01 06:53:49,Standard,2,19.0,5.0,1.0,0,0.09026764949347628,28.932808,129.86,2025,4,April,2,4,Friday
1330,2025-02-26 14:57:28,439.46,428.99,0.0756,42.9,Boleto,Confirmado,MG,Sudeste,Eletrônicos,2025-04-20 11:28:05,2025-04-25 11:28:05,Same-Day,1,57.0,5.0,1.0,1,0.09761980612569972,32.431644,428.99,2025,2,February,1,2,Wednesday
1331,2025-04-30 23:44:22,939.37,898.0,0.0017,42.9,PIX,Em Analise,ES,Sudeste,Eletrônicos,2025-05-02 04:57:27,2025-05-04 04:57:27,Same-Day,2,3.0,2.0,1.0,0,0.045668905755985395,1.5266,449.0,2025,4,April,2,2,Wednesday
1332,2025-03-15 08:52:48,393.03,374.73,0.0392,32.99,PIX,Em Analise,RN,Nordeste,Eletrônicos,2025-05-05 22:50:27,2025-05-06 22:50:27,Scheduled,3,52.0,1.0,1.0,0,0.08393761290486733,14.689416,124.91000000000001,2025,3,March,1,5,Saturday
1333,2025-03-04 06:41:30,4676.03,4879.71,0.0485,32.99,PIX,Em Analise,CE,Nordeste,Eletrônicos,2025-05-10 22:06:54,2025-05-13 22:06:54,Scheduled,3,70.0,3.0,1.0,0,0.007055130099678574,236.66593500000002,1626.57,2025,3,March,1,1,Tuesday
1334,2025-05-13 20:27:01,622.01,663.96,0.1278,42.9,PIX,Confirmado,SC,Sul,Eletrônicos,2025-04-26 05:15:05,2025-04-27 05:15:05,Same-Day,4,-17.0,1.0,1.0,1,0.06896995225157151,84.854088,165.99,2025,5,May,2,1,Tuesday
1335,2025-04-14 12:15:43,1532.57,1715.96,0.1261,32.99,PIX,Confirmado,TO,Norte,Eletrônicos,2025-04-27 14:27:22,2025-04-27 14:27:22,Scheduled,4,13.0,0.0,0.0,1,0.021525933562577895,216.382556,428.99,2025,4,April,2,0,Monday
1336,2025-05-12 01:04:31,1990.93,1979.1,0.0157,42.9,Debito,Processando,RS,Sul,Eletrônicos,2025-05-07 13:33:14,2025-05-11 13:33:14,Same-Day,1,-1.0,4.0,1.0,0,0.02154771890523524,31.071869999999997,1979.1,2025,5,May,2,0,Monday
1337,2025-04-20 16:29:40,1719.98,1979.1,0.1425,22.9,Credito,Processando,SC,Sul,Eletrônicos,2025-04-20 21:18:22,2025-04-22 21:18:22,Standard,1,2.0,2.0,1.0,0,0.013314108303584924,282.02174999999994,1979.1,2025,4,April,2,6,Sunday
1338,2025-03-03 05:44:22,678.76,663.96,0.0274,32.99,Debito,Em Analise,PA,Norte,Eletrônicos,2025-05-05 10:12:25,2025-05-07 10:12:25,Scheduled,4,65.0,2.0,1.0,0,0.04860333549413637,18.192504000000003,165.99,2025,3,March,1,0,Monday
1339,2025-03-31 08:29:03,388.25,389.58,0.0622,22.9,Debito,Confirmado,RO,Norte,Eletrônicos,2025-05-02 06:02:08,2025-05-03 06:02:08,Standard,3,32.0,1.0,1.0,1,0.05898261429491307,24.231876,129.85999999999999,2025,3,March,1,0,Monday
1340,2025-04-02 07:48:32,1683.43,1715.96,0.0323,22.9,Boleto,Cancelado,TO,Norte,Eletrônicos,2025-05-06 02:11:59,2025-05-06 02:11:59,Standard,4,,,,0,0.01360317922337133,55.42550800000001,428.99,2025,4,April,2,2,Wednesday
1341,2025-03-12 12:36:39,203.37,207.2,0.129,22.9,Debito,Processando,MG,Sudeste,Eletrônicos,2025-05-05 11:24:14,2025-05-08 11:24:14,Standard,4,56.0,3.0,1.0,0,0.11260264542459555,26.7288,51.8,2025,3,March,1,2,Wednesday
1342,2025-04-04 19:20:54,819.96,898.0,0.1124,22.9,Debito,Confirmado,RJ,Sudeste,Eletrônicos,2025-05-10 00:44:48,2025-05-11 00:44:48,Standard,2,36.0,1.0,1.0,1,0.027928191619103367,100.9352,449.0,2025,4,April,2,4,Friday
1343,2025-02-27 03:34:14,855.41,857.98,0.053,42.9,PIX,Processando,SE,Nordeste,Eletrônicos,2025-04-21 03:59:21,2025-04-24 03:59:21,Same-Day,2,56.0,3.0,1.0,0,0.050151389392221274,45.47294,428.99,2025,2,February,1,3,Thursday
1344,2025-04-01 23:04:30,1746.73,1898.0,0.1023,42.9,Credito,Processando,SC,Sul,Eletrônicos,2025-04-30 08:36:33,2025-05-02 08:36:33,Same-Day,2,30.0,2.0,1.0,0,0.024560178161478877,194.1654,949.0,2025,4,April,2,1,Tuesday
1345,2025-04-07 09:16:20,1352.59,1347.0,0.0277,42.9,Boleto,Em Analise,PR,Sul,Eletrônicos,2025-05-02 09:09:36,2025-05-04 09:09:36,Same-Day,3,26.0,2.0,1.0,0,0.03171692826355363,37.3119,449.0,2025,4,April,2,0,Monday
1347,2025-04-08 08:09:08,3086.78,3237.0,0.0566,32.99,Boleto,Confirmado,RJ,Sudeste,Eletrônicos,2025-04-22 03:31:15,2025-04-23 03:31:15,Scheduled,3,14.0,1.0,1.0,1,0.01068751255353475,183.2142,1079.0,2025,4,April,2,1,Tuesday
1348,2025-04-09 21:39:22,909.81,899.0,0.0357,42.9,Credito,Em Analise,ES,Sudeste,Eletrônicos,2025-04-24 13:39:21,2025-04-29 13:39:21,Same-Day,1,19.0,5.0,1.0,0,0.04715270221254987,32.094300000000004,899.0,2025,4,April,2,2,Wednesday
1349,2025-03-11 08:03:50,145.79,129.86,0.1314,32.99,Credito,Cancelado,SE,Nordeste,Eletrônicos,2025-05-09 08:16:24,2025-05-13 08:16:24,Scheduled,1,,,,0,0.22628438164483164,17.063604,129.86,2025,3,March,1,1,Tuesday
1350,2025-03-01 01:28:01,65.15,35.8,0.1018,32.99,PIX,Em Analise,PR,Sul,Eletrônicos,2025-04-24 07:16:34,2025-04-24 07:16:34,Scheduled,2,54.0,0.0,0.0,0,0.5063699155794321,3.64444,17.9,2025,3,March,1,5,Saturday
1351,2025-02-19 23:08:06,2993.16,3079.6,0.042,42.9,Credito,Cancelado,PB,Nordeste,Eletrônicos,2025-05-15 15:29:22,2025-05-16 15:29:22,Same-Day,4,,,,0,0.01433267850699595,129.3432,769.9,2025,2,February,1,2,Wednesday
1352,2025-03-18 18:49:56,67.49,35.8,0.0363,32.99,Boleto,Cancelado,PR,Sul,Eletrônicos,2025-04-17 03:56:08,2025-04-21 03:56:08,Scheduled,2,,,,0,0.4888131575048156,1.29954,17.9,2025,3,March,1,1,Tuesday
1353,2025-02-26 15:34:37,184.16,161.7,0.0027,22.9,Boleto,Processando,PI,Nordeste,Eletrônicos,2025-05-11 18:54:00,2025-05-16 18:54:00,Standard,3,79.0,5.0,1.0,0,0.12434839270199825,0.43659,53.9,2025,2,February,1,2,Wednesday
1354,2025-03-03 13:38:21,3795.27,3958.2,0.052,42.9,PIX,Confirmado,PR,Sul,Eletrônicos,2025-05-07 01:21:28,2025-05-08 01:21:28,Same-Day,2,65.0,1.0,1.0,1,0.011303543621402429,205.82639999999998,1979.1,2025,3,March,1,0,Monday
1355,2025-03-31 06:57:24,195.78,165.99,0.079,42.9,Boleto,Processando,TO,Norte,Eletrônicos,2025-05-08 15:12:51,2025-05-11 15:12:51,Same-Day,1,41.0,3.0,1.0,0,0.21912350597609562,13.11321,165.99,2025,3,March,1,0,Monday
1356,2025-04-22 05:04:04,392.09,374.73,0.0417,32.99,Boleto,Em Analise,SC,Sul,Eletrônicos,2025-04-25 19:21:52,2025-04-27 19:21:52,Scheduled,3,5.0,2.0,1.0,0,0.08413884567318729,15.626241,124.91000000000001,2025,4,April,2,1,Tuesday
1357,2025-03-26 07:11:16,132.21,99.8,0.1051,42.9,Boleto,Confirmado,SE,Nordeste,Eletrônicos,2025-05-06 08:52:28,2025-05-08 08:52:28,Same-Day,2,43.0,2.0,1.0,1,0.3244837758112094,10.48898,49.9,2025,3,March,1,2,Wednesday
1358,2025-03-26 19:52:38,689.35,699.6,0.0618,32.99,Debito,Em Analise,RO,Norte,Eletrônicos,2025-05-06 17:15:34,2025-05-10 17:15:34,Scheduled,4,44.0,4.0,1.0,0,0.04785667657938638,43.23528,174.9,2025,3,March,1,2,Wednesday
1359,2025-04-07 01:18:01,3116.56,3237.0,0.0474,32.99,Debito,Em Analise,SC,Sul,Eletrônicos,2025-05-05 16:30:57,2025-05-10 16:30:57,Scheduled,3,33.0,5.0,1.0,0,0.010585389018661602,153.4338,1079.0,2025,4,April,2,0,Monday
1360,2025-04-04 16:47:51,79.3,53.9,0.1409,32.99,Credito,Processando,MA,Nordeste,Eletrônicos,2025-05-12 18:31:22,2025-05-15 18:31:22,Scheduled,1,41.0,3.0,1.0,0,0.4160151324085751,7.59451,53.9,2025,4,April,2,4,Friday
1361,2025-02-27 16:39:13,182.35,165.99,0.0394,22.9,Debito,Cancelado,SC,Sul,Eletrônicos,2025-04-24 09:37:55,2025-04-29 09:37:55,Standard,1,,,,0,0.1255826706882369,6.540006,165.99,2025,2,February,1,3,Thursday
1362,2025-04-18 18:34:37,829.66,857.98,0.0597,22.9,Credito,Em Analise,SP,Sudeste,Eletrônicos,2025-04-27 02:09:50,2025-05-02 02:09:50,Standard,2,13.0,5.0,1.0,0,0.02760166815321939,51.221406,428.99,2025,4,April,2,4,Friday
1363,2025-04-08 14:41:57,211.06,199.6,0.0573,22.9,Credito,Confirmado,PE,Nordeste,Eletrônicos,2025-04-29 03:50:45,2025-04-30 03:50:45,Standard,4,21.0,1.0,1.0,1,0.10849995262010802,11.43708,49.9,2025,4,April,2,1,Tuesday
1364,2025-05-03 10:06:12,1062.84,1079.0,0.0362,22.9,Debito,Em Analise,RJ,Sudeste,Eletrônicos,2025-04-29 20:00:01,2025-05-04 20:00:01,Standard,1,1.0,5.0,1.0,0,0.021546046441609273,39.0598,1079.0,2025,5,May,2,5,Saturday
1365,2025-03-29 21:10:23,545.41,519.44,0.0326,42.9,Debito,Cancelado,MA,Nordeste,Eletrônicos,2025-04-27 02:23:12,2025-04-30 02:23:12,Same-Day,4,,,,0,0.07865642360792799,16.933744,129.86,2025,3,March,1,5,Saturday
1366,2025-03-16 18:45:04,4427.97,4604.0,0.0454,32.99,PIX,Cancelado,RJ,Sudeste,Eletrônicos,2025-04-27 02:04:42,2025-05-02 02:04:42,Scheduled,1,,,,0,0.007450366646567163,209.0216,4604.0,2025,3,March,1,6,Sunday
1367,2025-03-21 15:01:54,213.34,207.2,0.1296,32.99,Credito,Confirmado,PB,Nordeste,Eletrônicos,2025-04-20 02:51:03,2025-04-23 02:51:03,Scheduled,4,32.0,3.0,1.0,1,0.15463579263148028,26.853119999999997,51.8,2025,3,March,1,4,Friday
1368,2025-05-12 14:40:33,620.53,663.96,0.1151,32.99,Debito,Processando,RJ,Sudeste,Eletrônicos,2025-05-12 06:27:14,2025-05-12 06:27:14,Scheduled,4,-1.0,0.0,0.0,0,0.053164230577087336,76.421796,165.99,2025,5,May,2,0,Monday
1369,2025-02-27 18:40:44,3451.33,3796.0,0.1021,42.9,Debito,Em Analise,PI,Nordeste,Eletrônicos,2025-05-06 11:02:15,2025-05-06 11:02:15,Same-Day,4,67.0,0.0,0.0,0,0.01242999075718636,387.5716,949.0,2025,2,February,1,3,Thursday
1370,2025-02-19 12:55:29,92.92,53.7,0.0686,42.9,Boleto,Confirmado,SP,Sudeste,Eletrônicos,2025-04-13 22:10:12,2025-04-17 22:10:12,Same-Day,3,57.0,4.0,1.0,1,0.4616874730951356,3.68382,17.900000000000002,2025,2,February,1,2,Wednesday
1371,2025-03-20 09:30:15,1608.1,1715.96,0.0762,22.9,Credito,Em Analise,SC,Sul,Eletrônicos,2025-05-01 08:59:53,2025-05-06 08:59:53,Standard,4,46.0,5.0,1.0,0,0.014240407934829924,130.75615200000001,428.99,2025,3,March,1,3,Thursday
1372,2025-02-26 20:13:28,1766.88,1796.0,0.0401,42.9,Credito,Confirmado,SP,Sudeste,Eletrônicos,2025-05-08 01:57:32,2025-05-11 01:57:32,Same-Day,4,73.0,3.0,1.0,1,0.024280086932898667,72.0196,449.0,2025,2,February,1,2,Wednesday
1373,2025-02-17 16:44:57,171.32,129.86,0.0111,42.9,Debito,Cancelado,AC,Norte,Eletrônicos,2025-04-14 03:46:28,2025-04-18 03:46:28,Same-Day,1,,,,0,0.25040859210833527,1.4414460000000002,129.86,2025,2,February,1,0,Monday
1374,2025-04-19 17:05:33,1729.64,1796.0,0.0497,22.9,Boleto,Confirmado,BA,Nordeste,Eletrônicos,2025-04-29 14:28:50,2025-04-29 14:28:50,Standard,4,9.0,0.0,0.0,1,0.013239749311995558,89.2612,449.0,2025,4,April,2,5,Saturday
1375,2025-03-08 00:33:32,8546.75,9208.0,0.0743,22.9,PIX,Confirmado,PE,Nordeste,Eletrônicos,2025-05-10 07:46:58,2025-05-14 07:46:58,Standard,2,67.0,4.0,1.0,1,0.002679381051276801,684.1544,4604.0,2025,3,March,1,5,Saturday
1377,2025-03-19 03:58:32,186.34,155.4,0.0132,32.99,Debito,Em Analise,RR,Norte,Eletrônicos,2025-05-08 18:08:31,2025-05-09 18:08:31,Scheduled,3,51.0,1.0,1.0,0,0.17704196629816465,2.05128,51.800000000000004,2025,3,March,1,2,Wednesday
1378,2025-04-28 20:44:57,5725.68,5937.3,0.0395,22.9,Credito,Em Analise,BA,Nordeste,Eletrônicos,2025-05-05 11:55:33,2025-05-07 11:55:33,Standard,3,8.0,2.0,1.0,0,0.003999524947255173,234.52335000000002,1979.1000000000001,2025,4,April,2,0,Monday
1379,2025-04-28 17:47:36,515.01,499.64,0.0551,42.9,PIX,Confirmado,PR,Sul,Eletrônicos,2025-04-21 06:21:47,2025-04-21 06:21:47,Same-Day,4,-8.0,0.0,0.0,1,0.08329935341061338,27.530164,124.91,2025,4,April,2,0,Monday
1380,2025-03-17 02:35:29,11513.15,12199.96,0.059,32.99,Boleto,Processando,RN,Nordeste,Eletrônicos,2025-04-21 11:36:07,2025-04-24 11:36:07,Scheduled,4,38.0,3.0,1.0,0,0.00286541910771596,719.7976399999999,3049.99,2025,3,March,1,0,Monday
1381,2025-02-21 02:20:51,6025.0,6099.98,0.0177,32.99,Boleto,Cancelado,ES,Sudeste,Eletrônicos,2025-04-26 16:40:52,2025-04-27 16:40:52,Scheduled,2,,,,0,0.005475518672199171,107.969646,3049.99,2025,2,February,1,4,Friday
1382,2025-03-02 16:40:37,1085.32,1079.0,0.0339,42.9,Boleto,Em Analise,RS,Sul,Eletrônicos,2025-04-24 09:23:15,2025-04-29 09:23:15,Same-Day,1,57.0,5.0,1.0,0,0.0395275126230052,36.5781,1079.0,2025,3,March,1,6,Sunday
1383,2025-03-05 10:19:45,1748.5,1796.0,0.0392,22.9,Debito,Cancelado,AC,Norte,Eletrônicos,2025-05-09 23:42:10,2025-05-11 23:42:10,Standard,4,,,,0,0.013096940234486702,70.4032,449.0,2025,3,March,1,2,Wednesday
1384,2025-04-08 19:46:51,1306.96,1286.97,0.0101,32.99,Debito,Confirmado,SE,Nordeste,Eletrônicos,2025-04-26 21:28:50,2025-04-30 21:28:50,Scheduled,3,22.0,4.0,1.0,1,0.02524178245699945,12.998397,428.99,2025,4,April,2,1,Tuesday
1385,2025-03-09 01:31:30,4127.85,4316.0,0.0489,22.9,Boleto,Cancelado,MG,Sudeste,Eletrônicos,2025-05-04 23:27:35,2025-05-06 23:27:35,Standard,4,,,,0,0.005547682207444553,211.0524,1079.0,2025,3,March,1,6,Sunday
1386,2025-02-21 20:44:29,3059.95,3049.99,0.0108,42.9,Debito,Processando,SP,Sudeste,Eletrônicos,2025-05-10 17:45:58,2025-05-13 17:45:58,Same-Day,1,80.0,3.0,1.0,0,0.014019836925439958,32.939892,3049.99,2025,2,February,1,4,Friday
1387,2025-03-18 08:07:16,8269.55,9208.0,0.1055,32.99,Debito,Confirmado,AP,Norte,Eletrônicos,2025-05-09 03:34:27,2025-05-11 03:34:27,Scheduled,2,53.0,2.0,1.0,1,0.003989334365231482,971.444,4604.0,2025,3,March,1,1,Tuesday
1388,2025-04-23 17:09:40,1039.43,1079.0,0.0579,22.9,Credito,Cancelado,PA,Norte,Eletrônicos,2025-04-19 09:09:15,2025-04-21 09:09:15,Standard,1,,,,0,0.02203130561942603,62.4741,1079.0,2025,4,April,2,2,Wednesday
1389,2025-04-23 08:54:26,698.31,699.6,0.049,32.99,Debito,Confirmado,RS,Sul,Eletrônicos,2025-04-29 22:08:12,2025-05-01 22:08:12,Scheduled,4,8.0,2.0,1.0,1,0.04724262863198294,34.2804,174.9,2025,4,April,2,2,Wednesday
1390,2025-04-15 22:58:28,120.8,99.8,0.019,22.9,PIX,Cancelado,MG,Sudeste,Eletrônicos,2025-05-03 07:37:04,2025-05-06 07:37:04,Standard,2,,,,0,0.18956953642384106,1.8961999999999999,49.9,2025,4,April,2,1,Tuesday
1391,2025-03-24 22:58:49,5236.43,5397.03,0.034,22.9,PIX,Confirmado,ES,Sudeste,Eletrônicos,2025-04-22 23:23:52,2025-04-22 23:23:52,Standard,3,29.0,0.0,0.0,1,0.004373208464545501,183.49902,1799.01,2025,3,March,1,0,Monday
1392,2025-03-20 20:14:04,2102.16,2144.0,0.0349,32.99,PIX,Em Analise,SC,Sul,Eletrônicos,2025-05-10 07:36:20,2025-05-10 07:36:20,Scheduled,2,50.0,0.0,0.0,0,0.01569338204513453,74.8256,1072.0,2025,3,March,1,3,Thursday
1393,2025-03-18 17:36:01,465.57,519.44,0.1478,22.9,Credito,Em Analise,AP,Norte,Eletrônicos,2025-04-20 23:06:30,2025-04-21 23:06:30,Standard,4,34.0,1.0,1.0,0,0.049187018063878686,76.77323200000001,129.86,2025,3,March,1,1,Tuesday
1394,2025-03-03 07:44:38,70.05,53.9,0.1253,22.9,Credito,Em Analise,TO,Norte,Eletrônicos,2025-05-09 15:03:52,2025-05-12 15:03:52,Standard,1,70.0,3.0,1.0,0,0.3269093504639543,6.75367,53.9,2025,3,March,1,0,Monday
1395,2025-04-14 13:07:46,2337.38,2309.7,0.0023,32.99,Credito,Confirmado,SP,Sudeste,Eletrônicos,2025-04-18 13:30:19,2025-04-20 13:30:19,Scheduled,3,6.0,2.0,1.0,1,0.01411409355774414,5.312309999999999,769.9,2025,4,April,2,0,Monday
1396,2025-03-30 09:49:51,3949.76,4316.0,0.0925,32.99,PIX,Processando,ES,Sudeste,Eletrônicos,2025-04-20 02:20:02,2025-04-21 02:20:02,Scheduled,4,21.0,1.0,1.0,0,0.008352406222150206,399.23,1079.0,2025,3,March,1,6,Sunday
1397,2025-04-23 15:00:01,2084.57,2144.0,0.0384,22.9,Credito,Em Analise,MA,Nordeste,Eletrônicos,2025-04-19 15:49:44,2025-04-22 15:49:44,Standard,2,-1.0,3.0,1.0,0,0.010985479019653932,82.3296,1072.0,2025,4,April,2,2,Wednesday
1398,2025-05-15 18:07:43,445.15,428.99,0.0157,22.9,PIX,Em Analise,TO,Norte,Eletrônicos,2025-04-21 22:09:11,2025-04-22 22:09:11,Standard,1,-23.0,1.0,1.0,0,0.051443333707738965,6.735143,428.99,2025,5,May,2,3,Thursday
1399,2025-05-01 02:52:42,1247.39,1347.0,0.1058,42.9,PIX,Confirmado,RN,Nordeste,Eletrônicos,2025-04-15 18:20:57,2025-04-18 18:20:57,Same-Day,3,-13.0,3.0,1.0,1,0.034391810099487725,142.51260000000002,449.0,2025,5,May,2,3,Thursday
1400,2025-04-12 14:33:40,287.59,259.72,0.0197,32.99,PIX,Processando,PR,Sul,Eletrônicos,2025-05-12 08:07:27,2025-05-17 08:07:27,Scheduled,2,34.0,5.0,1.0,0,0.1147119162696895,5.116484,129.86,2025,4,April,2,5,Saturday
1401,2025-03-01 09:18:22,2582.4,2742.13,0.0666,22.9,Boleto,Confirmado,PB,Nordeste,Eletrônicos,2025-05-16 03:01:37,2025-05-17 03:01:37,Standard,1,76.0,1.0,1.0,1,0.008867719950433704,182.62585800000002,2742.13,2025,3,March,1,5,Saturday
1402,2025-02-24 06:36:17,39.1,17.9,0.0948,22.9,PIX,Em Analise,RJ,Sudeste,Eletrônicos,2025-05-04 08:29:31,2025-05-05 08:29:31,Standard,1,70.0,1.0,1.0,0,0.5856777493606138,1.6969199999999998,17.9,2025,2,February,1,0,Monday
1404,2025-04-10 18:58:32,355.37,389.58,0.1466,22.9,Credito,Em Analise,AC,Norte,Eletrônicos,2025-04-19 22:46:48,2025-04-20 22:46:48,Standard,3,10.0,1.0,1.0,0,0.06443987956214649,57.112428,129.85999999999999,2025,4,April,2,3,Thursday
1405,2025-04-10 18:19:13,984.78,1079.0,0.1179,32.99,Credito,Em Analise,PR,Sul,Eletrônicos,2025-04-16 06:10:37,2025-04-21 06:10:37,Scheduled,1,10.0,5.0,1.0,0,0.03349986799082029,127.2141,1079.0,2025,4,April,2,3,Thursday
1407,2025-05-13 22:59:52,2596.15,2697.0,0.0533,42.9,Boleto,Processando,PR,Sul,Eletrônicos,2025-04-15 00:09:52,2025-04-18 00:09:52,Same-Day,3,-26.0,3.0,1.0,0,0.016524468925139146,143.7501,899.0,2025,5,May,2,1,Tuesday
1408,2025-02-24 10:48:39,162.68,129.86,0.0013,32.99,Credito,Em Analise,RJ,Sudeste,Eletrônicos,2025-04-27 18:43:19,2025-04-30 18:43:19,Scheduled,1,65.0,3.0,1.0,0,0.20279075485615933,0.16881800000000002,129.86,2025,2,February,1,0,Monday
1409,2025-03-29 14:01:12,8164.54,9149.97,0.1102,22.9,PIX,Cancelado,SP,Sudeste,Eletrônicos,2025-05-04 15:17:28,2025-05-04 15:17:28,Standard,3,,,,0,0.0028048120286017337,1008.326694,3049.99,2025,3,March,1,5,Saturday
1410,2025-04-19 13:01:25,320.23,349.8,0.15,22.9,Debito,Processando,AM,Norte,Eletrônicos,2025-05-09 16:06:04,2025-05-10 16:06:04,Standard,2,21.0,1.0,1.0,0,0.0715111013958717,52.47,174.9,2025,4,April,2,5,Saturday
1411,2025-04-07 10:35:34,235.46,215.6,0.0609,32.99,Boleto,Processando,ES,Sudeste,Eletrônicos,2025-05-08 13:39:11,2025-05-12 13:39:11,Scheduled,4,35.0,4.0,1.0,0,0.14010872335003824,13.130040000000001,53.9,2025,4,April,2,0,Monday
1412,2025-05-07 06:51:55,4716.59,5484.26,0.1478,42.9,Boleto,Processando,BA,Nordeste,Eletrônicos,2025-05-08 22:12:46,2025-05-09 22:12:46,Same-Day,2,2.0,1.0,1.0,0,0.009095554203354542,810.573628,2742.13,2025,5,May,2,2,Wednesday
1413,2025-04-17 12:51:51,2303.4,2309.7,0.0213,42.9,Boleto,Confirmado,PB,Nordeste,Eletrônicos,2025-04-26 15:58:46,2025-04-28 15:58:46,Same-Day,3,11.0,2.0,1.0,1,0.018624641833810886,49.19660999999999,769.9,2025,4,April,2,3,Thursday
1414,2025-04-20 11:01:11,2104.87,2158.0,0.0445,42.9,PIX,Cancelado,AP,Norte,Eletrônicos,2025-05-05 10:26:06,2025-05-10 10:26:06,Same-Day,2,,,,0,0.020381306208934517,96.03099999999999,1079.0,2025,4,April,2,6,Sunday
1415,2025-04-09 10:00:43,8048.78,8226.39,0.0256,32.99,Credito,Em Analise,SC,Sul,Eletrônicos,2025-05-03 20:03:40,2025-05-06 20:03:40,Scheduled,3,27.0,3.0,1.0,0,0.004098757824167141,210.595584,2742.1299999999997,2025,4,April,2,2,Wednesday
1416,2025-04-11 05:25:09,394.79,389.58,0.0713,32.99,PIX,Processando,BA,Nordeste,Eletrônicos,2025-04-28 14:38:40,2025-05-01 14:38:40,Scheduled,3,20.0,3.0,1.0,0,0.08356341346032067,27.777054,129.85999999999999,2025,4,April,2,4,Friday
1417,2025-04-15 12:55:48,362.94,374.73,0.1195,32.99,Credito,Confirmado,ES,Sudeste,Eletrônicos,2025-04-28 04:37:11,2025-04-29 04:37:11,Scheduled,3,13.0,1.0,1.0,1,0.09089656692566266,44.780235,124.91000000000001,2025,4,April,2,1,Tuesday
1419,2025-05-06 18:58:37,4686.47,5397.03,0.1359,22.9,PIX,Em Analise,ES,Sudeste,Eletrônicos,2025-04-15 12:43:00,2025-04-17 12:43:00,Standard,3,-20.0,2.0,1.0,0,0.00488640703984022,733.456377,1799.01,2025,5,May,2,1,Tuesday
1420,2025-02-16 19:07:45,10105.38,10968.52,0.0817,32.99,Credito,Processando,PE,Nordeste,Eletrônicos,2025-04-28 08:07:15,2025-05-03 08:07:15,Scheduled,4,75.0,5.0,1.0,0,0.0032645976697561105,896.128084,2742.13,2025,2,February,1,6,Sunday
1421,2025-04-15 13:28:27,91.08,51.8,0.0698,42.9,Debito,Processando,RS,Sul,Eletrônicos,2025-05-02 17:59:28,2025-05-05 17:59:28,Same-Day,1,20.0,3.0,1.0,0,0.47101449275362317,3.61564,51.8,2025,4,April,2,1,Tuesday
1423,2025-04-28 01:18:45,170.79,129.86,0.0152,42.9,Debito,Cancelado,SC,Sul,Eletrônicos,2025-04-12 23:28:53,2025-04-17 23:28:53,Same-Day,1,,,,0,0.25118566660811525,1.9738720000000003,129.86,2025,4,April,2,0,Monday
1424,2025-02-18 05:46:01,464.53,499.64,0.1161,22.9,Debito,Processando,RR,Norte,Eletrônicos,2025-04-22 09:34:19,2025-04-26 09:34:19,Standard,4,67.0,4.0,1.0,0,0.04929713904376466,58.008204,124.91,2025,2,February,1,1,Tuesday
1425,2025-04-15 06:00:35,3837.02,3958.2,0.0364,22.9,Boleto,Confirmado,TO,Norte,Eletrônicos,2025-05-14 03:32:41,2025-05-14 03:32:41,Standard,2,28.0,0.0,0.0,1,0.00596817321775753,144.07848,1979.1,2025,4,April,2,1,Tuesday
1426,2025-02-23 10:35:56,3133.71,3237.0,0.0421,32.99,Debito,Processando,RR,Norte,Eletrônicos,2025-04-27 15:30:51,2025-04-27 15:30:51,Scheduled,3,63.0,0.0,0.0,0,0.010527457869426335,136.27769999999998,1079.0,2025,2,February,1,6,Sunday
1427,2025-02-28 13:42:17,1824.08,1979.1,0.0899,22.9,PIX,Confirmado,ES,Sudeste,Eletrônicos,2025-04-28 23:37:19,2025-04-29 23:37:19,Standard,1,60.0,1.0,1.0,1,0.012554273935353712,177.92109,1979.1,2025,2,February,1,4,Friday
1428,2025-04-07 22:41:33,166.43,165.99,0.1353,22.9,Debito,Processando,ES,Sudeste,Eletrônicos,2025-05-06 18:54:38,2025-05-10 18:54:38,Standard,1,32.0,4.0,1.0,0,0.1375953854473352,22.458447000000003,165.99,2025,4,April,2,0,Monday
1429,2025-03-04 16:51:01,8431.65,9208.0,0.0868,22.9,PIX,Em Analise,RS,Sul,Eletrônicos,2025-04-18 05:51:49,2025-04-18 05:51:49,Standard,2,44.0,0.0,0.0,0,0.0027159571376895388,799.2544,4604.0,2025,3,March,1,1,Tuesday
1430,2025-03-27 09:41:41,807.49,857.98,0.0973,32.99,PIX,Cancelado,PA,Norte,Eletrônicos,2025-04-19 06:03:45,2025-04-23 06:03:45,Scheduled,2,,,,0,0.040854995108298556,83.481454,428.99,2025,3,March,1,3,Thursday
1431,2025-05-08 20:10:11,2884.24,3216.0,0.1165,42.9,Debito,Em Analise,MA,Nordeste,Eletrônicos,2025-04-25 08:21:40,2025-04-30 08:21:40,Same-Day,3,-9.0,5.0,1.0,0,0.014873935594818739,374.66400000000004,1072.0,2025,5,May,2,3,Thursday
1432,2025-05-02 21:23:56,5209.99,5397.03,0.0389,22.9,Boleto,Em Analise,MG,Sudeste,Eletrônicos,2025-04-25 12:40:02,2025-04-27 12:40:02,Standard,3,-6.0,2.0,1.0,0,0.004395401910560289,209.94446699999997,1799.01,2025,5,May,2,4,Friday
1433,2025-05-11 16:16:11,1160.25,1286.97,0.1241,32.99,Boleto,Em Analise,ES,Sudeste,Eletrônicos,2025-05-14 09:40:54,2025-05-14 09:40:54,Scheduled,3,2.0,0.0,0.0,0,0.02843352725705667,159.712977,428.99,2025,5,May,2,6,Sunday
1434,2025-04-10 21:45:46,188.56,155.4,0.0627,42.9,PIX,Confirmado,CE,Nordeste,Eletrônicos,2025-05-02 13:06:04,2025-05-02 13:06:04,Same-Day,3,21.0,0.0,0.0,1,0.22751378871446754,9.743580000000001,51.800000000000004,2025,4,April,2,3,Thursday
1435,2025-02-27 02:26:45,3877.0,3958.2,0.0263,22.9,Debito,Em Analise,RO,Norte,Eletrônicos,2025-04-28 15:59:37,2025-04-30 15:59:37,Standard,2,62.0,2.0,1.0,0,0.005906628836729429,104.10065999999999,1979.1,2025,2,February,1,3,Thursday
1436,2025-03-25 11:22:10,2922.86,3049.99,0.0525,32.99,Debito,Confirmado,SC,Sul,Eletrônicos,2025-05-04 01:50:13,2025-05-06 01:50:13,Scheduled,1,41.0,2.0,1.0,1,0.011286890237643952,160.124475,3049.99,2025,3,March,1,1,Tuesday
1437,2025-03-21 11:27:51,1675.54,1715.96,0.0369,22.9,Boleto,Confirmado,AM,Norte,Eletrônicos,2025-04-27 19:33:55,2025-04-29 19:33:55,Standard,4,39.0,2.0,1.0,1,0.01366723563746613,63.318924,428.99,2025,3,March,1,4,Friday
1438,2025-05-02 16:51:18,360.7,349.8,0.0343,22.9,Boleto,Confirmado,MG,Sudeste,Eletrônicos,2025-05-14 03:44:16,2025-05-14 03:44:16,Standard,2,11.0,0.0,0.0,1,0.06348766287773773,11.99814,174.9,2025,5,May,2,4,Friday
1439,2025-05-16 04:53:57,126.13,107.8,0.0424,22.9,Boleto,Confirmado,MA,Nordeste,Eletrônicos,2025-05-02 14:38:11,2025-05-07 14:38:11,Standard,2,-9.0,5.0,1.0,1,0.18155870926821532,4.57072,53.9,2025,5,May,2,4,Friday
1440,2025-05-02 02:03:08,149.24,129.86,0.0271,22.9,Boleto,Confirmado,PE,Nordeste,Eletrônicos,2025-04-21 12:18:19,2025-04-23 12:18:19,Standard,1,-9.0,2.0,1.0,1,0.15344411685875098,3.519206,129.86,2025,5,May,2,4,Friday
1441,2025-03-26 05:27:24,997.58,1072.0,0.1002,32.99,Credito,Processando,AP,Norte,Eletrônicos,2025-04-14 07:07:47,2025-04-18 07:07:47,Scheduled,1,23.0,4.0,1.0,0,0.033070029471320594,107.4144,1072.0,2025,3,March,1,2,Wednesday
1442,2025-03-05 23:20:30,78.55,49.9,0.087,32.99,Credito,Em Analise,TO,Norte,Eletrônicos,2025-05-13 02:12:53,2025-05-14 02:12:53,Scheduled,1,69.0,1.0,1.0,0,0.4199872692552515,4.3412999999999995,49.9,2025,3,March,1,2,Wednesday
1443,2025-03-21 22:35:00,8292.67,9149.97,0.0973,32.99,Debito,Cancelado,SC,Sul,Eletrônicos,2025-04-24 21:09:45,2025-04-26 21:09:45,Scheduled,3,,,,0,0.003978212083683543,890.2920809999999,3049.99,2025,3,March,1,4,Friday
1444,2025-03-11 10:57:41,2633.63,2742.13,0.0516,32.99,Boleto,Cancelado,AM,Norte,Eletrônicos,2025-04-27 16:24:16,2025-04-27 16:24:16,Scheduled,1,,,,0,0.012526436895083972,141.493908,2742.13,2025,3,March,1,1,Tuesday
1445,2025-04-05 20:35:21,336.54,331.98,0.1155,42.9,Debito,Cancelado,ES,Sudeste,Eletrônicos,2025-04-23 13:45:37,2025-04-23 13:45:37,Same-Day,2,,,,0,0.1274737029773578,38.34369,165.99,2025,4,April,2,5,Saturday
1446,2025-04-20 18:07:45,1894.17,1898.0,0.0194,32.99,Boleto,Cancelado,RS,Sul,Eletrônicos,2025-05-11 05:56:32,2025-05-13 05:56:32,Scheduled,2,,,,0,0.017416599354862554,36.821200000000005,949.0,2025,4,April,2,6,Sunday
1447,2025-03-10 16:26:29,499.72,499.64,0.0857,42.9,Boleto,Processando,PB,Nordeste,Eletrônicos,2025-04-13 23:02:43,2025-04-17 23:02:43,Same-Day,4,38.0,4.0,1.0,0,0.08584807492195629,42.819148,124.91,2025,3,March,1,0,Monday
1448,2025-02-22 07:34:49,5197.03,5397.03,0.0413,22.9,Credito,Cancelado,ES,Sudeste,Eletrônicos,2025-04-14 20:59:13,2025-04-19 20:59:13,Standard,3,,,,0,0.004406362864944016,222.89733900000002,1799.01,2025,2,February,1,5,Saturday
1449,2025-02-27 01:59:07,417.96,428.99,0.0791,22.9,Boleto,Em Analise,SP,Sudeste,Eletrônicos,2025-04-26 13:16:46,2025-04-30 13:16:46,Standard,1,62.0,4.0,1.0,0,0.05478993205091396,33.933109,428.99,2025,2,February,1,3,Thursday
1450,2025-04-15 23:22:50,146.46,129.86,0.0485,22.9,Credito,Confirmado,RJ,Sudeste,Eletrônicos,2025-05-11 01:53:53,2025-05-11 01:53:53,Standard,1,25.0,0.0,0.0,1,0.15635668441895395,6.298210000000001,129.86,2025,4,April,2,1,Tuesday
1451,2025-03-25 23:53:46,5419.42,6099.98,0.1186,42.9,Boleto,Processando,PI,Nordeste,Eletrônicos,2025-05-08 01:59:30,2025-05-13 01:59:30,Same-Day,2,48.0,5.0,1.0,0,0.007915976248380823,723.4576279999999,3049.99,2025,3,March,1,1,Tuesday
1452,2025-05-02 07:30:54,3761.85,4316.0,0.1337,22.9,Boleto,Confirmado,PR,Sul,Eletrônicos,2025-05-09 14:57:19,2025-05-13 14:57:19,Standard,4,11.0,4.0,1.0,1,0.0060874303866448685,577.0492,1079.0,2025,5,May,2,4,Friday
1453,2025-05-13 08:51:54,3858.1,4316.0,0.1114,22.9,PIX,Cancelado,MG,Sudeste,Eletrônicos,2025-05-05 02:51:17,2025-05-10 02:51:17,Standard,4,,,,0,0.00593556413778803,480.8024,1079.0,2025,5,May,2,1,Tuesday
1454,2025-04-01 03:33:36,3877.0,3958.2,0.0263,22.9,Credito,Processando,RS,Sul,Eletrônicos,2025-04-18 20:01:34,2025-04-18 20:01:34,Standard,2,17.0,0.0,0.0,0,0.005906628836729429,104.10065999999999,1979.1,2025,4,April,2,1,Tuesday
1455,2025-03-08 17:36:13,8861.62,9208.0,0.0412,32.99,Credito,Processando,PI,Nordeste,Eletrônicos,2025-04-29 03:41:21,2025-05-04 03:41:21,Scheduled,2,56.0,5.0,1.0,0,0.003722795606220984,379.3696,4604.0,2025,3,March,1,5,Saturday
1456,2025-02-22 22:31:32,2477.3,2847.0,0.1379,22.9,PIX,Em Analise,RS,Sul,Eletrônicos,2025-05-09 20:45:37,2025-05-13 20:45:37,Standard,3,79.0,4.0,1.0,0,0.009243934929156742,392.6013,949.0,2025,2,February,1,5,Saturday
1457,2025-03-05 00:32:57,209.41,199.6,0.0656,22.9,Boleto,Cancelado,SP,Sudeste,Eletrônicos,2025-04-23 08:25:05,2025-04-24 08:25:05,Standard,4,,,,0,0.10935485411393915,13.093760000000001,49.9,2025,3,March,1,2,Wednesday
1458,2025-03-15 10:32:52,63.74,35.8,0.1412,32.99,Credito,Confirmado,AP,Norte,Eletrônicos,2025-04-18 15:15:43,2025-04-22 15:15:43,Scheduled,2,38.0,4.0,1.0,1,0.51757138374647,5.0549599999999995,17.9,2025,3,March,1,5,Saturday
1459,2025-05-12 05:10:39,3767.96,3958.2,0.0589,42.9,Debito,Processando,TO,Norte,Eletrônicos,2025-05-02 01:18:20,2025-05-04 01:18:20,Same-Day,2,-9.0,2.0,1.0,0,0.011385471183345895,233.13798,1979.1,2025,5,May,2,0,Monday
1460,2025-04-01 21:16:24,3425.96,3958.2,0.1428,32.99,PIX,Cancelado,PB,Nordeste,Eletrônicos,2025-05-03 16:42:53,2025-05-08 16:42:53,Scheduled,2,,,,0,0.009629417739845183,565.23096,1979.1,2025,4,April,2,1,Tuesday
1461,2025-02-27 18:37:26,172.23,161.7,0.1389,32.99,Boleto,Processando,RR,Norte,Eletrônicos,2025-05-12 11:05:14,2025-05-12 11:05:14,Scheduled,3,73.0,0.0,0.0,0,0.1915461882366603,22.46013,53.9,2025,2,February,1,3,Thursday
1462,2025-03-21 06:15:48,4973.76,5484.26,0.0991,32.99,Debito,Confirmado,TO,Norte,Eletrônicos,2025-05-04 12:21:41,2025-05-08 12:21:41,Scheduled,2,48.0,4.0,1.0,1,0.006632808981535097,543.4901659999999,2742.13,2025,3,March,1,4,Friday
1463,2025-03-28 00:03:18,3068.93,3049.99,0.0013,22.9,Credito,Processando,TO,Norte,Eletrônicos,2025-05-07 13:31:00,2025-05-11 13:31:00,Standard,1,44.0,4.0,1.0,0,0.0074618841094453115,3.9649869999999994,3049.99,2025,3,March,1,4,Friday
1464,2025-05-05 00:58:57,7774.88,8226.39,0.0601,42.9,Boleto,Cancelado,SC,Sul,Eletrônicos,2025-05-08 07:37:38,2025-05-09 07:37:38,Same-Day,3,,,,0,0.005517770049184039,494.40603899999996,2742.1299999999997,2025,5,May,2,0,Monday
1465,2025-04-16 00:09:02,9492.02,10968.52,0.1367,22.9,Boleto,Cancelado,RO,Norte,Eletrônicos,2025-05-08 21:34:12,2025-05-12 21:34:12,Standard,4,,,,0,0.002412552860192035,1499.3966839999998,2742.13,2025,4,April,2,2,Wednesday
1466,2025-03-13 16:52:04,222.58,207.2,0.1328,42.9,Credito,Cancelado,SC,Sul,Eletrônicos,2025-05-15 11:48:12,2025-05-16 11:48:12,Same-Day,4,,,,0,0.1927396891005481,27.51616,51.8,2025,3,March,1,3,Thursday
1467,2025-03-28 09:58:48,3722.32,3796.0,0.0281,32.99,PIX,Confirmado,SP,Sudeste,Eletrônicos,2025-05-03 10:38:40,2025-05-08 10:38:40,Scheduled,4,41.0,5.0,1.0,1,0.008862752262030132,106.6676,949.0,2025,3,March,1,4,Friday
1468,2025-04-21 09:07:29,1232.78,1286.97,0.0599,22.9,PIX,Em Analise,MG,Sudeste,Eletrônicos,2025-04-24 17:29:25,2025-04-27 17:29:25,Standard,3,6.0,3.0,1.0,0,0.018575901620727135,77.08950300000001,428.99,2025,4,April,2,0,Monday
1469,2025-03-05 05:31:12,478.47,497.97,0.1253,42.9,Debito,Cancelado,PA,Norte,Eletrônicos,2025-04-25 00:05:43,2025-04-28 00:05:43,Same-Day,3,,,,0,0.0896607937801743,62.395641,165.99,2025,3,March,1,2,Wednesday
1470,2025-03-15 12:01:24,1021.96,1072.0,0.0867,42.9,Debito,Processando,RR,Norte,Eletrônicos,2025-04-24 03:52:03,2025-04-26 03:52:03,Same-Day,1,41.0,2.0,1.0,0,0.04197815961485772,92.94239999999999,1072.0,2025,3,March,1,5,Saturday
1471,2025-04-12 00:02:25,1590.63,1796.0,0.1271,22.9,Credito,Cancelado,MA,Nordeste,Eletrônicos,2025-05-05 15:51:55,2025-05-05 15:51:55,Standard,4,,,,0,0.014396811326329816,228.27159999999998,449.0,2025,4,April,2,5,Saturday
1472,2025-02-20 07:27:24,86.61,49.9,0.124,42.9,Credito,Cancelado,MA,Nordeste,Eletrônicos,2025-04-18 15:53:09,2025-04-19 15:53:09,Same-Day,1,,,,0,0.49532386560443364,6.1876,49.9,2025,2,February,1,3,Thursday
1473,2025-02-24 05:56:58,491.64,519.44,0.1361,42.9,Boleto,Em Analise,SE,Nordeste,Eletrônicos,2025-05-12 03:52:27,2025-05-15 03:52:27,Same-Day,4,79.0,3.0,1.0,0,0.0872589699780327,70.695784,129.86,2025,2,February,1,0,Monday
1474,2025-04-10 18:42:37,3565.7,3596.0,0.0176,32.99,Debito,Processando,AP,Norte,Eletrônicos,2025-04-24 21:48:51,2025-04-25 21:48:51,Scheduled,4,15.0,1.0,1.0,0,0.009252040272597246,63.28960000000001,899.0,2025,4,April,2,3,Thursday
1475,2025-04-16 23:12:04,9050.17,9208.0,0.0218,42.9,Debito,Confirmado,CE,Nordeste,Eletrônicos,2025-05-08 13:02:38,2025-05-10 13:02:38,Same-Day,2,23.0,2.0,1.0,1,0.004740242448484393,200.7344,4604.0,2025,4,April,2,2,Wednesday
1476,2025-03-23 06:25:00,870.24,857.98,0.0124,22.9,Boleto,Em Analise,MG,Sudeste,Eletrônicos,2025-04-30 14:20:13,2025-05-01 14:20:13,Standard,2,39.0,1.0,1.0,0,0.026314579886008455,10.638952,428.99,2025,3,March,1,6,Sunday
1477,2025-03-17 10:13:20,4682.73,5397.03,0.1403,42.9,Credito,Confirmado,PI,Nordeste,Eletrônicos,2025-04-19 16:18:54,2025-04-20 16:18:54,Same-Day,3,34.0,1.0,1.0,1,0.009161322561838927,757.203309,1799.01,2025,3,March,1,0,Monday
1478,2025-04-18 00:54:21,1693.64,1799.01,0.0713,22.9,Debito,Confirmado,RS,Sul,Eletrônicos,2025-04-20 06:20:19,2025-04-25 06:20:19,Standard,1,7.0,5.0,1.0,1,0.013521173330814103,128.26941300000001,1799.01,2025,4,April,2,4,Friday
1479,2025-04-07 09:51:03,84.29,51.8,0.0096,32.99,Credito,Confirmado,RR,Norte,Eletrônicos,2025-05-06 14:08:03,2025-05-07 14:08:03,Scheduled,1,30.0,1.0,1.0,1,0.3913868786332898,0.49727999999999994,51.8,2025,4,April,2,0,Monday
1480,2025-03-05 16:09:10,7557.73,7916.4,0.0482,22.9,Boleto,Em Analise,RR,Norte,Eletrônicos,2025-04-22 13:59:15,2025-04-27 13:59:15,Standard,4,52.0,5.0,1.0,0,0.0030300103337907018,381.57048,1979.1,2025,3,March,1,2,Wednesday
1481,2025-03-27 01:27:17,71.97,51.8,0.0527,22.9,PIX,Cancelado,RJ,Sudeste,Eletrônicos,2025-05-01 07:44:13,2025-05-05 07:44:13,Standard,1,,,,0,0.3181881339446992,2.7298599999999995,51.8,2025,3,March,1,3,Thursday
1482,2025-04-29 15:09:29,460.42,497.97,0.1214,22.9,Debito,Cancelado,RN,Nordeste,Eletrônicos,2025-04-16 13:46:43,2025-04-21 13:46:43,Standard,3,,,,0,0.04973719647278571,60.453558,165.99,2025,4,April,2,1,Tuesday
1483,2025-03-25 23:31:23,234.72,215.6,0.1103,42.9,Credito,Processando,ES,Sudeste,Eletrônicos,2025-05-09 16:03:11,2025-05-13 16:03:11,Same-Day,4,48.0,4.0,1.0,0,0.18277096114519426,23.780679999999997,53.9,2025,3,March,1,1,Tuesday
1484,2025-04-23 11:59:30,10971.47,12199.96,0.1034,32.99,Debito,Processando,SP,Sudeste,Eletrônicos,2025-05-16 05:27:21,2025-05-16 05:27:21,Scheduled,4,22.0,0.0,0.0,0,0.00300688968752592,1261.475864,3049.99,2025,4,April,2,2,Wednesday
1485,2025-03-04 21:42:04,1325.62,1286.97,0.0033,42.9,Debito,Cancelado,RS,Sul,Eletrônicos,2025-04-28 00:49:52,2025-04-29 00:49:52,Same-Day,3,,,,0,0.032362215416182616,4.247001,428.99,2025,3,March,1,1,Tuesday
1486,2025-05-14 14:21:06,472.85,497.97,0.1366,42.9,Debito,Confirmado,RS,Sul,Eletrônicos,2025-04-19 01:43:38,2025-04-21 01:43:38,Same-Day,3,-24.0,2.0,1.0,1,0.09072644601882203,68.02270200000001,165.99,2025,5,May,2,2,Wednesday
1487,2025-05-05 04:10:15,457.4,449.0,0.0323,22.9,Debito,Processando,RO,Norte,Eletrônicos,2025-05-01 22:48:02,2025-05-06 22:48:02,Standard,1,1.0,5.0,1.0,0,0.050065588106689984,14.5027,449.0,2025,5,May,2,0,Monday
1488,2025-04-18 15:23:43,2611.23,2847.0,0.0944,32.99,Credito,Confirmado,PR,Sul,Eletrônicos,2025-05-06 12:31:01,2025-05-07 12:31:01,Scheduled,3,18.0,1.0,1.0,1,0.012633892839772828,268.7568,949.0,2025,4,April,2,4,Friday
1489,2025-03-27 10:34:14,146.65,124.91,0.0093,22.9,Credito,Processando,RO,Norte,Eletrônicos,2025-05-03 06:39:52,2025-05-05 06:39:52,Standard,1,38.0,2.0,1.0,0,0.1561541084214115,1.161663,124.91,2025,3,March,1,3,Thursday
1490,2025-04-28 19:58:51,733.96,699.6,0.0122,42.9,Credito,Cancelado,MA,Nordeste,Eletrônicos,2025-05-07 05:07:38,2025-05-12 05:07:38,Same-Day,4,,,,0,0.05845005177393863,8.535120000000001,174.9,2025,4,April,2,0,Monday
1491,2025-04-01 19:18:15,142.56,99.8,0.0014,42.9,Boleto,Em Analise,PI,Nordeste,Eletrônicos,2025-04-24 08:55:51,2025-04-29 08:55:51,Same-Day,2,27.0,5.0,1.0,0,0.30092592592592593,0.13971999999999998,49.9,2025,4,April,2,1,Tuesday
1492,2025-04-16 01:48:42,185.11,155.4,0.0849,42.9,Debito,Em Analise,RR,Norte,Eletrônicos,2025-05-13 07:49:28,2025-05-15 07:49:28,Same-Day,3,29.0,2.0,1.0,0,0.2317540921614175,13.193460000000002,51.800000000000004,2025,4,April,2,2,Wednesday
1493,2025-03-16 07:47:24,4999.54,5484.26,0.0944,32.99,Boleto,Processando,RS,Sul,Eletrônicos,2025-04-23 02:28:38,2025-04-24 02:28:38,Scheduled,2,38.0,1.0,1.0,0,0.006598607071850611,517.714144,2742.13,2025,3,March,1,6,Sunday
1494,2025-04-28 23:50:58,50.75,17.9,0.0076,32.99,Debito,Em Analise,SC,Sul,Eletrônicos,2025-05-14 10:43:06,2025-05-15 10:43:06,Scheduled,1,16.0,1.0,1.0,0,0.6500492610837438,0.13604,17.9,2025,4,April,2,0,Monday
1495,2025-04-04 00:50:23,500.76,499.64,0.0436,22.9,Boleto,Cancelado,PR,Sul,Eletrônicos,2025-04-30 06:10:30,2025-05-03 06:10:30,Standard,4,,,,0,0.0457304896557233,21.784304,124.91,2025,4,April,2,4,Friday
1496,2025-03-09 18:28:14,1913.11,2144.0,0.1277,42.9,Debito,Em Analise,RN,Nordeste,Eletrônicos,2025-05-11 06:07:49,2025-05-16 06:07:49,Same-Day,2,67.0,5.0,1.0,0,0.02242422024870499,273.78880000000004,1072.0,2025,3,March,1,6,Sunday
1497,2025-04-21 13:43:00,377.47,349.8,0.0152,32.99,Boleto,Cancelado,BA,Nordeste,Eletrônicos,2025-04-28 11:07:33,2025-04-29 11:07:33,Scheduled,2,,,,0,0.08739767398733674,5.31696,174.9,2025,4,April,2,0,Monday
1498,2025-04-21 01:55:44,143.75,124.91,0.0325,22.9,Credito,Confirmado,MA,Nordeste,Eletrônicos,2025-05-12 19:34:30,2025-05-15 19:34:30,Standard,1,24.0,3.0,1.0,1,0.15930434782608693,4.059575,124.91,2025,4,April,2,0,Monday
1499,2025-05-05 12:36:18,1043.26,1079.0,0.0637,32.99,Credito,Confirmado,RO,Norte,Eletrônicos,2025-04-17 15:14:07,2025-04-18 15:14:07,Scheduled,1,-17.0,1.0,1.0,1,0.031622030941471924,68.73230000000001,1079.0,2025,5,May,2,0,Monday
1500,2025-03-02 01:59:22,363.28,389.58,0.1263,22.9,PIX,Cancelado,AP,Norte,Eletrônicos,2025-05-13 08:02:58,2025-05-17 08:02:58,Standard,3,,,,0,0.06303677604051972,49.203953999999996,129.85999999999999,2025,3,March,1,6,Sunday
1501,2025-03-05 13:52:04,7656.89,7916.4,0.0382,42.9,Credito,Processando,RN,Nordeste,Eletrônicos,2025-04-21 11:56:15,2025-04-22 11:56:15,Same-Day,4,47.0,1.0,1.0,0,0.005602796958033875,302.40648,1979.1,2025,3,March,1,2,Wednesday
1502,2025-05-11 21:42:39,404.73,449.0,0.1496,22.9,PIX,Confirmado,RR,Norte,Eletrônicos,2025-04-20 18:11:35,2025-04-22 18:11:35,Standard,1,-20.0,2.0,1.0,1,0.05658093049687445,67.1704,449.0,2025,5,May,2,6,Sunday
1503,2025-03-24 23:54:25,5132.27,5397.03,0.0533,22.9,Debito,Cancelado,AP,Norte,Eletrônicos,2025-05-03 06:49:22,2025-05-06 06:49:22,Standard,3,,,,0,0.004461963224849822,287.661699,1799.01,2025,3,March,1,0,Monday
1504,2025-04-17 15:41:12,218.08,207.2,0.058,22.9,Credito,Confirmado,RS,Sul,Eletrônicos,2025-05-02 05:49:18,2025-05-03 05:49:18,Standard,4,15.0,1.0,1.0,1,0.10500733675715332,12.0176,51.8,2025,4,April,2,3,Thursday
1505,2025-03-29 09:31:45,179.95,149.7,0.0183,32.99,Debito,Cancelado,RN,Nordeste,Eletrônicos,2025-05-11 06:00:45,2025-05-12 06:00:45,Scheduled,3,,,,0,0.18332870241733817,2.7395099999999997,49.9,2025,3,March,1,5,Saturday
1506,2025-04-11 09:09:05,379.41,374.73,0.102,42.9,Debito,Processando,MA,Nordeste,Eletrônicos,2025-05-09 06:41:13,2025-05-12 06:41:13,Same-Day,3,30.0,3.0,1.0,0,0.11307029335020162,38.22246,124.91000000000001,2025,4,April,2,4,Friday
1507,2025-02-23 00:56:31,3509.59,3598.02,0.0365,42.9,Credito,Em Analise,MG,Sudeste,Eletrônicos,2025-04-25 17:06:50,2025-04-29 17:06:50,Same-Day,2,65.0,4.0,1.0,0,0.012223650055989445,131.32773,1799.01,2025,2,February,1,6,Sunday
1508,2025-02-22 09:54:06,59.11,17.9,0.0943,42.9,Debito,Em Analise,SC,Sul,Eletrônicos,2025-04-30 03:02:12,2025-04-30 03:02:12,Same-Day,1,66.0,0.0,0.0,0,0.7257655219083066,1.6879699999999997,17.9,2025,2,February,1,5,Saturday
1509,2025-02-26 07:38:51,1605.07,1626.57,0.0335,32.99,Credito,Confirmado,AP,Norte,Eletrônicos,2025-05-07 03:46:21,2025-05-10 03:46:21,Scheduled,1,72.0,3.0,1.0,1,0.02055362071436137,54.490095000000004,1626.57,2025,2,February,1,2,Wednesday
1510,2025-05-07 13:43:02,1473.08,1539.8,0.0582,22.9,Credito,Cancelado,PR,Sul,Eletrônicos,2025-05-06 01:54:06,2025-05-06 01:54:06,Standard,2,,,,0,0.015545659434653922,89.61636,769.9,2025,5,May,2,2,Wednesday
1511,2025-05-02 02:50:04,6922.04,7916.4,0.1285,22.9,Boleto,Em Analise,AP,Norte,Eletrônicos,2025-05-06 12:33:15,2025-05-07 12:33:15,Standard,4,5.0,1.0,1.0,0,0.0033082732835984768,1017.2574,1979.1,2025,5,May,2,4,Friday
1512,2025-03-10 16:36:13,4126.87,4604.0,0.1108,32.99,Debito,Confirmado,PR,Sul,Eletrônicos,2025-04-19 08:31:15,2025-04-20 08:31:15,Scheduled,1,40.0,1.0,1.0,1,0.007993951832744914,510.1232,4604.0,2025,3,March,1,0,Monday
1513,2025-02-27 15:47:43,75.55,53.9,0.0232,22.9,Credito,Processando,AP,Norte,Eletrônicos,2025-04-18 03:04:47,2025-04-18 03:04:47,Standard,1,49.0,0.0,0.0,0,0.30311052283256124,1.2504799999999998,53.9,2025,2,February,1,3,Thursday
1514,2025-03-07 14:08:31,7237.32,7916.4,0.0912,42.9,Debito,Em Analise,TO,Norte,Eletrônicos,2025-04-21 19:20:01,2025-04-21 19:20:01,Same-Day,4,45.0,0.0,0.0,0,0.005927608562285487,721.97568,1979.1,2025,3,March,1,4,Friday
1515,2025-03-20 07:20:20,323.57,331.98,0.0943,22.9,PIX,Cancelado,AC,Norte,Eletrônicos,2025-04-30 13:30:25,2025-05-03 13:30:25,Standard,2,,,,0,0.07077293939487592,31.305714,165.99,2025,3,March,1,3,Thursday
1516,2025-02-25 06:17:42,5432.57,5484.26,0.0136,22.9,PIX,Confirmado,BA,Nordeste,Eletrônicos,2025-04-18 14:32:48,2025-04-20 14:32:48,Standard,2,54.0,2.0,1.0,1,0.004215316139506716,74.585936,2742.13,2025,2,February,1,1,Tuesday
1517,2025-03-31 19:29:57,225.71,207.2,0.0699,32.99,Boleto,Processando,RS,Sul,Eletrônicos,2025-05-04 02:11:42,2025-05-05 02:11:42,Scheduled,4,34.0,1.0,1.0,0,0.14616100305702007,14.48328,51.8,2025,3,March,1,0,Monday
1518,2025-03-08 06:05:54,1259.55,1286.97,0.0391,22.9,Boleto,Cancelado,PR,Sul,Eletrônicos,2025-04-17 06:37:22,2025-04-21 06:37:22,Standard,3,,,,0,0.018181096423325792,50.320527000000006,428.99,2025,3,March,1,5,Saturday
1519,2025-02-19 12:41:42,284.41,259.72,0.0701,42.9,Credito,Cancelado,RS,Sul,Eletrônicos,2025-05-04 20:08:48,2025-05-08 20:08:48,Same-Day,2,,,,0,0.15083857810906787,18.206372,129.86,2025,2,February,1,2,Wednesday
1520,2025-05-11 08:53:32,367.05,389.58,0.1166,22.9,Debito,Em Analise,PA,Norte,Eletrônicos,2025-05-02 22:55:31,2025-05-02 22:55:31,Standard,3,-9.0,0.0,0.0,0,0.06238932025609589,45.425028,129.85999999999999,2025,5,May,2,6,Sunday
1521,2025-04-03 18:55:52,4229.27,4288.0,0.0237,42.9,Debito,Cancelado,SP,Sudeste,Eletrônicos,2025-05-14 05:06:28,2025-05-16 05:06:28,Same-Day,4,,,,0,0.010143594521040272,101.62559999999999,1072.0,2025,4,April,2,3,Thursday
1522,2025-03-14 01:01:22,1905.79,1898.0,0.0185,42.9,Debito,Processando,AM,Norte,Eletrônicos,2025-04-19 16:58:24,2025-04-22 16:58:24,Same-Day,2,39.0,3.0,1.0,0,0.022510350038566683,35.113,949.0,2025,3,March,1,4,Friday
1523,2025-03-08 05:21:54,2080.28,2144.0,0.0404,22.9,Boleto,Confirmado,RS,Sul,Eletrônicos,2025-05-04 12:50:22,2025-05-05 12:50:22,Standard,2,58.0,1.0,1.0,1,0.011008133520487625,86.6176,1072.0,2025,3,March,1,5,Saturday
1524,2025-05-10 06:24:53,2662.73,3079.6,0.1428,22.9,Credito,Processando,RR,Norte,Eletrônicos,2025-04-26 00:15:18,2025-04-29 00:15:18,Standard,4,-12.0,3.0,1.0,0,0.00860019603940317,439.76688,769.9,2025,5,May,2,5,Saturday
1525,2025-04-20 07:17:43,4110.33,4604.0,0.1122,22.9,Debito,Em Analise,RO,Norte,Eletrônicos,2025-04-28 03:50:07,2025-04-30 03:50:07,Standard,1,9.0,2.0,1.0,0,0.005571328822746592,516.5688,4604.0,2025,4,April,2,6,Sunday
1527,2025-04-18 15:15:36,1826.64,1898.0,0.0602,42.9,Debito,Cancelado,SP,Sudeste,Eletrônicos,2025-04-19 13:00:33,2025-04-24 13:00:33,Same-Day,2,,,,0,0.02348574431743529,114.25959999999999,949.0,2025,4,April,2,4,Friday
1528,2025-02-24 09:34:19,4155.47,4288.0,0.0386,32.99,Debito,Processando,AP,Norte,Eletrônicos,2025-05-07 04:52:54,2025-05-08 04:52:54,Scheduled,4,72.0,1.0,1.0,0,0.007938933502106862,165.51680000000002,1072.0,2025,2,February,1,0,Monday
1529,2025-03-12 20:14:59,4903.43,5397.03,0.0957,22.9,Debito,Cancelado,RJ,Sudeste,Eletrônicos,2025-04-29 07:12:34,2025-04-29 07:12:34,Standard,3,,,,0,0.004670200247581794,516.495771,1799.01,2025,3,March,1,2,Wednesday
1530,2025-02-26 20:21:17,187.54,165.99,0.0689,32.99,PIX,Cancelado,SC,Sul,Eletrônicos,2025-05-13 03:21:19,2025-05-13 03:21:19,Scheduled,1,,,,0,0.17590913938359817,11.436711,165.99,2025,2,February,1,2,Wednesday
1531,2025-03-18 16:46:47,133.97,129.86,0.1447,22.9,Debito,Cancelado,SP,Sudeste,Eletrônicos,2025-04-26 15:49:44,2025-04-28 15:49:44,Standard,1,,,,0,0.17093379114727178,18.790742,129.86,2025,3,March,1,1,Tuesday
1532,2025-04-28 06:23:11,1059.74,1072.0,0.0328,22.9,Credito,Confirmado,SC,Sul,Eletrônicos,2025-04-26 01:41:44,2025-04-30 01:41:44,Standard,1,1.0,4.0,1.0,1,0.021609073923792625,35.1616,1072.0,2025,4,April,2,0,Monday
1533,2025-03-13 12:50:09,113.9,99.8,0.0882,22.9,PIX,Confirmado,PR,Sul,Eletrônicos,2025-05-12 04:53:51,2025-05-15 04:53:51,Standard,2,62.0,3.0,1.0,1,0.20105355575065845,8.80236,49.9,2025,3,March,1,3,Thursday
1534,2025-04-10 11:56:43,731.96,769.9,0.105,42.9,Debito,Em Analise,RS,Sul,Eletrônicos,2025-04-27 11:08:03,2025-04-28 11:08:03,Same-Day,1,17.0,1.0,1.0,0,0.058609760096180116,80.8395,769.9,2025,4,April,2,3,Thursday
1535,2025-03-06 17:27:49,398.78,428.99,0.1238,22.9,PIX,Processando,SP,Sudeste,Eletrônicos,2025-04-23 15:33:37,2025-04-28 15:33:37,Standard,1,52.0,5.0,1.0,0,0.057425146697427154,53.108962,428.99,2025,3,March,1,3,Thursday
1536,2025-03-26 20:14:22,1654.19,1715.96,0.061,42.9,Boleto,Em Analise,RR,Norte,Eletrônicos,2025-05-12 17:37:14,2025-05-14 17:37:14,Same-Day,4,48.0,2.0,1.0,0,0.0259341429944565,104.67356,428.99,2025,3,March,1,2,Wednesday
1537,2025-05-09 18:30:52,179.79,174.9,0.103,22.9,PIX,Processando,SC,Sul,Eletrônicos,2025-05-14 13:20:00,2025-05-16 13:20:00,Standard,1,6.0,2.0,1.0,0,0.12737082151398854,18.0147,174.9,2025,5,May,2,4,Friday
1538,2025-05-14 20:12:35,10512.35,10968.52,0.0455,42.9,Credito,Em Analise,AP,Norte,Eletrônicos,2025-04-17 04:24:20,2025-04-19 04:24:20,Same-Day,4,-26.0,2.0,1.0,0,0.004080914353117999,499.06766,2742.13,2025,5,May,2,2,Wednesday
1539,2025-03-01 15:21:35,533.34,524.7,0.0653,42.9,Credito,Processando,RS,Sul,Eletrônicos,2025-05-06 22:01:29,2025-05-06 22:01:29,Same-Day,3,66.0,0.0,0.0,0,0.0804364945438182,34.26291,174.9,2025,3,March,1,5,Saturday
1540,2025-02-25 19:03:07,3735.02,4288.0,0.1343,22.9,PIX,Confirmado,AP,Norte,Eletrônicos,2025-04-20 10:05:22,2025-04-25 10:05:22,Standard,4,58.0,5.0,1.0,1,0.006131158601560366,575.8784,1072.0,2025,2,February,1,1,Tuesday
1541,2025-05-16 16:34:06,2384.37,2742.13,0.1425,32.99,Debito,Confirmado,TO,Norte,Eletrônicos,2025-05-12 23:29:31,2025-05-13 23:29:31,Scheduled,1,-3.0,1.0,1.0,1,0.013835939891879197,390.75352499999997,2742.13,2025,5,May,2,4,Friday
1542,2025-03-09 23:41:54,4848.22,5397.03,0.1078,32.99,PIX,Cancelado,SE,Nordeste,Eletrônicos,2025-04-21 04:26:47,2025-04-26 04:26:47,Scheduled,3,,,,0,0.006804559199046248,581.799834,1799.01,2025,3,March,1,6,Sunday
1543,2025-04-20 21:24:03,5116.62,5397.03,0.0562,22.9,Debito,Em Analise,PR,Sul,Eletrônicos,2025-04-29 12:04:24,2025-04-29 12:04:24,Standard,3,8.0,0.0,0.0,0,0.00447561085247683,303.313086,1799.01,2025,4,April,2,6,Sunday
1544,2025-03-09 05:08:52,1923.19,2144.0,0.123,42.9,Boleto,Cancelado,MG,Sudeste,Eletrônicos,2025-04-21 22:22:05,2025-04-23 22:22:05,Same-Day,2,,,,0,0.022306688366724035,263.712,1072.0,2025,3,March,1,6,Sunday
1545,2025-04-30 09:44:11,1814.89,1799.01,0.0039,22.9,PIX,Cancelado,RO,Norte,Eletrônicos,2025-04-23 02:18:49,2025-04-25 02:18:49,Standard,1,,,,0,0.01261784460766217,7.016139,1799.01,2025,4,April,2,2,Wednesday
1546,2025-02-24 04:49:26,182.11,161.7,0.0154,22.9,Boleto,Processando,RS,Sul,Eletrônicos,2025-05-03 12:25:32,2025-05-06 12:25:32,Standard,3,71.0,3.0,1.0,0,0.12574817418044038,2.49018,53.9,2025,2,February,1,0,Monday
1547,2025-03-27 01:54:35,1976.92,2158.0,0.0992,32.99,PIX,Processando,ES,Sudeste,Eletrônicos,2025-04-17 22:20:44,2025-04-20 22:20:44,Scheduled,2,24.0,3.0,1.0,0,0.01668757461101107,214.0736,1079.0,2025,3,March,1,3,Thursday
1548,2025-04-15 23:50:00,271.89,249.82,0.0437,32.99,Boleto,Processando,RS,Sul,Eletrônicos,2025-04-24 17:48:29,2025-04-29 17:48:29,Scheduled,2,13.0,5.0,1.0,0,0.1213358343447718,10.917134,124.91,2025,4,April,2,1,Tuesday
1549,2025-05-11 01:31:29,3743.01,4316.0,0.1427,42.9,PIX,Confirmado,PE,Nordeste,Eletrônicos,2025-04-12 13:52:42,2025-04-17 13:52:42,Same-Day,4,-24.0,5.0,1.0,1,0.01146136398246331,615.8932,1079.0,2025,5,May,2,6,Sunday
1550,2025-02-20 07:22:01,6748.32,7196.04,0.0654,22.9,Credito,Processando,TO,Norte,Eletrônicos,2025-05-04 00:44:25,2025-05-09 00:44:25,Standard,4,77.0,5.0,1.0,0,0.003393437181402186,470.621016,1799.01,2025,2,February,1,3,Thursday
1551,2025-03-21 10:50:04,1808.76,1898.0,0.0644,32.99,PIX,Em Analise,MA,Nordeste,Eletrônicos,2025-05-13 20:30:06,2025-05-16 20:30:06,Scheduled,2,56.0,3.0,1.0,0,0.018239014573519983,122.2312,949.0,2025,3,March,1,4,Friday
1552,2025-03-18 11:36:06,509.51,519.44,0.1017,42.9,PIX,Processando,MG,Sudeste,Eletrônicos,2025-05-08 00:46:05,2025-05-12 00:46:05,Same-Day,4,54.0,4.0,1.0,0,0.08419854369884791,52.827048000000005,129.86,2025,3,March,1,1,Tuesday
1553,2025-02-28 06:16:12,106.26,71.6,0.1151,42.9,Boleto,Em Analise,CE,Nordeste,Eletrônicos,2025-04-21 07:33:27,2025-04-25 07:33:27,Same-Day,4,56.0,4.0,1.0,0,0.40372670807453415,8.241159999999999,17.9,2025,2,February,1,4,Friday
1554,2025-05-03 01:56:47,431.39,428.99,0.0713,32.99,PIX,Processando,RS,Sul,Eletrônicos,2025-04-18 17:35:01,2025-04-18 17:35:01,Scheduled,1,-15.0,0.0,0.0,0,0.07647372447205546,30.586987,428.99,2025,5,May,2,5,Saturday
1555,2025-04-24 08:19:03,4765.97,4879.71,0.0321,42.9,Credito,Processando,SC,Sul,Eletrônicos,2025-04-24 18:02:36,2025-04-28 18:02:36,Same-Day,3,4.0,4.0,1.0,0,0.009001315576892006,156.638691,1626.57,2025,4,April,2,3,Thursday
1556,2025-03-16 23:15:08,185.84,161.7,0.116,42.9,Credito,Confirmado,RR,Norte,Eletrônicos,2025-05-16 16:48:58,2025-05-16 16:48:58,Same-Day,3,60.0,0.0,0.0,1,0.2308437365475678,18.7572,53.9,2025,3,March,1,6,Sunday
1557,2025-03-09 04:44:16,175.49,149.7,0.0481,32.99,Debito,Cancelado,RO,Norte,Eletrônicos,2025-05-16 20:54:17,2025-05-16 20:54:17,Scheduled,3,,,,0,0.18798791953957492,7.200569999999999,49.9,2025,3,March,1,6,Sunday
1558,2025-04-28 14:18:24,1774.6,1799.01,0.0263,22.9,Boleto,Em Analise,RJ,Sudeste,Eletrônicos,2025-05-08 22:27:38,2025-05-10 22:27:38,Standard,1,12.0,2.0,1.0,0,0.012904316465682407,47.313963,1799.01,2025,4,April,2,0,Monday
1559,2025-04-16 17:58:02,181.24,174.9,0.0947,22.9,Debito,Cancelado,PB,Nordeste,Eletrônicos,2025-05-05 08:41:50,2025-05-05 08:41:50,Standard,1,,,,0,0.12635179871992935,16.56303,174.9,2025,4,April,2,2,Wednesday
1560,2025-05-16 00:16:53,1302.46,1286.97,0.0136,32.99,PIX,Cancelado,SC,Sul,Eletrônicos,2025-05-09 20:17:32,2025-05-11 20:17:32,Scheduled,3,,,,0,0.02532899282895444,17.502792,428.99,2025,5,May,2,4,Friday
1561,2025-04-08 04:55:05,765.96,857.98,0.1457,32.99,PIX,Em Analise,MG,Sudeste,Eletrônicos,2025-04-26 14:43:42,2025-04-29 14:43:42,Scheduled,2,21.0,3.0,1.0,0,0.04307013421066374,125.00768599999999,428.99,2025,4,April,2,1,Tuesday
1562,2025-03-28 09:12:24,1760.78,1898.0,0.0949,42.9,Credito,Em Analise,RO,Norte,Eletrônicos,2025-04-27 13:35:49,2025-04-30 13:35:49,Same-Day,2,33.0,3.0,1.0,0,0.0243642022285578,180.12019999999998,949.0,2025,3,March,1,4,Friday
1563,2025-03-11 08:22:01,199.46,207.2,0.1479,22.9,Credito,Processando,RJ,Sudeste,Eletrônicos,2025-05-15 04:16:31,2025-05-16 04:16:31,Standard,4,65.0,1.0,1.0,0,0.11480998696480496,30.64488,51.8,2025,3,March,1,1,Tuesday
1564,2025-03-03 11:23:35,1504.48,1539.8,0.0508,42.9,Boleto,Em Analise,RJ,Sudeste,Eletrônicos,2025-04-26 20:24:12,2025-04-27 20:24:12,Same-Day,2,55.0,1.0,1.0,0,0.028514835690736998,78.22184,769.9,2025,3,March,1,0,Monday
1565,2025-02-21 07:08:57,219.91,207.2,0.1457,42.9,Debito,Em Analise,SC,Sul,Eletrônicos,2025-05-02 16:56:33,2025-05-07 16:56:33,Same-Day,4,75.0,5.0,1.0,0,0.1950798053749261,30.18904,51.8,2025,2,February,1,4,Friday
1566,2025-04-22 19:54:18,2143.95,2158.0,0.0218,32.99,Debito,Processando,PI,Nordeste,Eletrônicos,2025-05-04 14:21:32,2025-05-09 14:21:32,Scheduled,2,16.0,5.0,1.0,0,0.01538748571561837,47.0444,1079.0,2025,4,April,2,1,Tuesday
1567,2025-05-02 04:33:11,2768.3,2742.13,0.0061,42.9,Boleto,Processando,SC,Sul,Eletrônicos,2025-04-15 08:42:25,2025-04-18 08:42:25,Same-Day,1,-14.0,3.0,1.0,0,0.015496875338655491,16.726993,2742.13,2025,5,May,2,4,Friday
1568,2025-04-01 12:53:04,7183.68,7196.04,0.0049,22.9,Credito,Em Analise,PR,Sul,Eletrônicos,2025-04-21 20:35:43,2025-04-26 20:35:43,Standard,4,25.0,5.0,1.0,0,0.003187781192926188,35.260596,1799.01,2025,4,April,2,1,Tuesday
1569,2025-04-28 01:05:13,841.08,857.98,0.0697,42.9,Debito,Confirmado,PA,Norte,Eletrônicos,2025-05-09 19:27:41,2025-05-13 19:27:41,Same-Day,2,15.0,4.0,1.0,1,0.05100584962191468,59.801206,428.99,2025,4,April,2,0,Monday
1570,2025-02-16 11:43:13,2164.02,2158.0,0.0125,32.99,Debito,Cancelado,PI,Nordeste,Eletrônicos,2025-05-10 09:51:52,2025-05-14 09:51:52,Scheduled,2,,,,0,0.01524477592628534,26.975,1079.0,2025,2,February,1,6,Sunday
1571,2025-03-07 11:35:23,1607.07,1715.96,0.0768,22.9,Credito,Processando,ES,Sudeste,Eletrônicos,2025-05-13 08:40:32,2025-05-14 08:40:32,Standard,4,67.0,1.0,1.0,0,0.014249534867802895,131.78572799999998,428.99,2025,3,March,1,4,Friday
1572,2025-03-19 22:01:07,1733.58,1799.01,0.0491,22.9,Debito,Confirmado,PE,Nordeste,Eletrônicos,2025-04-20 22:42:55,2025-04-20 22:42:55,Standard,1,32.0,0.0,0.0,1,0.013209658625503294,88.331391,1799.01,2025,3,March,1,2,Wednesday
1573,2025-05-15 09:57:41,1245.14,1286.97,0.0503,22.9,Credito,Confirmado,SC,Sul,Eletrônicos,2025-05-13 22:20:01,2025-05-13 22:20:01,Standard,3,-2.0,0.0,0.0,1,0.01839150617601233,64.734591,428.99,2025,5,May,2,3,Thursday
1574,2025-04-03 17:30:14,1962.58,2144.0,0.0953,22.9,Debito,Cancelado,RO,Norte,Eletrônicos,2025-05-11 22:37:22,2025-05-12 22:37:22,Standard,2,,,,0,0.0116683141578942,204.32319999999999,1072.0,2025,4,April,2,3,Thursday
1575,2025-04-07 05:52:35,148.06,107.8,0.0245,42.9,PIX,Confirmado,RS,Sul,Eletrônicos,2025-04-27 04:34:02,2025-04-28 04:34:02,Same-Day,2,20.0,1.0,1.0,1,0.28974739970282315,2.6411000000000002,53.9,2025,4,April,2,0,Monday
1576,2025-04-27 23:30:37,80.69,53.9,0.115,32.99,Boleto,Em Analise,PE,Nordeste,Eletrônicos,2025-04-23 15:26:36,2025-04-26 15:26:36,Scheduled,1,-2.0,3.0,1.0,0,0.4088486801338456,6.1985,53.9,2025,4,April,2,6,Sunday
1577,2025-04-05 03:52:31,2843.74,3079.6,0.0873,32.99,Boleto,Cancelado,SE,Nordeste,Eletrônicos,2025-04-25 03:25:54,2025-04-30 03:25:54,Scheduled,4,,,,0,0.01160091991532278,268.84908,769.9,2025,4,April,2,5,Saturday
1578,2025-04-07 23:10:19,2489.38,2847.0,0.1372,32.99,Credito,Processando,PB,Nordeste,Eletrônicos,2025-05-10 08:04:15,2025-05-10 08:04:15,Scheduled,3,32.0,0.0,0.0,0,0.013252295752356008,390.60839999999996,949.0,2025,4,April,2,0,Monday
1579,2025-02-19 22:03:08,336.72,331.98,0.0547,22.9,PIX,Em Analise,PB,Nordeste,Eletrônicos,2025-05-04 14:31:27,2025-05-09 14:31:27,Standard,2,78.0,5.0,1.0,0,0.06800902827274886,18.159306,165.99,2025,2,February,1,2,Wednesday
1580,2025-03-17 20:04:07,7893.64,9208.0,0.1474,42.9,Boleto,Em Analise,PI,Nordeste,Eletrônicos,2025-04-21 01:04:09,2025-04-22 01:04:09,Same-Day,2,35.0,1.0,1.0,0,0.005434755068637535,1357.2592,4604.0,2025,3,March,1,0,Monday
1581,2025-03-05 14:02:18,137.02,124.91,0.0864,22.9,Credito,Processando,AC,Norte,Eletrônicos,2025-05-09 01:05:12,2025-05-12 01:05:12,Standard,1,67.0,3.0,1.0,0,0.16712888629397166,10.792224000000001,124.91,2025,3,March,1,2,Wednesday
1582,2025-03-08 14:48:00,7906.53,9208.0,0.146,42.9,Debito,Processando,SC,Sul,Eletrônicos,2025-05-08 23:45:26,2025-05-11 23:45:26,Same-Day,2,64.0,3.0,1.0,0,0.005425894798350224,1344.368,4604.0,2025,3,March,1,5,Saturday
1583,2025-03-13 20:09:18,3080.39,3049.99,0.0041,42.9,Debito,Confirmado,TO,Norte,Eletrônicos,2025-05-01 12:21:55,2025-05-05 12:21:55,Same-Day,1,52.0,4.0,1.0,1,0.013926807969120793,12.504959,3049.99,2025,3,March,1,3,Thursday
1584,2025-05-02 22:55:28,90.74,53.7,0.1092,42.9,Boleto,Em Analise,RJ,Sudeste,Eletrônicos,2025-04-25 07:00:32,2025-04-26 07:00:32,Same-Day,3,-7.0,1.0,1.0,0,0.47277936962750716,5.864040000000001,17.900000000000002,2025,5,May,2,4,Friday
1585,2025-03-24 02:09:08,5232.88,5937.3,0.1225,22.9,Credito,Confirmado,SP,Sudeste,Eletrônicos,2025-05-07 09:02:19,2025-05-09 09:02:19,Standard,3,46.0,2.0,1.0,1,0.004376175261041721,727.31925,1979.1000000000001,2025,3,March,1,0,Monday
1586,2025-03-15 09:05:41,9119.67,9149.97,0.008,42.9,Credito,Em Analise,SP,Sudeste,Eletrônicos,2025-04-16 20:58:02,2025-04-19 20:58:02,Same-Day,3,35.0,3.0,1.0,0,0.004704117583202024,73.19976,3049.99,2025,3,March,1,5,Saturday
1587,2025-04-16 06:41:12,398.66,389.58,0.0868,42.9,Debito,Em Analise,BA,Nordeste,Eletrônicos,2025-04-27 10:18:24,2025-04-28 10:18:24,Same-Day,3,12.0,1.0,1.0,0,0.1076104951587819,33.815544,129.85999999999999,2025,4,April,2,2,Wednesday
1588,2025-04-20 22:27:51,1712.57,1898.0,0.1203,42.9,Credito,Processando,RS,Sul,Eletrônicos,2025-05-02 15:09:07,2025-05-02 15:09:07,Same-Day,2,11.0,0.0,0.0,0,0.025050070946005126,228.32940000000002,949.0,2025,4,April,2,6,Sunday
1589,2025-03-27 21:05:19,82.17,53.7,0.0842,32.99,Debito,Processando,RO,Norte,Eletrônicos,2025-04-16 12:11:09,2025-04-17 12:11:09,Scheduled,3,20.0,1.0,1.0,0,0.4014847267859316,4.52154,17.900000000000002,2025,3,March,1,3,Thursday
1590,2025-03-01 00:06:08,248.11,207.2,0.0096,42.9,Boleto,Cancelado,SC,Sul,Eletrônicos,2025-05-01 22:18:27,2025-05-04 22:18:27,Same-Day,4,,,,0,0.17290717826770383,1.9891199999999998,51.8,2025,3,March,1,5,Saturday
1591,2025-04-21 21:05:42,1412.65,1539.8,0.104,32.99,Debito,Cancelado,PR,Sul,Eletrônicos,2025-04-27 05:14:26,2025-05-02 05:14:26,Scheduled,2,,,,0,0.023353272218879412,160.1392,769.9,2025,4,April,2,0,Monday
1592,2025-04-20 08:20:35,6480.06,6506.28,0.0091,32.99,Boleto,Processando,RS,Sul,Eletrônicos,2025-05-13 18:22:12,2025-05-14 18:22:12,Scheduled,4,24.0,1.0,1.0,0,0.005091002243806385,59.207148000000004,1626.57,2025,4,April,2,6,Sunday
1593,2025-05-16 18:17:22,374.81,389.58,0.1226,32.99,Boleto,Cancelado,RR,Norte,Eletrônicos,2025-04-13 11:18:40,2025-04-18 11:18:40,Scheduled,3,,,,0,0.08801792908406926,47.762508,129.85999999999999,2025,5,May,2,4,Friday
1594,2025-03-31 22:33:54,74.36,51.8,0.0065,22.9,Debito,Processando,SC,Sul,Eletrônicos,2025-04-24 20:22:36,2025-04-26 20:22:36,Standard,1,25.0,2.0,1.0,0,0.307961269499731,0.33669999999999994,51.8,2025,3,March,1,0,Monday
1595,2025-03-02 05:59:59,2811.25,2847.0,0.0206,22.9,PIX,Em Analise,RJ,Sudeste,Eletrônicos,2025-05-10 19:23:40,2025-05-10 19:23:40,Standard,3,69.0,0.0,0.0,0,0.008145842596709649,58.6482,949.0,2025,3,March,1,6,Sunday
1596,2025-03-19 23:09:39,1602.29,1626.57,0.0413,42.9,PIX,Em Analise,MG,Sudeste,Eletrônicos,2025-04-19 00:46:54,2025-04-21 00:46:54,Same-Day,1,32.0,2.0,1.0,0,0.026774179455654096,67.177341,1626.57,2025,3,March,1,2,Wednesday
1597,2025-03-21 04:01:45,7187.24,7916.4,0.095,22.9,PIX,Em Analise,PE,Nordeste,Eletrônicos,2025-04-20 01:37:38,2025-04-22 01:37:38,Standard,4,31.0,2.0,1.0,0,0.0031862022139235646,752.058,1979.1,2025,3,March,1,4,Friday
1598,2025-03-23 02:06:45,4649.27,5397.03,0.1465,42.9,Debito,Em Analise,RJ,Sudeste,Eletrônicos,2025-05-15 19:36:49,2025-05-15 19:36:49,Same-Day,3,53.0,0.0,0.0,0,0.00922725503143504,790.6648949999999,1799.01,2025,3,March,1,6,Sunday
1599,2025-03-12 19:30:23,538.31,524.7,0.0177,22.9,Debito,Cancelado,RS,Sul,Eletrônicos,2025-04-24 04:07:18,2025-04-28 04:07:18,Standard,3,,,,0,0.042540543552971335,9.28719,174.9,2025,3,March,1,2,Wednesday
1601,2025-03-16 21:02:45,4652.76,4879.71,0.0553,42.9,PIX,Em Analise,SP,Sudeste,Eletrônicos,2025-04-29 11:03:55,2025-04-29 11:03:55,Same-Day,3,43.0,0.0,0.0,0,0.009220333737394578,269.847963,1626.57,2025,3,March,1,6,Sunday
1602,2025-02-21 16:57:16,338.93,349.8,0.1254,32.99,Debito,Processando,PR,Sul,Eletrônicos,2025-04-26 16:40:46,2025-04-26 16:40:46,Scheduled,2,63.0,0.0,0.0,0,0.09733573304222111,43.864920000000005,174.9,2025,2,February,1,4,Friday
1603,2025-05-01 03:30:33,197.25,165.99,0.0701,42.9,Credito,Cancelado,PB,Nordeste,Eletrônicos,2025-05-01 09:08:58,2025-05-04 09:08:58,Same-Day,1,,,,0,0.21749049429657794,11.635899,165.99,2025,5,May,2,3,Thursday
1604,2025-03-02 01:13:09,5828.86,6099.98,0.0482,22.9,Debito,Em Analise,MG,Sudeste,Eletrônicos,2025-05-01 21:28:37,2025-05-03 21:28:37,Standard,2,62.0,2.0,1.0,0,0.003928727058121142,294.01903599999997,3049.99,2025,3,March,1,6,Sunday
1605,2025-03-20 03:06:07,175.31,155.4,0.0842,32.99,Debito,Cancelado,PR,Sul,Eletrônicos,2025-05-07 21:48:05,2025-05-07 21:48:05,Scheduled,3,,,,0,0.18818093662654728,13.08468,51.800000000000004,2025,3,March,1,3,Thursday
1606,2025-04-03 08:13:56,3143.42,3237.0,0.0391,32.99,PIX,Confirmado,SE,Nordeste,Eletrônicos,2025-04-14 23:20:44,2025-04-17 23:20:44,Scheduled,3,14.0,3.0,1.0,1,0.010494938633717416,126.56670000000001,1079.0,2025,4,April,2,3,Thursday
1607,2025-04-19 22:32:31,454.96,449.0,0.0602,32.99,PIX,Em Analise,RN,Nordeste,Eletrônicos,2025-04-19 14:39:59,2025-04-22 14:39:59,Scheduled,1,2.0,3.0,1.0,0,0.07251186917531212,27.029799999999998,449.0,2025,4,April,2,5,Saturday
1608,2025-03-21 10:58:09,70.31,49.9,0.0499,22.9,Debito,Processando,PI,Nordeste,Eletrônicos,2025-04-18 17:09:56,2025-04-23 17:09:56,Standard,1,33.0,5.0,1.0,0,0.3257004693500213,2.49001,49.9,2025,3,March,1,4,Friday
1609,2025-02-18 04:10:05,1612.39,1796.0,0.1206,32.99,Debito,Cancelado,RJ,Sudeste,Eletrônicos,2025-04-22 00:44:59,2025-04-25 00:44:59,Scheduled,4,,,,0,0.020460310470791807,216.5976,449.0,2025,2,February,1,1,Tuesday
1610,2025-04-18 00:32:59,2695.67,3079.6,0.1386,42.9,Credito,Em Analise,PA,Norte,Eletrônicos,2025-05-10 06:22:52,2025-05-11 06:22:52,Same-Day,4,23.0,1.0,1.0,0,0.015914410888573156,426.83256,769.9,2025,4,April,2,4,Friday
1611,2025-02-22 16:12:04,4366.81,4879.71,0.1139,42.9,PIX,Cancelado,BA,Nordeste,Eletrônicos,2025-04-20 17:04:45,2025-04-23 17:04:45,Same-Day,3,,,,0,0.009824105010293554,555.798969,1626.57,2025,2,February,1,5,Saturday
1612,2025-05-10 17:06:33,143.6,107.8,0.0659,42.9,Credito,Em Analise,SP,Sudeste,Eletrônicos,2025-05-07 09:54:11,2025-05-07 09:54:11,Same-Day,2,-4.0,0.0,0.0,0,0.29874651810584957,7.10402,53.9,2025,5,May,2,5,Saturday
1613,2025-03-16 00:09:24,115.15,99.8,0.0757,22.9,PIX,Em Analise,SC,Sul,Eletrônicos,2025-05-03 17:22:41,2025-05-04 17:22:41,Standard,2,49.0,1.0,1.0,0,0.19887103777681284,7.55486,49.9,2025,3,March,1,6,Sunday
1614,2025-02-28 23:05:09,124.55,103.6,0.0188,22.9,Credito,Cancelado,RJ,Sudeste,Eletrônicos,2025-05-10 01:03:48,2025-05-15 01:03:48,Standard,2,,,,0,0.18386190285026094,1.94768,51.8,2025,2,February,1,4,Friday
1615,2025-04-02 16:41:21,664.14,699.6,0.112,42.9,Debito,Confirmado,RJ,Sudeste,Eletrônicos,2025-05-12 15:11:01,2025-05-13 15:11:01,Same-Day,4,40.0,1.0,1.0,1,0.06459481434637275,78.35520000000001,174.9,2025,4,April,2,2,Wednesday
1616,2025-04-10 20:59:59,90.06,51.8,0.0895,42.9,PIX,Cancelado,PR,Sul,Eletrônicos,2025-04-26 12:42:55,2025-05-01 12:42:55,Same-Day,1,,,,0,0.47634910059960023,4.6361,51.8,2025,4,April,2,3,Thursday
1617,2025-03-25 01:15:48,3153.75,3598.02,0.1354,42.9,PIX,Processando,MA,Nordeste,Eletrônicos,2025-04-28 04:19:38,2025-04-29 04:19:38,Same-Day,2,35.0,1.0,1.0,0,0.013602853745541023,487.171908,1799.01,2025,3,March,1,1,Tuesday
1618,2025-03-17 14:01:28,226.58,199.6,0.0301,32.99,Credito,Em Analise,RJ,Sudeste,Eletrônicos,2025-05-16 07:19:06,2025-05-17 07:19:06,Scheduled,4,60.0,1.0,1.0,0,0.14559978815429428,6.00796,49.9,2025,3,March,1,0,Monday
1619,2025-03-08 05:54:19,8139.86,9149.97,0.114,32.99,Boleto,Cancelado,SC,Sul,Eletrônicos,2025-04-15 15:30:19,2025-04-17 15:30:19,Scheduled,3,,,,0,0.004052895258640813,1043.09658,3049.99,2025,3,March,1,5,Saturday
1620,2025-04-03 06:15:04,55.02,35.8,0.1027,22.9,PIX,Em Analise,PA,Norte,Eletrônicos,2025-04-24 17:57:07,2025-04-29 17:57:07,Standard,2,26.0,5.0,1.0,0,0.41621228644129404,3.6766599999999996,17.9,2025,4,April,2,3,Thursday
1621,2025-05-02 08:50:25,40.09,17.9,0.0399,22.9,Boleto,Cancelado,SP,Sudeste,Eletrônicos,2025-04-20 17:06:50,2025-04-21 17:06:50,Standard,1,,,,0,0.5712147667747567,0.7142099999999999,17.9,2025,5,May,2,4,Friday
1622,2025-05-11 12:27:55,8256.96,9149.97,0.1001,22.9,Boleto,Cancelado,PI,Nordeste,Eletrônicos,2025-04-30 00:19:21,2025-05-04 00:19:21,Standard,3,,,,0,0.002773417819633376,915.9119969999999,3049.99,2025,5,May,2,6,Sunday
1623,2025-03-09 06:26:42,4671.36,5397.03,0.1387,22.9,Credito,Em Analise,PR,Sul,Eletrônicos,2025-05-11 10:52:01,2025-05-11 10:52:01,Standard,3,63.0,0.0,0.0,0,0.004902212631867379,748.568061,1799.01,2025,3,March,1,6,Sunday
1624,2025-04-03 05:47:36,218.88,215.6,0.1378,32.99,PIX,Em Analise,PI,Nordeste,Eletrônicos,2025-04-22 08:50:42,2025-04-26 08:50:42,Scheduled,4,23.0,4.0,1.0,0,0.1507218567251462,29.70968,53.9,2025,4,April,2,3,Thursday
1625,2025-04-18 09:55:02,129.16,107.8,0.1079,32.99,Debito,Confirmado,RJ,Sudeste,Eletrônicos,2025-05-08 03:52:34,2025-05-08 03:52:34,Scheduled,2,19.0,0.0,0.0,1,0.25541963456178385,11.63162,53.9,2025,4,April,2,4,Friday
1626,2025-04-28 18:55:33,2755.38,2742.13,0.0072,32.99,Boleto,Processando,SP,Sudeste,Eletrônicos,2025-05-03 11:16:58,2025-05-04 11:16:58,Scheduled,1,5.0,1.0,1.0,0,0.011972940211513476,19.743336,2742.13,2025,4,April,2,0,Monday
1627,2025-04-28 00:28:12,2497.51,2847.0,0.1308,22.9,Debito,Em Analise,RS,Sul,Eletrônicos,2025-05-04 17:03:44,2025-05-04 17:03:44,Standard,3,6.0,0.0,0.0,0,0.0091691324559261,372.3876,949.0,2025,4,April,2,0,Monday
1628,2025-03-18 00:13:32,429.55,428.99,0.0987,42.9,Debito,Processando,RS,Sul,Eletrônicos,2025-05-07 02:32:28,2025-05-09 02:32:28,Same-Day,1,52.0,2.0,1.0,0,0.0998719590268886,42.341313,428.99,2025,3,March,1,1,Tuesday
1629,2025-04-28 21:02:35,689.9,699.6,0.0466,22.9,Credito,Cancelado,BA,Nordeste,Eletrônicos,2025-05-15 21:59:03,2025-05-15 21:59:03,Standard,4,,,,0,0.033193216408175095,32.60136,174.9,2025,4,April,2,0,Monday
1630,2025-03-06 13:36:46,3035.96,3079.6,0.0281,42.9,PIX,Em Analise,PE,Nordeste,Eletrônicos,2025-05-03 14:35:20,2025-05-06 14:35:20,Same-Day,4,61.0,3.0,1.0,0,0.01413062095679785,86.53676,769.9,2025,3,March,1,3,Thursday
1631,2025-04-09 04:01:55,134.79,103.6,0.0174,32.99,Boleto,Cancelado,MA,Nordeste,Eletrônicos,2025-04-27 18:05:27,2025-04-29 18:05:27,Scheduled,2,,,,0,0.24475109429482902,1.8026399999999998,51.8,2025,4,April,2,2,Wednesday
1632,2025-03-19 23:27:23,1657.27,1626.57,0.0075,42.9,Credito,Em Analise,AC,Norte,Eletrônicos,2025-04-20 10:47:07,2025-04-21 10:47:07,Same-Day,1,32.0,1.0,1.0,0,0.02588594495767135,12.199274999999998,1626.57,2025,3,March,1,2,Wednesday
1633,2025-03-21 11:52:33,1635.77,1796.0,0.1131,42.9,Debito,Confirmado,SC,Sul,Eletrônicos,2025-05-05 02:14:00,2025-05-08 02:14:00,Same-Day,4,47.0,3.0,1.0,1,0.026226180942308514,203.1276,449.0,2025,3,March,1,4,Friday
1634,2025-02-20 18:55:39,132.92,103.6,0.0354,32.99,PIX,Confirmado,TO,Norte,Eletrônicos,2025-05-02 14:53:55,2025-05-04 14:53:55,Scheduled,2,72.0,2.0,1.0,1,0.2481944026482095,3.66744,51.8,2025,2,February,1,3,Thursday
1635,2025-04-22 23:24:34,555.8,524.7,0.0036,32.99,Boleto,Cancelado,AC,Norte,Eletrônicos,2025-04-27 08:31:12,2025-05-01 08:31:12,Scheduled,3,,,,0,0.059355883411299035,1.8889200000000002,174.9,2025,4,April,2,1,Tuesday
1636,2025-02-22 01:55:08,189.09,165.99,0.0596,32.99,Credito,Confirmado,CE,Nordeste,Eletrônicos,2025-05-13 09:28:58,2025-05-15 09:28:58,Scheduled,1,82.0,2.0,1.0,1,0.17446718493838914,9.893004000000001,165.99,2025,2,February,1,5,Saturday
1637,2025-04-19 13:13:11,8574.33,9208.0,0.0724,32.99,Debito,Processando,MG,Sudeste,Eletrônicos,2025-04-28 22:06:54,2025-04-28 22:06:54,Scheduled,2,9.0,0.0,0.0,0,0.0038475309441087526,666.6592,4604.0,2025,4,April,2,5,Saturday
1638,2025-04-07 18:10:09,554.27,524.7,0.0254,42.9,Debito,Confirmado,SP,Sudeste,Eletrônicos,2025-04-28 10:28:34,2025-05-01 10:28:34,Same-Day,3,23.0,3.0,1.0,1,0.0773991015209194,13.32738,174.9,2025,4,April,2,0,Monday
1639,2025-04-18 10:31:56,94.36,51.8,0.0066,42.9,Boleto,Processando,MA,Nordeste,Eletrônicos,2025-05-03 14:09:11,2025-05-03 14:09:11,Same-Day,1,15.0,0.0,0.0,0,0.4546417973717677,0.34187999999999996,51.8,2025,4,April,2,4,Friday
1640,2025-03-31 01:01:03,95.07,53.7,0.0284,42.9,Boleto,Confirmado,RR,Norte,Eletrônicos,2025-05-14 16:25:24,2025-05-15 16:25:24,Same-Day,3,45.0,1.0,1.0,1,0.45124644998422214,1.5250800000000002,17.900000000000002,2025,3,March,1,0,Monday
1641,2025-03-24 09:28:56,489.41,519.44,0.1019,22.9,Boleto,Confirmado,SP,Sudeste,Eletrônicos,2025-04-30 18:48:06,2025-04-30 18:48:06,Standard,4,37.0,0.0,0.0,1,0.046791034102286425,52.93093600000001,129.86,2025,3,March,1,0,Monday
1642,2025-04-23 05:03:20,4268.25,4288.0,0.0123,32.99,Debito,Processando,SP,Sudeste,Eletrônicos,2025-04-23 23:28:03,2025-04-24 23:28:03,Scheduled,4,1.0,1.0,1.0,0,0.007729163005915774,52.7424,1072.0,2025,4,April,2,2,Wednesday
1643,2025-04-11 19:45:31,88.54,71.6,0.0833,22.9,Boleto,Cancelado,SE,Nordeste,Eletrônicos,2025-05-13 09:30:43,2025-05-14 09:30:43,Standard,4,,,,0,0.2586401626383555,5.96428,17.9,2025,4,April,2,4,Friday
1644,2025-04-16 06:31:20,1088.25,1079.0,0.022,32.99,Debito,Cancelado,SC,Sul,Eletrônicos,2025-05-04 20:56:55,2025-05-09 20:56:55,Scheduled,1,,,,0,0.03031472547668275,23.738,1079.0,2025,4,April,2,2,Wednesday
1645,2025-03-09 23:11:42,1611.74,1626.57,0.0294,32.99,PIX,Confirmado,RJ,Sudeste,Eletrônicos,2025-05-02 16:26:23,2025-05-05 16:26:23,Scheduled,1,56.0,3.0,1.0,1,0.020468561926861653,47.821158,1626.57,2025,3,March,1,6,Sunday
1646,2025-04-29 10:33:17,2073.58,2158.0,0.059,42.9,Credito,Confirmado,CE,Nordeste,Eletrônicos,2025-05-02 22:40:00,2025-05-06 22:40:00,Same-Day,2,7.0,4.0,1.0,1,0.020688856952709805,127.32199999999999,1079.0,2025,4,April,2,1,Tuesday
1647,2025-03-17 17:24:51,12038.64,12199.96,0.0151,22.9,Debito,Cancelado,RJ,Sudeste,Eletrônicos,2025-05-08 06:38:16,2025-05-08 06:38:16,Standard,4,,,,0,0.0019022082228557378,184.219396,3049.99,2025,3,March,1,0,Monday
1648,2025-02-23 12:16:07,1714.25,1715.96,0.026,42.9,Boleto,Processando,MG,Sudeste,Eletrônicos,2025-05-11 22:31:45,2025-05-11 22:31:45,Same-Day,4,77.0,0.0,0.0,0,0.025025521365028437,44.614959999999996,428.99,2025,2,February,1,6,Sunday
1649,2025-05-13 17:01:11,1492.26,1539.8,0.0523,32.99,PIX,Confirmado,AC,Norte,Eletrônicos,2025-04-23 07:10:03,2025-04-24 07:10:03,Scheduled,2,-20.0,1.0,1.0,1,0.022107407556323965,80.53153999999999,769.9,2025,5,May,2,1,Tuesday
1651,2025-03-31 06:58:28,224.36,215.6,0.1124,32.99,Credito,Processando,SC,Sul,Eletrônicos,2025-05-01 03:09:15,2025-05-05 03:09:15,Scheduled,4,34.0,4.0,1.0,0,0.14704047067213408,24.233439999999998,53.9,2025,3,March,1,0,Monday
1652,2025-03-24 01:53:22,279.71,259.72,0.0112,22.9,Credito,Cancelado,RS,Sul,Eletrônicos,2025-04-18 10:19:09,2025-04-23 10:19:09,Standard,2,,,,0,0.08187050874119624,2.9088640000000003,129.86,2025,3,March,1,0,Monday
1653,2025-03-10 16:34:37,4799.14,5484.26,0.1291,22.9,PIX,Cancelado,TO,Norte,Eletrônicos,2025-05-04 05:06:12,2025-05-06 05:06:12,Standard,2,,,,0,0.004771688260813395,708.017966,2742.13,2025,3,March,1,0,Monday
1654,2025-04-21 12:26:22,2049.89,2309.7,0.1224,22.9,PIX,Em Analise,MG,Sudeste,Eletrônicos,2025-05-06 17:00:48,2025-05-10 17:00:48,Standard,3,19.0,4.0,1.0,0,0.011171331144598003,282.70727999999997,769.9,2025,4,April,2,0,Monday
1655,2025-03-08 05:15:26,80.52,53.7,0.1149,32.99,PIX,Em Analise,MG,Sudeste,Eletrônicos,2025-04-22 20:06:41,2025-04-23 20:06:41,Scheduled,3,46.0,1.0,1.0,0,0.40971187282662697,6.17013,17.900000000000002,2025,3,March,1,5,Saturday
1656,2025-04-24 12:08:17,6237.38,6506.28,0.0464,32.99,Debito,Processando,RS,Sul,Eletrônicos,2025-05-04 14:20:27,2025-05-08 14:20:27,Scheduled,4,14.0,4.0,1.0,0,0.005289079709749928,301.89139199999994,1626.57,2025,4,April,2,3,Thursday
1657,2025-03-27 05:39:52,1617.27,1796.0,0.1234,42.9,Credito,Confirmado,RN,Nordeste,Eletrônicos,2025-04-27 02:03:25,2025-04-30 02:03:25,Same-Day,4,33.0,3.0,1.0,1,0.026526183012113003,221.6264,449.0,2025,3,March,1,3,Thursday
1658,2025-04-06 08:15:51,1530.6,1539.8,0.0274,32.99,Boleto,Em Analise,PE,Nordeste,Eletrônicos,2025-04-23 01:22:26,2025-04-26 01:22:26,Scheduled,2,19.0,3.0,1.0,0,0.021553639095779436,42.19052,769.9,2025,4,April,2,6,Sunday
1659,2025-02-24 19:00:21,40.47,17.9,0.0187,22.9,Debito,Confirmado,SC,Sul,Eletrônicos,2025-05-13 00:51:11,2025-05-13 00:51:11,Standard,1,77.0,0.0,0.0,1,0.5658512478379046,0.33472999999999997,17.9,2025,2,February,1,0,Monday
1660,2025-04-26 18:39:26,2317.13,2309.7,0.0067,22.9,Boleto,Cancelado,RJ,Sudeste,Eletrônicos,2025-04-26 09:12:49,2025-05-01 09:12:49,Standard,3,,,,0,0.009882915503230288,15.47499,769.9,2025,4,April,2,5,Saturday
1662,2025-03-19 06:58:11,432.07,428.99,0.0462,22.9,Boleto,Em Analise,AP,Norte,Eletrônicos,2025-05-11 04:24:17,2025-05-12 04:24:17,Standard,1,53.0,1.0,1.0,0,0.05300067118753905,19.819338,428.99,2025,3,March,1,2,Wednesday
1663,2025-04-07 02:55:40,10554.24,12199.96,0.1376,32.99,Credito,Cancelado,ES,Sudeste,Eletrônicos,2025-05-01 06:00:38,2025-05-04 06:00:38,Scheduled,4,,,,0,0.003125757989206234,1678.7144959999998,3049.99,2025,4,April,2,0,Monday
1664,2025-05-03 21:42:47,5209.28,5397.03,0.0409,32.99,Credito,Processando,RS,Sul,Eletrônicos,2025-05-05 21:48:18,2025-05-10 21:48:18,Scheduled,3,7.0,5.0,1.0,0,0.006332928926838259,220.73852699999998,1799.01,2025,5,May,2,5,Saturday
1665,2025-03-28 12:28:47,2829.43,3237.0,0.1361,32.99,PIX,Em Analise,PR,Sul,Eletrônicos,2025-05-09 07:25:03,2025-05-13 07:25:03,Scheduled,3,45.0,4.0,1.0,0,0.011659592214686352,440.5557,1079.0,2025,3,March,1,4,Friday
1666,2025-02-22 09:54:42,73.85,35.8,0.1356,42.9,Boleto,Processando,AP,Norte,Eletrônicos,2025-04-19 00:32:08,2025-04-21 00:32:08,Same-Day,2,57.0,2.0,1.0,0,0.5809072444143535,4.85448,17.9,2025,2,February,1,5,Saturday
1667,2025-03-28 15:00:09,1569.97,1796.0,0.1386,22.9,PIX,Confirmado,AP,Norte,Eletrônicos,2025-05-06 06:53:30,2025-05-06 06:53:30,Standard,4,38.0,0.0,0.0,1,0.014586265979604704,248.9256,449.0,2025,3,March,1,4,Friday
1668,2025-03-11 19:53:57,745.61,769.9,0.0744,32.99,Credito,Cancelado,RJ,Sudeste,Eletrônicos,2025-05-14 00:08:33,2025-05-16 00:08:33,Scheduled,1,,,,0,0.0442456512117595,57.280559999999994,769.9,2025,3,March,1,1,Tuesday
1669,2025-03-30 11:30:55,248.88,259.72,0.1299,22.9,Debito,Processando,SC,Sul,Eletrônicos,2025-04-22 12:12:38,2025-04-24 12:12:38,Standard,2,25.0,2.0,1.0,0,0.09201221472195435,33.737628,129.86,2025,3,March,1,6,Sunday
1670,2025-02-23 20:58:13,952.12,1072.0,0.1426,32.99,PIX,Processando,CE,Nordeste,Eletrônicos,2025-04-23 23:25:09,2025-04-26 23:25:09,Scheduled,1,62.0,3.0,1.0,0,0.03464899382430786,152.8672,1072.0,2025,2,February,1,6,Sunday
1671,2025-03-01 19:16:33,93.98,53.7,0.0487,42.9,PIX,Em Analise,PA,Norte,Eletrônicos,2025-04-28 03:51:28,2025-05-01 03:51:28,Same-Day,3,60.0,3.0,1.0,0,0.45648010214939344,2.61519,17.900000000000002,2025,3,March,1,5,Saturday
1672,2025-05-15 12:34:27,198.47,165.99,0.0628,42.9,PIX,Confirmado,SP,Sudeste,Eletrônicos,2025-05-09 13:52:12,2025-05-13 13:52:12,Same-Day,1,-2.0,4.0,1.0,1,0.21615357484758402,10.424172,165.99,2025,5,May,2,3,Thursday
1673,2025-03-10 06:44:39,2891.89,3216.0,0.1079,22.9,PIX,Processando,RS,Sul,Eletrônicos,2025-04-13 23:00:02,2025-04-17 23:00:02,Standard,3,38.0,4.0,1.0,0,0.007918696769240877,347.0064,1072.0,2025,3,March,1,0,Monday
1674,2025-03-16 00:19:41,7582.27,7916.4,0.0451,22.9,Credito,Em Analise,AM,Norte,Eletrônicos,2025-05-05 16:15:40,2025-05-10 16:15:40,Standard,4,55.0,5.0,1.0,0,0.0030202037120809462,357.02964,1979.1,2025,3,March,1,6,Sunday
1675,2025-02-18 09:35:10,1788.25,1979.1,0.1131,32.99,PIX,Confirmado,BA,Nordeste,Eletrônicos,2025-04-24 00:17:39,2025-04-29 00:17:39,Scheduled,1,69.0,5.0,1.0,1,0.01844820355095764,223.83621,1979.1,2025,2,February,1,1,Tuesday
1676,2025-05-10 20:08:43,2734.59,2742.13,0.0111,22.9,Boleto,Em Analise,PR,Sul,Eletrônicos,2025-04-23 11:21:16,2025-04-24 11:21:16,Standard,1,-17.0,1.0,1.0,0,0.008374198691577165,30.437643,2742.13,2025,5,May,2,5,Saturday
1677,2025-03-06 11:53:33,501.56,519.44,0.0785,22.9,Boleto,Confirmado,PR,Sul,Eletrônicos,2025-04-29 01:04:11,2025-05-02 01:04:11,Standard,4,56.0,3.0,1.0,1,0.04565754844883962,40.77604,129.86,2025,3,March,1,3,Thursday
1678,2025-03-23 05:22:02,904.47,898.0,0.0183,22.9,Boleto,Em Analise,SP,Sudeste,Eletrônicos,2025-04-16 20:41:16,2025-04-21 20:41:16,Standard,2,29.0,5.0,1.0,0,0.025318694926310434,16.4334,449.0,2025,3,March,1,6,Sunday
1679,2025-03-03 11:23:20,3472.7,3598.02,0.044,32.99,Debito,Confirmado,TO,Norte,Eletrônicos,2025-05-12 15:47:22,2025-05-16 15:47:22,Scheduled,2,74.0,4.0,1.0,1,0.009499812825755178,158.31287999999998,1799.01,2025,3,March,1,0,Monday
1680,2025-04-23 01:16:02,6949.82,7196.04,0.0388,32.99,Boleto,Confirmado,RS,Sul,Eletrônicos,2025-05-01 03:46:03,2025-05-02 03:46:03,Scheduled,4,9.0,1.0,1.0,1,0.004746885530848281,279.206352,1799.01,2025,4,April,2,2,Wednesday
1681,2025-03-03 23:44:55,184.26,161.7,0.1258,42.9,Credito,Confirmado,AP,Norte,Eletrônicos,2025-04-26 06:18:14,2025-04-30 06:18:14,Same-Day,3,57.0,4.0,1.0,1,0.23282318463041354,20.341859999999997,53.9,2025,3,March,1,0,Monday
1682,2025-03-30 21:39:19,1330.84,1347.0,0.029,22.9,Boleto,Cancelado,RO,Norte,Eletrônicos,2025-04-27 06:57:55,2025-04-28 06:57:55,Standard,3,,,,0,0.017207177421778727,39.063,449.0,2025,3,March,1,6,Sunday
1683,2025-05-07 04:43:20,261.21,259.72,0.1213,32.99,PIX,Cancelado,RS,Sul,Eletrônicos,2025-05-02 17:05:25,2025-05-07 17:05:25,Scheduled,2,,,,0,0.12629684927835844,31.504036000000006,129.86,2025,5,May,2,2,Wednesday
1684,2025-04-07 08:36:54,1176.59,1286.97,0.1191,42.9,PIX,Cancelado,MG,Sudeste,Eletrônicos,2025-05-05 05:16:25,2025-05-08 05:16:25,Same-Day,3,,,,0,0.03646129917813342,153.278127,428.99,2025,4,April,2,0,Monday
1685,2025-03-18 23:47:48,340.14,331.98,0.0748,32.99,Debito,Confirmado,AM,Norte,Eletrônicos,2025-05-02 23:36:41,2025-05-03 23:36:41,Scheduled,2,45.0,1.0,1.0,1,0.09698947492209091,24.832104000000005,165.99,2025,3,March,1,1,Tuesday
1686,2025-03-28 13:43:31,94.91,53.9,0.0351,42.9,PIX,Confirmado,MG,Sudeste,Eletrônicos,2025-05-11 15:23:55,2025-05-15 15:23:55,Same-Day,1,48.0,4.0,1.0,1,0.45200716468233065,1.8918899999999998,53.9,2025,3,March,1,4,Friday
1687,2025-05-07 03:49:50,3175.52,3253.14,0.034,32.99,Boleto,Cancelado,TO,Norte,Eletrônicos,2025-05-15 02:28:26,2025-05-17 02:28:26,Scheduled,2,,,,0,0.01038884970020658,110.60676000000001,1626.57,2025,5,May,2,2,Wednesday
1689,2025-03-10 14:27:01,392.25,349.8,0.0013,42.9,Debito,Cancelado,ES,Sudeste,Eletrônicos,2025-04-24 17:07:37,2025-04-27 17:07:37,Same-Day,2,,,,0,0.10936902485659655,0.45474,174.9,2025,3,March,1,0,Monday
1690,2025-03-05 08:37:07,128.33,103.6,0.0797,32.99,PIX,Cancelado,ES,Sudeste,Eletrônicos,2025-04-19 04:56:36,2025-04-22 04:56:36,Scheduled,2,,,,0,0.2570716122496688,8.25692,51.8,2025,3,March,1,2,Wednesday
1691,2025-03-08 14:57:18,125.39,107.8,0.1429,32.99,PIX,Cancelado,BA,Nordeste,Eletrônicos,2025-04-21 18:01:06,2025-04-25 18:01:06,Scheduled,2,,,,0,0.263099130712178,15.40462,53.9,2025,3,March,1,5,Saturday
1692,2025-04-15 03:37:21,10756.95,10968.52,0.0232,42.9,PIX,Cancelado,SC,Sul,Eletrônicos,2025-05-12 02:45:27,2025-05-14 02:45:27,Same-Day,4,,,,0,0.003988119308911913,254.469664,2742.13,2025,4,April,2,1,Tuesday
1693,2025-05-08 01:54:01,70.25,51.8,0.086,22.9,Debito,Em Analise,PI,Nordeste,Eletrônicos,2025-04-26 17:53:46,2025-04-29 17:53:46,Standard,1,-9.0,3.0,1.0,0,0.3259786476868327,4.4548,51.8,2025,5,May,2,3,Thursday
1694,2025-04-20 02:04:48,4725.87,5484.26,0.1443,32.99,PIX,Processando,MA,Nordeste,Eletrônicos,2025-05-09 08:04:11,2025-05-10 08:04:11,Scheduled,2,20.0,1.0,1.0,0,0.006980725242124731,791.378718,2742.13,2025,4,April,2,6,Sunday
1695,2025-05-04 12:22:36,58.49,17.9,0.1291,42.9,PIX,Cancelado,RR,Norte,Eletrônicos,2025-04-28 00:15:01,2025-05-01 00:15:01,Same-Day,1,,,,0,0.7334587108907505,2.3108899999999997,17.9,2025,5,May,2,6,Sunday
1696,2025-03-18 15:17:18,322.61,331.98,0.1276,32.99,Boleto,Confirmado,ES,Sudeste,Eletrônicos,2025-05-05 12:13:14,2025-05-10 12:13:14,Scheduled,2,52.0,5.0,1.0,1,0.10225969436781253,42.360648,165.99,2025,3,March,1,1,Tuesday
1697,2025-04-19 22:25:31,3370.85,3796.0,0.1233,42.9,Credito,Cancelado,MG,Sudeste,Eletrônicos,2025-05-03 00:50:45,2025-05-05 00:50:45,Same-Day,4,,,,0,0.012726760312680777,468.0468,949.0,2025,4,April,2,5,Saturday
1698,2025-04-11 05:26:41,5169.51,5397.03,0.0464,22.9,PIX,Confirmado,SE,Nordeste,Eletrônicos,2025-04-22 11:23:39,2025-04-22 11:23:39,Standard,3,11.0,0.0,0.0,1,0.004429820234412932,250.42219199999997,1799.01,2025,4,April,2,4,Friday
1699,2025-03-28 08:50:57,8020.71,9208.0,0.1336,42.9,Debito,Cancelado,RJ,Sudeste,Eletrônicos,2025-05-15 06:46:22,2025-05-15 06:46:22,Same-Day,2,,,,0,0.0053486536728045275,1230.1888,4604.0,2025,3,March,1,4,Friday
1700,2025-05-09 15:50:23,408.5,449.0,0.1412,22.9,Credito,Cancelado,BA,Nordeste,Eletrônicos,2025-04-29 22:20:31,2025-05-02 22:20:31,Standard,1,,,,0,0.05605875152998776,63.398799999999994,449.0,2025,5,May,2,4,Friday
1701,2025-04-07 16:09:00,1874.75,1979.1,0.0744,42.9,PIX,Em Analise,MG,Sudeste,Eletrônicos,2025-04-27 18:24:25,2025-04-30 18:24:25,Same-Day,1,23.0,3.0,1.0,0,0.022883051073476463,147.24504,1979.1,2025,4,April,2,0,Monday
1702,2025-03-09 03:49:50,771.84,769.9,0.0532,42.9,Credito,Em Analise,PA,Norte,Eletrônicos,2025-04-17 12:16:33,2025-04-19 12:16:33,Same-Day,1,41.0,2.0,1.0,0,0.05558146766169154,40.958679999999994,769.9,2025,3,March,1,6,Sunday
1703,2025-04-03 06:55:46,217.23,207.2,0.0621,22.9,Boleto,Em Analise,SP,Sudeste,Eletrônicos,2025-04-28 05:15:55,2025-04-29 05:15:55,Standard,4,25.0,1.0,1.0,0,0.10541822031947705,12.86712,51.8,2025,4,April,2,3,Thursday
1704,2025-03-21 13:02:21,8734.46,9149.97,0.0501,42.9,Credito,Cancelado,PI,Nordeste,Eletrônicos,2025-05-12 16:18:35,2025-05-15 16:18:35,Same-Day,3,,,,0,0.00491158010913096,458.41349699999995,3049.99,2025,3,March,1,4,Friday
1705,2025-04-12 20:47:34,1268.82,1286.97,0.0319,22.9,Debito,Cancelado,RS,Sul,Eletrônicos,2025-04-21 12:14:14,2025-04-24 12:14:14,Standard,3,,,,0,0.018048265317381504,41.054342999999996,428.99,2025,4,April,2,5,Saturday
1706,2025-05-17 03:29:10,1754.86,1898.0,0.0928,32.99,PIX,Confirmado,CE,Nordeste,Eletrônicos,2025-04-26 22:01:53,2025-04-29 22:01:53,Scheduled,2,-18.0,3.0,1.0,1,0.01879922045063424,176.1344,949.0,2025,5,May,2,5,Saturday
1707,2025-03-13 07:01:51,3968.99,4288.0,0.0844,42.9,PIX,Cancelado,SE,Nordeste,Eletrônicos,2025-05-12 06:49:34,2025-05-17 06:49:34,Same-Day,4,,,,0,0.010808795184669148,361.9072,1072.0,2025,3,March,1,3,Thursday
1708,2025-03-27 19:06:54,72.87,53.7,0.0694,22.9,Credito,Cancelado,RJ,Sudeste,Eletrônicos,2025-04-20 18:38:58,2025-04-22 18:38:58,Standard,3,,,,0,0.314258268148758,3.72678,17.900000000000002,2025,3,March,1,3,Thursday
1709,2025-03-20 19:02:32,426.87,389.58,0.0144,42.9,Debito,Processando,TO,Norte,Eletrônicos,2025-05-06 06:25:24,2025-05-08 06:25:24,Same-Day,3,48.0,2.0,1.0,0,0.10049898095438892,5.609952,129.85999999999999,2025,3,March,1,3,Thursday
1710,2025-03-11 18:37:08,2549.68,2847.0,0.1195,42.9,PIX,Confirmado,SC,Sul,Eletrônicos,2025-05-02 12:12:34,2025-05-04 12:12:34,Same-Day,3,53.0,2.0,1.0,1,0.016825640864735966,340.2165,949.0,2025,3,March,1,1,Tuesday
1711,2025-04-08 16:09:02,10714.13,10968.52,0.0262,32.99,Debito,Cancelado,RO,Norte,Eletrônicos,2025-04-26 00:45:00,2025-05-01 00:45:00,Scheduled,4,,,,0,0.003079111416419252,287.375224,2742.13,2025,4,April,2,1,Tuesday
1712,2025-04-19 02:03:26,75.87,53.9,0.0172,22.9,PIX,Processando,PI,Nordeste,Eletrônicos,2025-04-17 15:30:55,2025-04-20 15:30:55,Standard,1,1.0,3.0,1.0,0,0.3018320811915118,0.92708,53.9,2025,4,April,2,5,Saturday
1713,2025-04-16 10:51:33,2508.64,2742.13,0.0935,22.9,PIX,Processando,PR,Sul,Eletrônicos,2025-04-29 03:31:18,2025-04-29 03:31:18,Standard,1,12.0,0.0,0.0,0,0.009128452069647299,256.389155,2742.13,2025,4,April,2,2,Wednesday
1714,2025-04-03 13:34:30,1480.71,1539.8,0.0598,32.99,Boleto,Cancelado,SC,Sul,Eletrônicos,2025-04-30 01:21:25,2025-05-04 01:21:25,Scheduled,2,,,,0,0.022279852233050363,92.08004,769.9,2025,4,April,2,3,Thursday
1715,2025-05-02 04:16:26,238.33,207.2,0.009,32.99,Credito,Em Analise,RJ,Sudeste,Eletrônicos,2025-05-12 16:03:17,2025-05-13 16:03:17,Scheduled,4,11.0,1.0,1.0,0,0.13842151638484454,1.8647999999999998,51.8,2025,5,May,2,4,Friday
1716,2025-04-04 17:49:37,1647.4,1715.96,0.0533,22.9,Boleto,Processando,ES,Sudeste,Eletrônicos,2025-05-06 05:36:55,2025-05-10 05:36:55,Standard,4,35.0,4.0,1.0,0,0.013900691999514384,91.460668,428.99,2025,4,April,2,4,Friday
1717,2025-05-06 01:17:04,1540.15,1715.96,0.1158,22.9,Boleto,Em Analise,AC,Norte,Eletrônicos,2025-04-25 23:27:36,2025-04-29 23:27:36,Standard,4,-7.0,4.0,1.0,0,0.01486868162191994,198.708168,428.99,2025,5,May,2,1,Tuesday
1718,2025-03-05 10:45:16,1654.94,1798.0,0.0923,22.9,Debito,Processando,BA,Nordeste,Eletrônicos,2025-04-27 00:49:24,2025-05-01 00:49:24,Standard,2,56.0,4.0,1.0,0,0.013837359662585954,165.9554,899.0,2025,3,March,1,2,Wednesday
1719,2025-05-01 20:42:32,495.36,499.64,0.0544,22.9,Credito,Confirmado,PA,Norte,Eletrônicos,2025-04-19 15:05:49,2025-04-24 15:05:49,Standard,4,-8.0,5.0,1.0,1,0.04622900516795865,27.180415999999997,124.91,2025,5,May,2,3,Thursday
1720,2025-04-01 18:02:24,3033.81,3079.6,0.0288,42.9,Boleto,Processando,AC,Norte,Eletrônicos,2025-04-21 16:35:32,2025-04-22 16:35:32,Same-Day,4,20.0,1.0,1.0,0,0.014140635043064662,88.69247999999999,769.9,2025,4,April,2,1,Tuesday
1721,2025-04-07 14:55:15,3288.09,3596.0,0.0948,32.99,Boleto,Em Analise,SC,Sul,Eletrônicos,2025-04-15 00:51:04,2025-04-19 00:51:04,Scheduled,4,11.0,4.0,1.0,0,0.010033180356985362,340.9008,899.0,2025,4,April,2,0,Monday
1722,2025-04-01 11:29:27,811.47,898.0,0.1331,32.99,PIX,Processando,ES,Sudeste,Eletrônicos,2025-04-30 18:55:19,2025-05-01 18:55:19,Scheduled,2,30.0,1.0,1.0,0,0.040654614465106535,119.5238,449.0,2025,4,April,2,1,Tuesday
1723,2025-04-21 09:22:57,358.8,349.8,0.0969,42.9,Credito,Processando,CE,Nordeste,Eletrônicos,2025-04-27 11:06:36,2025-04-28 11:06:36,Same-Day,2,7.0,1.0,1.0,0,0.11956521739130434,33.89562,174.9,2025,4,April,2,0,Monday
1724,2025-05-06 03:04:55,1549.68,1715.96,0.1219,42.9,PIX,Cancelado,SE,Nordeste,Eletrônicos,2025-04-22 16:13:59,2025-04-26 16:13:59,Same-Day,4,,,,0,0.027683134582623507,209.175524,428.99,2025,5,May,2,1,Tuesday
1725,2025-04-26 20:47:09,526.57,524.7,0.0782,42.9,Boleto,Confirmado,SC,Sul,Eletrônicos,2025-04-25 03:06:40,2025-04-27 03:06:40,Same-Day,3,0.0,2.0,1.0,1,0.08147064967620639,41.03154000000001,174.9,2025,4,April,2,5,Saturday
1726,2025-03-11 04:23:08,3243.5,3598.02,0.1077,32.99,Boleto,Em Analise,SP,Sudeste,Eletrônicos,2025-04-30 10:29:19,2025-05-01 10:29:19,Scheduled,2,51.0,1.0,1.0,0,0.010171111453676584,387.506754,1799.01,2025,3,March,1,1,Tuesday
1727,2025-03-27 08:45:08,112.58,103.6,0.1344,22.9,Debito,Em Analise,TO,Norte,Eletrônicos,2025-05-02 16:08:40,2025-05-02 16:08:40,Standard,2,36.0,0.0,0.0,0,0.20341090779889856,13.923839999999998,51.8,2025,3,March,1,3,Thursday
1728,2025-02-24 04:12:52,9719.07,10968.52,0.116,22.9,Boleto,Cancelado,ES,Sudeste,Eletrônicos,2025-04-18 09:46:03,2025-04-23 09:46:03,Standard,4,,,,0,0.0023561925163621622,1272.34832,2742.13,2025,2,February,1,0,Monday
1729,2025-03-11 05:17:55,452.9,497.97,0.1365,22.9,PIX,Confirmado,ES,Sudeste,Eletrônicos,2025-04-23 05:19:43,2025-04-27 05:19:43,Standard,3,47.0,4.0,1.0,1,0.05056303819827777,67.97290500000001,165.99,2025,3,March,1,1,Tuesday
1730,2025-02-23 13:20:20,3593.3,3796.0,0.0647,42.9,Boleto,Cancelado,AC,Norte,Eletrônicos,2025-05-07 15:27:44,2025-05-10 15:27:44,Same-Day,4,,,,0,0.01193888626054045,245.60119999999998,949.0,2025,2,February,1,6,Sunday
1731,2025-03-20 15:04:07,3151.28,3596.0,0.1356,42.9,PIX,Em Analise,PR,Sul,Eletrônicos,2025-04-24 18:32:59,2025-04-29 18:32:59,Same-Day,4,40.0,5.0,1.0,0,0.013613515777715721,487.6176,899.0,2025,3,March,1,3,Thursday
1732,2025-04-08 09:56:56,1827.64,1979.1,0.0932,32.99,PIX,Confirmado,MA,Nordeste,Eletrônicos,2025-05-06 08:07:19,2025-05-11 08:07:19,Scheduled,1,32.0,5.0,1.0,1,0.018050600774769648,184.45212,1979.1,2025,4,April,2,1,Tuesday
1733,2025-04-30 14:30:58,311.56,331.98,0.1305,22.9,Debito,Cancelado,SC,Sul,Eletrônicos,2025-04-29 11:46:51,2025-04-30 11:46:51,Standard,2,,,,0,0.073501091282578,43.32339,165.99,2025,4,April,2,2,Wednesday
1734,2025-03-25 11:05:04,3607.77,3596.0,0.0059,32.99,Boleto,Processando,SP,Sudeste,Eletrônicos,2025-05-08 23:06:13,2025-05-09 23:06:13,Scheduled,4,45.0,1.0,1.0,0,0.00914415275918365,21.2164,899.0,2025,3,March,1,1,Tuesday
1735,2025-04-30 07:54:17,3285.8,3598.02,0.0987,42.9,Credito,Em Analise,AP,Norte,Eletrônicos,2025-04-19 18:59:25,2025-04-22 18:59:25,Same-Day,2,-8.0,3.0,1.0,0,0.013056181143100613,355.124574,1799.01,2025,4,April,2,2,Wednesday
1736,2025-02-28 16:31:45,195.55,174.9,0.1272,42.9,PIX,Processando,SC,Sul,Eletrônicos,2025-05-01 22:57:25,2025-05-01 22:57:25,Same-Day,1,62.0,0.0,0.0,0,0.21938123242137558,22.247280000000003,174.9,2025,2,February,1,4,Friday
1737,2025-04-21 06:48:48,6359.37,6506.28,0.0261,22.9,PIX,Processando,SE,Nordeste,Eletrônicos,2025-04-30 16:17:11,2025-05-01 16:17:11,Standard,4,10.0,1.0,1.0,0,0.0036009856322245753,169.813908,1626.57,2025,4,April,2,0,Monday
1738,2025-03-06 00:20:31,429.29,428.99,0.0993,42.9,Credito,Cancelado,RJ,Sudeste,Eletrônicos,2025-04-21 22:32:13,2025-04-25 22:32:13,Same-Day,1,,,,0,0.0999324465978709,42.598707,428.99,2025,3,March,1,3,Thursday
1739,2025-04-21 21:14:00,2841.08,3216.0,0.1237,22.9,Debito,Confirmado,SC,Sul,Eletrônicos,2025-04-16 01:21:26,2025-04-19 01:21:26,Standard,3,-3.0,3.0,1.0,1,0.008060315091444099,397.8192,1072.0,2025,4,April,2,0,Monday
1740,2025-03-10 10:38:55,1496.18,1539.8,0.0432,22.9,Boleto,Em Analise,MG,Sudeste,Eletrônicos,2025-04-19 13:47:21,2025-04-20 13:47:21,Standard,2,41.0,1.0,1.0,0,0.015305645042708763,66.51936,769.9,2025,3,March,1,0,Monday
1741,2025-04-29 05:43:19,130.29,103.6,0.0608,32.99,Credito,Cancelado,SC,Sul,Eletrônicos,2025-05-11 17:27:40,2025-05-12 17:27:40,Scheduled,2,,,,0,0.2532043902064625,6.29888,51.8,2025,4,April,2,1,Tuesday
1742,2025-02-28 19:35:22,72.01,53.7,0.0854,22.9,PIX,Em Analise,SP,Sudeste,Eletrônicos,2025-04-18 11:46:44,2025-04-21 11:46:44,Standard,3,51.0,3.0,1.0,0,0.31801138730731837,4.58598,17.900000000000002,2025,2,February,1,4,Friday
1743,2025-04-07 09:01:29,897.97,949.0,0.0779,22.9,Credito,Processando,PR,Sul,Eletrônicos,2025-05-12 01:09:04,2025-05-15 01:09:04,Standard,1,37.0,3.0,1.0,0,0.02550196554450594,73.9271,949.0,2025,4,April,2,0,Monday
1744,2025-02-23 11:53:33,1649.96,1626.57,0.0059,32.99,Credito,Confirmado,ES,Sudeste,Eletrônicos,2025-04-27 22:39:53,2025-04-27 22:39:53,Scheduled,1,63.0,0.0,0.0,1,0.019994424107251087,9.596763,1626.57,2025,2,February,1,6,Sunday
1745,2025-03-19 06:19:04,1625.4,1626.57,0.0148,22.9,Credito,Cancelado,PE,Nordeste,Eletrônicos,2025-05-05 15:47:26,2025-05-08 15:47:26,Standard,1,,,,0,0.014088839670235017,24.073236,1626.57,2025,3,March,1,2,Wednesday
1746,2025-03-16 13:39:53,75.79,53.7,0.0151,22.9,PIX,Confirmado,MG,Sudeste,Eletrônicos,2025-04-22 11:25:57,2025-04-27 11:25:57,Standard,3,41.0,5.0,1.0,1,0.30215067950917,0.8108700000000001,17.900000000000002,2025,3,March,1,6,Sunday
1747,2025-03-03 11:48:35,392.99,374.73,0.0393,32.99,PIX,Em Analise,ES,Sudeste,Eletrônicos,2025-05-15 07:27:04,2025-05-17 07:27:04,Scheduled,3,74.0,2.0,1.0,0,0.08394615639074786,14.726889000000002,124.91000000000001,2025,3,March,1,0,Monday
1748,2025-03-30 01:28:32,1752.63,1796.0,0.0369,22.9,PIX,Confirmado,CE,Nordeste,Eletrônicos,2025-05-13 00:03:04,2025-05-14 00:03:04,Standard,4,44.0,1.0,1.0,1,0.01306607783730736,66.2724,449.0,2025,3,March,1,6,Sunday
1749,2025-04-29 07:58:33,178.33,174.9,0.1113,22.9,PIX,Confirmado,RS,Sul,Eletrônicos,2025-04-17 20:35:00,2025-04-18 20:35:00,Standard,1,-11.0,1.0,1.0,1,0.12841361520776087,19.46637,174.9,2025,4,April,2,1,Tuesday
1750,2025-05-09 20:05:40,5598.89,6099.98,0.0859,22.9,Credito,Confirmado,PE,Nordeste,Eletrônicos,2025-04-21 13:46:53,2025-04-23 13:46:53,Standard,2,-17.0,2.0,1.0,1,0.004090096429828055,523.988282,3049.99,2025,5,May,2,4,Friday
1751,2025-02-28 17:18:57,179.96,165.99,0.1146,32.99,Credito,Cancelado,PB,Nordeste,Eletrônicos,2025-04-22 00:48:14,2025-04-26 00:48:14,Scheduled,1,,,,0,0.1833185152256057,19.022454,165.99,2025,2,February,1,4,Friday
1752,2025-03-25 06:40:57,8162.91,8226.39,0.0105,22.9,Credito,Processando,ES,Sudeste,Eletrônicos,2025-05-05 17:33:27,2025-05-09 17:33:27,Standard,3,45.0,4.0,1.0,0,0.0028053721038208187,86.377095,2742.1299999999997,2025,3,March,1,1,Tuesday
1753,2025-04-10 07:22:22,70.93,51.8,0.0728,22.9,Boleto,Cancelado,SC,Sul,Eletrônicos,2025-04-30 13:19:30,2025-05-01 13:19:30,Standard,1,,,,0,0.3228535175525165,3.77104,51.8,2025,4,April,2,3,Thursday
1754,2025-03-17 04:18:29,4685.46,4879.71,0.0486,42.9,Boleto,Processando,RR,Norte,Eletrônicos,2025-05-09 00:14:36,2025-05-09 00:14:36,Same-Day,3,52.0,0.0,0.0,0,0.009155984684534709,237.15390599999998,1626.57,2025,3,March,1,0,Monday
1755,2025-05-03 09:20:10,850.9,949.0,0.1275,22.9,PIX,Processando,PR,Sul,Eletrônicos,2025-05-10 07:02:49,2025-05-12 07:02:49,Standard,1,8.0,2.0,1.0,0,0.026912680691033024,120.9975,949.0,2025,5,May,2,5,Saturday
1756,2025-02-19 03:37:09,1556.63,1715.96,0.1062,22.9,Boleto,Em Analise,RO,Norte,Eletrônicos,2025-04-29 15:54:02,2025-04-29 15:54:02,Standard,4,69.0,0.0,0.0,0,0.01471126728895113,182.23495200000002,428.99,2025,2,February,1,2,Wednesday
1757,2025-04-05 16:33:45,474.61,519.44,0.1304,22.9,Credito,Processando,RR,Norte,Eletrônicos,2025-04-28 23:48:11,2025-04-29 23:48:11,Standard,4,24.0,1.0,1.0,0,0.04825014222203493,67.734976,129.86,2025,4,April,2,5,Saturday
1758,2025-04-07 06:55:10,6503.64,6506.28,0.007,42.9,Credito,Em Analise,PR,Sul,Eletrônicos,2025-05-09 13:32:17,2025-05-14 13:32:17,Same-Day,4,37.0,5.0,1.0,0,0.0065963060686015824,45.54396,1626.57,2025,4,April,2,0,Monday
1759,2025-03-22 12:47:27,6451.14,7196.04,0.1081,32.99,Boleto,Em Analise,RJ,Sudeste,Eletrônicos,2025-05-03 06:04:59,2025-05-05 06:04:59,Scheduled,4,43.0,2.0,1.0,0,0.0051138248433610185,777.891924,1799.01,2025,3,March,1,5,Saturday
1760,2025-03-27 08:42:56,3327.62,3596.0,0.081,22.9,Credito,Processando,PR,Sul,Eletrônicos,2025-04-19 15:09:21,2025-04-19 15:09:21,Standard,4,23.0,0.0,0.0,0,0.006881795397310991,291.276,899.0,2025,3,March,1,3,Thursday
1761,2025-03-20 19:18:51,231.81,215.6,0.1238,42.9,Boleto,Confirmado,RR,Norte,Eletrônicos,2025-04-27 17:00:10,2025-05-01 17:00:10,Same-Day,4,41.0,4.0,1.0,1,0.18506535524783227,26.69128,53.9,2025,3,March,1,3,Thursday
1762,2025-04-14 20:37:10,909.77,949.0,0.0761,32.99,Credito,Confirmado,AM,Norte,Eletrônicos,2025-05-09 04:56:07,2025-05-14 04:56:07,Scheduled,1,29.0,5.0,1.0,1,0.036261912351473455,72.2189,949.0,2025,4,April,2,0,Monday
1763,2025-04-10 21:01:51,4992.86,5397.03,0.081,32.99,Boleto,Em Analise,AM,Norte,Eletrônicos,2025-04-19 22:24:38,2025-04-23 22:24:38,Scheduled,3,13.0,4.0,1.0,0,0.006607435417776586,437.15943,1799.01,2025,4,April,2,3,Thursday
1764,2025-03-18 09:24:29,10905.87,10968.52,0.0078,22.9,Boleto,Em Analise,PI,Nordeste,Eletrônicos,2025-04-24 22:52:12,2025-04-26 22:52:12,Standard,4,39.0,2.0,1.0,0,0.002099786628668781,85.554456,2742.13,2025,3,March,1,1,Tuesday
1765,2025-02-19 21:19:46,321.58,331.98,0.1003,22.9,Debito,Cancelado,MA,Nordeste,Eletrônicos,2025-04-29 05:19:03,2025-05-04 05:19:03,Standard,2,,,,0,0.07121089620001243,33.297594000000004,165.99,2025,2,February,1,2,Wednesday
1766,2025-02-24 00:28:24,2763.26,2847.0,0.041,32.99,PIX,Processando,RS,Sul,Eletrônicos,2025-04-20 06:48:21,2025-04-20 06:48:21,Scheduled,3,55.0,0.0,0.0,0,0.01193879692826589,116.727,949.0,2025,2,February,1,0,Monday
1767,2025-02-27 18:45:32,8224.61,8226.39,0.003,22.9,Debito,Cancelado,AP,Norte,Eletrônicos,2025-05-11 01:34:52,2025-05-12 01:34:52,Standard,3,,,,0,0.0027843265516541205,24.67917,2742.1299999999997,2025,2,February,1,3,Thursday
1768,2025-03-19 09:42:37,9148.91,9208.0,0.01,32.99,Boleto,Processando,SP,Sudeste,Eletrônicos,2025-04-22 11:37:25,2025-04-25 11:37:25,Scheduled,2,37.0,3.0,1.0,0,0.0036058940354643343,92.08,4604.0,2025,3,March,1,2,Wednesday
1769,2025-04-21 22:18:07,3124.24,3598.02,0.1436,42.9,Credito,Cancelado,PI,Nordeste,Eletrônicos,2025-04-15 13:20:09,2025-04-20 13:20:09,Same-Day,2,,,,0,0.0137313394617571,516.675672,1799.01,2025,4,April,2,0,Monday
1770,2025-03-26 08:09:15,4398.04,4604.0,0.0519,32.99,Boleto,Processando,SC,Sul,Eletrônicos,2025-04-16 20:51:09,2025-04-20 20:51:09,Scheduled,1,25.0,4.0,1.0,0,0.007501068657856682,238.9476,4604.0,2025,3,March,1,2,Wednesday
1771,2025-05-02 18:52:32,1606.8,1798.0,0.1302,42.9,Credito,Confirmado,RS,Sul,Eletrônicos,2025-05-08 13:37:41,2025-05-11 13:37:41,Same-Day,2,8.0,3.0,1.0,1,0.02669902912621359,234.0996,899.0,2025,5,May,2,4,Friday
1772,2025-04-08 11:46:47,792.44,899.0,0.144,22.9,Boleto,Em Analise,SC,Sul,Eletrônicos,2025-05-03 00:51:20,2025-05-07 00:51:20,Standard,1,28.0,4.0,1.0,0,0.028898086921407294,129.456,899.0,2025,4,April,2,1,Tuesday
1773,2025-02-18 22:09:22,48.36,17.9,0.1415,32.99,Boleto,Em Analise,MA,Nordeste,Eletrônicos,2025-05-05 10:01:10,2025-05-10 10:01:10,Scheduled,1,80.0,5.0,1.0,0,0.6821753515301903,2.5328499999999994,17.9,2025,2,February,1,1,Tuesday
1774,2025-02-23 02:17:13,336.51,349.8,0.1323,32.99,Boleto,Em Analise,SE,Nordeste,Eletrônicos,2025-04-23 16:30:31,2025-04-24 16:30:31,Scheduled,2,60.0,1.0,1.0,0,0.09803571959228553,46.27854,174.9,2025,2,February,1,6,Sunday
1775,2025-04-03 13:26:13,87.75,51.8,0.1342,42.9,PIX,Processando,PB,Nordeste,Eletrônicos,2025-04-25 19:51:13,2025-04-27 19:51:13,Same-Day,1,24.0,2.0,1.0,0,0.4888888888888889,6.951560000000001,51.8,2025,4,April,2,3,Thursday
1776,2025-03-27 15:41:52,80.72,49.9,0.0434,32.99,PIX,Confirmado,AM,Norte,Eletrônicos,2025-04-15 10:39:08,2025-04-19 10:39:08,Scheduled,1,22.0,4.0,1.0,1,0.4086967294350843,2.16566,49.9,2025,3,March,1,3,Thursday
1777,2025-03-01 21:24:28,5307.51,5397.03,0.0227,32.99,Debito,Cancelado,ES,Sudeste,Eletrônicos,2025-05-11 21:13:55,2025-05-11 21:13:55,Scheduled,3,,,,0,0.006215720742871893,122.512581,1799.01,2025,3,March,1,5,Saturday
1778,2025-04-17 20:47:48,257.71,259.72,0.0959,22.9,Debito,Cancelado,RS,Sul,Eletrônicos,2025-05-09 23:23:46,2025-05-11 23:23:46,Standard,2,,,,0,0.08885957083543518,24.907148000000003,129.86,2025,4,April,2,3,Thursday
1779,2025-04-05 03:57:32,2877.07,3079.6,0.0732,22.9,Debito,Confirmado,MG,Sudeste,Eletrônicos,2025-05-14 17:20:40,2025-05-16 17:20:40,Standard,4,41.0,2.0,1.0,1,0.007959486560980441,225.42672,769.9,2025,4,April,2,5,Saturday
1780,2025-02-24 04:44:13,7112.44,7196.04,0.0148,22.9,Debito,Confirmado,ES,Sudeste,Eletrônicos,2025-05-03 02:43:13,2025-05-04 02:43:13,Standard,4,68.0,1.0,1.0,1,0.0032197108165411587,106.50139200000001,1799.01,2025,2,February,1,0,Monday
1781,2025-02-20 01:02:23,226.69,215.6,0.1016,32.99,Boleto,Cancelado,PI,Nordeste,Eletrônicos,2025-05-06 07:05:42,2025-05-07 07:05:42,Scheduled,4,,,,0,0.14552913670651552,21.90496,53.9,2025,2,February,1,3,Thursday
1782,2025-04-13 05:12:04,4490.76,4879.71,0.0844,22.9,Boleto,Processando,SC,Sul,Eletrônicos,2025-04-25 18:06:43,2025-04-25 18:06:43,Standard,3,12.0,0.0,0.0,0,0.00509935957388059,411.847524,1626.57,2025,4,April,2,6,Sunday
1783,2025-05-02 05:49:38,136.74,107.8,0.1295,42.9,Boleto,Confirmado,PR,Sul,Eletrônicos,2025-04-19 14:49:13,2025-04-19 14:49:13,Same-Day,2,-13.0,0.0,0.0,1,0.3137340939008337,13.9601,53.9,2025,5,May,2,4,Friday
1784,2025-03-21 01:46:15,4926.64,5397.03,0.0914,22.9,PIX,Cancelado,PI,Nordeste,Eletrônicos,2025-05-01 12:10:04,2025-05-04 12:10:04,Standard,3,,,,0,0.004648198366432294,493.28854199999995,1799.01,2025,3,March,1,4,Friday
1785,2025-04-06 16:34:30,10047.03,10968.52,0.0861,22.9,Debito,Em Analise,AC,Norte,Eletrônicos,2025-04-27 14:13:39,2025-05-01 14:13:39,Standard,4,24.0,4.0,1.0,0,0.002279280543603433,944.389572,2742.13,2025,4,April,2,6,Sunday
1786,2025-04-16 01:24:28,99.86,71.6,0.0661,32.99,Debito,Confirmado,MA,Nordeste,Eletrônicos,2025-04-18 13:56:28,2025-04-20 13:56:28,Scheduled,4,4.0,2.0,1.0,1,0.33036250751051477,4.73276,17.9,2025,4,April,2,2,Wednesday
1787,2025-04-10 01:31:07,7409.9,7916.4,0.0694,42.9,Debito,Confirmado,AM,Norte,Eletrônicos,2025-04-20 05:31:54,2025-04-21 05:31:54,Same-Day,4,11.0,1.0,1.0,1,0.005789551815813978,549.39816,1979.1,2025,4,April,2,3,Thursday
1788,2025-04-11 06:50:24,192.75,174.9,0.1432,42.9,Credito,Confirmado,SP,Sudeste,Eletrônicos,2025-05-03 15:14:47,2025-05-05 15:14:47,Same-Day,1,24.0,2.0,1.0,1,0.222568093385214,25.04568,174.9,2025,4,April,2,4,Friday
1789,2025-03-01 01:24:11,727.95,699.6,0.0208,42.9,Debito,Processando,AM,Norte,Eletrônicos,2025-04-27 01:27:45,2025-05-02 01:27:45,Same-Day,4,62.0,5.0,1.0,0,0.05893261899855759,14.55168,174.9,2025,3,March,1,5,Saturday
1790,2025-02-18 00:55:21,880.82,898.0,0.0669,42.9,Credito,Confirmado,PB,Nordeste,Eletrônicos,2025-05-09 06:39:09,2025-05-12 06:39:09,Same-Day,2,83.0,3.0,1.0,1,0.048704616153130036,60.0762,449.0,2025,2,February,1,1,Tuesday
1791,2025-02-24 02:14:48,79.69,51.8,0.0984,32.99,Debito,Processando,SP,Sudeste,Eletrônicos,2025-04-17 06:52:52,2025-04-18 06:52:52,Scheduled,1,53.0,1.0,1.0,0,0.4139791692809638,5.097119999999999,51.8,2025,2,February,1,0,Monday
1792,2025-02-17 13:49:43,1462.61,1539.8,0.065,22.9,Debito,Cancelado,BA,Nordeste,Eletrônicos,2025-04-20 00:00:43,2025-04-23 00:00:43,Standard,2,,,,0,0.015656942041966073,100.087,769.9,2025,2,February,1,0,Monday
1793,2025-05-15 22:02:53,147.24,129.86,0.0425,22.9,Debito,Confirmado,AM,Norte,Eletrônicos,2025-05-03 00:17:22,2025-05-05 00:17:22,Standard,1,-11.0,2.0,1.0,1,0.15552838902472152,5.519050000000001,129.86,2025,5,May,2,3,Thursday
1794,2025-04-28 02:27:14,1839.1,1898.0,0.0431,22.9,Boleto,Processando,AM,Norte,Eletrônicos,2025-04-21 18:06:28,2025-04-21 18:06:28,Standard,2,-7.0,0.0,0.0,0,0.01245174270023381,81.8038,949.0,2025,4,April,2,0,Monday
1795,2025-04-12 11:16:46,143.44,124.91,0.035,22.9,Credito,Confirmado,ES,Sudeste,Eletrônicos,2025-04-16 23:43:58,2025-04-20 23:43:58,Standard,1,8.0,4.0,1.0,1,0.15964863357501394,4.37185,124.91,2025,4,April,2,5,Saturday
1796,2025-03-28 18:19:33,449.75,428.99,0.0516,42.9,Credito,Confirmado,AC,Norte,Eletrônicos,2025-05-14 08:52:48,2025-05-17 08:52:48,Same-Day,1,49.0,3.0,1.0,1,0.09538632573652028,22.135884,428.99,2025,3,March,1,4,Friday
1797,2025-04-01 00:10:18,216.39,199.6,0.1308,42.9,Debito,Processando,RJ,Sudeste,Eletrônicos,2025-05-07 04:46:19,2025-05-07 04:46:19,Same-Day,4,36.0,0.0,0.0,0,0.19825315402745045,26.10768,49.9,2025,4,April,2,1,Tuesday
1798,2025-03-23 21:21:32,7625.73,8226.39,0.0758,22.9,Boleto,Processando,AM,Norte,Eletrônicos,2025-05-01 07:16:20,2025-05-06 07:16:20,Standard,3,43.0,5.0,1.0,0,0.003002991189040262,623.560362,2742.1299999999997,2025,3,March,1,6,Sunday
1799,2025-03-19 02:59:15,1764.33,1796.0,0.036,32.99,PIX,Confirmado,RN,Nordeste,Eletrônicos,2025-05-12 22:28:47,2025-05-14 22:28:47,Scheduled,4,56.0,2.0,1.0,1,0.01869831607465724,64.65599999999999,449.0,2025,3,March,1,2,Wednesday
1800,2025-03-17 15:48:13,2066.47,2158.0,0.0577,32.99,Credito,Processando,AM,Norte,Eletrônicos,2025-04-18 14:34:12,2025-04-18 14:34:12,Scheduled,2,31.0,0.0,0.0,0,0.015964422420843276,124.5166,1079.0,2025,3,March,1,0,Monday
1801,2025-04-07 21:10:28,544.17,519.44,0.0159,32.99,Debito,Processando,AP,Norte,Eletrônicos,2025-05-07 07:54:46,2025-05-12 07:54:46,Scheduled,4,34.0,5.0,1.0,0,0.06062443721631109,8.259096000000001,129.86,2025,4,April,2,0,Monday
1802,2025-02-17 12:27:55,66.03,49.9,0.1356,22.9,Boleto,Confirmado,SC,Sul,Eletrônicos,2025-04-27 02:38:30,2025-04-30 02:38:30,Standard,1,71.0,3.0,1.0,1,0.34681205512645763,6.766439999999999,49.9,2025,2,February,1,0,Monday
1803,2025-03-29 17:55:43,1045.96,1079.0,0.0612,32.99,Credito,Cancelado,AP,Norte,Eletrônicos,2025-04-16 16:26:06,2025-04-21 16:26:06,Scheduled,1,,,,0,0.03154040307468737,66.0348,1079.0,2025,3,March,1,5,Saturday
1804,2025-05-05 07:39:45,1720.96,1979.1,0.1471,32.99,Boleto,Confirmado,RJ,Sudeste,Eletrônicos,2025-04-30 15:16:12,2025-05-02 15:16:12,Scheduled,1,-3.0,2.0,1.0,1,0.019169533283748607,291.12561,1979.1,2025,5,May,2,0,Monday
1805,2025-03-12 20:17:14,2065.29,2144.0,0.0521,32.99,Boleto,Confirmado,SC,Sul,Eletrônicos,2025-04-26 16:28:39,2025-04-26 16:28:39,Scheduled,2,44.0,0.0,0.0,1,0.015973543666991077,111.7024,1072.0,2025,3,March,1,2,Wednesday
1806,2025-03-22 02:07:41,5367.42,6099.98,0.1255,32.99,Credito,Confirmado,AM,Norte,Eletrônicos,2025-04-24 05:19:27,2025-04-28 05:19:27,Scheduled,2,37.0,4.0,1.0,1,0.006146342190475126,765.5474899999999,3049.99,2025,3,March,1,5,Saturday
1807,2025-03-15 22:41:39,2253.77,2309.7,0.0385,32.99,PIX,Confirmado,RJ,Sudeste,Eletrônicos,2025-05-11 14:48:19,2025-05-13 14:48:19,Scheduled,3,58.0,2.0,1.0,1,0.014637695949453583,88.92344999999999,769.9,2025,3,March,1,5,Saturday
1808,2025-02-24 19:41:05,192.85,161.7,0.0114,32.99,PIX,Cancelado,ES,Sudeste,Eletrônicos,2025-04-16 04:33:19,2025-04-21 04:33:19,Scheduled,3,,,,0,0.17106559502203786,1.84338,53.9,2025,2,February,1,0,Monday
1809,2025-04-04 02:45:37,5404.11,5397.03,0.0048,32.99,Boleto,Em Analise,PR,Sul,Eletrônicos,2025-04-16 05:15:43,2025-04-20 05:15:43,Scheduled,3,16.0,4.0,1.0,0,0.006104612970498381,25.905743999999995,1799.01,2025,4,April,2,4,Friday
1810,2025-03-15 00:33:57,2611.11,2847.0,0.0909,22.9,PIX,Processando,MG,Sudeste,Eletrônicos,2025-05-15 07:03:48,2025-05-16 07:03:48,Standard,3,62.0,1.0,1.0,0,0.008770216497964466,258.7923,949.0,2025,3,March,1,5,Saturday
1811,2025-05-10 00:40:01,74.09,53.7,0.0467,22.9,Debito,Cancelado,SP,Sudeste,Eletrônicos,2025-04-29 17:13:14,2025-04-30 17:13:14,Standard,3,,,,0,0.30908354703738694,2.50779,17.900000000000002,2025,5,May,2,5,Saturday
1812,2025-05-05 03:07:21,452.13,449.0,0.0665,32.99,Boleto,Confirmado,RR,Norte,Eletrônicos,2025-04-24 20:30:38,2025-04-29 20:30:38,Scheduled,1,-6.0,5.0,1.0,1,0.07296573994205206,29.858500000000003,449.0,2025,5,May,2,0,Monday
1813,2025-05-12 22:17:27,4061.53,4604.0,0.1228,22.9,Boleto,Processando,RN,Nordeste,Eletrônicos,2025-04-18 03:47:59,2025-04-19 03:47:59,Standard,1,-24.0,1.0,1.0,0,0.0056382693221519965,565.3712,4604.0,2025,5,May,2,0,Monday
1814,2025-05-10 23:56:30,74.79,53.9,0.0372,22.9,Debito,Em Analise,RN,Nordeste,Eletrônicos,2025-05-03 03:02:50,2025-05-08 03:02:50,Standard,1,-3.0,5.0,1.0,0,0.30619066720149746,2.00508,53.9,2025,5,May,2,5,Saturday
1815,2025-02-25 01:08:21,290.59,259.72,0.0463,42.9,Boleto,Cancelado,SP,Sudeste,Eletrônicos,2025-05-11 04:42:14,2025-05-11 04:42:14,Same-Day,2,,,,0,0.14763068240476274,12.025036000000002,129.86,2025,2,February,1,1,Tuesday
1816,2025-02-21 18:29:03,3489.29,3958.2,0.1268,32.99,PIX,Cancelado,PB,Nordeste,Eletrônicos,2025-05-01 22:41:58,2025-05-01 22:41:58,Scheduled,2,,,,0,0.009454645500947184,501.89975999999996,1979.1,2025,2,February,1,4,Friday
1817,2025-02-20 04:59:20,817.48,857.98,0.0739,22.9,Boleto,Cancelado,MA,Nordeste,Eletrônicos,2025-04-19 18:44:46,2025-04-21 18:44:46,Standard,2,,,,0,0.02801291774722317,63.40472199999999,428.99,2025,2,February,1,3,Thursday
1818,2025-03-02 06:02:41,164.11,149.7,0.1241,32.99,Debito,Em Analise,RN,Nordeste,Eletrônicos,2025-04-28 22:22:35,2025-04-30 22:22:35,Scheduled,3,59.0,2.0,1.0,0,0.20102370361343,18.577769999999997,49.9,2025,3,March,1,6,Sunday
1819,2025-04-25 11:34:42,502.97,497.97,0.0562,32.99,Credito,Processando,PI,Nordeste,Eletrônicos,2025-04-14 20:47:53,2025-04-19 20:47:53,Scheduled,3,-6.0,5.0,1.0,0,0.06559039306519275,27.985914,165.99,2025,4,April,2,4,Friday
1820,2025-04-01 03:36:27,71.6,51.8,0.0598,22.9,PIX,Confirmado,AP,Norte,Eletrônicos,2025-04-24 17:20:29,2025-04-28 17:20:29,Standard,1,27.0,4.0,1.0,1,0.3198324022346369,3.0976399999999997,51.8,2025,4,April,2,1,Tuesday
1821,2025-05-10 08:25:06,1067.99,1072.0,0.0251,22.9,PIX,Em Analise,BA,Nordeste,Eletrônicos,2025-05-12 21:19:41,2025-05-13 21:19:41,Standard,1,3.0,1.0,1.0,0,0.021442148334722234,26.9072,1072.0,2025,5,May,2,5,Saturday
1822,2025-03-07 22:58:08,1574.55,1799.01,0.1375,22.9,PIX,Confirmado,RS,Sul,Eletrônicos,2025-04-27 22:39:48,2025-05-01 22:39:48,Standard,1,54.0,4.0,1.0,1,0.014543837921945952,247.363875,1799.01,2025,3,March,1,4,Friday
1823,2025-04-01 05:03:14,10601.97,12199.96,0.1345,42.9,PIX,Confirmado,SC,Sul,Eletrônicos,2025-05-02 14:35:18,2025-05-05 14:35:18,Same-Day,4,34.0,3.0,1.0,1,0.004046417788392157,1640.89462,3049.99,2025,4,April,2,1,Tuesday
1824,2025-04-23 18:15:44,362.32,374.73,0.1476,42.9,Credito,Em Analise,PB,Nordeste,Eletrônicos,2025-04-21 16:26:21,2025-04-25 16:26:21,Same-Day,3,1.0,4.0,1.0,0,0.11840362110841245,55.310148000000005,124.91000000000001,2025,4,April,2,2,Wednesday
1825,2025-04-26 02:16:26,5113.95,5397.03,0.0604,42.9,Boleto,Processando,MA,Nordeste,Eletrônicos,2025-05-10 21:35:42,2025-05-13 21:35:42,Same-Day,3,17.0,3.0,1.0,0,0.008388818819112428,325.980612,1799.01,2025,4,April,2,5,Saturday
1826,2025-03-10 23:22:50,5241.19,5937.3,0.1228,32.99,PIX,Em Analise,MG,Sudeste,Eletrônicos,2025-05-13 11:15:53,2025-05-15 11:15:53,Scheduled,3,65.0,2.0,1.0,0,0.00629437207962314,729.10044,1979.1000000000001,2025,3,March,1,0,Monday
1827,2025-04-13 14:07:12,912.87,949.0,0.0622,22.9,PIX,Em Analise,BA,Nordeste,Eletrônicos,2025-04-28 17:48:51,2025-04-28 17:48:51,Standard,1,15.0,0.0,0.0,0,0.025085718667499205,59.0278,949.0,2025,4,April,2,6,Sunday
1828,2025-05-07 15:58:25,177.81,155.4,0.0681,32.99,Debito,Confirmado,RR,Norte,Eletrônicos,2025-05-06 05:34:33,2025-05-11 05:34:33,Scheduled,3,3.0,5.0,1.0,1,0.18553512175918116,10.58274,51.800000000000004,2025,5,May,2,2,Wednesday
1829,2025-04-13 20:38:41,470.42,499.64,0.1245,32.99,Debito,Cancelado,SE,Nordeste,Eletrônicos,2025-04-23 03:23:22,2025-04-27 03:23:22,Scheduled,4,,,,0,0.07012882105352664,62.20518,124.91,2025,4,April,2,6,Sunday
1830,2025-03-16 17:11:29,2814.17,2847.0,0.0266,42.9,Credito,Processando,RN,Nordeste,Eletrônicos,2025-04-24 19:29:55,2025-04-29 19:29:55,Same-Day,3,44.0,5.0,1.0,0,0.015244281617670573,75.7302,949.0,2025,3,March,1,6,Sunday
1831,2025-03-23 09:03:40,526.05,499.64,0.033,42.9,Credito,Confirmado,PR,Sul,Eletrônicos,2025-04-19 22:02:30,2025-04-19 22:02:30,Same-Day,4,27.0,0.0,0.0,1,0.08155118334759054,16.48812,124.91,2025,3,March,1,6,Sunday
1832,2025-03-11 08:05:42,3461.18,3598.02,0.0472,32.99,Debito,Processando,PB,Nordeste,Eletrônicos,2025-05-05 13:21:46,2025-05-05 13:21:46,Scheduled,2,55.0,0.0,0.0,0,0.009531431477126298,169.82654399999998,1799.01,2025,3,March,1,1,Tuesday
1833,2025-03-31 08:44:23,315.64,331.98,0.1182,22.9,Credito,Em Analise,PR,Sul,Eletrônicos,2025-04-13 10:59:26,2025-04-18 10:59:26,Standard,2,18.0,5.0,1.0,0,0.07255100747687239,39.240036,165.99,2025,3,March,1,0,Monday
1834,2025-04-12 17:26:55,6175.57,6506.28,0.0559,32.99,Debito,Processando,PR,Sul,Eletrônicos,2025-04-14 14:44:17,2025-04-17 14:44:17,Scheduled,4,4.0,3.0,1.0,0,0.005342017012194826,363.70105199999995,1626.57,2025,4,April,2,5,Saturday
1836,2025-02-17 17:42:03,5554.54,6506.28,0.1498,22.9,Credito,Em Analise,SC,Sul,Eletrônicos,2025-04-26 16:35:04,2025-04-30 16:35:04,Standard,4,71.0,4.0,1.0,0,0.004122753639365276,974.6407439999999,1626.57,2025,2,February,1,0,Monday
1837,2025-03-07 12:54:28,1245.83,1286.97,0.0576,32.99,Credito,Em Analise,SP,Sudeste,Eletrônicos,2025-04-19 03:08:15,2025-04-24 03:08:15,Scheduled,3,47.0,5.0,1.0,0,0.0264803384089322,74.12947199999999,428.99,2025,3,March,1,4,Friday
1838,2025-05-02 17:08:33,4741.08,4879.71,0.0372,42.9,Debito,Cancelado,RS,Sul,Eletrônicos,2025-05-08 13:16:54,2025-05-09 13:16:54,Same-Day,3,,,,0,0.009048571211622667,181.52521199999998,1626.57,2025,5,May,2,4,Friday
1839,2025-02-24 14:52:29,1243.96,1347.0,0.0935,22.9,PIX,Em Analise,SC,Sul,Eletrônicos,2025-04-24 06:53:52,2025-04-25 06:53:52,Standard,3,59.0,1.0,1.0,0,0.018408952056336216,125.9445,449.0,2025,2,February,1,0,Monday
1840,2025-05-14 13:36:45,2537.5,2847.0,0.1203,32.99,Credito,Cancelado,SC,Sul,Eletrônicos,2025-04-15 05:45:11,2025-04-18 05:45:11,Scheduled,3,,,,0,0.013000985221674878,342.4941,949.0,2025,5,May,2,2,Wednesday
1841,2025-03-23 02:25:21,1813.29,1799.01,0.0104,32.99,Credito,Processando,RO,Norte,Eletrônicos,2025-05-05 17:41:02,2025-05-06 17:41:02,Scheduled,1,44.0,1.0,1.0,0,0.01819344947581468,18.709704,1799.01,2025,3,March,1,6,Sunday
1842,2025-04-08 17:45:01,386.42,389.58,0.0928,32.99,Boleto,Processando,RS,Sul,Eletrônicos,2025-05-10 12:10:37,2025-05-13 12:10:37,Scheduled,3,34.0,3.0,1.0,0,0.08537342787640391,36.153023999999995,129.85999999999999,2025,4,April,2,1,Tuesday
1843,2025-03-20 15:39:30,216.86,174.9,0.0054,42.9,Credito,Processando,RN,Nordeste,Eletrônicos,2025-05-09 22:40:54,2025-05-11 22:40:54,Same-Day,1,52.0,2.0,1.0,0,0.19782348058655352,0.9444600000000001,174.9,2025,3,March,1,3,Thursday
1844,2025-03-15 21:16:06,1771.15,1898.0,0.0789,22.9,Debito,Em Analise,SC,Sul,Eletrônicos,2025-04-20 22:15:50,2025-04-23 22:15:50,Standard,2,39.0,3.0,1.0,0,0.01292945261553228,149.7522,949.0,2025,3,March,1,5,Saturday
1845,2025-03-29 06:37:16,5751.61,5937.3,0.0385,42.9,PIX,Processando,PE,Nordeste,Eletrônicos,2025-04-30 16:35:09,2025-04-30 16:35:09,Same-Day,3,32.0,0.0,0.0,0,0.0074587811065075695,228.58605,1979.1000000000001,2025,3,March,1,5,Saturday
1846,2025-04-28 21:53:30,1307.94,1347.0,0.046,22.9,Debito,Cancelado,RS,Sul,Eletrônicos,2025-04-30 21:26:45,2025-05-03 21:26:45,Standard,3,,,,0,0.01750844839977369,61.961999999999996,449.0,2025,4,April,2,0,Monday
1847,2025-04-21 05:52:31,2896.71,3079.6,0.0701,32.99,Boleto,Cancelado,PR,Sul,Eletrônicos,2025-04-27 13:38:53,2025-04-27 13:38:53,Scheduled,4,,,,0,0.011388782446292519,215.87995999999998,769.9,2025,4,April,2,0,Monday
1848,2025-02-19 13:21:24,1676.89,1898.0,0.1391,42.9,Credito,Processando,ES,Sudeste,Eletrônicos,2025-05-03 18:39:21,2025-05-07 18:39:21,Same-Day,2,77.0,4.0,1.0,0,0.02558307342759513,264.0118,949.0,2025,2,February,1,2,Wednesday
1849,2025-02-28 18:09:05,129.3,107.8,0.1066,32.99,PIX,Em Analise,SE,Nordeste,Eletrônicos,2025-04-30 07:44:22,2025-05-02 07:44:22,Scheduled,2,62.0,2.0,1.0,0,0.2551430781129157,11.49148,53.9,2025,2,February,1,4,Friday
1850,2025-05-03 07:57:31,780.33,857.98,0.1405,42.9,Boleto,Cancelado,RR,Norte,Eletrônicos,2025-05-12 21:36:29,2025-05-12 21:36:29,Same-Day,2,,,,0,0.05497674060974203,120.54619000000001,428.99,2025,5,May,2,5,Saturday
1851,2025-05-06 05:21:32,182.55,165.99,0.099,32.99,Boleto,Processando,AP,Norte,Eletrônicos,2025-04-29 09:57:21,2025-04-30 09:57:21,Scheduled,1,-6.0,1.0,1.0,0,0.18071761161325664,16.433010000000003,165.99,2025,5,May,2,1,Tuesday
1852,2025-05-13 09:34:28,82.84,49.9,0.0011,32.99,Boleto,Cancelado,RN,Nordeste,Eletrônicos,2025-05-12 12:38:09,2025-05-16 12:38:09,Scheduled,1,,,,0,0.39823756639304686,0.05489,49.9,2025,5,May,2,1,Tuesday
1853,2025-03-09 13:28:59,3687.82,3796.0,0.0398,42.9,PIX,Confirmado,SP,Sudeste,Eletrônicos,2025-04-24 22:58:13,2025-04-26 22:58:13,Same-Day,4,48.0,2.0,1.0,1,0.011632888806937431,151.0808,949.0,2025,3,March,1,6,Sunday
1854,2025-05-06 19:45:00,5655.07,6506.28,0.1359,32.99,Credito,Cancelado,SE,Nordeste,Eletrônicos,2025-05-03 18:33:39,2025-05-05 18:33:39,Scheduled,4,,,,0,0.005833703207917851,884.203452,1626.57,2025,5,May,2,1,Tuesday
1855,2025-02-20 10:17:34,4431.72,4879.71,0.0965,22.9,Boleto,Confirmado,SE,Nordeste,Eletrônicos,2025-05-10 01:22:48,2025-05-10 01:22:48,Standard,3,78.0,0.0,0.0,1,0.005167293962614966,470.892015,1626.57,2025,2,February,1,3,Thursday
1856,2025-05-11 16:53:18,192.05,174.9,0.1472,42.9,Debito,Em Analise,RJ,Sudeste,Eletrônicos,2025-05-11 08:34:56,2025-05-14 08:34:56,Same-Day,1,2.0,3.0,1.0,0,0.22337932829992188,25.74528,174.9,2025,5,May,2,6,Sunday
1857,2025-03-16 14:43:35,545.41,524.7,0.0234,32.99,Boleto,Cancelado,AC,Norte,Eletrônicos,2025-05-14 00:04:42,2025-05-15 00:04:42,Scheduled,3,,,,0,0.060486606406189844,12.277980000000001,174.9,2025,3,March,1,6,Sunday
1858,2025-02-23 21:36:33,5179.76,5397.03,0.0445,22.9,Boleto,Processando,SC,Sul,Eletrônicos,2025-04-22 21:19:50,2025-04-26 21:19:50,Standard,3,61.0,4.0,1.0,0,0.004421054257340108,240.16783499999997,1799.01,2025,2,February,1,6,Sunday
1859,2025-04-15 13:31:31,448.55,428.99,0.0544,42.9,Debito,Processando,RO,Norte,Eletrônicos,2025-05-10 05:36:27,2025-05-14 05:36:27,Same-Day,1,28.0,4.0,1.0,0,0.09564151153717533,23.337056,428.99,2025,4,April,2,1,Tuesday
1860,2025-04-01 11:58:48,90.35,49.9,0.049,42.9,PIX,Cancelado,RN,Nordeste,Eletrônicos,2025-05-06 15:35:55,2025-05-09 15:35:55,Same-Day,1,,,,0,0.4748201438848921,2.4451,49.9,2025,4,April,2,1,Tuesday
1861,2025-05-04 11:33:00,1772.94,1798.0,0.0378,42.9,Credito,Cancelado,PR,Sul,Eletrônicos,2025-05-05 20:15:54,2025-05-05 20:15:54,Same-Day,2,,,,0,0.024197096348438186,67.9644,899.0,2025,5,May,2,6,Sunday
1862,2025-03-16 23:09:50,8564.4,9149.97,0.0665,22.9,Credito,Processando,MG,Sudeste,Eletrônicos,2025-05-09 17:12:38,2025-05-10 17:12:38,Standard,3,54.0,1.0,1.0,0,0.0026738592312362803,608.473005,3049.99,2025,3,March,1,6,Sunday
1863,2025-04-19 01:37:48,203.28,199.6,0.0963,22.9,Debito,Confirmado,MA,Nordeste,Eletrônicos,2025-05-10 02:46:10,2025-05-10 02:46:10,Standard,4,21.0,0.0,0.0,1,0.11265249901613537,19.22148,49.9,2025,4,April,2,5,Saturday
1864,2025-03-10 13:37:21,2593.95,2697.0,0.0467,22.9,Boleto,Confirmado,RS,Sul,Eletrônicos,2025-04-29 17:04:47,2025-04-29 17:04:47,Standard,3,50.0,0.0,0.0,1,0.008828234931282408,125.9499,899.0,2025,3,March,1,0,Monday
1865,2025-04-08 03:01:12,4854.14,4879.71,0.012,32.99,Credito,Confirmado,RS,Sul,Eletrônicos,2025-04-17 03:31:11,2025-04-18 03:31:11,Scheduled,3,10.0,1.0,1.0,1,0.006796260511645729,58.55652,1626.57,2025,4,April,2,1,Tuesday
1866,2025-04-18 21:32:27,80.98,53.7,0.1063,32.99,Credito,Cancelado,AP,Norte,Eletrônicos,2025-04-23 20:29:26,2025-04-26 20:29:26,Scheduled,3,,,,0,0.40738453939244257,5.708310000000001,17.900000000000002,2025,4,April,2,4,Friday
1867,2025-03-27 18:09:20,1221.2,1286.97,0.0689,22.9,Boleto,Em Analise,RO,Norte,Eletrônicos,2025-04-18 16:20:31,2025-04-23 16:20:31,Standard,3,26.0,5.0,1.0,0,0.018752047166721256,88.672233,428.99,2025,3,March,1,3,Thursday
1868,2025-04-24 14:22:23,426.16,428.99,0.0835,32.99,Credito,Em Analise,PA,Norte,Eletrônicos,2025-04-29 09:19:18,2025-04-30 09:19:18,Scheduled,1,5.0,1.0,1.0,0,0.07741223953444716,35.820665000000005,428.99,2025,4,April,2,3,Thursday
1869,2025-03-01 08:26:52,2675.45,2847.0,0.0683,22.9,Boleto,Em Analise,SC,Sul,Eletrônicos,2025-05-08 23:35:43,2025-05-10 23:35:43,Standard,3,70.0,2.0,1.0,0,0.008559307779999626,194.4501,949.0,2025,3,March,1,5,Saturday
1870,2025-02-23 02:55:18,10612.95,12199.96,0.1336,42.9,Boleto,Confirmado,PR,Sul,Eletrônicos,2025-05-06 16:33:58,2025-05-10 16:33:58,Same-Day,4,76.0,4.0,1.0,1,0.0040422314248159084,1629.914656,3049.99,2025,2,February,1,6,Sunday
1871,2025-04-18 21:27:16,232.74,207.2,0.0838,42.9,Debito,Cancelado,RS,Sul,Eletrônicos,2025-05-02 05:58:17,2025-05-02 05:58:17,Same-Day,4,,,,0,0.18432585717968547,17.36336,51.8,2025,4,April,2,4,Friday
1872,2025-05-03 15:09:30,208.64,215.6,0.1385,22.9,PIX,Cancelado,PR,Sul,Eletrônicos,2025-04-25 11:35:54,2025-04-29 11:35:54,Standard,4,,,,0,0.10975843558282208,29.8606,53.9,2025,5,May,2,5,Saturday
1873,2025-05-06 06:42:40,196.18,165.99,0.0766,42.9,Boleto,Cancelado,AP,Norte,Eletrônicos,2025-05-13 21:58:28,2025-05-15 21:58:28,Same-Day,1,,,,0,0.21867672545621367,12.714834000000002,165.99,2025,5,May,2,1,Tuesday
1874,2025-03-15 08:35:20,4688.39,4879.71,0.0439,22.9,Boleto,Em Analise,MG,Sudeste,Eletrônicos,2025-05-10 22:17:23,2025-05-12 22:17:23,Standard,3,58.0,2.0,1.0,0,0.004884405947457442,214.219269,1626.57,2025,3,March,1,5,Saturday
1875,2025-05-07 01:29:51,1044.39,1079.0,0.0533,22.9,Boleto,Confirmado,MA,Nordeste,Eletrônicos,2025-04-29 02:13:29,2025-04-30 02:13:29,Standard,1,-7.0,1.0,1.0,1,0.02192667490113846,57.5107,1079.0,2025,5,May,2,2,Wednesday
1876,2025-05-02 13:19:26,2161.84,2309.7,0.0783,32.99,Debito,Processando,ES,Sudeste,Eletrônicos,2025-04-21 00:00:07,2025-04-22 00:00:07,Scheduled,3,-11.0,1.0,1.0,0,0.015260148762165563,180.84950999999998,769.9,2025,5,May,2,4,Friday
1877,2025-04-09 18:23:17,8465.45,9149.97,0.0795,42.9,Debito,Confirmado,RR,Norte,Eletrônicos,2025-04-21 21:50:55,2025-04-24 21:50:55,Same-Day,3,15.0,3.0,1.0,1,0.005067657360211211,727.422615,3049.99,2025,4,April,2,2,Wednesday
1878,2025-04-03 03:45:19,4951.82,5484.26,0.1031,32.99,Debito,Cancelado,RJ,Sudeste,Eletrônicos,2025-04-21 12:34:13,2025-04-21 12:34:13,Scheduled,2,,,,0,0.006662196929613759,565.427206,2742.13,2025,4,April,2,3,Thursday
1879,2025-03-20 15:51:51,515.79,499.64,0.0337,32.99,Credito,Processando,AC,Norte,Eletrônicos,2025-05-17 04:41:52,2025-05-17 04:41:52,Scheduled,4,57.0,0.0,0.0,0,0.06396013881618488,16.837868,124.91,2025,3,March,1,3,Thursday
1880,2025-02-18 15:23:09,8341.15,9208.0,0.0988,42.9,Credito,Processando,MA,Nordeste,Eletrônicos,2025-04-28 22:36:12,2025-04-28 22:36:12,Same-Day,2,69.0,0.0,0.0,0,0.005143175701192282,909.7504,4604.0,2025,2,February,1,1,Tuesday
1881,2025-04-28 05:10:10,3844.88,4316.0,0.1168,32.99,PIX,Cancelado,SE,Nordeste,Eletrônicos,2025-04-16 06:51:08,2025-04-20 06:51:08,Scheduled,4,,,,0,0.008580241776076237,504.10880000000003,1079.0,2025,4,April,2,0,Monday
1882,2025-03-09 17:19:00,2108.26,2309.7,0.1015,32.99,Debito,Em Analise,ES,Sudeste,Eletrônicos,2025-05-08 11:52:32,2025-05-09 11:52:32,Scheduled,3,60.0,1.0,1.0,0,0.015647975107434566,234.43455,769.9,2025,3,March,1,6,Sunday
1883,2025-04-08 18:59:47,1023.89,1079.0,0.0723,22.9,Credito,Em Analise,RJ,Sudeste,Eletrônicos,2025-05-06 04:36:13,2025-05-06 04:36:13,Standard,1,27.0,0.0,0.0,0,0.022365683813690924,78.0117,1079.0,2025,4,April,2,1,Tuesday
1884,2025-04-03 16:59:44,807.28,898.0,0.1488,42.9,Credito,Em Analise,PR,Sul,Eletrônicos,2025-05-06 20:38:16,2025-05-11 20:38:16,Same-Day,2,38.0,5.0,1.0,0,0.05314141314042216,133.6224,449.0,2025,4,April,2,3,Thursday
1885,2025-03-05 10:59:29,90.15,71.6,0.0607,22.9,PIX,Confirmado,AM,Norte,Eletrônicos,2025-05-06 09:23:14,2025-05-10 09:23:14,Standard,4,65.0,4.0,1.0,1,0.25402107598447027,4.346119999999999,17.9,2025,3,March,1,2,Wednesday
1886,2025-03-21 05:32:17,4553.24,4604.0,0.016,22.9,PIX,Confirmado,CE,Nordeste,Eletrônicos,2025-04-20 20:16:09,2025-04-20 20:16:09,Standard,1,30.0,0.0,0.0,1,0.00502938566822746,73.664,4604.0,2025,3,March,1,4,Friday
1887,2025-04-14 03:23:18,174.77,161.7,0.1232,32.99,Boleto,Processando,SP,Sudeste,Eletrônicos,2025-04-24 13:28:33,2025-04-29 13:28:33,Scheduled,3,15.0,5.0,1.0,0,0.18876237340504665,19.92144,53.9,2025,4,April,2,0,Monday
1888,2025-04-07 18:18:16,153.93,124.91,0.0318,32.99,Debito,Processando,PB,Nordeste,Eletrônicos,2025-04-28 18:02:00,2025-05-01 18:02:00,Scheduled,1,23.0,3.0,1.0,0,0.21431819658286233,3.972138,124.91,2025,4,April,2,0,Monday
1889,2025-05-11 08:54:52,5344.91,5937.3,0.107,42.9,Boleto,Confirmado,AC,Norte,Eletrônicos,2025-05-05 13:35:08,2025-05-07 13:35:08,Same-Day,3,-4.0,2.0,1.0,1,0.008026327852106023,635.2911,1979.1000000000001,2025,5,May,2,6,Sunday
1890,2025-02-22 21:19:34,3198.95,3253.14,0.0268,32.99,Credito,Processando,PA,Norte,Eletrônicos,2025-05-08 10:15:26,2025-05-10 10:15:26,Scheduled,2,76.0,2.0,1.0,0,0.010312758874005535,87.184152,1626.57,2025,2,February,1,5,Saturday
1891,2025-04-07 01:34:20,4300.18,4288.0,0.0025,22.9,Boleto,Confirmado,SP,Sudeste,Eletrônicos,2025-05-13 14:55:40,2025-05-15 14:55:40,Standard,4,38.0,2.0,1.0,1,0.00532535847336623,10.72,1072.0,2025,4,April,2,0,Monday
1892,2025-03-10 23:14:15,528.92,497.97,0.024,42.9,Credito,Em Analise,RJ,Sudeste,Eletrônicos,2025-04-18 06:49:46,2025-04-20 06:49:46,Same-Day,3,40.0,2.0,1.0,0,0.08110867427966423,11.95128,165.99,2025,3,March,1,0,Monday
1893,2025-05-04 23:44:26,1034.33,1072.0,0.0565,22.9,Credito,Em Analise,MG,Sudeste,Eletrônicos,2025-05-10 23:45:16,2025-05-12 23:45:16,Standard,1,8.0,2.0,1.0,0,0.022139935997215587,60.568000000000005,1072.0,2025,5,May,2,6,Sunday
1894,2025-03-02 10:52:01,512.9,497.97,0.016,22.9,PIX,Processando,RS,Sul,Eletrônicos,2025-04-25 13:27:08,2025-04-28 13:27:08,Standard,3,57.0,3.0,1.0,0,0.04464807954767011,7.96752,165.99,2025,3,March,1,6,Sunday
1895,2025-04-28 12:46:34,721.72,699.6,0.0297,42.9,Debito,Cancelado,PE,Nordeste,Eletrônicos,2025-05-04 01:54:44,2025-05-05 01:54:44,Same-Day,4,,,,0,0.05944133458959153,20.77812,174.9,2025,4,April,2,0,Monday
1896,2025-03-28 13:05:03,64.68,35.8,0.1147,32.99,Boleto,Processando,AC,Norte,Eletrônicos,2025-05-16 23:20:32,2025-05-16 23:20:32,Scheduled,2,49.0,0.0,0.0,0,0.5100494743351885,4.10626,17.9,2025,3,March,1,4,Friday
1897,2025-05-04 14:42:55,1939.27,2144.0,0.1155,42.9,Credito,Em Analise,SC,Sul,Eletrônicos,2025-04-27 01:09:53,2025-05-02 01:09:53,Same-Day,2,-3.0,5.0,1.0,0,0.022121726216566027,247.632,1072.0,2025,5,May,2,6,Sunday
1898,2025-03-26 04:45:17,8112.09,9208.0,0.1226,32.99,Credito,Em Analise,RN,Nordeste,Eletrônicos,2025-05-13 15:07:50,2025-05-14 15:07:50,Scheduled,2,49.0,1.0,1.0,0,0.004066769476176916,1128.9008000000001,4604.0,2025,3,March,1,2,Wednesday
1899,2025-02-25 20:19:25,38.54,17.9,0.1262,22.9,PIX,Em Analise,AM,Norte,Eletrônicos,2025-05-14 02:10:01,2025-05-17 02:10:01,Standard,1,80.0,3.0,1.0,0,0.5941878567721848,2.2589799999999998,17.9,2025,2,February,1,1,Tuesday
1900,2025-03-20 00:43:30,519.65,519.44,0.0631,32.99,Debito,Processando,BA,Nordeste,Eletrônicos,2025-04-20 20:13:02,2025-04-25 20:13:02,Scheduled,4,36.0,5.0,1.0,0,0.06348503800635044,32.776664000000004,129.86,2025,3,March,1,3,Thursday
1901,2025-03-22 03:26:13,2696.09,3049.99,0.1301,42.9,PIX,Cancelado,RJ,Sudeste,Eletrônicos,2025-05-06 16:35:39,2025-05-07 16:35:39,Same-Day,1,,,,0,0.015911931723347515,396.80369899999994,3049.99,2025,3,March,1,5,Saturday
1902,2025-05-12 07:01:30,1699.97,1799.01,0.0789,42.9,Debito,Processando,RJ,Sudeste,Eletrônicos,2025-05-11 15:26:07,2025-05-13 15:26:07,Same-Day,1,1.0,2.0,1.0,0,0.02523573945422566,141.941889,1799.01,2025,5,May,2,0,Monday
1903,2025-02-24 04:23:06,748.54,769.9,0.0706,32.99,Credito,Processando,ES,Sudeste,Eletrônicos,2025-05-08 00:06:46,2025-05-12 00:06:46,Scheduled,1,76.0,4.0,1.0,0,0.04407246105752532,54.35493999999999,769.9,2025,2,February,1,0,Monday
1904,2025-02-28 23:24:04,345.08,349.8,0.1078,32.99,Credito,Em Analise,RJ,Sudeste,Eletrônicos,2025-04-25 01:19:23,2025-04-27 01:19:23,Scheduled,2,57.0,2.0,1.0,0,0.09560102005332098,37.70844,174.9,2025,2,February,1,4,Friday
1905,2025-04-11 16:46:33,768.09,769.9,0.0321,22.9,Debito,Processando,TO,Norte,Eletrônicos,2025-04-18 19:22:59,2025-04-22 19:22:59,Standard,1,11.0,4.0,1.0,0,0.029814214480073948,24.713789999999996,769.9,2025,4,April,2,4,Friday
1906,2025-05-03 08:45:11,1555.69,1715.96,0.1184,42.9,Debito,Em Analise,PI,Nordeste,Eletrônicos,2025-05-04 02:15:07,2025-05-04 02:15:07,Same-Day,4,0.0,0.0,0.0,0,0.027576188058032126,203.169664,428.99,2025,5,May,2,5,Saturday
1907,2025-05-16 07:46:55,5164.06,5484.26,0.0644,32.99,PIX,Cancelado,RS,Sul,Eletrônicos,2025-05-12 18:17:30,2025-05-16 18:17:30,Scheduled,2,,,,0,0.006388384333257165,353.186344,2742.13,2025,5,May,2,4,Friday
1908,2025-04-18 04:37:01,68.11,35.8,0.0191,32.99,Credito,Processando,SE,Nordeste,Eletrônicos,2025-05-06 08:41:06,2025-05-06 08:41:06,Scheduled,2,18.0,0.0,0.0,0,0.4843635295844957,0.6837799999999999,17.9,2025,4,April,2,4,Friday
1909,2025-05-03 00:11:54,914.92,898.0,0.0179,32.99,PIX,Cancelado,SC,Sul,Eletrônicos,2025-05-10 16:37:56,2025-05-15 16:37:56,Scheduled,2,,,,0,0.036057797403051636,16.074199999999998,449.0,2025,5,May,2,5,Saturday
1910,2025-03-18 14:40:42,680.55,663.96,0.0247,32.99,Credito,Processando,RS,Sul,Eletrônicos,2025-04-28 14:02:29,2025-05-03 14:02:29,Scheduled,4,45.0,5.0,1.0,0,0.04847549775916539,16.399812,165.99,2025,3,March,1,1,Tuesday
1911,2025-04-07 06:17:32,267.92,259.72,0.1336,42.9,Credito,Confirmado,RJ,Sudeste,Eletrônicos,2025-04-21 15:13:13,2025-04-23 15:13:13,Same-Day,2,16.0,2.0,1.0,1,0.1601224246043595,34.698592000000005,129.86,2025,4,April,2,0,Monday
1912,2025-02-23 11:23:51,139.34,124.91,0.1486,32.99,Debito,Cancelado,AP,Norte,Eletrônicos,2025-05-03 18:12:23,2025-05-06 18:12:23,Scheduled,1,,,,0,0.2367590067460887,18.561626,124.91,2025,2,February,1,6,Sunday
1913,2025-04-28 00:47:41,120.96,103.6,0.0535,22.9,Credito,Cancelado,RJ,Sudeste,Eletrônicos,2025-05-01 10:37:28,2025-05-03 10:37:28,Standard,2,,,,0,0.18931878306878305,5.542599999999999,51.8,2025,4,April,2,0,Monday
1914,2025-02-28 10:24:41,529.68,519.44,0.0438,32.99,Credito,Em Analise,PE,Nordeste,Eletrônicos,2025-04-27 01:45:45,2025-04-27 01:45:45,Scheduled,4,57.0,0.0,0.0,0,0.06228288778130193,22.751472000000003,129.86,2025,2,February,1,4,Friday
1915,2025-03-20 10:41:07,6993.0,7196.04,0.0328,32.99,Credito,Processando,SP,Sudeste,Eletrônicos,2025-05-07 23:52:51,2025-05-11 23:52:51,Scheduled,4,52.0,4.0,1.0,0,0.004717574717574718,236.03011200000003,1799.01,2025,3,March,1,3,Thursday
1916,2025-03-11 14:00:39,8092.79,9208.0,0.1236,22.9,PIX,Em Analise,RN,Nordeste,Eletrônicos,2025-04-17 04:46:00,2025-04-20 04:46:00,Standard,2,39.0,3.0,1.0,0,0.00282967925770964,1138.1088,4604.0,2025,3,March,1,1,Tuesday
1917,2025-04-20 07:09:03,127.32,107.8,0.0314,22.9,Boleto,Processando,TO,Norte,Eletrônicos,2025-04-27 00:51:23,2025-04-30 00:51:23,Standard,2,9.0,3.0,1.0,0,0.17986176562990888,3.3849199999999997,53.9,2025,4,April,2,6,Sunday
1918,2025-04-06 06:14:58,471.85,497.97,0.1386,42.9,PIX,Confirmado,ES,Sudeste,Eletrônicos,2025-04-21 14:41:19,2025-04-21 14:41:19,Same-Day,3,15.0,0.0,0.0,1,0.09091872417081699,69.018642,165.99,2025,4,April,2,6,Sunday
1919,2025-02-25 04:52:37,266.71,259.72,0.1001,32.99,Boleto,Cancelado,PR,Sul,Eletrônicos,2025-04-21 20:52:35,2025-04-22 20:52:35,Scheduled,2,,,,0,0.12369239998500245,25.997972,129.86,2025,2,February,1,1,Tuesday
1920,2025-04-15 02:47:58,1675.52,1898.0,0.1346,32.99,Boleto,Cancelado,PI,Nordeste,Eletrônicos,2025-05-10 08:32:17,2025-05-14 08:32:17,Scheduled,2,,,,0,0.01968940985485103,255.4708,949.0,2025,4,April,2,1,Tuesday
1921,2025-05-05 16:46:58,4497.11,4879.71,0.0831,22.9,Boleto,Confirmado,MG,Sudeste,Eletrônicos,2025-04-16 07:51:18,2025-04-21 07:51:18,Standard,3,-15.0,5.0,1.0,1,0.005092159186677666,405.503901,1626.57,2025,5,May,2,0,Monday
1922,2025-03-22 04:03:15,157.09,149.7,0.1036,22.9,Boleto,Confirmado,CE,Nordeste,Eletrônicos,2025-04-23 04:15:25,2025-04-28 04:15:25,Standard,3,37.0,5.0,1.0,1,0.14577630657584822,15.508919999999998,49.9,2025,3,March,1,5,Saturday
1923,2025-05-06 13:45:38,2826.5,3079.6,0.0929,32.99,Boleto,Processando,TO,Norte,Eletrônicos,2025-05-13 10:20:06,2025-05-17 10:20:06,Scheduled,4,10.0,4.0,1.0,0,0.011671678754643552,286.09484,769.9,2025,5,May,2,1,Tuesday
1924,2025-04-23 06:25:59,6962.21,7916.4,0.1247,32.99,Boleto,Processando,PA,Norte,Eletrônicos,2025-04-16 11:11:07,2025-04-17 11:11:07,Scheduled,4,-6.0,1.0,1.0,0,0.00473843793852814,987.17508,1979.1,2025,4,April,2,2,Wednesday
1925,2025-02-26 02:48:14,80.13,53.9,0.1254,32.99,PIX,Processando,TO,Norte,Eletrônicos,2025-04-26 16:36:17,2025-04-28 16:36:17,Scheduled,1,61.0,2.0,1.0,0,0.41170597778609763,6.759060000000001,53.9,2025,2,February,1,2,Wednesday
1926,2025-03-03 14:57:34,3502.95,3796.0,0.0885,42.9,PIX,Confirmado,PB,Nordeste,Eletrônicos,2025-04-19 10:37:37,2025-04-24 10:37:37,Same-Day,4,51.0,5.0,1.0,1,0.012246820536975978,335.94599999999997,949.0,2025,3,March,1,0,Monday
1927,2025-05-15 09:57:45,439.38,449.0,0.0949,32.99,Debito,Em Analise,SC,Sul,Eletrônicos,2025-04-28 13:39:16,2025-05-01 13:39:16,Scheduled,1,-14.0,3.0,1.0,0,0.07508307160089217,42.6101,449.0,2025,5,May,2,3,Thursday
1928,2025-03-26 23:21:25,368.69,389.58,0.1383,32.99,Boleto,Cancelado,RJ,Sudeste,Eletrônicos,2025-04-22 11:53:36,2025-04-24 11:53:36,Scheduled,3,,,,0,0.08947896606905531,53.878914,129.85999999999999,2025,3,March,1,2,Wednesday
1929,2025-04-28 11:04:47,108.78,99.8,0.1395,22.9,Boleto,Confirmado,TO,Norte,Eletrônicos,2025-04-13 15:11:59,2025-04-17 15:11:59,Standard,2,-11.0,4.0,1.0,1,0.21051663908806764,13.9221,49.9,2025,4,April,2,0,Monday
1930,2025-04-26 21:18:24,5535.32,6099.98,0.0996,42.9,Debito,Em Analise,PB,Nordeste,Eletrônicos,2025-05-02 01:25:16,2025-05-04 01:25:16,Same-Day,2,7.0,2.0,1.0,0,0.007750229435696581,607.558008,3049.99,2025,4,April,2,5,Saturday
1931,2025-04-15 16:03:30,940.82,899.0,0.0012,42.9,Debito,Cancelado,RS,Sul,Eletrônicos,2025-04-18 00:43:08,2025-04-19 00:43:08,Same-Day,1,,,,0,0.0455985204396165,1.0788,899.0,2025,4,April,2,1,Tuesday
1932,2025-04-16 09:27:08,6427.03,6506.28,0.0157,22.9,Credito,Em Analise,AC,Norte,Eletrônicos,2025-04-18 11:54:11,2025-04-21 11:54:11,Standard,4,5.0,3.0,1.0,0,0.003563076568803942,102.14859599999998,1626.57,2025,4,April,2,2,Wednesday
1933,2025-04-06 06:47:57,3340.44,3796.0,0.1287,32.99,Credito,Cancelado,RR,Norte,Eletrônicos,2025-04-21 09:28:47,2025-04-23 09:28:47,Scheduled,4,,,,0,0.009875944486355091,488.5452,949.0,2025,4,April,2,6,Sunday
1934,2025-02-25 00:13:55,545.83,519.44,0.0127,32.99,Credito,Cancelado,AM,Norte,Eletrônicos,2025-04-15 21:01:33,2025-04-19 21:01:33,Scheduled,4,,,,0,0.06044006375611454,6.596888000000001,129.86,2025,2,February,1,1,Tuesday
1935,2025-05-08 12:49:51,91.2,49.9,0.032,42.9,Credito,Confirmado,AC,Norte,Eletrônicos,2025-04-19 09:45:29,2025-04-20 09:45:29,Same-Day,1,-19.0,1.0,1.0,1,0.47039473684210525,1.5968,49.9,2025,5,May,2,3,Thursday
1936,2025-03-28 18:48:10,189.1,161.7,0.0346,32.99,Boleto,Processando,ES,Sudeste,Eletrônicos,2025-04-30 15:20:33,2025-04-30 15:20:33,Scheduled,3,32.0,0.0,0.0,0,0.17445795875198308,5.5948199999999995,53.9,2025,3,March,1,4,Friday
1937,2025-04-15 06:03:28,179.13,149.7,0.09,42.9,Credito,Em Analise,MG,Sudeste,Eletrônicos,2025-04-23 04:21:44,2025-04-26 04:21:44,Same-Day,3,10.0,3.0,1.0,0,0.23949087255066154,13.472999999999999,49.9,2025,4,April,2,1,Tuesday
1938,2025-02-16 17:53:39,90.22,51.8,0.0865,42.9,Credito,Cancelado,PB,Nordeste,Eletrônicos,2025-04-13 23:09:12,2025-04-18 23:09:12,Same-Day,1,,,,0,0.4755043227665706,4.4807,51.8,2025,2,February,1,6,Sunday
1939,2025-02-25 14:43:20,3109.42,3216.0,0.0434,32.99,Debito,Cancelado,RJ,Sudeste,Eletrônicos,2025-05-08 10:06:14,2025-05-10 10:06:14,Scheduled,3,,,,0,0.010609695698876319,139.5744,1072.0,2025,2,February,1,1,Tuesday
1940,2025-02-24 23:09:26,541.37,524.7,0.0311,32.99,Boleto,Cancelado,AM,Norte,Eletrônicos,2025-04-27 09:16:36,2025-04-30 09:16:36,Scheduled,3,,,,0,0.06093799065334245,16.318170000000002,174.9,2025,2,February,1,0,Monday
1941,2025-03-24 15:27:14,10833.61,12199.96,0.1147,32.99,Boleto,Confirmado,PE,Nordeste,Eletrônicos,2025-05-14 17:31:12,2025-05-14 17:31:12,Scheduled,4,51.0,0.0,0.0,1,0.003045153000707982,1399.335412,3049.99,2025,3,March,1,0,Monday
1942,2025-03-25 13:51:13,5277.14,6099.98,0.1403,32.99,Credito,Cancelado,RO,Norte,Eletrônicos,2025-05-12 16:52:31,2025-05-12 16:52:31,Scheduled,2,,,,0,0.006251492285594091,855.827194,3049.99,2025,3,March,1,1,Tuesday
1943,2025-02-28 03:33:00,60.66,17.9,0.0079,42.9,Credito,Cancelado,AP,Norte,Eletrônicos,2025-05-10 02:57:55,2025-05-12 02:57:55,Same-Day,1,,,,0,0.7072205736894165,0.14141,17.9,2025,2,February,1,4,Friday
1944,2025-03-03 22:06:09,532.55,499.64,0.02,42.9,PIX,Processando,RJ,Sudeste,Eletrônicos,2025-04-25 15:57:48,2025-04-29 15:57:48,Same-Day,4,56.0,4.0,1.0,0,0.08055581635527181,9.9928,124.91,2025,3,March,1,0,Monday
1946,2025-03-25 02:09:52,2850.73,3216.0,0.1207,22.9,Debito,Confirmado,MA,Nordeste,Eletrônicos,2025-05-12 09:05:54,2025-05-15 09:05:54,Standard,3,51.0,3.0,1.0,1,0.008033030136140568,388.1712,1072.0,2025,3,March,1,1,Tuesday
1947,2025-04-06 00:32:00,76.97,49.9,0.1187,32.99,PIX,Confirmado,RJ,Sudeste,Eletrônicos,2025-05-06 20:27:54,2025-05-11 20:27:54,Scheduled,1,35.0,5.0,1.0,1,0.428608548785241,5.92313,49.9,2025,4,April,2,6,Sunday
1948,2025-04-11 08:36:05,255.83,249.82,0.108,32.99,Boleto,Cancelado,PR,Sul,Eletrônicos,2025-05-12 04:48:13,2025-05-16 04:48:13,Scheduled,2,,,,0,0.12895282023218543,26.98056,124.91,2025,4,April,2,4,Friday
1949,2025-02-26 18:13:15,1581.59,1798.0,0.1331,22.9,Boleto,Em Analise,PA,Norte,Eletrônicos,2025-05-15 09:13:10,2025-05-15 09:13:10,Standard,2,77.0,0.0,0.0,0,0.014479100146055551,239.3138,899.0,2025,2,February,1,2,Wednesday
1950,2025-03-10 19:50:53,2107.1,2144.0,0.0326,32.99,Debito,Confirmado,PA,Norte,Eletrônicos,2025-04-18 00:10:57,2025-04-23 00:10:57,Scheduled,2,43.0,5.0,1.0,1,0.015656589625551706,69.89439999999999,1072.0,2025,3,March,1,0,Monday
1951,2025-04-30 18:33:17,278.79,249.82,0.0161,32.99,Boleto,Em Analise,PA,Norte,Eletrônicos,2025-04-18 18:34:54,2025-04-22 18:34:54,Scheduled,2,-8.0,4.0,1.0,0,0.11833279529394884,4.022101999999999,124.91,2025,4,April,2,2,Wednesday
1952,2025-04-18 19:49:10,81.92,53.9,0.0923,32.99,Boleto,Em Analise,SE,Nordeste,Eletrônicos,2025-05-02 04:55:37,2025-05-06 04:55:37,Scheduled,1,17.0,4.0,1.0,0,0.4027099609375,4.97497,53.9,2025,4,April,2,4,Friday
1953,2025-04-03 09:43:39,1619.21,1798.0,0.1233,42.9,Debito,Confirmado,RJ,Sudeste,Eletrônicos,2025-04-29 23:41:30,2025-05-01 23:41:30,Same-Day,2,28.0,2.0,1.0,1,0.026494401590899264,221.69340000000003,899.0,2025,4,April,2,3,Thursday
1954,2025-04-25 23:04:48,7248.2,7916.4,0.0873,22.9,Credito,Confirmado,CE,Nordeste,Eletrônicos,2025-05-09 06:25:03,2025-05-14 06:25:03,Standard,4,18.0,5.0,1.0,1,0.0031594050936784306,691.10172,1979.1,2025,4,April,2,4,Friday
1955,2025-03-21 10:32:49,154.01,129.86,0.1444,42.9,Credito,Em Analise,CE,Nordeste,Eletrônicos,2025-05-13 13:27:58,2025-05-14 13:27:58,Same-Day,1,54.0,1.0,1.0,0,0.27855334069216287,18.751784,129.86,2025,3,March,1,4,Friday
1956,2025-04-29 18:53:12,5772.98,6506.28,0.1193,42.9,PIX,Processando,PA,Norte,Eletrônicos,2025-04-22 23:49:16,2025-04-27 23:49:16,Same-Day,4,-2.0,5.0,1.0,0,0.007431170729848363,776.199204,1626.57,2025,4,April,2,1,Tuesday
1957,2025-04-17 13:58:11,8263.14,9208.0,0.1051,22.9,Debito,Em Analise,RS,Sul,Eletrônicos,2025-05-13 15:33:13,2025-05-14 15:33:13,Standard,2,27.0,1.0,1.0,0,0.0027713435812536154,967.7608,4604.0,2025,4,April,2,3,Thursday
1958,2025-03-27 00:06:45,131.89,99.8,0.009,32.99,PIX,Processando,MA,Nordeste,Eletrônicos,2025-05-08 13:13:22,2025-05-13 13:13:22,Scheduled,2,47.0,5.0,1.0,0,0.2501326863295171,0.8981999999999999,49.9,2025,3,March,1,3,Thursday
1959,2025-05-05 19:41:44,2165.94,2158.0,0.0162,42.9,Debito,Em Analise,RJ,Sudeste,Eletrônicos,2025-04-24 17:15:44,2025-04-24 17:15:44,Same-Day,2,-12.0,0.0,0.0,0,0.019806642843292057,34.959599999999995,1079.0,2025,5,May,2,0,Monday
1960,2025-04-16 06:48:17,2462.28,2742.13,0.1177,42.9,Boleto,Cancelado,PI,Nordeste,Eletrônicos,2025-04-16 07:28:43,2025-04-21 07:28:43,Same-Day,1,,,,0,0.017422876358497,322.748701,2742.13,2025,4,April,2,2,Wednesday
1961,2025-04-15 00:22:30,1767.5,1798.0,0.0297,22.9,Debito,Cancelado,RS,Sul,Eletrônicos,2025-05-03 00:25:00,2025-05-03 00:25:00,Standard,2,,,,0,0.012956152758132956,53.400600000000004,899.0,2025,4,April,2,1,Tuesday
1962,2025-04-19 02:02:59,271.65,249.82,0.0043,22.9,Debito,Confirmado,PA,Norte,Eletrônicos,2025-04-25 07:31:55,2025-04-29 07:31:55,Standard,2,10.0,4.0,1.0,1,0.08429965028529358,1.074226,124.91,2025,4,April,2,5,Saturday
1963,2025-03-10 05:16:25,229.05,215.6,0.1366,42.9,Debito,Confirmado,SP,Sudeste,Eletrônicos,2025-05-14 19:10:03,2025-05-14 19:10:03,Same-Day,4,65.0,0.0,0.0,1,0.18729535036018335,29.45096,53.9,2025,3,March,1,0,Monday
1964,2025-03-18 10:16:48,112.66,103.6,0.1336,22.9,PIX,Em Analise,PE,Nordeste,Eletrônicos,2025-05-11 12:08:37,2025-05-11 12:08:37,Standard,2,54.0,0.0,0.0,0,0.20326646547132965,13.840959999999999,51.8,2025,3,March,1,1,Tuesday
1965,2025-03-10 04:42:42,506.15,499.64,0.0328,22.9,Boleto,Cancelado,CE,Nordeste,Eletrônicos,2025-05-09 22:14:57,2025-05-13 22:14:57,Standard,4,,,,0,0.045243504889854784,16.388192,124.91,2025,3,March,1,0,Monday
1966,2025-03-02 20:08:08,4098.32,4604.0,0.117,32.99,Boleto,Em Analise,AM,Norte,Eletrônicos,2025-04-20 20:26:06,2025-04-20 20:26:06,Scheduled,1,49.0,0.0,0.0,0,0.008049639852427338,538.668,4604.0,2025,3,March,1,6,Sunday
1967,2025-04-25 19:39:47,82.53,49.9,0.0072,32.99,PIX,Processando,TO,Norte,Eletrônicos,2025-04-28 04:32:35,2025-05-01 04:32:35,Scheduled,1,5.0,3.0,1.0,0,0.3997334302677814,0.35928,49.9,2025,4,April,2,4,Friday
1968,2025-03-13 17:20:35,5706.08,5937.3,0.0428,22.9,Boleto,Confirmado,RS,Sul,Eletrônicos,2025-05-06 17:59:46,2025-05-07 17:59:46,Standard,3,55.0,1.0,1.0,1,0.004013263045733673,254.11643999999998,1979.1000000000001,2025,3,March,1,3,Thursday
1969,2025-04-20 09:15:32,3954.92,4316.0,0.0936,42.9,Boleto,Confirmado,PR,Sul,Eletrônicos,2025-04-17 21:16:05,2025-04-22 21:16:05,Same-Day,4,2.0,5.0,1.0,1,0.010847248490487797,403.9776,1079.0,2025,4,April,2,6,Sunday
1970,2025-03-13 00:09:55,838.08,898.0,0.1145,42.9,Credito,Processando,MA,Nordeste,Eletrônicos,2025-05-04 04:43:31,2025-05-08 04:43:31,Same-Day,2,56.0,4.0,1.0,0,0.051188430698739976,102.821,449.0,2025,3,March,1,3,Thursday
1971,2025-04-08 09:47:59,86.8,53.9,0.0016,32.99,Credito,Em Analise,PR,Sul,Eletrônicos,2025-04-24 01:20:28,2025-04-25 01:20:28,Scheduled,1,16.0,1.0,1.0,0,0.3800691244239632,0.08624,53.9,2025,4,April,2,1,Tuesday
1972,2025-04-23 20:16:53,10455.06,10968.52,0.0489,22.9,Boleto,Confirmado,RN,Nordeste,Eletrônicos,2025-04-21 23:00:30,2025-04-22 23:00:30,Standard,4,-1.0,1.0,1.0,1,0.0021903269804286153,536.360628,2742.13,2025,4,April,2,2,Wednesday
1973,2025-04-13 11:44:02,2633.06,2697.0,0.0322,22.9,Boleto,Processando,MG,Sudeste,Eletrônicos,2025-04-24 08:48:49,2025-04-28 08:48:49,Standard,3,14.0,4.0,1.0,0,0.00869710526915452,86.8434,899.0,2025,4,April,2,6,Sunday
1974,2025-03-13 05:15:23,1127.17,1286.97,0.1498,32.99,PIX,Em Analise,RR,Norte,Eletrônicos,2025-04-27 07:43:26,2025-04-30 07:43:26,Scheduled,3,48.0,3.0,1.0,0,0.029267989744226692,192.788106,428.99,2025,3,March,1,3,Thursday
1975,2025-03-14 20:03:24,129.95,107.8,0.1006,32.99,Debito,Em Analise,PR,Sul,Eletrônicos,2025-04-20 17:10:58,2025-04-25 17:10:58,Scheduled,2,41.0,5.0,1.0,0,0.25386687187379764,10.844679999999999,53.9,2025,3,March,1,4,Friday
1976,2025-03-23 11:21:41,136.62,99.8,0.0609,42.9,Credito,Processando,RS,Sul,Eletrônicos,2025-04-22 14:59:50,2025-04-25 14:59:50,Same-Day,2,33.0,3.0,1.0,0,0.3140096618357488,6.07782,49.9,2025,3,March,1,6,Sunday
1977,2025-05-12 18:45:44,699.36,663.96,0.0113,42.9,Boleto,Processando,TO,Norte,Eletrônicos,2025-04-18 14:27:13,2025-04-20 14:27:13,Same-Day,4,-23.0,2.0,1.0,0,0.06134179821551132,7.5027479999999995,165.99,2025,5,May,2,0,Monday
1978,2025-03-06 16:10:08,896.77,949.0,0.0898,32.99,Boleto,Processando,PE,Nordeste,Eletrônicos,2025-05-08 23:46:58,2025-05-13 23:46:58,Scheduled,1,68.0,5.0,1.0,0,0.036787582100204066,85.2202,949.0,2025,3,March,1,3,Thursday
1979,2025-05-07 18:24:03,3463.44,3796.0,0.0963,32.99,Boleto,Confirmado,RO,Norte,Eletrônicos,2025-04-25 01:15:14,2025-04-28 01:15:14,Scheduled,4,-10.0,3.0,1.0,1,0.009525211928025317,365.5548,949.0,2025,5,May,2,2,Wednesday
1980,2025-05-03 23:50:38,250.8,259.72,0.1225,22.9,Credito,Em Analise,RS,Sul,Eletrônicos,2025-05-15 20:00:34,2025-05-15 20:00:34,Standard,2,11.0,0.0,0.0,0,0.0913078149920255,31.815700000000003,129.86,2025,5,May,2,5,Saturday
1981,2025-05-04 13:16:05,893.06,899.0,0.0433,32.99,PIX,Processando,AC,Norte,Eletrônicos,2025-05-07 06:04:38,2025-05-07 06:04:38,Scheduled,1,2.0,0.0,0.0,0,0.03694040713949791,38.9267,899.0,2025,5,May,2,6,Sunday
1982,2025-04-20 19:53:14,2797.18,3253.14,0.1472,22.9,PIX,Confirmado,BA,Nordeste,Eletrônicos,2025-05-12 10:28:25,2025-05-16 10:28:25,Standard,2,25.0,4.0,1.0,1,0.008186816722556289,478.86220799999995,1626.57,2025,4,April,2,6,Sunday
1983,2025-03-17 17:24:08,489.61,499.64,0.0659,22.9,Boleto,Em Analise,SE,Nordeste,Eletrônicos,2025-04-20 03:47:35,2025-04-25 03:47:35,Standard,4,38.0,5.0,1.0,0,0.04677192050815955,32.926276,124.91,2025,3,March,1,0,Monday
1984,2025-04-13 00:52:00,380.99,374.73,0.0444,22.9,Credito,Cancelado,SP,Sudeste,Eletrônicos,2025-04-29 05:17:59,2025-05-01 05:17:59,Standard,3,,,,0,0.06010656447675791,16.638012,124.91000000000001,2025,4,April,2,6,Sunday
1985,2025-04-22 08:52:16,127.57,99.8,0.0523,32.99,Credito,Cancelado,PR,Sul,Eletrônicos,2025-05-09 06:03:21,2025-05-14 06:03:21,Scheduled,2,,,,0,0.2586031198557655,5.219539999999999,49.9,2025,4,April,2,1,Tuesday
1986,2025-02-26 10:00:48,152.73,129.86,0.0779,32.99,PIX,Em Analise,RJ,Sudeste,Eletrônicos,2025-05-04 20:57:11,2025-05-04 20:57:11,Scheduled,1,67.0,0.0,0.0,0,0.21600209520068098,10.116094,129.86,2025,2,February,1,2,Wednesday
1987,2025-05-02 03:45:50,183.32,174.9,0.1405,32.99,Boleto,Confirmado,SP,Sudeste,Eletrônicos,2025-04-17 13:12:04,2025-04-21 13:12:04,Scheduled,1,-11.0,4.0,1.0,1,0.17995854243945017,24.573450000000005,174.9,2025,5,May,2,4,Friday
1988,2025-03-15 01:06:47,96.69,71.6,0.1103,32.99,Debito,Cancelado,RO,Norte,Eletrônicos,2025-05-09 14:23:37,2025-05-14 14:23:37,Scheduled,4,,,,0,0.34119350501603063,7.897479999999999,17.9,2025,3,March,1,5,Saturday
1989,2025-04-05 04:58:21,1610.26,1715.96,0.0866,42.9,Debito,Confirmado,PR,Sul,Eletrônicos,2025-04-24 11:51:40,2025-04-24 11:51:40,Same-Day,4,19.0,0.0,0.0,1,0.026641660352986474,148.602136,428.99,2025,4,April,2,5,Saturday
1990,2025-05-12 23:05:21,725.43,699.6,0.0244,42.9,Debito,Processando,AM,Norte,Eletrônicos,2025-05-03 07:52:33,2025-05-04 07:52:33,Same-Day,4,-9.0,1.0,1.0,0,0.05913733923328233,17.070240000000002,174.9,2025,5,May,2,0,Monday
1991,2025-05-04 04:14:18,238.03,199.6,0.0224,42.9,Debito,Processando,AC,Norte,Eletrônicos,2025-04-19 16:36:43,2025-04-24 16:36:43,Same-Day,4,-10.0,5.0,1.0,0,0.18022938285090115,4.4710399999999995,49.9,2025,5,May,2,6,Sunday
1992,2025-03-19 22:43:31,6687.17,7196.04,0.0753,32.99,Credito,Em Analise,ES,Sudeste,Eletrônicos,2025-04-20 23:32:53,2025-04-25 23:32:53,Scheduled,4,37.0,5.0,1.0,0,0.004933327551116542,541.861812,1799.01,2025,3,March,1,2,Wednesday
1993,2025-02-17 14:58:07,1795.77,1979.1,0.1093,32.99,Boleto,Cancelado,AP,Norte,Eletrônicos,2025-05-06 14:31:56,2025-05-11 14:31:56,Scheduled,1,,,,0,0.01837094950912422,216.31562999999997,1979.1,2025,2,February,1,0,Monday
1994,2025-03-29 05:15:29,716.12,769.9,0.1127,32.99,Debito,Confirmado,SC,Sul,Eletrônicos,2025-05-06 17:32:53,2025-05-06 17:32:53,Scheduled,1,38.0,0.0,0.0,1,0.046067698151147855,86.76773,769.9,2025,3,March,1,5,Saturday
1995,2025-05-08 17:17:16,183.12,155.4,0.0339,32.99,Debito,Cancelado,RS,Sul,Eletrônicos,2025-05-04 11:22:50,2025-05-07 11:22:50,Scheduled,3,,,,0,0.18015508955875928,5.26806,51.800000000000004,2025,5,May,2,3,Thursday
1996,2025-03-18 10:13:15,2317.95,2309.7,0.015,42.9,Boleto,Em Analise,SC,Sul,Eletrônicos,2025-05-03 11:56:11,2025-05-08 11:56:11,Same-Day,3,51.0,5.0,1.0,0,0.0185077331262538,34.6455,769.9,2025,3,March,1,1,Tuesday
1997,2025-05-12 22:02:18,748.38,769.9,0.0577,22.9,Debito,Confirmado,SE,Nordeste,Eletrônicos,2025-04-23 23:56:49,2025-04-28 23:56:49,Standard,1,-14.0,5.0,1.0,1,0.030599428098025065,44.42323,769.9,2025,5,May,2,0,Monday
1998,2025-03-16 03:27:45,266.86,259.72,0.1377,42.9,PIX,Processando,RN,Nordeste,Eletrônicos,2025-04-18 04:58:35,2025-04-22 04:58:35,Same-Day,2,37.0,4.0,1.0,0,0.16075845012366033,35.763444,129.86,2025,3,March,1,6,Sunday
1999,2025-03-06 06:11:28,8497.69,9208.0,0.0818,42.9,Credito,Processando,PR,Sul,Eletrônicos,2025-05-03 16:55:26,2025-05-07 16:55:26,Same-Day,2,62.0,4.0,1.0,0,0.005048430808843344,753.2144,4604.0,2025,3,March,1,3,Thursday
2000,2025-04-29 05:14:26,141.81,124.91,0.048,22.9,Credito,Cancelado,MA,Nordeste,Eletrônicos,2025-04-25 17:26:27,2025-04-25 17:26:27,Standard,1,,,,0,0.16148367534024397,5.99568,124.91,2025,4,April,2,1,Tuesday
