Order_ID,Order_Date,UF,Region,Category,Subcategory,Quantity,Subtotal,Discount,P_Service,Total,Payment_Method,Purchase_Status,Services,D_Forecast,D_Date
ORD000001,2024-02-27,SP,Sudeste,Casa e Decoração,Utensílios,3,2434.88,0.05,14.68,2327.81,Cartão de Crédito,Confirmado,Standard,2024-03-10,2024-03-11
ORD000002,2024-04-24,MG,Sudeste,Eletrônicos,Smartwatches,1,3686.33,0.15,40.62,3174.0,Cartão de Crédito,Confirmado,Same-Day,2024-04-24,2024-04-24
ORD000003,2024-02-14,DF,Centro-Oeste,Livros,Ficção,1,20.92,0.0,12.54,33.46,Cartão de Débito,Confirmado,Standard,2024-02-21,2024-02-22
ORD000004,2024-01-16,RJ,Sudeste,Moda,Calças,1,316.59,0.0,11.95,328.54,Cartão de Débito,Cancelado,Standard,2024-01-22,
ORD000005,2024-09-15,DF,Centro-Oeste,Eletrônicos,Smartwatches,1,2234.37,0.0,33.55,2267.92,Boleto,Cancelado,Standard,2024-09-22,
ORD000006,2024-04-11,ES,Sudeste,Esportes,Acessórios,1,734.71,0.0,25.6,760.31,Boleto,Confirmado,Standard,2024-04-17,2024-04-19
ORD000007,2024-04-22,PE,Nordeste,Esportes,Suplementos,2,729.02,0.05,35.25,727.82,Boleto,Cancelado,Standard,2024-05-01,
ORD000008,2024-01-04,PA,Norte,Moda,Calçados,1,224.9,0.05,23.96,237.62,Boleto,Confirmado,Standard,2024-01-09,2024-01-07
ORD000009,2024-06-23,PR,Sul,Moda,Calças,1,397.51,0.0,65.34,462.85,PIX,Confirmado,Same-Day,2024-06-23,2024-06-23
ORD000010,2024-06-21,RJ,Sudeste,Eletrônicos,Fones de Ouvido,2,6859.69,0.1,12.86,6186.58,Cartão de Crédito,Confirmado,Standard,2024-06-30,2024-07-04
ORD000011,2024-02-19,SC,Sul,Casa e Decoração,Têxtil,1,621.97,0.0,44.71,666.68,PIX,Confirmado,Scheduled,2024-02-27,2024-02-25
ORD000012,2024-05-15,PA,Norte,Eletrônicos,Fones de Ouvido,1,3697.98,0.0,47.93,3745.91,Cartão de Crédito,Confirmado,Standard,2024-05-23,2024-06-03
ORD000013,2024-10-01,RJ,Sudeste,Livros,Ficção,1,98.57,0.0,35.96,134.53,PIX,Confirmado,Scheduled,2024-10-05,2024-10-06
ORD000014,2024-10-09,PR,Sul,Esportes,Suplementos,1,155.96,0.0,36.5,192.46,Cartão de Crédito,Confirmado,Standard,2024-10-22,2024-10-20
ORD000015,2024-10-22,RS,Sul,Eletrônicos,Smartphones,1,1724.6,0.0,19.14,1743.74,Cartão de Crédito,Confirmado,Standard,2024-10-31,2024-10-30
ORD000016,2024-04-26,PA,Norte,Casa e Decoração,Móveis,2,1482.94,0.0,40.42,1523.36,Cartão de Crédito,Cancelado,Standard,2024-05-04,
ORD000017,2024-04-29,AM,Norte,Eletrônicos,Fones de Ouvido,1,1610.94,0.05,51.91,1582.31,Cartão de Crédito,Cancelado,Standard,2024-05-09,
ORD000018,2024-05-22,PE,Nordeste,Casa e Decoração,Utensílios,1,162.8,0.0,33.71,196.51,Cartão de Crédito,Confirmado,Standard,2024-06-02,2024-06-02
ORD000019,2024-07-08,SC,Sul,Moda,Vestidos,1,216.34,0.05,39.5,245.03,Cartão de Crédito,Confirmado,Standard,2024-07-13,2024-07-13
ORD000020,2024-02-06,DF,Centro-Oeste,Moda,Acessórios,1,133.93,0.0,11.55,145.48,Boleto,Confirmado,Standard,2024-02-17,2024-02-15
ORD000021,2024-05-05,MG,Sudeste,Livros,Infantis,1,71.68,0.05,32.06,100.16,Cartão de Crédito,Confirmado,Standard,2024-05-19,2024-05-20
ORD000022,2024-05-18,MA,Nordeste,Esportes,Equipamentos,3,617.9,0.0,51.85,669.75,Cartão de Débito,Confirmado,Standard,2024-05-29,2024-05-29
ORD000023,2024-06-15,AM,Norte,Eletrônicos,Notebooks,2,7303.22,0.1,47.62,6620.52,PIX,Cancelado,Standard,2024-06-23,
ORD000024,2024-01-17,PA,Norte,Casa e Decoração,Iluminação,1,1807.25,0.0,38.88,1846.13,Cartão de Crédito,Confirmado,Standard,2024-01-23,2024-01-23
ORD000025,2024-05-17,RJ,Sudeste,Moda,Acessórios,1,343.38,0.05,19.76,345.97,PIX,Confirmado,Standard,2024-05-28,2024-06-01
ORD000026,2024-06-10,RS,Sul,Livros,Infantis,1,93.88,0.0,17.32,111.2,Cartão de Débito,Confirmado,Standard,2024-06-20,2024-06-26
ORD000027,2024-08-22,MG,Sudeste,Casa e Decoração,Utensílios,1,765.15,0.0,23.06,788.21,Cartão de Crédito,Confirmado,Scheduled,2024-08-25,2024-08-26
ORD000028,2024-05-06,ES,Sudeste,Esportes,Calçados,3,2271.39,0.1,10.46,2054.71,Cartão de Débito,Confirmado,Standard,2024-05-15,2024-05-16
ORD000029,2024-05-14,ES,Sudeste,Esportes,Acessórios,1,694.17,0.0,26.09,720.26,Cartão de Crédito,Confirmado,Scheduled,2024-05-23,2024-05-26
ORD000030,2024-10-25,BA,Nordeste,Casa e Decoração,Utensílios,1,1183.12,0.0,25.87,1208.99,Boleto,Cancelado,Scheduled,2024-10-28,
ORD000031,2024-03-11,CE,Nordeste,Livros,Ficção,1,130.33,0.05,24.56,148.37,Cartão de Crédito,Confirmado,Standard,2024-03-23,2024-04-06
ORD000032,2024-01-25,AM,Norte,Eletrônicos,Notebooks,1,523.33,0.0,28.47,551.8,Cartão de Crédito,Confirmado,Standard,2024-01-31,2024-01-31
ORD000033,2024-03-22,PA,Norte,Livros,HQs,1,107.36,0.0,57.67,165.03,PIX,Confirmado,Scheduled,2024-03-26,2024-03-28
ORD000034,2024-02-02,BA,Nordeste,Livros,HQs,1,89.82,0.05,50.64,135.97,Cartão de Crédito,Confirmado,Standard,2024-02-10,2024-02-10
ORD000035,2024-08-27,CE,Nordeste,Casa e Decoração,Têxtil,1,1311.12,0.15,25.6,1140.05,PIX,Confirmado,Standard,2024-09-10,2024-09-08
ORD000036,2024-01-06,GO,Centro-Oeste,Eletrônicos,Smartwatches,1,1329.5,0.0,12.92,1342.42,Cartão de Débito,Confirmado,Standard,2024-01-16,2024-01-20
ORD000037,2024-05-16,PA,Norte,Casa e Decoração,Móveis,1,1875.77,0.0,29.99,1905.76,PIX,Confirmado,Standard,2024-05-30,2024-05-28
ORD000038,2024-05-30,BA,Nordeste,Moda,Calçados,1,104.07,0.0,25.15,129.22,Cartão de Débito,Confirmado,Standard,2024-06-13,2024-06-14
ORD000039,2024-01-02,ES,Sudeste,Casa e Decoração,Têxtil,1,999.6,0.0,28.48,1028.08,Boleto,Confirmado,Standard,2024-01-16,2024-01-15
ORD000040,2024-04-01,CE,Nordeste,Eletrônicos,Tablets,1,2754.68,0.0,49.81,2804.49,Cartão de Débito,Cancelado,Standard,2024-04-09,
ORD000041,2024-09-16,DF,Centro-Oeste,Moda,Calças,1,308.96,0.0,29.01,337.97,Cartão de Débito,Confirmado,Standard,2024-09-21,2024-09-21
ORD000042,2024-07-10,PA,Norte,Moda,Acessórios,1,138.11,0.0,16.68,154.79,PIX,Confirmado,Standard,2024-07-22,2024-07-21
ORD000043,2024-09-28,MA,Nordeste,Eletrônicos,Smartwatches,2,1209.45,0.0,40.17,1249.62,Boleto,Cancelado,Standard,2024-10-06,
ORD000044,2024-06-14,PE,Nordeste,Eletrônicos,Smartphones,3,7142.27,0.0,35.17,7177.44,Boleto,Confirmado,Standard,2024-06-22,2024-06-22
ORD000045,2024-07-04,MA,Nordeste,Casa e Decoração,Utensílios,2,2406.07,0.0,39.51,2445.58,PIX,Confirmado,Standard,2024-07-09,2024-07-10
ORD000046,2024-01-30,RS,Sul,Esportes,Roupas Esportivas,1,675.05,0.1,10.33,617.87,Cartão de Débito,Confirmado,Standard,2024-02-10,2024-02-18
ORD000047,2024-02-13,ES,Sudeste,Livros,Ficção,1,94.55,0.0,19.86,114.41,PIX,Confirmado,Standard,2024-02-24,2024-02-27
ORD000048,2024-09-29,PA,Norte,Moda,Calças,1,91.04,0.0,30.22,121.26,PIX,Confirmado,Standard,2024-10-05,2024-10-18
ORD000049,2024-08-31,CE,Nordeste,Moda,Vestidos,1,392.68,0.0,40.34,433.02,Cartão de Crédito,Confirmado,Standard,2024-09-14,2024-09-12
ORD000050,2024-09-27,AM,Norte,Esportes,Acessórios,3,423.25,0.0,44.7,467.95,Cartão de Débito,Cancelado,Standard,2024-10-05,
ORD000051,2024-04-18,MA,Nordeste,Esportes,Equipamentos,1,332.16,0.0,40.5,372.66,Cartão de Crédito,Confirmado,Standard,2024-04-25,2024-04-24
ORD000052,2024-06-08,BA,Nordeste,Casa e Decoração,Iluminação,1,990.46,0.0,38.32,1028.78,PIX,Confirmado,Standard,2024-06-21,2024-06-19
ORD000053,2024-09-21,PE,Nordeste,Eletrônicos,Notebooks,1,873.01,0.0,102.56,975.57,Boleto,Confirmado,Same-Day,2024-09-21,2024-09-21
ORD000054,2024-04-25,RJ,Sudeste,Casa e Decoração,Móveis,1,1986.63,0.0,33.31,2019.94,Boleto,Confirmado,Scheduled,2024-05-04,2024-05-14
ORD000055,2024-10-28,CE,Nordeste,Moda,Acessórios,2,625.88,0.0,50.07,675.95,PIX,Confirmado,Standard,2024-11-06,2024-11-07
ORD000056,2024-04-22,SP,Sudeste,Eletrônicos,Smartphones,1,3410.82,0.0,20.81,3431.63,Cartão de Crédito,Confirmado,Standard,2024-04-27,2024-04-25
ORD000057,2024-04-27,RJ,Sudeste,Eletrônicos,Tablets,1,4162.08,0.0,43.79,4205.87,Cartão de Débito,Confirmado,Scheduled,2024-05-06,2024-05-20
ORD000058,2024-02-06,CE,Nordeste,Moda,Vestidos,2,939.46,0.0,27.68,967.14,PIX,Cancelado,Standard,2024-02-11,
ORD000059,2024-09-05,RS,Sul,Esportes,Equipamentos,1,351.25,0.0,58.45,409.7,Cartão de Crédito,Confirmado,Same-Day,2024-09-05,2024-09-05
ORD000060,2024-10-19,DF,Centro-Oeste,Livros,Não-ficção,2,54.66,0.05,54.87,106.79,Boleto,Confirmado,Scheduled,2024-10-26,2024-10-29
ORD000061,2024-08-30,PA,Norte,Livros,Não-ficção,1,52.16,0.0,47.08,99.24,Cartão de Crédito,Confirmado,Scheduled,2024-09-03,2024-09-04
ORD000062,2024-02-18,RJ,Sudeste,Livros,Técnicos,1,22.88,0.0,45.39,68.27,PIX,Cancelado,Same-Day,2024-02-18,
ORD000063,2024-08-04,BA,Nordeste,Livros,Ficção,1,31.49,0.0,29.4,60.89,PIX,Confirmado,Standard,2024-08-11,2024-08-17
ORD000064,2024-02-20,SP,Sudeste,Livros,Técnicos,1,65.58,0.0,37.12,102.7,Cartão de Crédito,Confirmado,Standard,2024-03-03,2024-03-14
ORD000065,2024-02-25,RS,Sul,Moda,Calças,1,285.62,0.05,35.26,306.6,PIX,Confirmado,Standard,2024-03-05,2024-03-14
ORD000066,2024-10-01,PE,Nordeste,Moda,Calçados,1,206.34,0.0,33.95,240.29,Cartão de Crédito,Confirmado,Standard,2024-10-11,2024-10-12
ORD000067,2024-04-03,PR,Sul,Livros,Não-ficção,1,43.64,0.1,30.03,69.31,Cartão de Crédito,Confirmado,Standard,2024-04-10,2024-04-12
ORD000068,2024-02-08,PE,Nordeste,Esportes,Roupas Esportivas,1,280.59,0.0,30.97,311.56,Cartão de Crédito,Confirmado,Standard,2024-02-22,2024-02-20
ORD000069,2024-01-26,GO,Centro-Oeste,Esportes,Roupas Esportivas,1,146.45,0.0,16.18,162.63,Cartão de Crédito,Confirmado,Standard,2024-02-03,2024-02-04
ORD000070,2024-02-17,MA,Nordeste,Moda,Calças,3,956.33,0.0,30.24,986.57,PIX,Confirmado,Scheduled,2024-02-21,2024-02-23
ORD000071,2024-07-27,PE,Nordeste,Livros,Não-ficção,1,39.21,0.0,87.73,126.94,Cartão de Crédito,Confirmado,Same-Day,2024-07-27,2024-07-27
ORD000072,2024-07-24,MA,Nordeste,Eletrônicos,Notebooks,1,1591.12,0.0,25.56,1616.68,Cartão de Crédito,Confirmado,Standard,2024-08-06,2024-08-10
ORD000073,2024-07-13,SP,Sudeste,Livros,Técnicos,1,81.62,0.0,27.53,109.15,PIX,Confirmado,Standard,2024-07-25,2024-07-25
ORD000074,2024-08-20,PR,Sul,Livros,HQs,1,69.24,0.1,17.33,79.65,Cartão de Crédito,Confirmado,Standard,2024-09-02,2024-09-01
ORD000075,2024-09-06,MG,Sudeste,Moda,Vestidos,1,151.4,0.0,18.08,169.48,PIX,Confirmado,Scheduled,2024-09-09,2024-09-09
ORD000076,2024-04-21,SP,Sudeste,Esportes,Calçados,1,93.13,0.2,35.16,109.67,Cartão de Débito,Confirmado,Scheduled,2024-04-29,2024-04-30
ORD000077,2024-02-01,ES,Sudeste,Casa e Decoração,Móveis,2,2947.01,0.05,24.3,2823.95,PIX,Confirmado,Standard,2024-02-15,2024-02-15
ORD000078,2024-01-26,DF,Centro-Oeste,Livros,HQs,1,45.94,0.0,75.23,121.17,Cartão de Crédito,Confirmado,Same-Day,2024-01-26,2024-02-02
ORD000079,2024-09-28,MG,Sudeste,Eletrônicos,Smartwatches,1,733.21,0.0,39.7,772.91,Cartão de Crédito,Confirmado,Standard,2024-10-03,2024-10-01
ORD000080,2024-02-11,AM,Norte,Moda,Camisetas,1,392.1,0.0,26.61,418.71,Cartão de Débito,Cancelado,Standard,2024-02-17,
ORD000081,2024-10-31,RJ,Sudeste,Moda,Calçados,1,105.93,0.1,11.99,107.33,PIX,Confirmado,Standard,2024-11-12,2024-11-13
ORD000082,2024-03-02,MA,Nordeste,Esportes,Equipamentos,1,225.17,0.0,82.24,307.41,Boleto,Confirmado,Same-Day,2024-03-02,2024-03-03
ORD000083,2024-10-23,DF,Centro-Oeste,Eletrônicos,Smartwatches,1,3573.42,0.05,40.53,3435.28,Boleto,Confirmado,Scheduled,2024-10-26,2024-10-24
ORD000084,2024-02-11,BA,Nordeste,Esportes,Calçados,1,361.87,0.0,34.17,396.04,Cartão de Crédito,Confirmado,Standard,2024-02-18,2024-02-19
ORD000085,2024-09-24,SC,Sul,Casa e Decoração,Utensílios,2,833.58,0.0,58.66,892.24,Cartão de Débito,Confirmado,Same-Day,2024-09-24,2024-09-27
ORD000086,2024-06-09,RS,Sul,Casa e Decoração,Iluminação,1,1513.5,0.0,73.84,1587.34,Cartão de Crédito,Confirmado,Same-Day,2024-06-09,2024-06-10
ORD000087,2024-03-08,GO,Centro-Oeste,Casa e Decoração,Iluminação,1,968.3,0.0,27.05,995.35,Cartão de Crédito,Confirmado,Standard,2024-03-15,2024-03-16
ORD000088,2024-06-10,MA,Nordeste,Eletrônicos,Smartphones,1,3722.81,0.05,35.08,3571.75,Cartão de Crédito,Confirmado,Scheduled,2024-06-14,2024-06-28
ORD000089,2024-08-22,DF,Centro-Oeste,Esportes,Roupas Esportivas,1,502.09,0.0,39.78,541.87,Cartão de Débito,Confirmado,Standard,2024-08-30,2024-08-31
ORD000090,2024-02-07,CE,Nordeste,Moda,Acessórios,1,368.26,0.0,29.54,397.8,PIX,Cancelado,Standard,2024-02-17,
ORD000091,2024-05-15,MG,Sudeste,Casa e Decoração,Móveis,1,1830.3,0.0,15.59,1845.89,PIX,Confirmado,Standard,2024-05-25,2024-05-26
ORD000092,2024-05-05,SC,Sul,Casa e Decoração,Utensílios,1,1255.0,0.05,33.63,1225.88,Boleto,Confirmado,Standard,2024-05-13,2024-05-13
ORD000093,2024-08-12,AM,Norte,Esportes,Suplementos,1,744.53,0.0,46.21,790.74,Cartão de Crédito,Confirmado,Scheduled,2024-08-20,2024-08-20
ORD000094,2024-09-27,SP,Sudeste,Esportes,Suplementos,1,199.17,0.0,43.88,243.05,Cartão de Crédito,Confirmado,Same-Day,2024-09-27,2024-09-27
ORD000095,2024-02-23,MA,Nordeste,Moda,Vestidos,1,482.48,0.0,51.88,534.36,Boleto,Confirmado,Standard,2024-03-05,2024-03-06
ORD000096,2024-02-29,MA,Nordeste,Eletrônicos,Smartwatches,1,4541.24,0.0,31.41,4572.65,Boleto,Confirmado,Standard,2024-03-07,2024-03-06
ORD000097,2024-03-20,PR,Sul,Casa e Decoração,Têxtil,1,1115.47,0.0,35.15,1150.62,Cartão de Crédito,Confirmado,Same-Day,2024-03-20,2024-03-22
ORD000098,2024-04-17,ES,Sudeste,Casa e Decoração,Utensílios,1,614.41,0.0,14.68,629.09,PIX,Confirmado,Standard,2024-04-22,2024-04-22
ORD000099,2024-05-15,CE,Nordeste,Livros,Técnicos,1,50.04,0.0,44.2,94.24,Cartão de Crédito,Confirmado,Standard,2024-05-27,2024-05-28
ORD000100,2024-01-27,RJ,Sudeste,Livros,Técnicos,1,148.53,0.05,48.05,189.16,Cartão de Crédito,Confirmado,Scheduled,2024-02-05,2024-02-08
ORD000101,2024-01-23,SP,Sudeste,Casa e Decoração,Utensílios,1,1303.16,0.05,36.29,1274.29,Boleto,Confirmado,Standard,2024-01-28,2024-02-01
ORD000102,2024-05-14,MG,Sudeste,Livros,HQs,2,127.33,0.0,34.92,162.25,Cartão de Crédito,Confirmado,Standard,2024-05-27,2024-05-28
ORD000103,2024-08-06,CE,Nordeste,Eletrônicos,Smartphones,3,4463.39,0.05,35.07,4275.29,Cartão de Débito,Confirmado,Standard,2024-08-11,2024-08-09
ORD000104,2024-02-08,MA,Nordeste,Moda,Acessórios,1,170.9,0.0,18.43,189.33,PIX,Cancelado,Standard,2024-02-22,
ORD000105,2024-01-19,AM,Norte,Casa e Decoração,Têxtil,1,1811.09,0.0,73.43,1884.52,PIX,Confirmado,Same-Day,2024-01-19,2024-01-19
ORD000106,2024-10-09,MG,Sudeste,Livros,Não-ficção,2,209.37,0.0,14.11,223.48,Cartão de Débito,Cancelado,Standard,2024-10-21,
ORD000107,2024-01-22,PR,Sul,Casa e Decoração,Móveis,1,576.39,0.0,35.14,611.53,Cartão de Crédito,Confirmado,Standard,2024-01-28,2024-01-28
ORD000108,2024-07-02,RS,Sul,Moda,Camisetas,1,132.97,0.05,35.11,161.43,Cartão de Crédito,Confirmado,Standard,2024-07-13,2024-07-12
ORD000109,2024-06-30,PA,Norte,Esportes,Acessórios,1,422.76,0.1,52.97,433.45,Cartão de Crédito,Confirmado,Same-Day,2024-06-30,2024-06-30
ORD000110,2024-03-20,MA,Nordeste,Moda,Calças,3,1292.65,0.0,31.5,1324.15,Cartão de Crédito,Confirmado,Standard,2024-03-25,2024-03-25
ORD000111,2024-03-31,MA,Nordeste,Livros,Ficção,1,97.78,0.0,13.09,110.87,Cartão de Débito,Confirmado,Standard,2024-04-07,2024-04-07
ORD000112,2024-04-01,ES,Sudeste,Casa e Decoração,Iluminação,1,1842.9,0.15,15.55,1582.01,Boleto,Cancelado,Standard,2024-04-13,
ORD000113,2024-05-07,PR,Sul,Moda,Camisetas,1,337.53,0.05,39.42,360.07,Cartão de Débito,Confirmado,Standard,2024-05-21,2024-05-20
ORD000114,2024-07-14,AM,Norte,Eletrônicos,Fones de Ouvido,1,677.42,0.1,35.15,644.83,Cartão de Débito,Confirmado,Standard,2024-07-23,2024-07-26
ORD000115,2024-04-23,RS,Sul,Livros,Técnicos,3,420.51,0.1,35.86,414.32,PIX,Confirmado,Standard,2024-05-07,2024-05-06
ORD000116,2024-06-05,AM,Norte,Moda,Calças,1,318.32,0.0,40.16,358.48,Cartão de Crédito,Confirmado,Standard,2024-06-16,2024-06-14
ORD000117,2024-01-13,GO,Centro-Oeste,Moda,Calçados,1,292.28,0.05,25.08,302.75,PIX,Confirmado,Standard,2024-01-20,2024-01-22
ORD000118,2024-06-17,PR,Sul,Eletrônicos,Tablets,1,501.07,0.0,17.45,518.52,Cartão de Crédito,Confirmado,Scheduled,2024-06-20,2024-06-18
ORD000119,2024-06-28,GO,Centro-Oeste,Esportes,Acessórios,1,425.44,0.0,14.03,439.47,Cartão de Crédito,Confirmado,Standard,2024-07-03,2024-07-03
ORD000120,2024-10-01,SC,Sul,Eletrônicos,Smartphones,1,2602.9,0.1,59.46,2402.07,Cartão de Crédito,Confirmado,Same-Day,2024-10-01,2024-10-01
ORD000121,2024-05-13,MG,Sudeste,Esportes,Suplementos,1,356.72,0.0,42.52,399.24,Cartão de Crédito,Confirmado,Scheduled,2024-05-22,2024-05-28
ORD000122,2024-01-20,RJ,Sudeste,Esportes,Acessórios,3,600.79,0.0,37.74,6385.299999999999,Boleto,Confirmado,Scheduled,2024-01-24,2024-01-22
ORD000123,2024-06-25,ES,Sudeste,Casa e Decoração,Iluminação,1,518.92,0.05,11.74,504.72,Cartão de Débito,Cancelado,Standard,2024-07-02,
ORD000124,2024-09-18,RJ,Sudeste,Livros,HQs,1,97.65,0.0,24.74,122.39,Cartão de Débito,Cancelado,Standard,2024-09-25,
ORD000125,2024-04-07,PR,Sul,Eletrônicos,Fones de Ouvido,1,1509.98,0.0,27.4,1537.38,Cartão de Crédito,Confirmado,Standard,2024-04-14,2024-04-12
ORD000126,2024-01-01,CE,Nordeste,Esportes,Equipamentos,3,2159.7,0.1,81.59,2025.32,Boleto,Confirmado,Same-Day,2024-01-01,2024-01-01
ORD000127,2024-07-05,BA,Nordeste,Eletrônicos,Tablets,1,522.87,0.0,50.52,573.39,Cartão de Crédito,Confirmado,Standard,2024-07-10,2024-07-08
ORD000128,2024-06-09,GO,Centro-Oeste,Eletrônicos,Tablets,1,2662.64,0.05,33.37,2562.88,Boleto,Confirmado,Standard,2024-06-19,2024-06-20
ORD000129,2024-09-16,PR,Sul,Livros,Técnicos,2,211.2,0.1,71.85,261.93,PIX,Confirmado,Same-Day,2024-09-16,2024-09-16
ORD000130,2024-07-25,ES,Sudeste,Casa e Decoração,Têxtil,2,919.04,0.15,36.37,817.56,Cartão de Crédito,Confirmado,Standard,2024-08-03,2024-08-06
ORD000131,2024-03-06,RS,Sul,Livros,Infantis,1,20.15,0.05,15.79,34.93,Cartão de Crédito,Confirmado,Standard,2024-03-19,2024-03-19
ORD000132,2024-03-30,DF,Centro-Oeste,Esportes,Suplementos,1,351.22,0.05,20.35,354.01,Cartão de Crédito,Confirmado,Standard,2024-04-05,2024-04-06
ORD000133,2024-07-26,CE,Nordeste,Eletrônicos,Tablets,1,1307.74,0.05,43.06,1285.41,Cartão de Débito,Confirmado,Standard,2024-08-05,2024-08-07
ORD000134,2024-05-26,RS,Sul,Livros,HQs,1,64.96,0.0,49.07,114.03,Cartão de Débito,Confirmado,Scheduled,2024-05-31,2024-06-01
ORD000135,2024-06-13,PE,Nordeste,Livros,Infantis,1,23.2,0.0,43.05,66.25,PIX,Confirmado,Standard,2024-06-19,2024-06-24
ORD000136,2024-04-19,CE,Nordeste,Livros,Não-ficção,2,66.57,0.0,58.39,124.96,PIX,Confirmado,Same-Day,2024-04-19,2024-04-19
ORD000137,2024-02-13,PR,Sul,Esportes,Calçados,3,830.24,0.0,38.31,868.55,Cartão de Crédito,Confirmado,Standard,2024-02-23,2024-02-24
ORD000138,2024-06-20,RJ,Sudeste,Moda,Vestidos,1,492.79,0.1,16.39,459.9,Cartão de Crédito,Confirmado,Standard,2024-06-26,2024-06-30
ORD000139,2024-04-25,PA,Norte,Moda,Calças,1,294.45,0.0,18.99,313.44,Cartão de Crédito,Confirmado,Standard,2024-05-06,2024-05-07
ORD000140,2024-01-13,SP,Sudeste,Moda,Calçados,2,364.75,0.15,23.86,333.9,Cartão de Crédito,Confirmado,Standard,2024-01-21,2024-01-20
ORD000141,2024-02-07,PE,Nordeste,Livros,HQs,1,49.32,0.0,36.02,85.34,Cartão de Crédito,Cancelado,Standard,2024-02-12,
ORD000142,2024-04-09,ES,Sudeste,Livros,Infantis,1,21.51,0.0,28.0,49.51,Cartão de Crédito,Confirmado,Standard,2024-04-14,2024-04-27
ORD000143,2024-07-23,RS,Sul,Moda,Camisetas,1,67.83,0.0,39.6,107.43,Cartão de Crédito,Confirmado,Standard,2024-08-02,2024-07-31
ORD000144,2024-02-24,PA,Norte,Livros,Não-ficção,1,92.75,0.0,16.43,109.18,Cartão de Crédito,Confirmado,Standard,2024-03-03,2024-03-03
ORD000145,2024-03-31,PA,Norte,Esportes,Acessórios,1,175.56,0.0,52.01,227.57,Cartão de Crédito,Confirmado,Same-Day,2024-03-31,2024-03-31
ORD000146,2024-01-26,CE,Nordeste,Moda,Camisetas,1,453.3,0.0,24.65,477.95,Cartão de Débito,Cancelado,Standard,2024-02-03,
ORD000147,2024-08-21,MG,Sudeste,Livros,HQs,2,128.26,0.0,34.17,162.43,PIX,Confirmado,Scheduled,2024-08-26,2024-08-27
ORD000148,2024-10-13,DF,Centro-Oeste,Casa e Decoração,Iluminação,1,1490.02,0.0,16.26,1506.28,PIX,Confirmado,Standard,2024-10-24,2024-10-22
ORD000149,2024-09-15,BA,Nordeste,Esportes,Acessórios,1,211.12,0.0,34.66,245.78,PIX,Confirmado,Standard,2024-09-27,2024-10-04
ORD000150,2024-03-22,ES,Sudeste,Livros,Infantis,1,30.6,0.0,16.11,46.71,PIX,Confirmado,Standard,2024-03-31,2024-04-01
ORD000151,2024-05-12,PA,Norte,Moda,Vestidos,1,430.81,0.05,71.81,481.08,Boleto,Confirmado,Same-Day,2024-05-12,2024-05-12
ORD000152,2024-09-23,PE,Nordeste,Moda,Vestidos,1,376.37,0.1,38.69,377.42,Cartão de Crédito,Confirmado,Scheduled,2024-10-01,2024-10-01
ORD000153,2024-08-13,RJ,Sudeste,Casa e Decoração,Utensílios,1,1283.64,0.05,31.47,1250.92,Cartão de Débito,Confirmado,Standard,2024-08-19,2024-08-17
ORD000154,2024-05-19,SC,Sul,Casa e Decoração,Têxtil,1,231.35,0.0,27.79,259.14,Boleto,Confirmado,Standard,2024-05-30,2024-05-30
ORD000155,2024-02-11,MG,Sudeste,Moda,Calças,1,190.47,0.1,27.65,199.07,Boleto,Confirmado,Standard,2024-02-22,2024-02-22
ORD000156,2024-07-15,ES,Sudeste,Moda,Calças,1,447.67,0.0,30.08,477.75,Cartão de Crédito,Confirmado,Standard,2024-07-27,2024-07-25
ORD000157,2024-02-02,BA,Nordeste,Livros,Técnicos,1,52.83,0.0,26.91,79.74,Boleto,Confirmado,Standard,2024-02-14,2024-02-18
ORD000158,2024-10-04,PE,Nordeste,Livros,Ficção,1,132.35,0.0,51.48,183.83,Cartão de Crédito,Confirmado,Standard,2024-10-18,2024-10-18
ORD000159,2024-04-15,AM,Norte,Livros,Infantis,1,49.21,0.0,35.8,85.01,PIX,Confirmado,Standard,2024-04-21,2024-04-27
ORD000160,2024-10-26,ES,Sudeste,Eletrônicos,Smartwatches,3,5862.26,0.0,25.65,5887.91,Cartão de Crédito,Confirmado,Standard,2024-11-06,2024-11-04
ORD000161,2024-07-13,PE,Nordeste,Eletrônicos,Tablets,2,2291.88,0.05,20.35,2197.64,PIX,Confirmado,Standard,2024-07-23,2024-07-25
ORD000162,2024-06-01,PA,Norte,Livros,Infantis,1,53.19,0.15,13.68,58.89,Cartão de Crédito,Confirmado,Standard,2024-06-13,2024-06-16
ORD000163,2024-10-02,ES,Sudeste,Esportes,Calçados,1,750.28,0.0,29.77,780.05,Cartão de Crédito,Confirmado,Standard,2024-10-16,2024-10-15
ORD000164,2024-04-22,PE,Nordeste,Moda,Vestidos,1,499.74,0.15,46.96,471.74,PIX,Confirmado,Standard,2024-05-05,2024-05-04
ORD000165,2024-08-11,PE,Nordeste,Eletrônicos,Fones de Ouvido,1,2318.63,0.0,88.55,2407.18,PIX,Confirmado,Same-Day,2024-08-11,2024-08-15
ORD000166,2024-06-21,GO,Centro-Oeste,Livros,Não-ficção,1,58.59,0.0,31.12,89.71,Boleto,Confirmado,Standard,2024-07-04,2024-07-05
ORD000167,2024-08-27,MA,Nordeste,Moda,Acessórios,1,217.96,0.0,39.06,257.02,Boleto,Confirmado,Standard,2024-09-03,2024-09-04
ORD000168,2024-09-30,SP,Sudeste,Livros,HQs,1,87.48,0.0,21.41,108.89,Cartão de Crédito,Confirmado,Standard,2024-10-08,2024-10-09
ORD000169,2024-10-15,GO,Centro-Oeste,Eletrônicos,Smartphones,1,2972.36,0.05,38.14,2861.89,Cartão de Crédito,Confirmado,Standard,2024-10-24,2024-10-25
ORD000170,2024-08-07,MG,Sudeste,Livros,Não-ficção,1,105.11,0.0,15.84,120.95,Cartão de Crédito,Confirmado,Standard,2024-08-16,2024-08-16
ORD000171,2024-01-26,PR,Sul,Livros,Técnicos,1,140.85,0.0,31.53,172.38,Cartão de Crédito,Cancelado,Standard,2024-02-09,
ORD000172,2024-04-18,PE,Nordeste,Casa e Decoração,Decoração,1,331.58,0.0,33.48,365.06,PIX,Confirmado,Standard,2024-05-02,2024-05-03
ORD000173,2024-07-13,PR,Sul,Livros,Técnicos,1,145.18,0.05,11.3,149.22,Boleto,Cancelado,Standard,2024-07-24,
ORD000174,2024-02-11,PE,Nordeste,Eletrônicos,Smartwatches,1,3370.93,0.0,81.03,3451.96,Cartão de Crédito,Confirmado,Same-Day,2024-02-11,2024-02-23
ORD000175,2024-01-27,SC,Sul,Moda,Camisetas,1,209.04,0.05,34.68,233.27,Cartão de Crédito,Confirmado,Standard,2024-02-02,2024-02-04
ORD000176,2024-01-21,PA,Norte,Eletrônicos,Notebooks,1,2532.95,0.0,95.08,2628.03,Cartão de Crédito,Confirmado,Same-Day,2024-01-21,2024-01-21
ORD000177,2024-04-12,AM,Norte,Eletrônicos,Smartwatches,1,1536.11,0.0,37.65,1573.76,Cartão de Crédito,Confirmado,Standard,2024-04-19,2024-04-18
ORD000178,2024-03-19,RS,Sul,Moda,Calçados,1,231.94,0.05,39.74,260.09,Cartão de Crédito,Confirmado,Standard,2024-04-02,2024-04-03
ORD000179,2024-02-28,DF,Centro-Oeste,Moda,Calçados,1,173.37,0.0,23.89,197.26,Cartão de Crédito,Confirmado,Scheduled,2024-03-02,2024-02-29
ORD000180,2024-05-11,PA,Norte,Casa e Decoração,Utensílios,1,1086.21,0.05,34.06,1065.96,PIX,Confirmado,Standard,2024-05-21,2024-05-20
ORD000181,2024-02-28,PA,Norte,Moda,Vestidos,1,199.85,0.2,34.75,194.63,PIX,Confirmado,Standard,2024-03-11,2024-03-10
ORD000182,2024-02-25,DF,Centro-Oeste,Eletrônicos,Tablets,1,4809.31,0.0,28.68,4837.99,Cartão de Crédito,Confirmado,Standard,2024-03-01,2024-03-02
ORD000183,2024-10-21,GO,Centro-Oeste,Livros,Infantis,2,246.82,0.0,16.03,262.85,Cartão de Débito,Cancelado,Standard,2024-10-26,
ORD000184,2024-04-11,RJ,Sudeste,Esportes,Equipamentos,1,686.26,0.0,32.66,718.92,Cartão de Crédito,Confirmado,Standard,2024-04-21,2024-04-19
ORD000185,2024-02-22,ES,Sudeste,Casa e Decoração,Têxtil,1,168.7,0.0,12.63,181.33,Cartão de Débito,Confirmado,Standard,2024-02-29,2024-02-29
ORD000186,2024-03-02,PA,Norte,Esportes,Roupas Esportivas,2,1517.04,0.0,76.35,1593.39,Boleto,Confirmado,Same-Day,2024-03-02,2024-03-02
ORD000187,2024-06-26,CE,Nordeste,Livros,Técnicos,2,70.26,0.0,59.0,129.26,PIX,Confirmado,Scheduled,2024-07-02,2024-07-05
ORD000188,2024-02-05,CE,Nordeste,Casa e Decoração,Móveis,1,865.66,0.0,51.05,916.71,Boleto,Cancelado,Standard,2024-02-18,
ORD000189,2024-08-03,AM,Norte,Livros,Ficção,1,82.32,0.0,48.03,130.35,PIX,Confirmado,Standard,2024-08-10,2024-08-08
ORD000190,2024-08-09,SC,Sul,Livros,Não-ficção,1,106.62,0.0,16.98,123.6,Cartão de Crédito,Confirmado,Standard,2024-08-17,2024-08-18
ORD000191,2024-08-10,MG,Sudeste,Esportes,Suplementos,1,693.04,0.0,20.94,713.98,Cartão de Crédito,Confirmado,Standard,2024-08-16,2024-08-15
ORD000192,2024-10-02,PA,Norte,Livros,Infantis,1,83.0,0.0,29.78,112.78,Cartão de Crédito,Confirmado,Standard,2024-10-09,2024-10-10
ORD000193,2024-08-11,AM,Norte,Esportes,Suplementos,1,124.85,0.2,78.99,178.87,Cartão de Crédito,Confirmado,Same-Day,2024-08-11,2024-08-11
ORD000194,2024-06-14,AM,Norte,Moda,Camisetas,1,375.94,0.0,26.82,402.76,Boleto,Confirmado,Standard,2024-06-25,2024-06-27
ORD000195,2024-05-22,MA,Nordeste,Livros,Não-ficção,1,145.3,0.0,43.82,189.12,Boleto,Confirmado,Standard,2024-06-03,2024-06-01
ORD000196,2024-08-25,DF,Centro-Oeste,Esportes,Acessórios,2,625.84,0.0,13.13,638.97,Cartão de Crédito,Confirmado,Standard,2024-08-30,2024-08-30
ORD000197,2024-06-21,SP,Sudeste,Livros,Técnicos,1,84.91,0.0,35.94,120.85,Cartão de Crédito,Confirmado,Standard,2024-06-28,2024-06-29
ORD000198,2024-04-03,PE,Nordeste,Moda,Vestidos,1,436.8,0.15,16.98,388.26,PIX,Cancelado,Standard,2024-04-09,
ORD000199,2024-05-12,SC,Sul,Casa e Decoração,Têxtil,1,931.45,0.05,37.05,921.92,Cartão de Crédito,Confirmado,Standard,2024-05-18,2024-05-17
ORD000200,2024-05-21,CE,Nordeste,Eletrônicos,Smartwatches,1,3365.01,0.0,18.86,3383.87,PIX,Confirmado,Standard,2024-05-30,2024-05-31
ORD000201,2024-04-07,RJ,Sudeste,Moda,Calçados,1,88.16,0.0,10.36,98.52,Cartão de Débito,Confirmado,Standard,2024-04-21,2024-04-22
ORD000202,2024-09-07,CE,Nordeste,Moda,Calçados,1,207.37,0.0,19.79,227.16,Cartão de Crédito,Confirmado,Standard,2024-09-19,2024-09-18
ORD000203,2024-09-08,PE,Nordeste,Eletrônicos,Smartphones,1,871.78,0.1,53.81,838.41,Cartão de Débito,Confirmado,Same-Day,2024-09-08,2024-09-09
ORD000204,2024-05-30,RS,Sul,Livros,Não-ficção,1,99.95,0.0,11.26,111.21,Cartão de Débito,Confirmado,Standard,2024-06-11,2024-06-09
ORD000205,2024-06-05,GO,Centro-Oeste,Esportes,Suplementos,1,499.34,0.05,15.23,489.61,Cartão de Crédito,Cancelado,Standard,2024-06-16,
ORD000206,2024-08-30,CE,Nordeste,Esportes,Suplementos,1,148.41,0.0,19.38,167.79,Cartão de Crédito,Cancelado,Standard,2024-09-06,
ORD000207,2024-08-05,ES,Sudeste,Esportes,Suplementos,1,718.59,0.0,73.07,791.66,PIX,Confirmado,Same-Day,2024-08-05,2024-08-05
ORD000208,2024-06-29,ES,Sudeste,Livros,Técnicos,3,146.21,0.05,15.42,154.32,Cartão de Crédito,Confirmado,Standard,2024-07-09,2024-07-19
ORD000209,2024-06-05,PR,Sul,Moda,Camisetas,1,292.8,0.0,12.76,305.56,Cartão de Débito,Confirmado,Standard,2024-06-16,2024-06-17
ORD000210,2024-04-08,SC,Sul,Eletrônicos,Smartwatches,1,2360.37,0.05,13.18,2255.54,Cartão de Crédito,Confirmado,Standard,2024-04-21,2024-04-24
ORD000211,2024-04-04,RS,Sul,Moda,Calçados,1,122.38,0.05,74.07,190.33,Cartão de Crédito,Confirmado,Same-Day,2024-04-04,2024-04-06
ORD000212,2024-05-21,ES,Sudeste,Esportes,Calçados,1,226.91,0.05,15.64,231.2,Cartão de Crédito,Confirmado,Standard,2024-05-29,2024-05-28
ORD000213,2024-05-24,RJ,Sudeste,Moda,Vestidos,1,392.45,0.05,38.74,411.56,Cartão de Crédito,Confirmado,Standard,2024-05-31,2024-06-02
ORD000214,2024-04-26,SC,Sul,Moda,Vestidos,3,1333.48,0.0,31.66,1365.14,PIX,Confirmado,Standard,2024-05-05,2024-05-04
ORD000215,2024-01-08,ES,Sudeste,Esportes,Equipamentos,1,580.85,0.0,33.83,614.68,Cartão de Crédito,Confirmado,Standard,2024-01-16,2024-01-16
ORD000216,2024-05-20,SP,Sudeste,Eletrônicos,Smartwatches,1,791.84,0.0,28.1,819.94,PIX,Confirmado,Standard,2024-05-27,2024-05-26
ORD000217,2024-05-29,ES,Sudeste,Moda,Calçados,1,117.05,0.05,22.34,133.54,PIX,Confirmado,Scheduled,2024-06-05,2024-06-05
ORD000218,2024-02-22,AM,Norte,Eletrônicos,Smartwatches,1,3809.78,0.0,44.25,3854.03,PIX,Confirmado,Standard,2024-03-03,2024-03-01
ORD000219,2024-05-25,PE,Nordeste,Livros,Infantis,1,102.88,0.0,51.65,154.53,PIX,Confirmado,Standard,2024-06-08,2024-06-06
ORD000220,2024-06-23,MG,Sudeste,Eletrônicos,Tablets,3,9134.92,0.0,59.29,9194.21,Boleto,Confirmado,Same-Day,2024-06-23,2024-06-30
ORD000221,2024-09-01,RJ,Sudeste,Eletrônicos,Fones de Ouvido,1,4733.06,0.0,44.47,4777.53,Cartão de Crédito,Confirmado,Scheduled,2024-09-05,2024-09-13
ORD000222,2024-09-08,RJ,Sudeste,Esportes,Roupas Esportivas,1,176.11,0.05,23.11,190.41,PIX,Confirmado,Standard,2024-09-18,2024-09-19
ORD000223,2024-03-18,MG,Sudeste,Esportes,Suplementos,1,177.45,0.0,17.41,194.86,Cartão de Crédito,Confirmado,Scheduled,2024-03-24,2024-03-24
ORD000224,2024-02-13,RS,Sul,Eletrônicos,Smartwatches,1,4578.15,0.0,52.49,4630.64,PIX,Confirmado,Same-Day,2024-02-13,2024-02-14
ORD000225,2024-08-01,DF,Centro-Oeste,Esportes,Calçados,1,113.48,0.0,21.4,134.88,PIX,Confirmado,Standard,2024-08-07,2024-08-10
ORD000226,2024-04-25,PA,Norte,Esportes,Acessórios,1,773.64,0.1,29.33,725.61,Cartão de Crédito,Confirmado,Standard,2024-05-09,2024-05-18
ORD000227,2024-08-18,MA,Nordeste,Livros,Técnicos,1,105.04,0.0,50.91,155.95,Boleto,Confirmado,Standard,2024-08-31,2024-08-29
ORD000228,2024-10-28,BA,Nordeste,Casa e Decoração,Têxtil,1,528.1,0.1,33.41,508.7,Cartão de Crédito,Confirmado,Standard,2024-11-11,2024-11-11
ORD000229,2024-01-31,DF,Centro-Oeste,Eletrônicos,Notebooks,1,3685.26,0.0,26.99,3712.25,Cartão de Crédito,Cancelado,Standard,2024-02-13,
ORD000230,2024-04-18,PR,Sul,Eletrônicos,Notebooks,1,3510.6,0.0,26.36,3536.96,Cartão de Crédito,Confirmado,Standard,2024-05-02,2024-05-09
ORD000231,2024-05-02,MG,Sudeste,Esportes,Roupas Esportivas,1,646.12,0.0,19.91,666.03,PIX,Confirmado,Standard,2024-05-14,2024-05-14
ORD000232,2024-03-21,SP,Sudeste,Livros,Infantis,2,268.69,0.0,39.55,308.24,PIX,Confirmado,Standard,2024-04-03,2024-04-03
ORD000233,2024-10-31,PE,Nordeste,Casa e Decoração,Móveis,1,1827.52,0.0,38.61,1866.13,PIX,Confirmado,Standard,2024-11-07,2024-11-07
ORD000234,2024-04-28,PR,Sul,Casa e Decoração,Iluminação,1,487.16,0.0,58.88,546.04,Boleto,Confirmado,Same-Day,2024-04-28,2024-04-29
ORD000235,2024-02-06,GO,Centro-Oeste,Moda,Vestidos,1,453.63,0.0,16.48,470.11,Boleto,Confirmado,Standard,2024-02-12,2024-02-11
ORD000236,2024-10-28,GO,Centro-Oeste,Moda,Calçados,1,113.32,0.0,41.69,155.01,Cartão de Crédito,Confirmado,Scheduled,2024-11-05,2024-11-12
ORD000237,2024-02-28,CE,Nordeste,Moda,Calças,2,894.17,0.0,38.51,932.68,Cartão de Débito,Confirmado,Scheduled,2024-03-06,2024-03-07
ORD000238,2024-05-16,AM,Norte,Moda,Camisetas,1,446.87,0.0,34.83,481.7,Boleto,Confirmado,Standard,2024-05-22,2024-05-21
ORD000239,2024-01-31,MG,Sudeste,Casa e Decoração,Têxtil,1,1489.84,0.1,57.04,1397.9,PIX,Confirmado,Same-Day,2024-01-31,2024-01-31
ORD000240,2024-10-18,MA,Nordeste,Casa e Decoração,Iluminação,1,1338.17,0.0,96.19,1434.36,Boleto,Confirmado,Same-Day,2024-10-18,2024-10-18
ORD000241,2024-03-04,PE,Nordeste,Casa e Decoração,Iluminação,1,291.21,0.0,30.56,321.77,PIX,Confirmado,Standard,2024-03-14,2024-03-18
ORD000242,2024-05-19,CE,Nordeste,Esportes,Acessórios,3,1257.98,0.0,39.37,1297.35,Cartão de Crédito,Confirmado,Standard,2024-05-30,2024-05-31
ORD000243,2024-08-12,RJ,Sudeste,Esportes,Roupas Esportivas,2,487.14,0.0,30.82,517.96,Boleto,Confirmado,Standard,2024-08-21,2024-08-19
ORD000244,2024-08-09,ES,Sudeste,Casa e Decoração,Têxtil,1,875.78,0.1,34.22,822.42,Cartão de Crédito,Confirmado,Standard,2024-08-16,2024-08-27
ORD000245,2024-05-08,SP,Sudeste,Eletrônicos,Notebooks,1,1260.86,0.0,21.45,1282.31,Cartão de Crédito,Confirmado,Standard,2024-05-16,2024-05-17
ORD000246,2024-10-21,DF,Centro-Oeste,Eletrônicos,Tablets,2,7659.14,0.0,27.75,7686.89,Cartão de Débito,Confirmado,Scheduled,2024-10-24,2024-10-25
ORD000247,2024-10-22,SP,Sudeste,Moda,Calçados,1,483.26,0.0,44.08,527.34,PIX,Confirmado,Same-Day,2024-10-22,2024-10-23
ORD000248,2024-09-22,GO,Centro-Oeste,Livros,Técnicos,1,28.88,0.0,20.37,49.25,PIX,Confirmado,Standard,2024-10-05,2024-10-04
ORD000249,2024-04-02,DF,Centro-Oeste,Livros,Infantis,1,97.85,0.1,29.22,117.28,Cartão de Crédito,Cancelado,Scheduled,2024-04-11,
ORD000250,2024-02-16,PE,Nordeste,Casa e Decoração,Iluminação,1,250.04,0.05,35.73,273.27,Cartão de Débito,Cancelado,Standard,2024-02-25,
ORD000251,2024-06-19,SC,Sul,Eletrônicos,Notebooks,2,1572.77,0.0,12.82,1585.59,Cartão de Débito,Confirmado,Standard,2024-06-24,2024-06-25
ORD000252,2024-06-17,BA,Nordeste,Livros,Técnicos,1,94.33,0.0,29.95,124.28,PIX,Confirmado,Standard,2024-07-01,2024-06-30
ORD000253,2024-07-24,AM,Norte,Esportes,Roupas Esportivas,1,517.1,0.0,54.43,571.53,Boleto,Confirmado,Same-Day,2024-07-24,2024-07-24
ORD000254,2024-08-20,RJ,Sudeste,Casa e Decoração,Decoração,1,1944.46,0.0,39.52,1983.98,Cartão de Crédito,Confirmado,Standard,2024-08-30,2024-08-28
ORD000255,2024-06-14,RJ,Sudeste,Livros,HQs,1,25.17,0.1,24.09,46.74,Cartão de Crédito,Confirmado,Standard,2024-06-21,2024-06-21
ORD000256,2024-01-01,GO,Centro-Oeste,Esportes,Acessórios,1,402.18,0.0,39.19,441.37,Cartão de Crédito,Confirmado,Standard,2024-01-09,2024-01-08
ORD000257,2024-07-30,SP,Sudeste,Moda,Acessórios,1,258.28,0.0,11.33,269.61,Cartão de Crédito,Confirmado,Standard,2024-08-04,2024-08-05
ORD000258,2024-07-04,DF,Centro-Oeste,Livros,Infantis,2,178.22,0.0,33.29,211.51,Cartão de Crédito,Confirmado,Standard,2024-07-09,2024-07-09
ORD000259,2024-01-27,RS,Sul,Casa e Decoração,Têxtil,2,1761.88,0.05,19.28,1693.07,PIX,Cancelado,Standard,2024-02-10,
ORD000260,2024-03-08,MA,Nordeste,Casa e Decoração,Iluminação,2,2941.3,0.0,92.92,3034.22,Cartão de Crédito,Confirmado,Same-Day,2024-03-08,2024-03-09
ORD000261,2024-09-05,RJ,Sudeste,Eletrônicos,Smartwatches,1,2227.27,0.0,22.57,2249.84,PIX,Confirmado,Standard,2024-09-19,2024-09-17
ORD000262,2024-05-02,ES,Sudeste,Moda,Vestidos,1,473.78,0.0,27.81,501.59,Cartão de Crédito,Confirmado,Standard,2024-05-12,2024-05-12
ORD000263,2024-10-09,SP,Sudeste,Esportes,Acessórios,1,709.06,0.0,17.33,726.39,Boleto,Confirmado,Scheduled,2024-10-12,2024-10-13
ORD000264,2024-02-17,RS,Sul,Eletrônicos,Fones de Ouvido,1,1827.68,0.0,13.69,1841.37,Boleto,Confirmado,Standard,2024-02-28,2024-03-01
ORD000265,2024-03-01,GO,Centro-Oeste,Moda,Calçados,1,430.52,0.0,20.09,450.61,Cartão de Crédito,Confirmado,Standard,2024-03-07,2024-03-07
ORD000266,2024-05-29,CE,Nordeste,Casa e Decoração,Iluminação,2,3458.74,0.0,35.71,3494.45,Cartão de Crédito,Confirmado,Standard,2024-06-06,2024-06-07
ORD000267,2024-09-04,PE,Nordeste,Moda,Calçados,1,218.55,0.0,47.71,266.26,Cartão de Crédito,Confirmado,Standard,2024-09-18,2024-09-19
ORD000268,2024-10-09,MG,Sudeste,Livros,Não-ficção,1,20.87,0.05,13.04,32.87,PIX,Confirmado,Standard,2024-10-17,2024-10-16
ORD000269,2024-09-17,ES,Sudeste,Moda,Camisetas,1,254.3,0.0,10.83,265.13,Boleto,Cancelado,Standard,2024-09-25,
ORD000270,2024-05-21,PA,Norte,Livros,Técnicos,1,32.91,0.1,28.42,58.04,Cartão de Crédito,Confirmado,Standard,2024-05-30,2024-05-28
ORD000271,2024-09-16,PR,Sul,Eletrônicos,Tablets,1,4259.66,0.0,23.32,4282.98,Cartão de Débito,Confirmado,Standard,2024-09-24,2024-09-25
ORD000272,2024-06-01,AM,Norte,Esportes,Calçados,1,325.08,0.0,34.13,359.21,PIX,Confirmado,Standard,2024-06-08,2024-06-07
ORD000273,2024-09-07,AM,Norte,Moda,Calçados,1,166.7,0.0,23.54,190.24,Cartão de Débito,Confirmado,Standard,2024-09-14,2024-09-14
ORD000274,2024-10-02,PE,Nordeste,Casa e Decoração,Decoração,1,364.47,0.0,28.67,393.14,Cartão de Débito,Cancelado,Standard,2024-10-14,
ORD000275,2024-10-09,PA,Norte,Esportes,Acessórios,1,314.59,0.0,48.62,363.21,PIX,Confirmado,Same-Day,2024-10-09,2024-10-18
ORD000276,2024-08-21,MA,Nordeste,Casa e Decoração,Utensílios,1,1238.33,0.0,42.09,1280.42,Boleto,Confirmado,Standard,2024-09-02,2024-09-01
ORD000277,2024-05-02,DF,Centro-Oeste,Livros,Não-ficção,3,73.44,0.1,14.09,80.19,PIX,Confirmado,Standard,2024-05-13,2024-05-12
ORD000278,2024-07-29,SP,Sudeste,Casa e Decoração,Iluminação,1,1092.64,0.0,37.56,1130.2,Cartão de Crédito,Confirmado,Standard,2024-08-07,2024-08-13
ORD000279,2024-07-14,BA,Nordeste,Moda,Calçados,1,249.56,0.0,69.97,319.53,Cartão de Débito,Confirmado,Same-Day,2024-07-14,2024-07-14
ORD000280,2024-01-19,MG,Sudeste,Esportes,Calçados,2,1379.64,0.0,30.69,1410.33,Boleto,Confirmado,Scheduled,2024-01-28,2024-01-30
ORD000281,2024-06-18,AM,Norte,Eletrônicos,Fones de Ouvido,1,2645.8,0.05,18.24,2531.75,Cartão de Crédito,Confirmado,Standard,2024-06-24,2024-06-24
ORD000282,2024-02-21,CE,Nordeste,Livros,Ficção,3,142.17,0.0,50.3,192.47,PIX,Confirmado,Scheduled,2024-03-01,2024-03-02
ORD000283,2024-03-14,BA,Nordeste,Moda,Camisetas,1,425.37,0.0,88.98,514.35,PIX,Confirmado,Same-Day,2024-03-14,2024-03-16
ORD000284,2024-08-28,PA,Norte,Casa e Decoração,Decoração,1,298.37,0.05,39.81,323.26,Cartão de Crédito,Confirmado,Standard,2024-09-09,2024-09-10
ORD000285,2024-07-22,GO,Centro-Oeste,Eletrônicos,Tablets,1,3096.68,0.0,39.68,3136.36,PIX,Confirmado,Standard,2024-07-28,2024-08-01
ORD000286,2024-09-30,BA,Nordeste,Casa e Decoração,Iluminação,1,1008.69,0.05,21.23,979.49,PIX,Confirmado,Standard,2024-10-11,2024-10-22
ORD000287,2024-10-04,SP,Sudeste,Esportes,Roupas Esportivas,1,732.4,0.0,29.21,761.61,Cartão de Débito,Confirmado,Standard,2024-10-13,2024-10-11
ORD000288,2024-04-30,GO,Centro-Oeste,Casa e Decoração,Utensílios,2,667.1,0.0,30.33,697.43,Boleto,Confirmado,Standard,2024-05-06,2024-05-07
ORD000289,2024-02-16,BA,Nordeste,Eletrônicos,Smartphones,1,1555.94,0.0,17.68,1573.62,Cartão de Débito,Confirmado,Standard,2024-02-27,2024-02-26
ORD000290,2024-08-15,MG,Sudeste,Casa e Decoração,Móveis,1,354.27,0.0,45.88,400.15,Cartão de Crédito,Confirmado,Same-Day,2024-08-15,2024-08-16
ORD000291,2024-01-24,SC,Sul,Eletrônicos,Tablets,2,6341.37,0.0,20.21,6361.58,Cartão de Débito,Confirmado,Standard,2024-02-06,2024-02-06
ORD000292,2024-07-02,SC,Sul,Livros,Não-ficção,2,186.9,0.0,48.0,234.9,Cartão de Crédito,Confirmado,Scheduled,2024-07-08,2024-07-06
ORD000293,2024-05-05,CE,Nordeste,Livros,HQs,1,109.31,0.0,40.45,149.76,Cartão de Crédito,Confirmado,Standard,2024-05-14,2024-05-15
ORD000294,2024-04-02,MG,Sudeste,Moda,Camisetas,1,484.72,0.15,44.9,456.91,Cartão de Crédito,Confirmado,Same-Day,2024-04-02,2024-04-02
ORD000295,2024-07-14,DF,Centro-Oeste,Moda,Calçados,1,97.16,0.0,34.82,131.98,Cartão de Crédito,Confirmado,Scheduled,2024-07-19,2024-07-20
ORD000296,2024-10-25,MG,Sudeste,Moda,Calçados,1,436.53,0.0,31.59,468.12,Cartão de Crédito,Confirmado,Standard,2024-11-04,2024-11-05
ORD000297,2024-05-10,PE,Nordeste,Casa e Decoração,Móveis,1,1612.86,0.0,49.3,1662.16,Cartão de Crédito,Confirmado,Standard,2024-05-20,2024-05-18
ORD000298,2024-08-26,MA,Nordeste,Casa e Decoração,Têxtil,1,1396.17,0.0,14.68,1410.85,PIX,Confirmado,Standard,2024-09-05,2024-09-06
ORD000299,2024-03-21,RJ,Sudeste,Livros,Técnicos,1,32.98,0.0,44.34,77.32,PIX,Cancelado,Scheduled,2024-03-26,
ORD000300,2024-10-27,PR,Sul,Livros,Técnicos,1,84.07,0.0,10.3,94.37,Cartão de Crédito,Cancelado,Standard,2024-11-10,
ORD000301,2024-08-21,AM,Norte,Casa e Decoração,Utensílios,1,1387.33,0.05,72.88,1390.84,Cartão de Débito,Confirmado,Same-Day,2024-08-21,2024-08-21
ORD000302,2024-07-15,AM,Norte,Livros,Ficção,1,69.74,0.0,25.95,95.69,Cartão de Crédito,Confirmado,Standard,2024-07-26,2024-07-25
ORD000303,2024-05-01,BA,Nordeste,Esportes,Suplementos,1,490.87,0.0,47.29,538.16,PIX,Confirmado,Standard,2024-05-13,2024-05-14
ORD000304,2024-10-21,PR,Sul,Casa e Decoração,Móveis,1,653.17,0.0,39.85,693.02,Cartão de Débito,Confirmado,Scheduled,2024-10-28,2024-10-31
ORD000305,2024-07-21,PR,Sul,Eletrônicos,Smartwatches,1,3522.39,0.2,25.92,2843.83,PIX,Confirmado,Standard,2024-07-31,2024-07-31
ORD000306,2024-01-26,MA,Nordeste,Esportes,Acessórios,1,602.45,0.1,59.48,601.69,Cartão de Crédito,Cancelado,Same-Day,2024-01-26,
ORD000307,2024-05-26,PA,Norte,Moda,Acessórios,2,574.54,0.0,44.58,619.12,Cartão de Débito,Confirmado,Standard,2024-06-05,2024-06-05
ORD000308,2024-06-29,RS,Sul,Moda,Acessórios,1,77.28,0.0,32.41,109.69,Cartão de Crédito,Confirmado,Scheduled,2024-07-02,2024-07-08
ORD000309,2024-05-08,GO,Centro-Oeste,Moda,Camisetas,1,158.85,0.0,20.07,178.92,PIX,Confirmado,Standard,2024-05-22,2024-05-22
ORD000310,2024-01-21,PR,Sul,Livros,Ficção,1,25.71,0.0,11.5,37.21,PIX,Cancelado,Standard,2024-01-27,
ORD000311,2024-10-23,SC,Sul,Moda,Camisetas,1,434.2,0.15,38.54,407.61,Cartão de Débito,Confirmado,Standard,2024-11-06,2024-11-07
ORD000312,2024-05-31,SC,Sul,Livros,Não-ficção,1,53.74,0.0,28.67,82.41,Cartão de Débito,Confirmado,Standard,2024-06-07,2024-06-08
ORD000313,2024-04-12,MG,Sudeste,Esportes,Suplementos,3,2278.4,0.0,41.51,2319.91,Cartão de Crédito,Confirmado,Scheduled,2024-04-18,2024-04-16
ORD000314,2024-09-28,CE,Nordeste,Casa e Decoração,Utensílios,1,970.65,0.15,94.59,919.64,Boleto,Cancelado,Same-Day,2024-09-28,
ORD000315,2024-05-11,MA,Nordeste,Livros,Técnicos,1,121.97,0.0,41.99,163.96,PIX,Confirmado,Same-Day,2024-05-11,2024-05-12
ORD000316,2024-06-22,PA,Norte,Eletrônicos,Fones de Ouvido,1,929.3,0.0,38.83,968.13,Cartão de Crédito,Confirmado,Standard,2024-07-04,2024-07-10
ORD000317,2024-02-08,MG,Sudeste,Moda,Calçados,1,496.96,0.05,21.77,493.89,PIX,Confirmado,Standard,2024-02-13,2024-02-12
ORD000318,2024-10-12,SC,Sul,Eletrônicos,Fones de Ouvido,1,2107.05,0.0,20.76,2127.81,PIX,Confirmado,Standard,2024-10-26,2024-10-30
ORD000319,2024-01-08,PR,Sul,Esportes,Roupas Esportivas,1,153.3,0.0,11.08,164.38,Cartão de Crédito,Confirmado,Standard,2024-01-21,2024-01-30
ORD000320,2024-08-20,SC,Sul,Casa e Decoração,Têxtil,1,1466.4,0.0,35.19,1501.59,Cartão de Crédito,Confirmado,Standard,2024-08-31,2024-09-12
ORD000321,2024-07-14,AM,Norte,Casa e Decoração,Móveis,1,861.79,0.05,44.28,862.98,Cartão de Crédito,Confirmado,Scheduled,2024-07-19,2024-07-18
ORD000322,2024-04-29,PE,Nordeste,Eletrônicos,Smartwatches,1,1431.84,0.0,42.56,1474.4,Cartão de Crédito,Confirmado,Scheduled,2024-05-08,2024-05-07
ORD000323,2024-10-14,SC,Sul,Esportes,Equipamentos,1,637.21,0.05,23.9,629.25,Cartão de Crédito,Confirmado,Standard,2024-10-23,2024-10-21
ORD000324,2024-02-02,GO,Centro-Oeste,Livros,Técnicos,1,119.52,0.0,12.8,132.32,Cartão de Débito,Confirmado,Standard,2024-02-12,2024-02-13
ORD000325,2024-07-28,RJ,Sudeste,Moda,Camisetas,1,153.69,0.05,22.85,168.85,PIX,Confirmado,Scheduled,2024-08-04,2024-08-06
ORD000326,2024-01-20,PR,Sul,Livros,Ficção,1,59.38,0.05,39.08,95.49,Cartão de Crédito,Confirmado,Same-Day,2024-01-20,2024-01-23
ORD000327,2024-02-19,RS,Sul,Esportes,Equipamentos,1,238.75,0.0,21.42,260.17,Cartão de Crédito,Confirmado,Standard,2024-02-25,2024-02-26
ORD000328,2024-07-17,PE,Nordeste,Casa e Decoração,Têxtil,1,610.81,0.0,50.02,660.83,Boleto,Confirmado,Standard,2024-07-26,2024-07-24
ORD000329,2024-08-02,DF,Centro-Oeste,Moda,Calçados,1,368.82,0.15,16.25,329.75,Cartão de Crédito,Confirmado,Standard,2024-08-12,2024-08-23
ORD000330,2024-02-20,AM,Norte,Livros,HQs,2,72.53,0.0,15.02,87.55,Cartão de Crédito,Confirmado,Standard,2024-02-28,2024-03-06
ORD000331,2024-07-27,PR,Sul,Eletrônicos,Tablets,1,1034.93,0.0,26.48,1061.41,Cartão de Crédito,Confirmado,Standard,2024-08-04,2024-08-08
ORD000332,2024-04-21,PE,Nordeste,Livros,Não-ficção,1,137.85,0.05,44.1,175.06,Boleto,Cancelado,Standard,2024-05-02,
ORD000333,2024-07-04,RJ,Sudeste,Casa e Decoração,Têxtil,1,546.45,0.05,39.01,558.14,Cartão de Crédito,Confirmado,Standard,2024-07-14,2024-07-15
ORD000334,2024-07-02,SP,Sudeste,Livros,Técnicos,1,124.0,0.0,35.96,159.96,Cartão de Crédito,Confirmado,Standard,2024-07-13,2024-07-12
ORD000335,2024-04-07,RJ,Sudeste,Livros,Ficção,1,107.45,0.0,27.15,134.6,PIX,Confirmado,Standard,2024-04-13,2024-04-14
ORD000336,2024-04-18,GO,Centro-Oeste,Esportes,Roupas Esportivas,1,117.32,0.0,22.65,139.97,Boleto,Confirmado,Standard,2024-05-01,2024-05-02
ORD000337,2024-01-26,PA,Norte,Casa e Decoração,Utensílios,1,229.87,0.0,39.73,269.6,Cartão de Crédito,Confirmado,Standard,2024-02-06,2024-02-14
ORD000338,2024-03-05,PA,Norte,Esportes,Equipamentos,1,563.46,0.0,42.29,605.75,Cartão de Crédito,Confirmado,Standard,2024-03-11,2024-03-24
ORD000339,2024-02-05,AM,Norte,Esportes,Equipamentos,1,785.87,0.0,50.86,836.73,Cartão de Crédito,Confirmado,Standard,2024-02-14,2024-02-15
ORD000340,2024-10-27,RS,Sul,Moda,Vestidos,1,240.23,0.0,16.16,256.39,Cartão de Crédito,Confirmado,Standard,2024-11-08,2024-11-07
ORD000341,2024-03-16,PA,Norte,Esportes,Roupas Esportivas,1,183.64,0.0,22.61,206.25,Cartão de Crédito,Confirmado,Scheduled,2024-03-21,2024-03-21
ORD000342,2024-05-21,AM,Norte,Moda,Calças,1,299.02,0.05,34.98,319.05,Cartão de Crédito,Confirmado,Standard,2024-05-31,2024-06-01
ORD000343,2024-10-03,PR,Sul,Moda,Camisetas,1,162.29,0.0,23.47,185.76,Boleto,Confirmado,Standard,2024-10-10,2024-10-13
ORD000344,2024-01-14,MG,Sudeste,Eletrônicos,Tablets,1,3975.35,0.0,28.82,4004.17,Cartão de Crédito,Cancelado,Standard,2024-01-27,
ORD000345,2024-05-01,DF,Centro-Oeste,Casa e Decoração,Móveis,3,2866.45,0.0,43.37,2909.82,PIX,Cancelado,Same-Day,2024-05-01,
ORD000346,2024-03-30,PR,Sul,Eletrônicos,Notebooks,1,958.52,0.0,32.45,990.97,Cartão de Débito,Confirmado,Standard,2024-04-07,2024-04-05
ORD000347,2024-08-03,CE,Nordeste,Eletrônicos,Smartphones,3,7418.2,0.0,39.16,7457.36,PIX,Confirmado,Standard,2024-08-14,2024-08-14
ORD000348,2024-08-31,PE,Nordeste,Casa e Decoração,Têxtil,2,390.07,,13.62,403.69,Cartão de Crédito,Confirmado,Standard,2024-09-06,2024-09-08
ORD000349,2024-10-30,RJ,Sudeste,Livros,HQs,1,97.62,0.0,36.55,134.17,Cartão de Crédito,Confirmado,Standard,2024-11-11,2024-11-10
ORD000350,2024-04-23,DF,Centro-Oeste,Eletrônicos,Smartwatches,1,2811.25,0.2,36.43,2285.43,Cartão de Crédito,Confirmado,Standard,2024-05-06,2024-05-07
ORD000351,2024-06-03,PE,Nordeste,Eletrônicos,Smartphones,2,4316.04,0.0,68.53,4384.57,Boleto,Confirmado,Same-Day,2024-06-03,2024-06-05
ORD000352,2024-09-02,AM,Norte,Livros,Infantis,1,84.93,0.0,,151.19,Boleto,Confirmado,Same-Day,2024-09-02,2024-09-02
ORD000353,2024-02-25,PE,Nordeste,Livros,Ficção,1,59.14,0.0,49.16,108.3,Cartão de Crédito,Confirmado,Standard,2024-03-06,2024-03-04
ORD000354,2024-02-11,SC,Sul,Esportes,Equipamentos,1,745.3,0.0,77.13,822.43,PIX,Confirmado,Same-Day,2024-02-11,2024-02-14
ORD000355,2024-02-03,MG,Sudeste,Casa e Decoração,Têxtil,1,309.82,,25.45,335.27,Boleto,Confirmado,Standard,2024-02-17,2024-02-18
ORD000356,2024-10-26,CE,Nordeste,Casa e Decoração,Iluminação,1,1673.42,0.05,80.09,1669.84,Cartão de Crédito,Confirmado,Same-Day,2024-10-26,2024-10-26
ORD000357,2024-09-28,PR,Sul,Livros,HQs,1,33.33,0.0,15.82,49.15,PIX,Confirmado,Standard,2024-10-03,2024-10-04
ORD000358,2024-08-08,RJ,Sudeste,Eletrônicos,Smartwatches,1,3867.6,0.0,30.21,3897.81,Cartão de Crédito,Confirmado,Standard,2024-08-19,2024-08-19
ORD000359,2024-04-20,BA,Nordeste,Livros,Não-ficção,1,20.26,0.05,19.29,38.54,Cartão de Crédito,Confirmado,Standard,2024-05-04,2024-05-06
ORD000360,2024-07-30,SC,Sul,Livros,Infantis,1,66.06,0.0,28.23,94.29,Cartão de Crédito,Confirmado,Standard,2024-08-09,2024-08-08
ORD000361,2024-07-31,ES,Sudeste,Eletrônicos,Tablets,3,4463.98,0.0,22.47,4486.45,Cartão de Crédito,Confirmado,Standard,2024-08-14,2024-08-13
ORD000362,2024-08-06,SC,Sul,Casa e Decoração,Decoração,1,426.22,0.0,37.1,463.32,Boleto,Confirmado,Scheduled,2024-08-09,2024-08-07
ORD000363,2024-03-19,GO,Centro-Oeste,Livros,Ficção,1,63.84,0.0,23.93,87.77,PIX,Confirmado,Standard,2024-03-24,2024-03-29
ORD000364,2024-02-16,AM,Norte,Eletrônicos,Smartphones,1,581.56,0.0,34.87,616.43,Boleto,Confirmado,Standard,2024-02-29,2024-03-01
ORD000365,2024-08-09,RJ,Sudeste,Casa e Decoração,Utensílios,2,2235.5,0.05,54.25,2177.97,Cartão de Crédito,Confirmado,Same-Day,2024-08-09,2024-08-09
ORD000366,2024-10-11,SP,Sudeste,Esportes,Calçados,1,670.83,0.0,22.29,693.12,Boleto,Confirmado,Standard,2024-10-17,2024-10-16
ORD000367,2024-10-14,SC,Sul,Eletrônicos,Fones de Ouvido,1,2656.67,0.05,57.28,2581.12,Cartão de Débito,Confirmado,Same-Day,2024-10-14,2024-10-14
ORD000368,2024-06-30,AM,Norte,Livros,Ficção,3,229.05,0.0,21.58,250.63,Cartão de Crédito,Confirmado,Standard,2024-07-11,2024-07-11
ORD000369,2024-05-27,DF,Centro-Oeste,Casa e Decoração,Decoração,1,802.02,0.0,31.1,833.12,PIX,Confirmado,Scheduled,2024-05-30,2024-05-31
ORD000370,2024-02-23,DF,Centro-Oeste,Esportes,Equipamentos,1,148.67,0.0,25.06,173.73,Boleto,Confirmado,Standard,2024-03-05,2024-03-06
ORD000371,2024-03-20,GO,Centro-Oeste,Livros,Não-ficção,1,38.24,0.0,42.34,80.58,Cartão de Crédito,Confirmado,Same-Day,2024-03-20,2024-03-21
ORD000372,2024-02-25,SC,Sul,Esportes,Suplementos,1,265.93,0.0,72.63,338.56,Boleto,Confirmado,Same-Day,2024-02-25,2024-02-25
ORD000373,2024-02-28,PA,Norte,Casa e Decoração,Têxtil,1,1461.15,0.0,22.42,1483.57,Cartão de Crédito,Confirmado,Standard,2024-03-13,2024-03-13
ORD000374,2024-04-25,PA,Norte,Livros,HQs,1,92.53,0.0,30.58,123.11,Cartão de Débito,Confirmado,Standard,2024-05-05,2024-05-05
ORD000375,2024-10-12,SP,Sudeste,Esportes,Suplementos,1,756.13,0.0,15.73,771.86,PIX,Confirmado,Standard,2024-10-20,2024-10-22
ORD000376,2024-01-15,MG,Sudeste,Casa e Decoração,Decoração,2,2715.48,0.05,39.39,2619.1,Cartão de Crédito,Confirmado,Same-Day,2024-01-15,2024-01-16
ORD000377,2024-06-22,SC,Sul,Eletrônicos,Notebooks,1,1477.54,0.0,36.65,1514.19,PIX,Confirmado,Standard,2024-06-28,2024-06-29
ORD000378,2024-03-14,DF,Centro-Oeste,Livros,Ficção,2,273.46,0.0,54.85,328.31,PIX,Confirmado,Scheduled,2024-03-19,2024-03-20
ORD000379,2024-03-13,ES,Sudeste,Eletrônicos,Smartphones,1,802.65,0.2,32.45,674.57,PIX,Confirmado,Standard,2024-03-20,2024-03-21
ORD000380,2024-09-28,RS,Sul,Livros,Infantis,1,73.45,0.0,33.51,106.96,Boleto,Confirmado,Standard,2024-10-07,2024-10-06
ORD000381,2024-08-20,SC,Sul,Moda,Vestidos,2,115.43,0.05,13.98,123.64,Boleto,Confirmado,Standard,2024-08-27,2024-08-25
ORD000382,2024-06-08,ES,Sudeste,Casa e Decoração,Têxtil,1,864.44,0.0,31.99,896.43,PIX,Confirmado,Standard,2024-06-21,2024-06-21
ORD000383,2024-02-13,MA,Nordeste,Eletrônicos,Notebooks,1,4407.85,0.0,37.69,4445.54,Cartão de Crédito,Confirmado,Standard,2024-02-19,2024-02-17
ORD000384,2024-03-21,PA,Norte,Esportes,Roupas Esportivas,2,824.08,0.0,57.39,881.47,Cartão de Crédito,Confirmado,Scheduled,2024-03-30,2024-04-08
ORD000385,2024-02-11,PR,Sul,Livros,Infantis,1,27.07,0.15,26.64,49.65,PIX,Confirmado,Standard,2024-02-16,2024-02-17
ORD000386,2024-09-05,DF,Centro-Oeste,Livros,Infantis,1,25.5,0.0,18.83,44.33,PIX,Confirmado,Scheduled,2024-09-10,2024-09-11
ORD000387,2024-05-19,RS,Sul,Esportes,Roupas Esportivas,1,407.51,0.1,38.61,405.37,PIX,Confirmado,Standard,2024-05-24,2024-05-25
ORD000388,2024-06-25,BA,Nordeste,Eletrônicos,Tablets,1,853.51,0.0,40.4,893.91,Cartão de Crédito,Confirmado,Standard,2024-06-30,2024-07-01
ORD000389,2024-10-30,PE,Nordeste,Esportes,Suplementos,1,257.33,0.0,51.07,308.4,PIX,Confirmado,Standard,2024-11-10,
ORD000390,2024-01-24,RS,Sul,Livros,HQs,1,36.28,0.0,28.09,64.37,Boleto,Cancelado,Standard,2024-02-02,
ORD000391,2024-01-29,SP,Sudeste,Moda,Vestidos,1,78.08,0.0,43.59,121.67,PIX,Cancelado,Scheduled,2024-02-03,
ORD000392,2024-04-18,PA,Norte,Moda,Vestidos,1,298.34,0.0,31.52,329.86,Cartão de Crédito,Cancelado,Standard,2024-04-26,
ORD000393,2024-05-28,SC,Sul,Eletrônicos,Smartphones,1,2473.06,0.2,13.43,1991.87,Cartão de Crédito,Confirmado,Standard,2024-06-09,2024-06-10
ORD000394,2024-09-11,ES,Sudeste,Livros,Não-ficção,1,36.86,0.0,11.88,48.74,Cartão de Crédito,Confirmado,Standard,2024-09-17,2024-09-17
ORD000395,2024-03-07,BA,Nordeste,Esportes,Equipamentos,1,790.44,0.0,84.93,875.37,Boleto,Confirmado,Same-Day,2024-03-07,2024-03-07
ORD000396,2024-09-13,CE,Nordeste,Casa e Decoração,Móveis,1,1060.47,0.0,32.03,1092.5,Cartão de Crédito,Confirmado,Standard,2024-09-27,2024-09-29
ORD000397,2024-07-22,AM,Norte,Eletrônicos,Fones de Ouvido,1,1768.64,0.0,34.34,1802.98,Cartão de Débito,Confirmado,Standard,2024-08-05,2024-08-05
ORD000398,2024-01-10,PE,Nordeste,Eletrônicos,Tablets,1,1068.6,0.05,20.22,1035.39,Boleto,Confirmado,Scheduled,2024-01-13,2024-01-14
ORD000399,2024-10-21,BA,Nordeste,Esportes,Acessórios,1,574.67,0.0,47.01,621.68,PIX,Confirmado,Same-Day,2024-10-21,2024-10-22
ORD000400,2024-08-01,PR,Sul,Eletrônicos,Fones de Ouvido,3,4151.66,0.0,27.38,4179.04,Cartão de Crédito,Confirmado,Standard,2024-08-09,2024-08-21
ORD000401,2024-01-11,SC,Sul,Moda,Acessórios,1,217.48,0.0,15.56,233.04,Cartão de Crédito,Confirmado,Standard,2024-01-21,2024-01-23
ORD000402,2024-08-23,AM,Norte,Casa e Decoração,Móveis,1,1247.32,0.0,43.64,1290.96,Cartão de Crédito,Cancelado,Standard,2024-08-28,
ORD000403,2024-08-11,AM,Norte,Eletrônicos,Notebooks,1,3782.59,0.0,20.65,3803.24,Cartão de Crédito,Confirmado,Scheduled,2024-08-17,2024-08-16
ORD000404,2024-08-11,DF,Centro-Oeste,Livros,HQs,1,117.72,0.0,23.43,141.15,Cartão de Crédito,Confirmado,Standard,2024-08-16,2024-08-14
ORD000405,2024-02-10,BA,Nordeste,Casa e Decoração,Decoração,1,658.5,0.1,47.25,639.9,Cartão de Débito,Confirmado,Scheduled,2024-02-17,2024-02-15
ORD000406,2024-04-23,SC,Sul,Moda,Camisetas,1,397.63,0.0,55.65,453.28,PIX,Cancelado,Same-Day,2024-04-23,
ORD000407,2024-09-18,GO,Centro-Oeste,Eletrônicos,Smartwatches,1,2191.12,0.0,36.18,2227.3,Cartão de Crédito,Confirmado,Standard,2024-09-25,2024-09-23
ORD000408,2024-09-18,RS,Sul,Casa e Decoração,Decoração,1,989.83,0.0,18.35,1008.18,PIX,Cancelado,Standard,2024-09-23,
ORD000409,2024-03-16,RS,Sul,Eletrônicos,Notebooks,1,4082.03,0.0,23.97,4106.0,PIX,Confirmado,Standard,2024-03-28,2024-03-27
ORD000410,2024-05-11,RS,Sul,Moda,Acessórios,1,363.03,0.0,27.05,390.08,PIX,Confirmado,Standard,2024-05-25,2024-05-23
ORD000411,2024-03-19,PA,Norte,Eletrônicos,Notebooks,2,8515.59,0.0,42.23,8557.82,Cartão de Crédito,Confirmado,Standard,2024-03-24,2024-03-24
ORD000412,2024-09-09,PE,Nordeste,Esportes,Calçados,1,290.61,0.0,37.85,328.46,Boleto,Confirmado,Standard,2024-09-21,2024-09-20
ORD000413,2024-08-17,GO,Centro-Oeste,Esportes,Calçados,1,526.12,0.0,41.13,567.25,Cartão de Crédito,Confirmado,Standard,2024-08-31,2024-09-01
ORD000414,2024-06-14,AM,Norte,Casa e Decoração,Utensílios,1,759.08,0.05,18.55,739.68,Cartão de Crédito,Confirmado,Standard,2024-06-28,2024-06-29
ORD000415,2024-08-13,RJ,Sudeste,Livros,Infantis,3,270.99,0.1,15.95,259.84,Cartão de Crédito,Confirmado,Standard,2024-08-25,2024-08-26
ORD000416,2024-06-04,PA,Norte,Casa e Decoração,Têxtil,1,748.71,0.1,13.2,687.04,Cartão de Crédito,Confirmado,Standard,2024-06-12,2024-06-14
ORD000417,2024-01-29,SC,Sul,Esportes,Roupas Esportivas,1,207.58,0.0,42.45,250.03,Cartão de Crédito,Confirmado,Scheduled,2024-02-04,2024-02-03
ORD000418,2024-06-07,PE,Nordeste,Livros,Ficção,1,131.3,0.05,24.66,149.39,Cartão de Crédito,Confirmado,Standard,2024-06-13,2024-06-12
ORD000419,2024-01-30,SC,Sul,Casa e Decoração,Móveis,2,2494.43,0.05,24.57,2394.28,Cartão de Crédito,Confirmado,Standard,2024-02-13,2024-02-14
ORD000420,2024-02-16,DF,Centro-Oeste,Esportes,Calçados,1,608.4,0.0,22.72,631.12,Cartão de Crédito,Confirmado,Standard,2024-02-27,2024-02-26
ORD000421,2024-07-15,PE,Nordeste,Esportes,Calçados,2,312.43,0.0,29.02,341.45,Boleto,Cancelado,Standard,2024-07-27,
ORD000422,2024-01-22,PE,Nordeste,Esportes,Equipamentos,2,1350.23,0.0,31.1,1381.33,Cartão de Crédito,Cancelado,Standard,2024-01-31,
ORD000423,2024-06-13,DF,Centro-Oeste,Livros,HQs,1,28.74,0.05,32.74,60.04,Boleto,Confirmado,Standard,2024-06-27,2024-07-01
ORD000424,2024-03-18,SP,Sudeste,Livros,Ficção,2,117.05,0.05,24.09,135.29,Cartão de Débito,Confirmado,Scheduled,2024-03-27,2024-03-27
ORD000425,2024-06-24,ES,Sudeste,Eletrônicos,Smartwatches,1,737.44,0.0,28.42,765.86,Cartão de Crédito,Confirmado,Standard,2024-07-04,2024-07-07
ORD000426,2024-03-29,SP,Sudeste,Moda,Calçados,1,419.31,0.0,34.17,453.48,Cartão de Crédito,Confirmado,Standard,2024-04-03,2024-04-07
ORD000427,2024-08-12,CE,Nordeste,Esportes,Calçados,2,854.27,0.0,44.53,898.8,PIX,Confirmado,Standard,2024-08-17,2024-08-18
ORD000428,2024-03-22,SC,Sul,Casa e Decoração,Decoração,1,1871.85,0.1,25.95,1710.62,Cartão de Crédito,Confirmado,Standard,2024-03-30,2024-03-30
ORD000429,2024-07-17,BA,Nordeste,Casa e Decoração,Têxtil,3,4041.53,0.0,43.45,4084.98,Cartão de Crédito,Confirmado,Same-Day,2024-07-17,2024-07-17
ORD000430,2024-01-27,PA,Norte,Casa e Decoração,Móveis,1,183.68,0.0,39.57,223.25,Cartão de Débito,Confirmado,Standard,2024-02-08,2024-02-06
ORD000431,2024-06-17,RJ,Sudeste,Esportes,Acessórios,3,2182.4,0.0,56.58,2238.98,Boleto,Confirmado,Same-Day,2024-06-17,2024-06-17
ORD000432,2024-05-25,PR,Sul,Esportes,Equipamentos,1,210.88,0.05,22.58,222.92,Cartão de Crédito,Confirmado,Standard,2024-06-01,2024-06-02
ORD000433,2024-06-19,RJ,Sudeste,Esportes,Equipamentos,1,777.45,0.0,32.51,809.96,Cartão de Crédito,Confirmado,Same-Day,2024-06-19,2024-06-20
ORD000434,2024-06-28,PR,Sul,Livros,Não-ficção,1,72.42,0.0,22.85,95.27,PIX,Confirmado,Standard,2024-07-09,2024-07-11
ORD000435,2024-10-31,ES,Sudeste,Eletrônicos,Tablets,1,4744.29,0.0,55.02,4799.31,Cartão de Crédito,Confirmado,Same-Day,2024-10-31,2024-10-31
ORD000436,2024-10-13,BA,Nordeste,Casa e Decoração,Utensílios,1,686.09,0.0,23.61,709.7,Cartão de Crédito,Cancelado,Standard,2024-10-21,
ORD000437,2024-09-26,RJ,Sudeste,Livros,HQs,1,62.16,0.0,43.71,105.87,Cartão de Crédito,Confirmado,Scheduled,2024-10-04,2024-10-07
ORD000438,2024-07-04,SP,Sudeste,Casa e Decoração,Decoração,1,963.37,0.2,23.79,794.48,Cartão de Crédito,Confirmado,Standard,2024-07-17,2024-07-17
ORD000439,2024-04-02,RS,Sul,Casa e Decoração,Iluminação,1,1785.53,0.0,42.17,1827.7,Cartão de Crédito,Confirmado,Scheduled,2024-04-11,2024-04-13
ORD000440,2024-04-08,RS,Sul,Moda,Calças,1,375.9,0.0,32.62,408.52,Cartão de Crédito,Confirmado,Same-Day,2024-04-08,2024-04-08
ORD000441,2024-02-09,PR,Sul,Eletrônicos,Smartwatches,2,1213.37,0.15,16.94,1048.3,PIX,Cancelado,Standard,2024-02-23,
ORD000442,2024-10-03,AM,Norte,Esportes,Roupas Esportivas,1,747.38,0.0,46.46,793.84,PIX,Cancelado,Standard,2024-10-16,
ORD000443,2024-06-21,MA,Nordeste,Esportes,Equipamentos,1,646.91,0.0,28.51,675.42,Cartão de Débito,Confirmado,Standard,2024-07-03,2024-07-14
ORD000444,2024-07-11,MG,Sudeste,Moda,Calças,1,297.44,0.0,70.28,367.72,Cartão de Crédito,Confirmado,Same-Day,2024-07-11,2024-07-12
ORD000445,2024-03-25,ES,Sudeste,Livros,Ficção,1,31.69,0.0,18.62,50.31,Cartão de Crédito,Confirmado,Standard,2024-04-05,2024-04-06
ORD000446,2024-07-29,SC,Sul,Moda,Calçados,1,391.59,0.0,26.58,418.17,Cartão de Crédito,Confirmado,Standard,2024-08-07,2024-08-11
ORD000447,2024-05-25,PA,Norte,Livros,Não-ficção,1,91.16,0.0,17.9,109.06,Cartão de Crédito,Confirmado,Standard,2024-06-01,2024-05-30
ORD000448,2024-09-30,RS,Sul,Casa e Decoração,Iluminação,3,1705.16,0.0,19.36,1724.52,Cartão de Crédito,Confirmado,Standard,2024-10-10,2024-10-10
ORD000449,2024-04-09,SC,Sul,Esportes,Acessórios,1,649.17,0.0,11.36,660.53,PIX,Confirmado,Standard,2024-04-19,2024-04-17
ORD000450,2024-08-24,PA,Norte,Casa e Decoração,Iluminação,1,1980.54,0.0,17.57,1998.11,Cartão de Crédito,Confirmado,Standard,2024-08-31,2024-08-29
ORD000451,2024-09-14,CE,Nordeste,Livros,Não-ficção,3,308.78,0.05,30.41,323.75,Boleto,Confirmado,Standard,2024-09-25,2024-10-07
ORD000452,2024-04-12,PA,Norte,Esportes,Equipamentos,1,672.76,0.05,44.92,684.04,Cartão de Crédito,Confirmado,Standard,2024-04-17,2024-04-15
ORD000453,2024-05-08,SP,Sudeste,Livros,Técnicos,1,119.5,0.1,13.78,121.33,Cartão de Débito,Confirmado,Standard,2024-05-15,2024-05-14
ORD000454,2024-10-10,MA,Nordeste,Eletrônicos,Smartwatches,2,9006.19,0.05,13.05,8568.93,Cartão de Crédito,Confirmado,Standard,2024-10-24,2024-10-25
ORD000455,2024-03-04,PR,Sul,Eletrônicos,Notebooks,1,1957.19,0.0,29.51,1986.7,Cartão de Crédito,Confirmado,Standard,2024-03-10,2024-03-08
ORD000456,2024-05-19,PE,Nordeste,Esportes,Equipamentos,1,797.77,0.0,17.93,815.7,Cartão de Crédito,Confirmado,Standard,2024-06-01,2024-06-02
ORD000457,2024-08-11,RJ,Sudeste,Moda,Calçados,1,267.22,0.0,54.63,321.85,Boleto,Cancelado,Same-Day,2024-08-11,
ORD000458,2024-06-27,MA,Nordeste,Eletrônicos,Fones de Ouvido,2,4580.96,0.0,13.96,4594.92,Cartão de Crédito,Confirmado,Standard,2024-07-06,2024-07-05
ORD000459,2024-01-28,BA,Nordeste,Esportes,Suplementos,2,1312.3,0.0,64.61,1376.91,PIX,Confirmado,Scheduled,2024-02-04,2024-02-17
ORD000460,2024-04-30,BA,Nordeste,Eletrônicos,Tablets,2,3770.98,0.0,22.89,3793.87,PIX,Confirmado,Standard,2024-05-09,2024-05-10
ORD000461,2024-04-24,SP,Sudeste,Casa e Decoração,Móveis,1,342.77,0.0,37.08,379.85,PIX,Confirmado,Standard,2024-04-29,2024-05-02
ORD000462,2024-06-20,PA,Norte,Moda,Calças,1,274.54,0.1,24.24,271.32,Cartão de Crédito,Confirmado,Standard,2024-06-29,2024-06-30
ORD000463,2024-01-20,PR,Sul,Livros,Não-ficção,1,92.07,0.0,74.72,166.79,PIX,Confirmado,Same-Day,2024-01-20,2024-01-20
ORD000464,2024-08-28,PE,Nordeste,Esportes,Roupas Esportivas,1,475.19,0.0,22.37,497.56,Cartão de Crédito,Confirmado,Standard,2024-09-08,2024-09-08
ORD000465,2024-02-10,SP,Sudeste,Casa e Decoração,Utensílios,1,1975.94,0.0,49.84,2025.78,Boleto,Cancelado,Scheduled,2024-02-14,
ORD000466,2024-03-17,CE,Nordeste,Esportes,Calçados,1,423.05,0.0,46.45,469.5,PIX,Confirmado,Scheduled,2024-03-23,2024-03-23
ORD000467,2024-08-04,RJ,Sudeste,Casa e Decoração,Utensílios,1,327.17,0.0,51.3,378.47,Cartão de Débito,Confirmado,Same-Day,2024-08-04,2024-08-05
ORD000468,2024-06-03,RJ,Sudeste,Eletrônicos,Notebooks,1,615.6,0.0,35.5,651.1,Cartão de Crédito,Confirmado,Standard,2024-06-17,2024-06-17
ORD000469,2024-08-02,GO,Centro-Oeste,Esportes,Acessórios,1,424.51,0.0,12.88,437.39,Cartão de Crédito,Confirmado,Standard,2024-08-13,2024-08-12
ORD000470,2024-02-02,RJ,Sudeste,Livros,HQs,2,116.87,0.0,21.98,138.85,Boleto,Confirmado,Standard,2024-02-07,2024-02-19
ORD000471,2024-10-01,SP,Sudeste,Esportes,Calçados,1,499.85,0.0,23.99,523.84,Cartão de Crédito,Confirmado,Standard,2024-10-08,2024-10-17
ORD000472,2024-05-03,ES,Sudeste,Moda,Vestidos,1,192.1,0.05,46.57,229.06,PIX,Confirmado,Same-Day,2024-05-03,2024-05-05
ORD000473,2024-08-07,SP,Sudeste,Esportes,Suplementos,1,301.21,0.0,45.9,347.11,Boleto,Confirmado,Same-Day,2024-08-07,2024-08-08
ORD000474,2024-05-03,DF,Centro-Oeste,Livros,Não-ficção,1,64.11,0.0,43.93,108.04,Cartão de Crédito,Confirmado,Standard,2024-05-15,2024-05-25
ORD000475,2024-02-13,CE,Nordeste,Casa e Decoração,Móveis,1,835.82,0.0,15.4,851.22,PIX,Cancelado,Standard,2024-02-23,
ORD000476,2024-09-26,CE,Nordeste,Esportes,Calçados,1,177.46,0.0,33.49,210.95,Cartão de Crédito,Confirmado,Standard,2024-10-01,2024-09-29
ORD000477,2024-10-10,SP,Sudeste,Livros,Infantis,1,107.83,0.0,16.45,124.28,Cartão de Crédito,Confirmado,Standard,2024-10-17,2024-10-18
ORD000478,2024-01-23,GO,Centro-Oeste,Livros,Técnicos,1,124.39,0.0,40.96,165.35,Cartão de Crédito,Confirmado,Standard,2024-01-30,2024-01-30
ORD000479,2024-05-09,ES,Sudeste,Eletrônicos,Tablets,1,2171.96,0.0,24.1,2196.06,Boleto,Confirmado,Standard,2024-05-19,2024-05-20
ORD000480,2024-02-04,SC,Sul,Moda,Camisetas,1,462.1,0.0,30.35,492.45,Cartão de Crédito,Cancelado,Standard,2024-02-18,
ORD000481,2024-10-24,ES,Sudeste,Casa e Decoração,Utensílios,1,436.59,0.0,25.49,462.08,Boleto,Cancelado,Standard,2024-11-06,
ORD000482,2024-01-23,SC,Sul,Esportes,Suplementos,1,724.45,0.05,20.26,708.48,PIX,Confirmado,Standard,2024-01-28,2024-01-26
ORD000483,2024-03-30,AM,Norte,Livros,Infantis,1,77.18,0.0,36.38,113.56,Cartão de Débito,Confirmado,Standard,2024-04-08,2024-04-22
ORD000484,2024-04-03,PA,Norte,Moda,Camisetas,1,248.52,0.0,15.66,264.18,Cartão de Crédito,Cancelado,Standard,2024-04-17,
ORD000485,2024-08-22,SP,Sudeste,Casa e Decoração,Utensílios,1,1590.37,0.0,33.94,1624.31,Boleto,Confirmado,Scheduled,2024-08-31,2024-08-30
ORD000486,2024-01-23,PA,Norte,Moda,Camisetas,1,133.18,0.0,73.02,206.2,Cartão de Crédito,Confirmado,Same-Day,2024-01-23,2024-01-23
ORD000487,2024-06-10,MA,Nordeste,Casa e Decoração,Têxtil,1,123.45,0.05,36.32,153.6,Cartão de Crédito,Confirmado,Standard,2024-06-17,2024-06-21
ORD000488,2024-07-22,AM,Norte,Esportes,Acessórios,1,684.19,0.0,15.78,699.97,Boleto,Confirmado,Standard,2024-08-04,2024-08-02
ORD000489,2024-05-09,SP,Sudeste,Moda,Vestidos,2,202.19,0.05,75.14,267.22,Boleto,Confirmado,Same-Day,2024-05-09,2024-05-10
ORD000490,2024-07-01,AM,Norte,Eletrônicos,Tablets,1,4289.74,0.0,17.95,4307.69,Cartão de Crédito,Confirmado,Standard,2024-07-14,2024-07-14
ORD000491,2024-05-19,RJ,Sudeste,Casa e Decoração,Iluminação,1,1980.06,0.1,21.46,1803.51,Boleto,Confirmado,Standard,2024-06-01,2024-06-02
ORD000492,2024-07-23,ES,Sudeste,Livros,Infantis,1,73.4,0.0,20.06,93.46,Cartão de Crédito,Confirmado,Standard,2024-07-30,2024-08-09
ORD000493,2024-06-22,MG,Sudeste,Livros,Infantis,1,114.73,0.0,12.91,127.64,Cartão de Crédito,Confirmado,Standard,2024-06-28,2024-06-26
ORD000494,2024-07-07,MA,Nordeste,Esportes,Suplementos,2,844.13,0.0,26.65,870.78,PIX,Cancelado,Standard,2024-07-16,
ORD000495,2024-02-12,ES,Sudeste,Livros,Ficção,3,328.05,0.05,28.92,340.56,PIX,Confirmado,Standard,2024-02-24,2024-02-26
ORD000496,2024-08-08,DF,Centro-Oeste,Moda,Acessórios,1,414.71,0.05,28.22,422.2,Cartão de Crédito,Confirmado,Standard,2024-08-17,2024-08-16
ORD000497,2024-05-30,SC,Sul,Eletrônicos,Smartphones,1,3435.24,0.0,27.06,3462.3,Cartão de Crédito,Confirmado,Standard,2024-06-06,2024-06-05
ORD000498,2024-06-16,GO,Centro-Oeste,Casa e Decoração,Decoração,1,121.05,0.0,15.21,136.26,Cartão de Crédito,Confirmado,Standard,2024-06-23,2024-06-23
ORD000499,2024-08-16,DF,Centro-Oeste,Livros,Não-ficção,1,111.09,0.1,19.05,119.03,PIX,Confirmado,Standard,2024-08-22,2024-08-22
ORD000500,2024-08-15,SC,Sul,Livros,Ficção,1,23.28,0.05,17.83,39.94,PIX,Confirmado,Standard,2024-08-24,2024-08-28
ORD000501,2024-06-29,DF,Centro-Oeste,Livros,Técnicos,1,36.97,0.0,18.85,55.82,PIX,Confirmado,Scheduled,2024-07-03,2024-07-02
ORD000502,2024-01-30,RJ,Sudeste,Livros,Técnicos,1,138.04,0.0,13.14,151.18,Cartão de Crédito,Confirmado,Standard,2024-02-04,2024-02-03
ORD000503,2024-09-19,PA,Norte,Moda,Camisetas,1,371.49,0.0,38.04,409.53,Cartão de Crédito,Confirmado,Standard,2024-09-25,2024-09-27
ORD000504,2024-03-14,AM,Norte,Esportes,Acessórios,2,1062.83,0.0,22.97,1085.8,Cartão de Crédito,Confirmado,Standard,2024-03-26,2024-03-25
ORD000505,2024-01-18,MG,Sudeste,Eletrônicos,Notebooks,1,2461.98,0.0,34.95,2496.93,Cartão de Crédito,Confirmado,Standard,2024-02-01,2024-02-02
ORD000506,2024-07-06,SC,Sul,Livros,HQs,1,95.27,0.0,21.62,116.89,PIX,Confirmado,Standard,2024-07-20,2024-07-27
ORD000507,2024-01-17,DF,Centro-Oeste,Moda,Calçados,1,300.83,0.0,81.73,382.56,PIX,Confirmado,Same-Day,2024-01-17,2024-01-18
ORD000508,2024-07-08,SC,Sul,Livros,Ficção,2,114.68,0.0,36.92,151.6,Cartão de Crédito,Confirmado,Standard,2024-07-22,2024-07-26
ORD000509,2024-10-20,MG,Sudeste,Esportes,Suplementos,1,379.71,0.1,25.37,367.11,PIX,Cancelado,Standard,2024-10-31,
ORD000510,2024-07-22,SC,Sul,Casa e Decoração,Utensílios,1,1955.47,0.1,33.46,1793.38,PIX,Confirmado,Standard,2024-07-28,2024-07-28
ORD000511,2024-02-28,SP,Sudeste,Moda,Calçados,1,108.82,0.05,16.2,119.58,Boleto,Confirmado,Standard,2024-03-05,2024-03-06
ORD000512,2024-09-22,BA,Nordeste,Esportes,Roupas Esportivas,1,616.55,0.0,20.75,637.3,PIX,Confirmado,Standard,2024-09-30,2024-10-04
ORD000513,2024-05-14,PA,Norte,Casa e Decoração,Iluminação,2,3608.58,0.0,36.64,3645.22,Cartão de Crédito,Confirmado,Scheduled,2024-05-23,2024-05-23
ORD000514,2024-04-19,DF,Centro-Oeste,Casa e Decoração,Iluminação,1,572.23,0.05,28.14,571.75,PIX,Confirmado,Scheduled,2024-04-23,2024-04-22
ORD000515,2024-04-12,RJ,Sudeste,Moda,Camisetas,2,721.29,0.0,25.02,746.31,Boleto,Confirmado,Standard,2024-04-19,2024-04-20
ORD000516,2024-08-19,MG,Sudeste,Livros,Ficção,2,248.62,0.0,26.51,275.13,PIX,Confirmado,Scheduled,2024-08-24,2024-09-03
ORD000517,2024-06-12,GO,Centro-Oeste,Casa e Decoração,Móveis,1,1731.16,0.05,70.27,1714.87,Cartão de Crédito,Confirmado,Same-Day,2024-06-12,2024-06-13
ORD000518,2024-10-08,CE,Nordeste,Casa e Decoração,Decoração,3,5200.17,0.0,20.59,5220.76,PIX,Confirmado,Standard,2024-10-13,2024-10-14
ORD000519,2024-03-21,ES,Sudeste,Moda,Vestidos,1,310.02,0.0,79.06,389.08,Cartão de Débito,Cancelado,Same-Day,2024-03-21,
ORD000520,2024-09-17,RS,Sul,Eletrônicos,Notebooks,1,2310.01,0.05,19.97,2214.48,Cartão de Crédito,Confirmado,Scheduled,2024-09-21,2024-09-20
ORD000521,2024-03-12,RS,Sul,Livros,Ficção,1,62.39,0.0,23.16,85.55,PIX,Confirmado,Scheduled,2024-03-19,2024-03-20
ORD000522,2024-07-03,CE,Nordeste,Esportes,Suplementos,1,783.86,0.2,29.58,656.67,Cartão de Crédito,Confirmado,Scheduled,2024-07-11,2024-07-10
ORD000523,2024-08-27,PA,Norte,Esportes,Equipamentos,1,200.57,0.0,29.22,229.79,Cartão de Crédito,Confirmado,Standard,2024-09-02,2024-09-01
ORD000524,2024-02-14,RJ,Sudeste,Casa e Decoração,Iluminação,1,1751.43,0.0,34.53,1785.96,PIX,Confirmado,Standard,2024-02-19,2024-02-20
ORD000525,2024-09-02,CE,Nordeste,Livros,Infantis,1,53.36,0.0,36.25,89.61,Cartão de Débito,Confirmado,Standard,2024-09-10,2024-09-10
ORD000526,2024-10-21,RJ,Sudeste,Moda,Vestidos,1,74.63,0.0,10.01,84.64,Cartão de Débito,Cancelado,Standard,2024-10-31,
ORD000527,2024-02-07,PE,Nordeste,Livros,HQs,1,126.89,0.05,52.39,172.94,Cartão de Crédito,Confirmado,Scheduled,2024-02-13,2024-02-12
ORD000528,2024-06-25,MG,Sudeste,Esportes,Calçados,1,132.56,0.05,32.48,158.41,Cartão de Débito,Confirmado,Standard,2024-07-01,2024-06-30
ORD000529,2024-04-03,PA,Norte,Moda,Calçados,1,173.53,0.0,41.82,215.35,PIX,Confirmado,Standard,2024-04-08,2024-04-11
ORD000530,2024-09-14,MA,Nordeste,Eletrônicos,Smartphones,1,3522.14,0.0,44.51,3566.65,Cartão de Crédito,Confirmado,Standard,2024-09-24,2024-09-22
ORD000531,2024-09-22,MG,Sudeste,Casa e Decoração,Utensílios,1,1784.35,0.1,26.04,1631.96,PIX,Confirmado,Standard,2024-10-06,2024-10-06
ORD000532,2024-03-23,SC,Sul,Moda,Vestidos,2,116.45,0.0,48.3,164.75,Cartão de Crédito,Confirmado,Scheduled,2024-04-01,2024-04-01
ORD000533,2024-09-22,MA,Nordeste,Casa e Decoração,Móveis,1,216.71,0.0,51.12,267.83,PIX,Confirmado,Standard,2024-10-06,2024-10-06
ORD000534,2024-05-08,RS,Sul,Esportes,Suplementos,1,324.31,0.2,30.22,289.67,PIX,Confirmado,Standard,2024-05-15,2024-05-15
ORD000535,2024-03-05,GO,Centro-Oeste,Casa e Decoração,Têxtil,1,719.94,0.05,39.53,723.47,Cartão de Crédito,Confirmado,Standard,2024-03-10,2024-03-08
ORD000536,2024-09-30,RJ,Sudeste,Esportes,Equipamentos,1,180.08,0.0,13.47,193.55,PIX,Confirmado,Standard,2024-10-05,2024-10-08
ORD000537,2024-10-30,DF,Centro-Oeste,Moda,Calças,1,491.36,0.0,53.17,544.53,PIX,Confirmado,Scheduled,2024-11-04,2024-11-06
ORD000538,2024-06-21,AM,Norte,Esportes,Roupas Esportivas,1,303.42,0.05,80.96,369.21,Cartão de Crédito,Confirmado,Same-Day,2024-06-21,2024-06-21
ORD000539,2024-01-15,RJ,Sudeste,Eletrônicos,Smartwatches,1,1492.29,0.15,17.83,1286.28,Cartão de Débito,Confirmado,Standard,2024-01-23,2024-01-24
ORD000540,2024-05-15,GO,Centro-Oeste,Moda,Acessórios,1,102.12,0.0,60.95,163.07,Boleto,Confirmado,Same-Day,2024-05-15,
ORD000541,2024-08-01,DF,Centro-Oeste,Eletrônicos,Fones de Ouvido,1,3324.51,0.0,51.83,3376.34,PIX,Confirmado,Scheduled,2024-08-05,2024-08-18
ORD000542,2024-10-06,PR,Sul,Casa e Decoração,Iluminação,1,736.1,0.0,14.46,750.56,Boleto,Cancelado,Standard,2024-10-11,
ORD000543,2024-05-05,PA,Norte,Livros,Técnicos,3,226.14,0.0,49.39,275.53,Boleto,Confirmado,Standard,2024-05-10,2024-05-10
ORD000544,2024-08-20,RJ,Sudeste,Eletrônicos,Notebooks,1,4104.22,0.0,27.0,4131.22,PIX,Confirmado,Scheduled,2024-08-29,2024-08-29
ORD000545,2024-08-13,BA,Nordeste,Livros,Infantis,1,27.25,0.0,16.14,43.39,Cartão de Crédito,Confirmado,Standard,2024-08-18,2024-08-16
ORD000546,2024-04-14,SC,Sul,Esportes,Equipamentos,1,84.35,0.0,37.78,122.13,Cartão de Crédito,Cancelado,Standard,2024-04-26,
ORD000547,2024-06-09,AM,Norte,Casa e Decoração,Decoração,1,1457.92,0.0,16.16,1474.08,PIX,Confirmado,Standard,2024-06-17,2024-06-23
ORD000548,2024-07-23,MG,Sudeste,Casa e Decoração,Têxtil,2,964.8,0.0,25.06,989.86,Boleto,Confirmado,Standard,2024-08-05,2024-08-05
ORD000549,2024-10-14,RJ,Sudeste,Casa e Decoração,Utensílios,1,983.57,0.05,29.83,964.22,Cartão de Crédito,Cancelado,Scheduled,2024-10-18,
ORD000550,2024-08-26,RJ,Sudeste,Casa e Decoração,Iluminação,1,1675.83,0.1,18.98,1527.23,Cartão de Crédito,Confirmado,Standard,2024-09-02,2024-09-02
ORD000551,2024-05-06,MG,Sudeste,Eletrônicos,Smartphones,3,12744.65,0.05,20.18,12127.6,Boleto,Confirmado,Standard,2024-05-16,2024-05-14
ORD000552,2024-05-28,BA,Nordeste,Esportes,Acessórios,1,94.42,0.0,31.1,125.52,Boleto,Confirmado,Standard,2024-06-08,2024-06-11
ORD000553,2024-05-07,AM,Norte,Moda,Vestidos,1,100.78,0.0,27.84,128.62,Cartão de Crédito,Confirmado,Standard,2024-05-21,2024-05-26
ORD000554,2024-10-22,ES,Sudeste,Casa e Decoração,Utensílios,1,1806.11,0.05,23.4,1739.21,Cartão de Crédito,Confirmado,Standard,2024-10-30,2024-10-29
ORD000555,2024-03-22,PE,Nordeste,Esportes,Acessórios,1,783.64,0.0,74.79,858.43,Cartão de Crédito,Confirmado,Same-Day,2024-03-22,2024-03-23
ORD000556,2024-09-12,MA,Nordeste,Casa e Decoração,Iluminação,2,2863.29,0.0,49.53,2912.82,Boleto,Confirmado,Standard,2024-09-20,2024-09-21
ORD000557,2024-01-12,RJ,Sudeste,Livros,HQs,1,129.47,0.0,26.66,156.13,Boleto,Confirmado,Standard,2024-01-21,2024-01-22
ORD000558,2024-08-22,RS,Sul,Moda,Acessórios,1,210.24,0.0,66.99,277.23,PIX,Confirmado,Same-Day,2024-08-22,2024-08-22
ORD000559,2024-06-29,SP,Sudeste,Eletrônicos,Tablets,1,1452.86,0.0,35.74,1488.6,PIX,Confirmado,Standard,2024-07-10,2024-07-14
ORD000560,2024-09-10,DF,Centro-Oeste,Livros,Técnicos,1,45.07,0.0,38.58,83.65,PIX,Confirmado,Same-Day,2024-09-10,2024-09-10
ORD000561,2024-10-01,SP,Sudeste,Eletrônicos,Fones de Ouvido,1,3202.62,0.0,39.09,3241.71,PIX,Cancelado,Standard,2024-10-06,
ORD000562,2024-03-09,MA,Nordeste,Casa e Decoração,Decoração,1,1470.15,0.0,13.97,1484.12,Cartão de Crédito,Confirmado,Standard,2024-03-23,2024-03-21
ORD000563,2024-07-25,SC,Sul,Eletrônicos,Fones de Ouvido,2,7552.11,0.0,49.28,7601.39,Boleto,Cancelado,Same-Day,2024-07-25,
ORD000564,2024-01-27,DF,Centro-Oeste,Esportes,Equipamentos,2,1239.93,0.0,40.48,1280.41,Cartão de Crédito,Confirmado,Standard,2024-02-10,2024-02-12
ORD000565,2024-07-04,CE,Nordeste,Casa e Decoração,Móveis,1,1738.73,0.1,14.94,1579.8,Boleto,Confirmado,Standard,2024-07-11,2024-07-12
ORD000566,2024-07-16,CE,Nordeste,Livros,HQs,1,63.84,0.0,31.54,95.38,PIX,Confirmado,Standard,2024-07-24,2024-07-28
ORD000567,2024-05-23,AM,Norte,Esportes,Calçados,1,162.25,0.05,51.27,205.41,Cartão de Crédito,Confirmado,Standard,2024-06-05,2024-06-04
ORD000568,2024-03-01,MG,Sudeste,Eletrônicos,Fones de Ouvido,1,2222.97,0.0,23.78,2246.75,Cartão de Crédito,Confirmado,Scheduled,2024-03-07,2024-03-06
ORD000569,2024-07-10,PA,Norte,Casa e Decoração,Têxtil,1,757.77,0.0,47.51,805.28,Cartão de Crédito,Confirmado,Standard,2024-07-15,2024-07-29
ORD000570,2024-07-06,PA,Norte,Moda,Calças,1,304.09,0.0,46.08,350.17,PIX,Confirmado,Standard,2024-07-20,2024-07-22
ORD000571,2024-09-17,BA,Nordeste,Esportes,Roupas Esportivas,1,202.23,0.0,19.7,221.93,Boleto,Confirmado,Standard,2024-09-27,2024-09-25
ORD000572,2024-01-24,SP,Sudeste,Moda,Vestidos,1,149.14,0.0,75.31,224.45,PIX,Confirmado,Same-Day,2024-01-24,2024-01-28
ORD000573,2024-08-30,CE,Nordeste,Livros,Não-ficção,1,30.36,0.1,17.92,45.25,Boleto,Confirmado,Standard,2024-09-08,2024-09-08
ORD000574,2024-09-20,MG,Sudeste,Casa e Decoração,Têxtil,1,1808.57,,16.05,1824.62,Cartão de Débito,Confirmado,Standard,2024-09-27,2024-09-28
ORD000575,2024-06-12,MG,Sudeste,Livros,HQs,1,40.13,0.0,38.33,78.46,Cartão de Débito,Confirmado,Standard,2024-06-17,2024-06-29
ORD000576,2024-06-02,DF,Centro-Oeste,Casa e Decoração,Têxtil,3,1474.23,0.0,48.79,1523.02,PIX,Confirmado,Scheduled,2024-06-08,2024-06-06
ORD000577,2024-09-17,CE,Nordeste,Livros,HQs,1,59.24,0.0,37.75,96.99,Boleto,Confirmado,Standard,2024-09-23,2024-10-04
ORD000578,2024-06-02,PE,Nordeste,Eletrônicos,Tablets,1,4736.0,0.0,32.04,4768.04,Cartão de Crédito,Confirmado,Scheduled,2024-06-09,2024-06-23
ORD000579,2024-06-18,GO,Centro-Oeste,Eletrônicos,Fones de Ouvido,1,646.03,0.0,18.99,665.02,Cartão de Crédito,Cancelado,Standard,2024-06-24,
ORD000580,2024-10-25,PR,Sul,Eletrônicos,Smartwatches,1,711.47,0.0,28.87,740.34,Boleto,Cancelado,Standard,2024-11-01,
ORD000581,2024-08-30,PR,Sul,Esportes,Calçados,1,470.65,0.0,24.68,495.33,Cartão de Crédito,Confirmado,Standard,2024-09-13,2024-09-21
ORD000582,2024-04-26,ES,Sudeste,Eletrônicos,Smartwatches,1,1849.68,0.0,22.0,1871.68,Cartão de Crédito,Confirmado,Standard,2024-05-10,2024-05-09
ORD000583,2024-09-02,MG,Sudeste,Esportes,Calçados,1,510.42,0.0,50.54,560.96,Boleto,Confirmado,Same-Day,2024-09-02,2024-09-02
ORD000584,2024-07-13,MG,Sudeste,Moda,Camisetas,1,408.83,0.05,25.43,413.82,PIX,Confirmado,Standard,2024-07-27,2024-07-27
ORD000585,2024-10-20,ES,Sudeste,Eletrônicos,Notebooks,1,3728.13,0.1,24.26,3379.58,PIX,Confirmado,Standard,2024-10-26,2024-10-29
ORD000586,2024-01-10,PE,Nordeste,Casa e Decoração,Iluminação,1,911.03,0.0,95.81,1006.84,Cartão de Crédito,Confirmado,Same-Day,2024-01-10,2024-01-10
ORD000587,2024-03-18,BA,Nordeste,Moda,Calçados,1,487.33,0.0,46.46,533.79,Cartão de Crédito,Confirmado,Standard,2024-03-26,2024-03-27
ORD000588,2024-09-13,PA,Norte,Esportes,Acessórios,1,780.75,0.0,27.66,808.41,PIX,Confirmado,Standard,2024-09-27,2024-09-27
ORD000589,2024-02-01,ES,Sudeste,Moda,Acessórios,1,451.01,0.05,16.76,445.22,Cartão de Crédito,Confirmado,Scheduled,2024-02-10,2024-02-09
ORD000590,2024-04-16,CE,Nordeste,Casa e Decoração,Iluminação,1,174.79,0.05,31.24,197.29,Boleto,Confirmado,Standard,2024-04-23,2024-04-24
ORD000591,2024-09-26,BA,Nordeste,Casa e Decoração,Utensílios,1,312.68,0.0,103.13,415.81,Cartão de Crédito,Confirmado,Same-Day,2024-09-26,2024-10-07
ORD000592,2024-08-23,MA,Nordeste,Esportes,Suplementos,1,321.79,0.1,42.66,332.27,Cartão de Crédito,Confirmado,Scheduled,2024-08-29,2024-08-27
ORD000593,2024-10-06,SC,Sul,Casa e Decoração,Têxtil,1,1201.68,0.0,39.96,1241.64,Cartão de Crédito,Confirmado,Standard,2024-10-19,2024-10-17
ORD000594,2024-09-04,RS,Sul,Moda,Vestidos,1,247.8,0.0,12.61,260.41,Cartão de Crédito,Cancelado,Standard,2024-09-15,
ORD000595,2024-10-12,PR,Sul,Moda,Vestidos,1,226.81,0.0,61.26,288.07,Cartão de Débito,Confirmado,Same-Day,2024-10-12,2024-10-12
ORD000596,2024-05-27,ES,Sudeste,Moda,Calçados,1,482.34,0.0,23.5,505.84,PIX,Confirmado,Standard,2024-06-07,2024-06-09
ORD000597,2024-06-11,PE,Nordeste,Casa e Decoração,Têxtil,1,1122.62,0.0,51.12,1173.74,PIX,Confirmado,Standard,2024-06-23,2024-06-24
ORD000598,2024-05-20,PR,Sul,Eletrônicos,Smartwatches,1,2947.04,0.0,36.4,2983.44,Cartão de Crédito,Confirmado,Scheduled,2024-05-25,2024-05-23
ORD000599,2024-10-05,BA,Nordeste,Livros,Técnicos,1,65.1,0.05,43.97,105.82,Boleto,Confirmado,Standard,2024-10-13,2024-10-11
ORD000600,2024-03-15,PR,Sul,Eletrônicos,Tablets,1,3877.69,0.0,15.46,3893.15,Boleto,Cancelado,Standard,2024-03-21,
ORD000601,2024-02-10,SC,Sul,Livros,Técnicos,2,210.13,0.0,37.77,247.9,PIX,Confirmado,Standard,2024-02-20,2024-02-18
ORD000602,2024-09-02,RS,Sul,Moda,Acessórios,1,440.18,0.15,23.67,397.82,Cartão de Crédito,Confirmado,Scheduled,2024-09-08,2024-09-09
ORD000603,2024-05-18,MA,Nordeste,Esportes,Suplementos,1,311.12,0.0,41.72,352.84,Cartão de Crédito,Confirmado,Standard,2024-05-30,2024-05-30
ORD000604,2024-03-11,RJ,Sudeste,Esportes,Calçados,1,307.26,0.0,19.28,326.54,Cartão de Débito,Confirmado,Standard,2024-03-25,2024-03-26
ORD000605,2024-05-02,RS,Sul,Eletrônicos,Smartwatches,1,4925.03,0.0,60.37,4985.4,Cartão de Crédito,Confirmado,Same-Day,2024-05-02,2024-05-02
ORD000606,2024-04-25,GO,Centro-Oeste,Moda,Camisetas,1,493.92,0.0,37.89,531.81,Cartão de Crédito,Confirmado,Standard,2024-05-02,2024-05-01
ORD000607,2024-02-21,BA,Nordeste,Casa e Decoração,Iluminação,1,326.14,0.0,22.91,349.05,PIX,Confirmado,Standard,2024-03-04,2024-03-03
ORD000608,2024-02-21,GO,Centro-Oeste,Moda,Camisetas,1,392.15,0.0,15.6,407.75,PIX,Confirmado,Standard,2024-02-28,2024-02-29
ORD000609,2024-10-08,MA,Nordeste,Moda,Calçados,1,186.48,0.0,29.86,216.34,Cartão de Crédito,Confirmado,Standard,2024-10-18,2024-10-19
ORD000610,2024-08-31,PE,Nordeste,Moda,Vestidos,1,154.58,0.2,53.68,177.35,Cartão de Crédito,Confirmado,Same-Day,2024-08-31,2024-08-31
ORD000611,2024-06-13,PR,Sul,Eletrônicos,Smartphones,1,4152.32,0.0,64.65,4216.97,Cartão de Débito,Confirmado,Same-Day,2024-06-13,2024-06-14
ORD000612,2024-10-20,RS,Sul,Esportes,Roupas Esportivas,1,462.67,0.0,27.08,489.75,Cartão de Crédito,Confirmado,Standard,2024-11-03,2024-11-03
ORD000613,2024-03-30,BA,Nordeste,Moda,Camisetas,1,128.37,0.05,14.06,136.01,Cartão de Crédito,Confirmado,Standard,2024-04-09,2024-04-10
ORD000614,2024-07-22,PA,Norte,Livros,Não-ficção,1,104.82,0.0,24.62,129.44,Cartão de Crédito,Confirmado,Standard,2024-08-02,2024-08-01
ORD000615,2024-05-28,MA,Nordeste,Eletrônicos,Smartphones,2,3716.2,0.0,14.51,3730.71,Cartão de Crédito,Confirmado,Standard,2024-06-02,2024-06-02
ORD000616,2024-06-01,DF,Centro-Oeste,Esportes,Roupas Esportivas,2,522.6,0.0,35.72,558.32,Cartão de Crédito,Confirmado,Scheduled,2024-06-06,2024-06-05
ORD000617,2024-06-20,PR,Sul,Livros,HQs,1,48.64,0.0,25.73,74.37,PIX,Confirmado,Standard,2024-06-29,2024-06-27
ORD000618,2024-09-25,PE,Nordeste,Moda,Acessórios,1,108.09,0.0,37.24,145.33,Cartão de Crédito,Confirmado,Standard,2024-10-04,2024-10-02
ORD000619,2024-08-27,PR,Sul,Moda,Camisetas,1,474.34,0.05,35.63,486.26,PIX,Confirmado,Same-Day,2024-08-27,2024-08-27
ORD000620,2024-06-18,MG,Sudeste,Livros,Técnicos,1,76.78,0.05,29.63,102.57,Cartão de Débito,Confirmado,Standard,2024-06-23,2024-06-26
ORD000621,2024-04-05,SP,Sudeste,Casa e Decoração,Decoração,1,760.79,0.0,36.38,797.17,Boleto,Confirmado,Standard,2024-04-16,2024-04-19
ORD000622,2024-10-17,GO,Centro-Oeste,Moda,Calças,1,247.61,0.0,71.58,319.19,Cartão de Crédito,Confirmado,Same-Day,2024-10-17,2024-10-18
ORD000623,2024-07-26,AM,Norte,Livros,HQs,2,243.91,0.0,49.33,293.24,Cartão de Crédito,Confirmado,Standard,2024-08-02,2024-08-01
ORD000624,2024-06-16,RJ,Sudeste,Livros,Ficção,1,126.2,0.0,11.71,137.91,Cartão de Crédito,Confirmado,Standard,2024-06-21,2024-06-21
ORD000625,2024-04-04,MG,Sudeste,Livros,Técnicos,2,266.12,0.0,12.31,278.43,PIX,Confirmado,Standard,2024-04-18,2024-04-17
ORD000626,2024-05-07,SP,Sudeste,Casa e Decoração,Iluminação,2,3387.59,0.0,15.77,3403.36,Cartão de Crédito,Confirmado,Standard,2024-05-16,2024-05-20
ORD000627,2024-04-30,PE,Nordeste,Casa e Decoração,Decoração,1,1076.64,0.0,35.72,1112.36,PIX,Confirmado,Standard,2024-05-10,2024-05-11
ORD000628,2024-06-03,DF,Centro-Oeste,Esportes,Roupas Esportivas,1,216.4,0.1,15.12,209.88,Boleto,Confirmado,Standard,2024-06-12,2024-06-10
ORD000629,2024-05-13,GO,Centro-Oeste,Casa e Decoração,Utensílios,3,1919.13,0.15,19.59,1650.85,PIX,Confirmado,Standard,2024-05-22,2024-05-24
ORD000630,2024-02-01,GO,Centro-Oeste,Eletrônicos,Fones de Ouvido,1,2086.16,0.0,39.33,2125.49,Cartão de Débito,Confirmado,Standard,2024-02-09,2024-02-07
ORD000631,2024-06-06,MG,Sudeste,Livros,HQs,1,125.67,0.0,65.16,190.83,PIX,Confirmado,Same-Day,2024-06-06,2024-06-09
ORD000632,2024-06-08,ES,Sudeste,Eletrônicos,Tablets,1,4776.38,0.0,10.99,4787.37,Cartão de Débito,Confirmado,Standard,2024-06-15,2024-06-18
ORD000633,2024-07-07,DF,Centro-Oeste,Moda,Calças,1,147.98,0.0,11.48,159.46,Cartão de Débito,Cancelado,Standard,2024-07-15,
ORD000634,2024-03-09,PE,Nordeste,Moda,Calçados,1,460.3,0.0,19.11,479.41,PIX,Confirmado,Standard,2024-03-23,2024-03-23
ORD000635,2024-07-10,BA,Nordeste,Esportes,Acessórios,1,748.17,0.0,60.73,808.9,Cartão de Crédito,Confirmado,Scheduled,2024-07-19,2024-07-30
ORD000636,2024-10-02,PA,Norte,Moda,Calças,1,445.44,0.1,36.93,437.82,Cartão de Crédito,Confirmado,Standard,2024-10-11,2024-10-16
ORD000637,2024-02-11,CE,Nordeste,Livros,HQs,1,80.98,0.05,35.41,112.34,Boleto,Confirmado,Standard,2024-02-20,2024-02-19
ORD000638,2024-07-04,RJ,Sudeste,Esportes,Roupas Esportivas,1,405.7,0.05,12.6,398.02,Cartão de Crédito,Confirmado,Standard,2024-07-17,2024-07-16
ORD000639,2024-02-01,AM,Norte,Esportes,Calçados,1,567.53,0.0,14.52,582.05,Cartão de Crédito,Confirmado,Standard,2024-02-08,2024-02-10
ORD000640,2024-04-13,DF,Centro-Oeste,Esportes,Equipamentos,1,326.06,0.0,33.63,359.69,Cartão de Crédito,Confirmado,Standard,2024-04-20,2024-04-23
ORD000641,2024-03-25,SC,Sul,Esportes,Acessórios,2,482.0,0.05,24.68,482.58,Cartão de Crédito,Confirmado,Standard,2024-04-03,2024-04-05
ORD000642,2024-02-29,GO,Centro-Oeste,Moda,Acessórios,2,504.35,0.15,31.6,460.3,Cartão de Crédito,Confirmado,Standard,2024-03-13,2024-03-12
ORD000643,2024-09-07,RJ,Sudeste,Esportes,Acessórios,1,599.16,0.05,21.26,590.46,Boleto,Confirmado,Standard,2024-09-18,2024-09-17
ORD000644,2024-01-29,PE,Nordeste,Moda,Acessórios,2,981.82,0.0,35.6,1017.42,Cartão de Débito,Confirmado,Standard,2024-02-11,2024-02-12
ORD000645,2024-07-31,PE,Nordeste,Esportes,Roupas Esportivas,1,270.92,0.15,42.38,272.66,PIX,Confirmado,Scheduled,2024-08-09,2024-08-08
ORD000646,2024-10-13,PE,Nordeste,Casa e Decoração,Móveis,1,411.09,0.0,44.82,455.91,Cartão de Crédito,Confirmado,Standard,2024-10-27,2024-10-27
ORD000647,2024-07-21,PR,Sul,Eletrônicos,Notebooks,1,3333.58,0.0,43.73,3377.31,Cartão de Crédito,Confirmado,Scheduled,2024-07-24,2024-07-24
ORD000648,2024-10-23,RJ,Sudeste,Eletrônicos,Fones de Ouvido,2,6226.92,0.0,52.29,6279.21,PIX,Confirmado,Same-Day,2024-10-23,2024-10-23
ORD000649,2024-06-25,ES,Sudeste,Eletrônicos,Smartwatches,1,3887.81,0.0,19.0,3906.81,Cartão de Crédito,Confirmado,Standard,2024-07-07,2024-07-07
ORD000650,2024-01-31,MA,Nordeste,Eletrônicos,Fones de Ouvido,2,4512.66,0.05,55.17,4342.2,Cartão de Débito,Confirmado,Same-Day,2024-01-31,2024-02-01
ORD000651,2024-01-17,PR,Sul,Livros,Não-ficção,2,44.33,0.0,32.08,76.41,Cartão de Crédito,Confirmado,Standard,2024-01-30,2024-02-06
ORD000652,2024-03-10,PA,Norte,Livros,Técnicos,2,261.41,0.0,48.35,309.76,Cartão de Crédito,Confirmado,Same-Day,2024-03-10,2024-03-10
ORD000653,2024-07-14,PE,Nordeste,Livros,Infantis,1,88.27,0.05,48.46,132.32,PIX,Confirmado,Same-Day,2024-07-14,2024-07-25
ORD000654,2024-02-11,GO,Centro-Oeste,Esportes,Equipamentos,1,503.67,0.0,38.39,542.06,Cartão de Crédito,Confirmado,Standard,2024-02-16,2024-02-14
ORD000655,2024-06-27,RJ,Sudeste,Moda,Acessórios,1,269.56,0.0,39.87,309.43,Cartão de Crédito,Confirmado,Standard,2024-07-07,2024-07-06
ORD000656,2024-07-20,CE,Nordeste,Moda,Calças,1,410.37,0.05,32.2,422.05,Cartão de Crédito,Confirmado,Standard,2024-08-03,2024-08-13
ORD000657,2024-01-02,PA,Norte,Eletrônicos,Tablets,1,2584.4,0.1,48.05,2374.01,Cartão de Crédito,Confirmado,Standard,2024-01-15,2024-01-13
ORD000658,2024-08-25,GO,Centro-Oeste,Esportes,Acessórios,1,210.77,0.0,39.15,249.92,Cartão de Débito,Cancelado,Standard,2024-09-01,
ORD000659,2024-09-29,BA,Nordeste,Moda,Calças,1,282.77,0.2,24.13,250.35,Boleto,Confirmado,Standard,2024-10-10,2024-10-11
ORD000660,2024-08-23,SC,Sul,Moda,Vestidos,1,341.61,0.05,63.67,388.2,Boleto,Cancelado,Same-Day,2024-08-23,
ORD000661,2024-04-06,MA,Nordeste,Eletrônicos,Smartphones,1,853.82,0.0,37.22,891.04,PIX,Confirmado,Scheduled,2024-04-14,2024-04-18
ORD000662,2024-08-02,DF,Centro-Oeste,Eletrônicos,Notebooks,1,1765.78,0.0,40.02,1805.8,Cartão de Débito,Confirmado,Standard,2024-08-08,2024-08-07
ORD000663,2024-04-15,RJ,Sudeste,Eletrônicos,Smartwatches,2,7122.26,0.0,33.7,7155.96,Boleto,Confirmado,Standard,2024-04-22,2024-04-21
ORD000664,2024-01-18,PE,Nordeste,Esportes,Roupas Esportivas,1,345.48,0.05,49.94,378.15,Cartão de Crédito,Confirmado,Standard,2024-01-26,2024-01-24
ORD000665,2024-05-05,ES,Sudeste,Eletrônicos,Fones de Ouvido,1,4584.93,0.1,69.57,4196.0,Cartão de Crédito,Confirmado,Same-Day,2024-05-05,2024-05-06
ORD000666,2024-08-12,RS,Sul,Esportes,Equipamentos,1,757.43,0.0,38.95,796.38,Cartão de Crédito,Confirmado,Standard,2024-08-19,2024-08-30
ORD000667,2024-01-29,MG,Sudeste,Esportes,Suplementos,1,265.6,0.0,27.98,293.58,Cartão de Crédito,Cancelado,Standard,2024-02-07,
ORD000668,2024-04-29,AM,Norte,Esportes,Suplementos,1,410.89,0.0,32.63,443.52,PIX,Confirmado,Standard,2024-05-12,2024-05-13
ORD000669,2024-10-22,DF,Centro-Oeste,Casa e Decoração,Utensílios,2,855.07,0.0,42.76,897.83,Boleto,Confirmado,Standard,2024-11-01,2024-10-30
ORD000670,2024-06-03,MA,Nordeste,Moda,Acessórios,2,823.32,0.15,30.74,730.57,PIX,Confirmado,Standard,2024-06-09,2024-06-10
ORD000671,2024-04-23,BA,Nordeste,Casa e Decoração,Decoração,1,270.0,0.1,24.02,267.02,Cartão de Crédito,Confirmado,Scheduled,2024-05-02,2024-05-03
ORD000672,2024-02-01,CE,Nordeste,Esportes,Equipamentos,1,598.4,0.0,43.77,642.17,Cartão de Crédito,Confirmado,Standard,2024-02-11,2024-02-10
ORD000673,2024-08-06,CE,Nordeste,Livros,Ficção,1,133.58,0.1,17.96,138.18,Cartão de Crédito,Confirmado,Standard,2024-08-12,2024-08-10
ORD000674,2024-06-25,GO,Centro-Oeste,Livros,HQs,1,33.75,0.05,36.27,68.34,Cartão de Débito,Confirmado,Scheduled,2024-07-01,2024-06-29
ORD000675,2024-06-12,ES,Sudeste,Livros,Infantis,1,84.09,0.0,71.6,155.69,Cartão de Crédito,Confirmado,Same-Day,2024-06-12,2024-06-12
ORD000676,2024-03-17,PR,Sul,Livros,Não-ficção,2,278.62,0.0,26.72,305.34,Cartão de Débito,Confirmado,Standard,2024-03-31,2024-03-30
ORD000677,2024-10-02,PE,Nordeste,Moda,Calças,1,188.19,0.0,34.52,222.71,Cartão de Crédito,Confirmado,Standard,2024-10-08,2024-10-09
ORD000678,2024-06-02,AM,Norte,Moda,Calçados,1,166.2,0.0,52.39,218.59,PIX,Confirmado,Same-Day,2024-06-02,2024-06-02
ORD000679,2024-01-30,CE,Nordeste,Livros,Infantis,1,57.19,0.1,46.05,97.52,Cartão de Crédito,Confirmado,Scheduled,2024-02-03,2024-02-05
ORD000680,2024-10-12,CE,Nordeste,Moda,Calçados,1,419.41,0.0,23.43,442.84,Boleto,Confirmado,Standard,2024-10-26,2024-10-24
ORD000681,2024-05-04,PR,Sul,Moda,Vestidos,1,312.47,0.0,13.82,326.29,Cartão de Débito,Confirmado,Standard,2024-05-11,2024-05-19
ORD000682,2024-02-10,MA,Nordeste,Livros,Técnicos,1,114.72,0.0,27.95,142.67,PIX,Confirmado,Standard,2024-02-21,2024-02-21
ORD000683,2024-02-17,CE,Nordeste,Moda,Camisetas,1,101.82,0.0,47.33,149.15,Cartão de Crédito,Confirmado,Standard,2024-02-25,2024-02-26
ORD000684,2024-05-17,BA,Nordeste,Esportes,Calçados,1,583.56,0.05,31.38,585.76,Cartão de Débito,Confirmado,Standard,2024-05-26,2024-05-28
ORD000685,2024-01-21,AM,Norte,Eletrônicos,Notebooks,1,2805.17,0.0,45.88,2851.05,Boleto,Confirmado,Scheduled,2024-01-29,2024-01-29
ORD000686,2024-10-27,ES,Sudeste,Esportes,Equipamentos,1,103.38,0.05,35.08,133.29,Cartão de Crédito,Confirmado,Standard,2024-11-02,2024-11-03
ORD000687,2024-09-02,RS,Sul,Casa e Decoração,Decoração,1,583.86,0.0,16.96,600.82,Cartão de Crédito,Confirmado,Scheduled,2024-09-07,2024-09-05
ORD000688,2024-01-08,RS,Sul,Moda,Camisetas,1,426.4,0.0,15.12,441.52,Cartão de Crédito,Confirmado,Standard,2024-01-19,2024-01-20
ORD000689,2024-09-02,MA,Nordeste,Moda,Acessórios,3,307.05,0.0,90.22,397.27,Cartão de Crédito,Confirmado,Same-Day,2024-09-02,2024-09-02
ORD000690,2024-04-14,BA,Nordeste,Moda,Acessórios,1,95.42,0.2,37.91,114.25,Cartão de Crédito,Cancelado,Standard,2024-04-27,
ORD000691,2024-06-13,PA,Norte,Casa e Decoração,Iluminação,1,1914.62,0.0,43.24,1957.86,Cartão de Crédito,Confirmado,Scheduled,2024-06-17,2024-06-16
ORD000692,2024-08-26,CE,Nordeste,Casa e Decoração,Decoração,1,699.55,0.0,51.01,750.56,Cartão de Crédito,Cancelado,Scheduled,2024-08-29,
ORD000693,2024-05-13,SC,Sul,Esportes,Acessórios,1,658.28,0.0,14.54,672.82,PIX,Confirmado,Standard,2024-05-24,2024-05-25
ORD000694,2024-08-26,RJ,Sudeste,Livros,Técnicos,1,26.14,0.15,20.65,42.87,Boleto,Confirmado,Standard,2024-09-04,2024-09-04
ORD000695,2024-04-14,SC,Sul,Casa e Decoração,Iluminação,3,2487.5,0.0,22.58,2510.08,Cartão de Crédito,Confirmado,Standard,2024-04-25,2024-04-24
ORD000696,2024-01-24,DF,Centro-Oeste,Moda,Calças,1,378.14,0.0,17.19,395.33,Cartão de Crédito,Confirmado,Standard,2024-02-06,2024-02-06
ORD000697,2024-01-09,PR,Sul,Esportes,Calçados,1,286.76,0.0,11.12,297.88,Cartão de Débito,Confirmado,Standard,2024-01-14,2024-01-17
ORD000698,2024-10-23,ES,Sudeste,Livros,Técnicos,1,130.7,0.15,55.04,166.13,Cartão de Débito,Confirmado,Same-Day,2024-10-23,2024-10-23
ORD000699,2024-03-19,RS,Sul,Casa e Decoração,Utensílios,1,1887.67,0.0,35.07,1922.74,Cartão de Débito,Confirmado,Standard,2024-03-29,2024-03-29
ORD000700,2024-07-13,DF,Centro-Oeste,Moda,Calçados,1,432.26,0.05,13.06,423.71,Cartão de Crédito,Confirmado,Standard,2024-07-22,2024-07-23
ORD000701,2024-10-08,GO,Centro-Oeste,Casa e Decoração,Decoração,1,1936.52,0.0,42.41,1978.93,Cartão de Crédito,Confirmado,Standard,2024-10-21,2024-10-20
ORD000702,2024-09-07,ES,Sudeste,Livros,Infantis,1,30.82,0.0,52.13,82.95,Cartão de Crédito,Confirmado,Same-Day,2024-09-07,2024-09-07
ORD000703,2024-03-27,ES,Sudeste,Casa e Decoração,Utensílios,1,1057.43,0.0,35.46,1092.89,PIX,Confirmado,Standard,2024-04-06,2024-04-04
ORD000704,2024-03-12,ES,Sudeste,Esportes,Acessórios,1,326.37,0.0,12.53,338.9,PIX,Confirmado,Standard,2024-03-17,2024-03-17
ORD000705,2024-04-04,MA,Nordeste,Esportes,Roupas Esportivas,1,138.66,0.15,31.2,149.06,Cartão de Crédito,Confirmado,Standard,2024-04-14,2024-04-12
ORD000706,2024-09-25,SP,Sudeste,Eletrônicos,Smartphones,1,1594.06,0.0,23.82,1617.88,Cartão de Crédito,Confirmado,Standard,2024-10-03,2024-10-03
ORD000707,2024-01-04,BA,Nordeste,Moda,Calças,2,825.19,0.1,40.22,782.89,Cartão de Crédito,Cancelado,Standard,2024-01-15,
ORD000708,2024-02-04,ES,Sudeste,Moda,Camisetas,1,283.19,0.0,48.89,332.08,Boleto,Confirmado,Scheduled,2024-02-11,2024-02-11
ORD000709,2024-04-21,CE,Nordeste,Livros,Técnicos,1,28.44,0.0,30.76,59.2,Boleto,Confirmado,Standard,2024-05-03,2024-05-04
ORD000710,2024-01-31,DF,Centro-Oeste,Esportes,Acessórios,1,739.47,0.0,33.36,772.83,Boleto,Confirmado,Standard,2024-02-09,2024-02-19
ORD000711,2024-09-06,SP,Sudeste,Eletrônicos,Smartwatches,1,3202.41,0.0,23.79,3226.2,Boleto,Confirmado,Standard,2024-09-17,2024-09-16
ORD000712,2024-10-09,BA,Nordeste,Eletrônicos,Smartphones,1,2420.56,0.05,18.48,2318.01,Cartão de Crédito,Confirmado,Standard,2024-10-21,2024-10-20
ORD000713,2024-09-28,ES,Sudeste,Casa e Decoração,Têxtil,1,936.71,0.05,38.81,928.69,PIX,Confirmado,Standard,2024-10-10,2024-10-08
ORD000714,2024-05-26,SP,Sudeste,Esportes,Acessórios,1,295.46,0.0,15.69,311.15,Cartão de Crédito,Confirmado,Standard,2024-06-08,2024-06-11
ORD000715,2024-04-01,RJ,Sudeste,Eletrônicos,Smartwatches,3,8319.06,0.0,17.87,8336.93,Cartão de Crédito,Confirmado,Standard,2024-04-07,2024-04-05
ORD000716,2024-03-17,RS,Sul,Moda,Acessórios,1,170.73,0.05,45.86,208.05,Boleto,Confirmado,Scheduled,2024-03-22,2024-03-22
ORD000717,2024-09-26,PR,Sul,Casa e Decoração,Decoração,1,318.01,0.0,10.63,328.64,PIX,Confirmado,Standard,2024-10-07,2024-10-06
ORD000718,2024-07-22,RJ,Sudeste,Casa e Decoração,Iluminação,1,1940.75,0.0,35.23,1975.98,Cartão de Débito,Confirmado,Standard,2024-08-02,2024-08-13
ORD000719,2024-08-23,DF,Centro-Oeste,Moda,Calças,1,78.12,0.0,43.4,121.52,PIX,Confirmado,Standard,2024-09-06,2024-09-07
ORD000720,2024-06-02,GO,Centro-Oeste,Eletrônicos,Smartphones,1,749.12,0.0,46.0,795.12,PIX,Confirmado,Scheduled,2024-06-10,2024-06-11
ORD000721,2024-02-17,BA,Nordeste,Livros,Infantis,2,225.63,0.0,33.6,259.23,Cartão de Crédito,Confirmado,Standard,2024-02-23,2024-02-24
ORD000722,2024-10-09,PE,Nordeste,Eletrônicos,Smartphones,1,545.21,0.0,36.95,582.16,Cartão de Crédito,Confirmado,Scheduled,2024-10-15,2024-10-15
ORD000723,2024-03-28,RJ,Sudeste,Livros,Infantis,1,73.41,0.15,21.16,83.56,Cartão de Crédito,Confirmado,Standard,2024-04-02,2024-04-13
ORD000724,2024-06-18,DF,Centro-Oeste,Eletrônicos,Smartwatches,1,860.29,0.0,37.65,897.94,PIX,Confirmado,Standard,2024-06-29,2024-06-27
ORD000725,2024-01-22,RS,Sul,Moda,Acessórios,1,73.55,0.05,55.42,125.29,Cartão de Crédito,Confirmado,Same-Day,2024-01-22,2024-01-25
ORD000726,2024-08-31,PR,Sul,Eletrônicos,Smartphones,1,2916.88,0.0,38.79,2955.67,PIX,Confirmado,Standard,2024-09-09,2024-09-09
ORD000727,2024-05-23,MA,Nordeste,Esportes,Calçados,1,137.61,0.1,17.5,141.35,Cartão de Crédito,Confirmado,Standard,2024-06-05,2024-06-04
ORD000728,2024-01-17,MG,Sudeste,Casa e Decoração,Móveis,1,1049.4,0.05,39.12,1036.05,Boleto,Confirmado,Standard,2024-01-28,2024-02-02
ORD000729,2024-04-16,DF,Centro-Oeste,Moda,Calçados,1,301.61,0.0,22.03,323.64,Boleto,Confirmado,Standard,2024-04-24,2024-04-22
ORD000730,2024-02-09,PR,Sul,Moda,Acessórios,1,370.86,0.0,77.76,448.62,Cartão de Crédito,Confirmado,Same-Day,2024-02-09,2024-02-09
ORD000731,2024-05-03,DF,Centro-Oeste,Livros,HQs,1,107.94,0.05,32.65,135.19,Cartão de Crédito,Confirmado,Standard,2024-05-14,2024-05-13
ORD000732,2024-06-18,BA,Nordeste,Moda,Camisetas,1,126.24,0.15,42.9,150.2,Cartão de Crédito,Cancelado,Same-Day,2024-06-18,
ORD000733,2024-09-13,ES,Sudeste,Casa e Decoração,Móveis,1,1055.78,0.1,32.56,982.76,Cartão de Crédito,Confirmado,Scheduled,2024-09-20,2024-09-19
ORD000734,2024-02-20,BA,Nordeste,Moda,Camisetas,1,162.45,0.0,37.03,199.48,Cartão de Crédito,Confirmado,Standard,2024-02-25,2024-02-23
ORD000735,2024-06-23,DF,Centro-Oeste,Esportes,Calçados,1,509.4,0.05,14.85,498.78,Cartão de Crédito,Confirmado,Standard,2024-07-05,2024-07-08
ORD000736,2024-07-22,PA,Norte,Casa e Decoração,Móveis,1,1752.13,0.0,16.97,1769.1,PIX,Confirmado,Standard,2024-08-05,2024-08-06
ORD000737,2024-05-19,PA,Norte,Livros,Infantis,1,34.72,0.0,44.92,79.64,Cartão de Crédito,Confirmado,Standard,2024-06-02,2024-06-05
ORD000738,2024-04-26,SC,Sul,Esportes,Acessórios,1,376.65,0.0,29.18,405.83,Cartão de Crédito,Confirmado,Standard,2024-05-07,2024-05-06
ORD000739,2024-08-09,MG,Sudeste,Esportes,Acessórios,1,403.86,0.05,36.84,420.51,Cartão de Crédito,Confirmado,Standard,2024-08-17,2024-08-19
ORD000740,2024-02-13,PA,Norte,Esportes,Suplementos,2,1147.43,0.0,34.09,1181.52,Cartão de Crédito,Confirmado,Scheduled,2024-02-17,2024-02-17
ORD000741,2024-05-06,ES,Sudeste,Eletrônicos,Smartphones,1,1942.55,0.0,23.26,1965.81,Cartão de Crédito,Confirmado,Standard,2024-05-17,2024-05-18
ORD000742,2024-05-17,MG,Sudeste,Livros,Não-ficção,1,63.16,0.0,20.37,83.53,PIX,Confirmado,Standard,2024-05-29,2024-06-01
ORD000743,2024-07-18,SC,Sul,Casa e Decoração,Móveis,1,1731.62,0.0,25.83,1757.45,PIX,Confirmado,Standard,2024-07-25,2024-07-23
ORD000744,2024-02-16,SP,Sudeste,Casa e Decoração,Iluminação,1,1418.85,0.0,26.3,1445.15,Cartão de Crédito,Confirmado,Standard,2024-03-01,2024-03-05
ORD000745,2024-07-03,PA,Norte,Casa e Decoração,Móveis,1,1016.35,0.0,27.92,1044.27,Cartão de Crédito,Confirmado,Standard,2024-07-14,2024-07-12
ORD000746,2024-03-08,RJ,Sudeste,Moda,Calçados,2,465.77,0.05,17.34,459.82,Cartão de Crédito,Confirmado,Standard,2024-03-21,2024-03-20
ORD000747,2024-08-17,CE,Nordeste,Esportes,Calçados,1,237.16,0.0,40.51,277.67,Cartão de Crédito,Confirmado,Standard,2024-08-22,2024-08-25
ORD000748,2024-07-27,RJ,Sudeste,Eletrônicos,Smartphones,1,4224.12,0.0,20.12,4244.24,Cartão de Crédito,Cancelado,Standard,2024-08-04,
ORD000749,2024-06-30,CE,Nordeste,Eletrônicos,Smartwatches,1,518.48,0.0,38.91,557.39,PIX,Confirmado,Standard,2024-07-12,2024-07-17
ORD000750,2024-06-15,AM,Norte,Livros,Ficção,1,119.35,0.0,53.05,172.4,PIX,Confirmado,Scheduled,2024-06-24,2024-07-07
ORD000751,2024-05-29,BA,Nordeste,Livros,Ficção,1,114.24,0.0,19.79,134.03,Cartão de Débito,Confirmado,Standard,2024-06-08,2024-06-08
ORD000752,2024-10-13,MA,Nordeste,Moda,Acessórios,1,259.34,0.0,15.52,274.86,Cartão de Débito,Confirmado,Standard,2024-10-27,2024-11-04
ORD000753,2024-09-23,MG,Sudeste,Livros,Não-ficção,1,99.4,0.0,34.2,133.6,Cartão de Crédito,Confirmado,Standard,2024-09-30,2024-09-29
ORD000754,2024-03-12,PR,Sul,Casa e Decoração,Decoração,1,128.54,0.0,22.78,151.32,Boleto,Confirmado,Standard,2024-03-20,2024-03-21
ORD000755,2024-09-09,MG,Sudeste,Eletrônicos,Notebooks,2,9470.93,0.0,19.99,9490.92,Cartão de Crédito,Confirmado,Standard,2024-09-18,2024-09-16
ORD000756,2024-08-10,PR,Sul,Livros,Técnicos,3,159.32,0.0,12.96,172.28,Boleto,Confirmado,Standard,2024-08-17,2024-08-18
ORD000757,2024-09-04,PA,Norte,Eletrônicos,Tablets,1,4098.61,0.0,25.34,4123.95,PIX,Confirmado,Standard,2024-09-09,2024-09-10
ORD000758,2024-05-08,RS,Sul,Livros,HQs,1,82.03,0.0,45.08,127.11,PIX,Confirmado,Scheduled,2024-05-12,2024-05-26
ORD000759,2024-04-10,PE,Nordeste,Eletrônicos,Notebooks,1,4845.97,0.05,21.33,4625.0,PIX,Confirmado,Standard,2024-04-16,2024-04-14
ORD000760,2024-06-04,SP,Sudeste,Livros,Técnicos,2,124.03,0.0,13.18,137.21,PIX,Confirmado,Standard,2024-06-12,2024-06-25
ORD000761,2024-07-13,PA,Norte,Casa e Decoração,Iluminação,1,1466.48,0.0,45.66,1512.14,Cartão de Crédito,Confirmado,Standard,2024-07-23,2024-07-22
ORD000762,2024-06-20,BA,Nordeste,Esportes,Equipamentos,1,390.98,0.0,17.18,408.16,Boleto,Confirmado,Standard,2024-07-03,2024-07-14
ORD000763,2024-06-02,SC,Sul,Esportes,Equipamentos,2,263.55,0.15,25.97,249.98,Cartão de Crédito,Confirmado,Standard,2024-06-08,2024-06-06
ORD000764,2024-09-02,SC,Sul,Moda,Calçados,1,481.09,0.0,20.21,501.3,PIX,Confirmado,Standard,2024-09-08,2024-09-07
ORD000765,2024-06-12,PR,Sul,Livros,HQs,1,119.94,0.05,19.65,133.59,Cartão de Crédito,Cancelado,Standard,2024-06-22,
ORD000766,2024-05-04,SC,Sul,Livros,Técnicos,2,67.63,0.0,25.32,92.95,Cartão de Crédito,Confirmado,Standard,2024-05-10,2024-05-10
ORD000767,2024-07-20,SC,Sul,Eletrônicos,Smartwatches,1,4130.19,0.0,16.89,4147.08,Cartão de Crédito,Confirmado,Standard,2024-07-27,2024-07-27
ORD000768,2024-04-12,DF,Centro-Oeste,Esportes,Equipamentos,1,336.51,0.05,40.81,360.49,Cartão de Crédito,Confirmado,Standard,2024-04-20,2024-04-20
ORD000769,2024-10-08,SP,Sudeste,Livros,Não-ficção,1,69.35,0.0,12.97,82.32,PIX,Confirmado,Standard,2024-10-17,2024-10-21
ORD000770,2024-08-12,PA,Norte,Casa e Decoração,Móveis,1,1269.55,0.0,40.22,1309.77,Boleto,Confirmado,Standard,2024-08-23,2024-08-23
ORD000771,2024-07-28,GO,Centro-Oeste,Livros,Não-ficção,1,26.95,0.0,23.63,50.58,PIX,Confirmado,Standard,2024-08-10,2024-08-11
ORD000772,2024-06-04,RS,Sul,Casa e Decoração,Utensílios,1,108.95,0.0,20.15,129.1,PIX,Cancelado,Scheduled,2024-06-08,
ORD000773,2024-08-04,PA,Norte,Livros,Ficção,2,103.17,0.0,47.61,150.78,Boleto,Confirmado,Standard,2024-08-09,2024-08-12
ORD000774,2024-08-17,DF,Centro-Oeste,Livros,HQs,1,86.16,0.15,50.02,123.26,Cartão de Crédito,Confirmado,Scheduled,2024-08-25,2024-08-24
ORD000775,2024-07-24,CE,Nordeste,Esportes,Acessórios,1,378.32,0.0,38.06,416.38,PIX,Confirmado,Standard,2024-08-06,2024-08-07
ORD000776,2024-10-05,SP,Sudeste,Casa e Decoração,Têxtil,1,173.74,0.0,44.22,217.96,PIX,Confirmado,Scheduled,2024-10-14,2024-10-15
ORD000777,2024-10-31,GO,Centro-Oeste,Eletrônicos,Smartphones,1,1208.17,0.1,18.92,1106.27,Cartão de Crédito,Cancelado,Standard,2024-11-06,
ORD000778,2024-05-07,GO,Centro-Oeste,Casa e Decoração,Utensílios,1,868.53,0.05,46.0,871.11,PIX,Confirmado,Same-Day,2024-05-07,2024-05-07
ORD000779,2024-01-23,DF,Centro-Oeste,Livros,Técnicos,1,65.58,0.0,18.96,84.54,Cartão de Crédito,Confirmado,Standard,2024-02-06,2024-02-05
ORD000780,2024-08-08,RJ,Sudeste,Eletrônicos,Smartphones,1,1361.85,0.1,12.36,1238.02,Cartão de Crédito,Confirmado,Standard,2024-08-18,2024-08-20
ORD000781,2024-05-12,RS,Sul,Esportes,Calçados,1,770.91,0.0,11.2,782.11,Cartão de Débito,Confirmado,Standard,2024-05-20,2024-05-18
ORD000782,2024-10-12,DF,Centro-Oeste,Esportes,Equipamentos,1,284.69,0.0,38.59,323.28,Cartão de Crédito,Confirmado,Standard,2024-10-21,2024-10-22
ORD000783,2024-08-16,SC,Sul,Livros,Infantis,1,121.92,0.0,37.98,159.9,Cartão de Crédito,Confirmado,Standard,2024-08-21,2024-08-22
ORD000784,2024-10-28,ES,Sudeste,Esportes,Equipamentos,2,861.4,0.0,31.93,893.33,Cartão de Crédito,Confirmado,Scheduled,2024-10-31,2024-10-30
ORD000785,2024-06-25,SP,Sudeste,Livros,Ficção,2,273.9,0.1,30.31,276.82,PIX,Confirmado,Standard,2024-07-06,2024-07-07
ORD000786,2024-05-31,BA,Nordeste,Eletrônicos,Smartphones,1,2739.05,0.0,29.87,2768.92,Boleto,Confirmado,Standard,2024-06-14,2024-06-18
ORD000787,2024-03-13,SC,Sul,Casa e Decoração,Decoração,1,1190.55,0.0,46.78,1237.33,PIX,Confirmado,Same-Day,2024-03-13,2024-03-14
ORD000788,2024-08-21,PA,Norte,Moda,Acessórios,1,64.83,0.0,14.48,79.31,Cartão de Débito,Confirmado,Standard,2024-08-26,2024-08-27
ORD000789,2024-09-04,SC,Sul,Livros,Ficção,1,60.25,0.05,18.26,75.5,Cartão de Débito,Confirmado,Standard,2024-09-15,2024-09-16
ORD000790,2024-08-12,ES,Sudeste,Livros,Técnicos,1,60.66,0.0,39.08,99.74,PIX,Confirmado,Standard,2024-08-19,2024-08-19
ORD000791,2024-02-04,PR,Sul,Eletrônicos,Smartphones,1,1213.04,0.0,10.32,1223.36,PIX,Confirmado,Standard,2024-02-16,2024-02-17
ORD000792,2024-01-12,AM,Norte,Casa e Decoração,Móveis,1,1209.46,0.05,31.67,1180.66,Cartão de Crédito,Confirmado,Standard,2024-01-18,2024-01-17
ORD000793,2024-03-25,MA,Nordeste,Moda,Acessórios,1,287.22,0.0,28.48,315.7,Cartão de Débito,Confirmado,Scheduled,2024-03-29,2024-04-03
ORD000794,2024-03-30,CE,Nordeste,Moda,Vestidos,1,262.25,0.0,37.42,299.67,PIX,Confirmado,Standard,2024-04-08,2024-04-09
ORD000795,2024-10-13,BA,Nordeste,Livros,Não-ficção,1,105.23,0.0,76.98,182.21,Boleto,Confirmado,Same-Day,2024-10-13,2024-10-14
ORD000796,2024-07-26,GO,Centro-Oeste,Moda,Calças,1,311.44,0.0,34.08,345.52,PIX,Confirmado,Standard,2024-08-07,2024-08-06
ORD000797,2024-08-09,BA,Nordeste,Eletrônicos,Smartwatches,1,1680.87,0.0,36.71,1717.58,PIX,Confirmado,Scheduled,2024-08-13,2024-08-25
ORD000798,2024-04-11,PE,Nordeste,Esportes,Acessórios,1,408.39,0.0,25.63,434.02,Cartão de Crédito,Confirmado,Scheduled,2024-04-14,2024-04-20
ORD000799,2024-07-18,SP,Sudeste,Moda,Calças,1,220.97,0.0,24.59,245.56,Boleto,Confirmado,Standard,2024-07-29,2024-08-02
ORD000800,2024-05-22,PA,Norte,Eletrônicos,Smartwatches,1,1089.86,0.1,36.29,1017.16,Cartão de Crédito,Confirmado,Scheduled,2024-05-30,2024-06-06
ORD000801,2024-02-22,PA,Norte,Esportes,Equipamentos,1,212.18,0.0,43.99,256.17,Cartão de Crédito,Confirmado,Standard,2024-03-05,2024-03-06
ORD000802,2024-07-06,SC,Sul,Moda,Calçados,1,325.25,0.05,46.93,355.91,Cartão de Débito,Confirmado,Scheduled,2024-07-11,2024-07-10
ORD000803,2024-02-28,PR,Sul,Livros,HQs,3,409.08,0.1,38.42,406.59,Cartão de Crédito,Confirmado,Standard,2024-03-10,2024-03-08
ORD000804,2024-06-09,DF,Centro-Oeste,Livros,HQs,1,135.39,0.0,16.43,151.82,PIX,Cancelado,Standard,2024-06-20,
ORD000805,2024-07-19,DF,Centro-Oeste,Eletrônicos,Tablets,1,3199.49,0.05,26.84,3066.35,Boleto,Confirmado,Standard,2024-07-27,2024-07-28
ORD000806,2024-06-29,AM,Norte,Livros,HQs,2,256.63,0.0,22.91,279.54,Cartão de Débito,Cancelado,Standard,2024-07-08,
ORD000807,2024-03-29,AM,Norte,Casa e Decoração,Têxtil,1,944.51,0.0,13.02,957.53,PIX,Confirmado,Standard,2024-04-04,2024-04-05
ORD000808,2024-10-29,RJ,Sudeste,Moda,Vestidos,1,209.75,0.15,10.7,188.99,Cartão de Crédito,Confirmado,Standard,2024-11-07,2024-11-05
ORD000809,2024-03-01,RS,Sul,Casa e Decoração,Móveis,1,1985.94,0.0,36.43,2022.37,Boleto,Cancelado,Standard,2024-03-14,
ORD000810,2024-04-03,SC,Sul,Moda,Acessórios,1,295.2,0.1,66.12,331.8,Cartão de Crédito,Confirmado,Same-Day,2024-04-03,2024-04-04
ORD000811,2024-07-17,BA,Nordeste,Esportes,Equipamentos,2,1006.27,0.0,50.68,1056.95,PIX,Confirmado,Standard,2024-07-25,2024-07-23
ORD000812,2024-10-21,BA,Nordeste,Livros,Não-ficção,2,50.55,0.05,43.78,91.8,Cartão de Crédito,Cancelado,Standard,2024-10-26,
ORD000813,2024-09-06,GO,Centro-Oeste,Esportes,Equipamentos,1,298.36,0.0,18.01,316.37,PIX,Confirmado,Scheduled,2024-09-09,2024-09-07
ORD000814,2024-10-11,MG,Sudeste,Livros,Técnicos,1,99.0,0.0,67.14,166.14,PIX,Confirmado,Same-Day,2024-10-11,2024-10-11
ORD000815,2024-03-12,MG,Sudeste,Casa e Decoração,Iluminação,2,1017.93,0.1,20.57,936.7,Cartão de Crédito,Confirmado,Standard,2024-03-20,2024-03-20
ORD000816,2024-01-28,AM,Norte,Casa e Decoração,Móveis,1,371.04,0.05,29.57,382.06,Cartão de Crédito,Confirmado,Standard,2024-02-07,2024-02-07
ORD000817,2024-09-05,MG,Sudeste,Moda,Calçados,1,399.8,0.0,14.87,414.67,Cartão de Débito,Confirmado,Standard,2024-09-12,2024-09-26
ORD000818,2024-10-14,CE,Nordeste,Livros,Infantis,2,91.25,0.05,34.08,120.77,PIX,Confirmado,Standard,2024-10-24,2024-10-22
ORD000819,2024-09-08,BA,Nordeste,Livros,Infantis,1,95.29,0.1,37.7,123.46,Cartão de Crédito,Confirmado,Standard,2024-09-21,2024-09-22
ORD000820,2024-03-26,RJ,Sudeste,Esportes,Roupas Esportivas,1,459.66,0.0,22.93,482.59,Cartão de Crédito,Cancelado,Standard,2024-04-06,
ORD000821,2024-04-22,PR,Sul,Eletrônicos,Tablets,1,3108.95,0.0,15.85,3124.8,Cartão de Crédito,Confirmado,Scheduled,2024-05-01,2024-04-30
ORD000822,2024-04-25,CE,Nordeste,Casa e Decoração,Utensílios,1,1219.64,0.05,47.36,1206.02,Cartão de Crédito,Confirmado,Same-Day,2024-04-25,2024-04-25
ORD000823,2024-08-22,DF,Centro-Oeste,Livros,HQs,1,109.78,0.0,18.15,127.93,PIX,Cancelado,Standard,2024-09-02,
ORD000824,2024-09-18,RJ,Sudeste,Esportes,Roupas Esportivas,1,131.25,0.0,25.48,156.73,Cartão de Crédito,Confirmado,Standard,2024-09-26,2024-09-24
ORD000825,2024-05-17,PA,Norte,Esportes,Suplementos,1,141.86,0.0,28.22,170.08,Cartão de Crédito,Confirmado,Standard,2024-05-25,2024-05-26
ORD000826,2024-10-04,AM,Norte,Eletrônicos,Fones de Ouvido,1,1893.34,0.0,30.94,1924.28,Cartão de Crédito,Confirmado,Standard,2024-10-09,2024-10-10
ORD000827,2024-10-06,RS,Sul,Livros,Ficção,1,131.91,0.0,42.14,174.05,Cartão de Crédito,Confirmado,Scheduled,2024-10-09,2024-10-09
ORD000828,2024-05-06,PR,Sul,Eletrônicos,Fones de Ouvido,1,4290.67,0.0,39.76,4330.43,PIX,Confirmado,Same-Day,2024-05-06,2024-05-06
ORD000829,2024-05-14,SC,Sul,Eletrônicos,Fones de Ouvido,3,13263.0,0.0,16.76,13279.76,Cartão de Crédito,Confirmado,Standard,2024-05-19,2024-05-24
ORD000830,2024-03-01,PA,Norte,Moda,Calças,2,445.18,0.0,26.03,471.21,PIX,Confirmado,Standard,2024-03-14,2024-03-12
ORD000831,2024-10-28,ES,Sudeste,Casa e Decoração,Têxtil,1,1044.62,0.0,30.64,1075.26,Cartão de Crédito,Confirmado,Scheduled,2024-11-03,2024-11-01
ORD000832,2024-08-07,MG,Sudeste,Esportes,Equipamentos,1,370.63,0.0,35.97,406.6,PIX,Confirmado,Scheduled,2024-08-15,2024-08-15
ORD000833,2024-04-15,AM,Norte,Moda,Camisetas,2,612.53,0.0,46.16,658.69,Cartão de Crédito,Confirmado,Standard,2024-04-23,2024-04-21
ORD000834,2024-10-18,SC,Sul,Esportes,Suplementos,1,170.06,0.0,29.52,199.58,Cartão de Crédito,Confirmado,Scheduled,2024-10-21,2024-10-22
ORD000835,2024-10-02,MG,Sudeste,Casa e Decoração,Decoração,1,1991.42,0.0,34.62,2026.04,Cartão de Crédito,Confirmado,Standard,2024-10-16,2024-10-20
ORD000836,2024-05-28,DF,Centro-Oeste,Casa e Decoração,Têxtil,1,801.83,0.0,52.52,854.35,Boleto,Confirmado,Same-Day,2024-05-28,2024-05-28
ORD000837,2024-02-18,MG,Sudeste,Livros,Ficção,1,75.58,0.0,37.43,113.01,Cartão de Crédito,Confirmado,Same-Day,2024-02-18,
ORD000838,2024-05-21,AM,Norte,Moda,Calças,1,207.94,0.0,15.39,223.33,Boleto,Cancelado,Standard,2024-06-04,
ORD000839,2024-05-07,MG,Sudeste,Casa e Decoração,Utensílios,1,1926.54,0.0,36.13,1962.67,Cartão de Crédito,Confirmado,Scheduled,2024-05-13,2024-05-14
ORD000840,2024-07-20,PE,Nordeste,Moda,Acessórios,1,333.76,0.0,33.61,367.37,PIX,Confirmado,Standard,2024-07-27,2024-07-27
ORD000841,2024-05-17,GO,Centro-Oeste,Livros,Infantis,1,113.68,0.1,18.62,120.93,PIX,Confirmado,Scheduled,2024-05-22,2024-06-03
ORD000842,2024-08-19,RJ,Sudeste,Eletrônicos,Fones de Ouvido,1,1166.45,0.0,27.42,1193.87,PIX,Confirmado,Standard,2024-08-27,2024-08-30
ORD000843,2024-09-20,ES,Sudeste,Casa e Decoração,Decoração,1,849.25,0.0,30.25,879.5,Cartão de Crédito,Confirmado,Standard,2024-09-25,2024-09-24
ORD000844,2024-08-20,PE,Nordeste,Casa e Decoração,Têxtil,1,1893.59,0.1,59.86,1764.09,PIX,Confirmado,Scheduled,2024-08-24,2024-09-02
ORD000845,2024-01-02,AM,Norte,Eletrônicos,Fones de Ouvido,1,1870.59,0.05,48.66,1825.72,PIX,Confirmado,Standard,2024-01-12,2024-01-14
ORD000846,2024-07-02,AM,Norte,Eletrônicos,Smartwatches,1,1909.32,0.1,22.57,1740.96,Cartão de Crédito,Confirmado,Standard,2024-07-07,2024-07-20
ORD000847,2024-07-22,RS,Sul,Livros,Não-ficção,1,44.63,0.0,47.36,91.99,PIX,Confirmado,Same-Day,2024-07-22,2024-07-22
ORD000848,2024-09-10,PR,Sul,Casa e Decoração,Decoração,1,1812.24,0.0,19.77,1832.01,Cartão de Débito,Confirmado,Standard,2024-09-21,2024-09-27
ORD000849,2024-06-21,CE,Nordeste,Esportes,Equipamentos,1,528.79,0.0,25.97,554.76,Cartão de Crédito,Confirmado,Standard,2024-07-01,2024-07-01
ORD000850,2024-10-16,AM,Norte,Livros,Técnicos,1,35.59,0.0,40.3,75.89,PIX,Confirmado,Same-Day,2024-10-16,2024-10-17
ORD000851,2024-01-25,SP,Sudeste,Eletrônicos,Fones de Ouvido,1,3889.91,0.0,29.27,3919.18,Cartão de Crédito,Confirmado,Standard,2024-02-03,2024-02-02
ORD000852,2024-01-09,RJ,Sudeste,Moda,Calçados,1,210.88,0.0,36.13,247.01,Cartão de Crédito,Confirmado,Standard,2024-01-21,2024-01-22
ORD000853,2024-08-21,SP,Sudeste,Livros,Não-ficção,2,173.28,0.0,18.01,191.29,Cartão de Débito,Confirmado,Standard,2024-08-29,2024-08-30
ORD000854,2024-03-08,MA,Nordeste,Casa e Decoração,Utensílios,1,1505.28,0.0,37.21,1542.49,PIX,Confirmado,Standard,2024-03-21,2024-03-21
ORD000855,2024-05-20,RJ,Sudeste,Casa e Decoração,Decoração,2,2453.34,0.0,30.69,2484.03,Cartão de Crédito,Confirmado,Standard,2024-05-25,2024-05-24
ORD000856,2024-02-12,SC,Sul,Moda,Camisetas,1,340.12,0.0,26.63,366.75,PIX,Confirmado,Standard,2024-02-25,2024-02-24
ORD000857,2024-07-21,GO,Centro-Oeste,Casa e Decoração,Utensílios,1,930.63,0.0,15.77,946.4,PIX,Confirmado,Standard,2024-07-28,2024-07-28
ORD000858,2024-08-07,GO,Centro-Oeste,Eletrônicos,Smartphones,1,1298.34,0.0,18.61,1316.95,Cartão de Crédito,Confirmado,Scheduled,2024-08-12,2024-08-13
ORD000859,2024-01-01,RS,Sul,Livros,Ficção,3,130.06,0.0,36.24,166.3,Boleto,Confirmado,Standard,2024-01-08,2024-01-07
ORD000860,2024-03-08,DF,Centro-Oeste,Moda,Acessórios,1,123.13,0.0,87.44,210.57,Cartão de Crédito,Confirmado,Same-Day,2024-03-08,2024-03-08
ORD000861,2024-08-15,SP,Sudeste,Eletrônicos,Tablets,1,1861.88,0.0,13.85,1875.73,Cartão de Crédito,Confirmado,Standard,2024-08-25,2024-08-31
ORD000862,2024-03-02,AM,Norte,Livros,Não-ficção,1,135.94,0.0,28.27,164.21,PIX,Confirmado,Standard,2024-03-07,2024-03-06
ORD000863,2024-09-01,RJ,Sudeste,Moda,Calçados,1,220.11,0.05,31.26,240.37,Cartão de Crédito,Confirmado,Standard,2024-09-15,2024-09-14
ORD000864,2024-02-15,ES,Sudeste,Eletrônicos,Smartphones,2,4069.43,0.1,23.67,3686.16,Cartão de Crédito,Confirmado,Standard,2024-02-27,2024-02-27
ORD000865,2024-06-09,SC,Sul,Casa e Decoração,Utensílios,2,1499.35,0.0,26.47,1525.82,Cartão de Crédito,Confirmado,Standard,2024-06-16,2024-06-29
ORD000866,2024-07-14,PA,Norte,Moda,Calças,2,100.65,0.0,23.28,123.93,Cartão de Crédito,Confirmado,Standard,2024-07-27,2024-07-27
ORD000867,2024-02-05,CE,Nordeste,Esportes,Roupas Esportivas,1,163.02,0.05,31.19,186.06,Cartão de Crédito,Confirmado,Scheduled,2024-02-08,2024-02-07
ORD000868,2024-03-25,PE,Nordeste,Casa e Decoração,Utensílios,1,919.87,0.0,49.68,969.55,Cartão de Débito,Confirmado,Standard,2024-03-31,2024-03-31
ORD000869,2024-03-18,MA,Nordeste,Livros,HQs,1,112.98,0.1,27.88,129.57,Cartão de Crédito,Confirmado,Scheduled,2024-03-24,2024-03-25
ORD000870,2024-08-14,AM,Norte,Moda,Camisetas,1,66.09,0.0,48.33,114.42,PIX,Confirmado,Standard,2024-08-27,2024-08-26
ORD000871,2024-02-21,MG,Sudeste,Eletrônicos,Smartwatches,1,3784.97,0.0,41.42,3826.39,PIX,Confirmado,Same-Day,2024-02-21,2024-03-05
ORD000872,2024-07-15,SC,Sul,Livros,Técnicos,1,59.42,0.05,24.87,81.32,Cartão de Crédito,Confirmado,Standard,2024-07-27,2024-07-27
ORD000873,2024-03-12,RS,Sul,Casa e Decoração,Móveis,1,877.84,0.0,22.07,899.91,Cartão de Crédito,Confirmado,Standard,2024-03-18,2024-03-18
ORD000874,2024-05-07,CE,Nordeste,Esportes,Calçados,1,294.38,0.05,60.37,340.03,Boleto,Cancelado,Same-Day,2024-05-07,
ORD000875,2024-05-25,PA,Norte,Eletrônicos,Tablets,1,569.51,0.0,29.22,598.73,PIX,Confirmado,Standard,2024-06-06,2024-06-09
ORD000876,2024-04-15,CE,Nordeste,Esportes,Calçados,1,435.79,0.0,41.42,477.21,Boleto,Cancelado,Scheduled,2024-04-20,
ORD000877,2024-04-06,ES,Sudeste,Livros,Técnicos,1,124.21,0.0,65.3,189.51,Cartão de Crédito,Confirmado,Same-Day,2024-04-06,2024-04-08
ORD000878,2024-01-28,PA,Norte,Moda,Calçados,1,196.05,0.05,14.74,200.99,Cartão de Crédito,Confirmado,Standard,2024-02-08,2024-02-08
ORD000879,2024-07-16,RJ,Sudeste,Moda,Calçados,1,412.55,0.05,30.39,422.32,Boleto,Confirmado,Standard,2024-07-30,2024-07-30
ORD000880,2024-10-31,RJ,Sudeste,Esportes,Roupas Esportivas,1,543.37,0.0,16.31,559.68,Cartão de Crédito,Confirmado,Scheduled,2024-11-05,2024-11-08
ORD000881,2024-07-03,MA,Nordeste,Casa e Decoração,Utensílios,1,1294.23,0.0,60.07,1354.3,Cartão de Débito,Confirmado,Same-Day,2024-07-03,2024-07-03
ORD000882,2024-07-17,AM,Norte,Esportes,Acessórios,1,447.03,0.0,27.18,474.21,Boleto,Cancelado,Standard,2024-07-22,
ORD000883,2024-07-06,CE,Nordeste,Moda,Calçados,2,230.6,0.15,55.43,251.44,PIX,Confirmado,Scheduled,2024-07-11,2024-07-11
ORD000884,2024-02-07,SP,Sudeste,Esportes,Roupas Esportivas,1,579.17,0.05,45.8,596.02,Cartão de Débito,Confirmado,Scheduled,2024-02-15,2024-02-16
ORD000885,2024-01-08,PR,Sul,Moda,Camisetas,3,502.68,0.1,10.78,463.19,PIX,Confirmado,Standard,2024-01-15,2024-01-18
ORD000886,2024-01-31,PA,Norte,Livros,HQs,1,30.97,0.0,48.68,79.65,Cartão de Crédito,Confirmado,Standard,2024-02-13,2024-02-16
ORD000887,2024-05-26,GO,Centro-Oeste,Esportes,Acessórios,1,659.4,0.05,21.22,647.65,Cartão de Crédito,Confirmado,Standard,2024-06-02,2024-06-03
ORD000888,2024-08-04,ES,Sudeste,Livros,Ficção,1,129.02,0.0,19.45,148.47,Cartão de Crédito,Confirmado,Standard,2024-08-11,2024-08-09
ORD000889,2024-10-01,CE,Nordeste,Esportes,Equipamentos,1,587.82,0.0,51.65,639.47,Cartão de Crédito,Confirmado,Standard,2024-10-09,2024-10-10
ORD000890,2024-05-22,RJ,Sudeste,Casa e Decoração,Móveis,1,275.46,0.0,35.29,310.75,Cartão de Crédito,Confirmado,Standard,2024-06-02,2024-06-01
ORD000891,2024-09-18,MA,Nordeste,Moda,Calças,1,327.98,0.1,45.83,341.01,PIX,Confirmado,Standard,2024-09-26,2024-09-28
ORD000892,2024-10-01,SC,Sul,Livros,HQs,1,127.41,0.0,47.67,175.08,Boleto,Confirmado,Same-Day,2024-10-01,2024-10-01
ORD000893,2024-02-03,PR,Sul,Livros,Não-ficção,1,130.63,0.0,56.67,187.3,Cartão de Crédito,Confirmado,Same-Day,2024-02-03,2024-02-17
ORD000894,2024-01-30,RS,Sul,Eletrônicos,Fones de Ouvido,1,3672.78,0.0,31.56,3704.34,PIX,Confirmado,Same-Day,2024-01-30,2024-01-30
ORD000895,2024-02-29,PE,Nordeste,Esportes,Calçados,2,1176.47,0.0,62.29,1238.76,Cartão de Crédito,Confirmado,Same-Day,2024-02-29,2024-02-29
ORD000896,2024-01-29,PR,Sul,Moda,Camisetas,1,334.3,0.1,38.97,339.84,Cartão de Crédito,Confirmado,Standard,2024-02-03,2024-02-07
ORD000897,2024-01-07,ES,Sudeste,Moda,Camisetas,1,306.8,0.0,64.29,371.09,PIX,Confirmado,Same-Day,2024-01-07,2024-01-07
ORD000898,2024-03-24,PE,Nordeste,Casa e Decoração,Têxtil,2,2224.93,0.15,43.33,1934.52,PIX,Confirmado,Standard,2024-04-01,2024-03-30
ORD000899,2024-09-21,PA,Norte,Casa e Decoração,Utensílios,2,1779.94,0.0,27.53,1807.47,Cartão de Crédito,Confirmado,Standard,2024-10-05,2024-10-03
ORD000900,2024-07-09,MG,Sudeste,Casa e Decoração,Móveis,1,1835.54,0.05,17.43,1761.2,PIX,Confirmado,Standard,2024-07-22,2024-07-23
ORD000901,2024-01-16,SC,Sul,Livros,Técnicos,3,415.15,0.0,28.8,443.95,PIX,Confirmado,Standard,2024-01-26,2024-01-31
ORD000902,2024-09-25,RJ,Sudeste,Casa e Decoração,Têxtil,1,1017.18,0.05,34.8,1001.12,Boleto,Confirmado,Standard,2024-10-06,2024-10-06
ORD000903,2024-02-09,PE,Nordeste,Livros,HQs,1,148.04,0.0,23.23,171.27,PIX,Confirmado,Standard,2024-02-15,2024-02-17
ORD000904,2024-07-03,SP,Sudeste,Livros,HQs,1,92.95,0.05,19.32,107.62,Boleto,Confirmado,Standard,2024-07-17,2024-07-18
ORD000905,2024-03-26,SC,Sul,Moda,Vestidos,1,366.59,0.0,15.78,382.37,Cartão de Crédito,Cancelado,Scheduled,2024-04-04,
ORD000906,2024-02-22,MA,Nordeste,Esportes,Roupas Esportivas,1,343.46,0.0,47.93,391.39,Cartão de Crédito,Confirmado,Standard,2024-02-29,2024-03-04
ORD000907,2024-04-26,ES,Sudeste,Esportes,Roupas Esportivas,1,170.86,0.0,24.74,195.6,PIX,Cancelado,Standard,2024-05-07,
ORD000908,2024-01-23,AM,Norte,Eletrônicos,Notebooks,2,1175.52,0.0,47.68,1223.2,PIX,Confirmado,Scheduled,2024-01-28,2024-01-29
ORD000909,2024-01-24,PE,Nordeste,Casa e Decoração,Iluminação,3,5485.44,0.0,15.2,5500.64,PIX,Confirmado,Standard,2024-01-31,2024-01-30
ORD000910,2024-03-17,MG,Sudeste,Eletrônicos,Smartwatches,1,1799.64,0.0,33.21,1832.85,Cartão de Crédito,Confirmado,Scheduled,2024-03-20,2024-03-19
ORD000911,2024-08-02,RS,Sul,Casa e Decoração,Utensílios,1,493.84,0.0,18.69,512.53,Boleto,Confirmado,Standard,2024-08-12,2024-08-10
ORD000912,2024-08-01,MA,Nordeste,Casa e Decoração,Decoração,1,1880.2,0.0,17.95,1898.15,Cartão de Crédito,Confirmado,Standard,2024-08-15,2024-08-18
ORD000913,2024-02-09,DF,Centro-Oeste,Casa e Decoração,Móveis,1,1545.44,0.0,27.72,1573.16,Boleto,Confirmado,Standard,2024-02-18,2024-02-20
ORD000914,2024-09-14,GO,Centro-Oeste,Eletrônicos,Notebooks,1,4119.37,0.0,16.55,4135.92,Boleto,Cancelado,Standard,2024-09-24,
ORD000915,2024-04-24,PA,Norte,Esportes,Roupas Esportivas,1,384.84,0.0,25.65,410.49,Cartão de Crédito,Confirmado,Standard,2024-05-03,2024-05-04
ORD000916,2024-07-24,RJ,Sudeste,Livros,Técnicos,1,33.23,0.0,29.81,63.04,PIX,Confirmado,Standard,2024-08-02,2024-07-31
ORD000917,2024-06-08,SC,Sul,Eletrônicos,Smartwatches,2,6317.85,0.05,49.25,6051.2,Cartão de Crédito,Confirmado,Scheduled,2024-06-11,2024-06-23
ORD000918,2024-08-21,SP,Sudeste,Casa e Decoração,Utensílios,1,443.26,0.0,24.93,468.19,Cartão de Crédito,Confirmado,Standard,2024-08-28,2024-08-28
ORD000919,2024-05-29,DF,Centro-Oeste,Casa e Decoração,Têxtil,1,1249.12,0.05,37.91,1224.58,Cartão de Crédito,Confirmado,Standard,2024-06-11,2024-06-10
ORD000920,2024-05-04,PE,Nordeste,Casa e Decoração,Têxtil,1,1068.5,0.0,26.09,1094.59,Cartão de Débito,Cancelado,Standard,2024-05-15,
ORD000921,2024-09-09,PA,Norte,Moda,Acessórios,1,414.66,0.0,50.09,464.75,PIX,Confirmado,Scheduled,2024-09-15,2024-09-16
ORD000922,2024-05-05,MG,Sudeste,Eletrônicos,Fones de Ouvido,1,919.84,0.05,77.81,951.66,PIX,Confirmado,Same-Day,2024-05-05,2024-05-05
ORD000923,2024-01-13,RS,Sul,Esportes,Suplementos,1,266.51,0.0,16.03,282.54,Cartão de Crédito,Confirmado,Standard,2024-01-20,2024-01-19
ORD000924,2024-01-05,SC,Sul,Eletrônicos,Fones de Ouvido,1,4936.65,0.1,47.55,4490.54,Cartão de Crédito,Confirmado,Scheduled,2024-01-09,2024-01-12
ORD000925,2024-06-06,RJ,Sudeste,Moda,Acessórios,1,97.43,0.0,31.35,128.78,Cartão de Crédito,Confirmado,Standard,2024-06-18,2024-06-26
ORD000926,2024-05-01,BA,Nordeste,Livros,Ficção,1,137.47,0.0,17.94,155.41,Boleto,Confirmado,Standard,2024-05-09,2024-05-14
ORD000927,2024-03-13,ES,Sudeste,Casa e Decoração,Móveis,1,978.98,0.05,15.39,945.42,Cartão de Crédito,Cancelado,Standard,2024-03-23,
ORD000928,2024-01-23,MA,Nordeste,Moda,Acessórios,1,64.77,0.0,42.2,106.97,PIX,Confirmado,Same-Day,2024-01-23,2024-01-23
ORD000929,2024-07-30,ES,Sudeste,Casa e Decoração,Iluminação,2,1522.5,0.0,39.99,1562.49,PIX,Confirmado,Standard,2024-08-09,2024-08-10
ORD000930,2024-02-13,DF,Centro-Oeste,Eletrônicos,Smartwatches,1,3936.25,0.05,14.73,3754.16,Cartão de Crédito,Confirmado,Standard,2024-02-26,2024-02-29
ORD000931,2024-03-09,GO,Centro-Oeste,Livros,Ficção,1,80.95,0.0,16.3,97.25,Cartão de Crédito,Confirmado,Standard,2024-03-21,2024-03-22
ORD000932,2024-10-30,DF,Centro-Oeste,Eletrônicos,Fones de Ouvido,1,4233.51,0.0,49.03,4282.54,Cartão de Crédito,Cancelado,Same-Day,2024-10-30,
ORD000933,2024-03-07,RS,Sul,Casa e Decoração,Decoração,3,4670.22,0.05,11.94,4448.65,Boleto,Confirmado,Standard,2024-03-19,2024-03-20
ORD000934,2024-06-10,MA,Nordeste,Livros,Técnicos,2,169.75,0.0,30.72,200.47,Cartão de Crédito,Confirmado,Standard,2024-06-19,2024-06-20
ORD000935,2024-06-11,PE,Nordeste,Casa e Decoração,Utensílios,1,821.92,0.2,30.64,688.18,Cartão de Crédito,Confirmado,Standard,2024-06-23,2024-06-24
ORD000936,2024-02-08,RS,Sul,Moda,Acessórios,1,385.65,0.0,37.24,422.89,Cartão de Crédito,Confirmado,Standard,2024-02-20,2024-02-18
ORD000937,2024-02-25,MG,Sudeste,Eletrônicos,Notebooks,2,1014.21,0.0,32.31,1046.52,Cartão de Crédito,Confirmado,Same-Day,2024-02-25,2024-02-25
ORD000938,2024-08-18,PE,Nordeste,Casa e Decoração,Iluminação,1,955.18,0.0,23.53,978.71,Cartão de Crédito,Confirmado,Standard,2024-08-31,2024-09-01
ORD000939,2024-03-02,CE,Nordeste,Casa e Decoração,Utensílios,1,1409.31,0.1,43.64,1312.02,PIX,Confirmado,Standard,2024-03-09,2024-03-07
ORD000940,2024-08-19,PR,Sul,Livros,Técnicos,1,138.54,0.0,40.19,178.73,PIX,Confirmado,Same-Day,2024-08-19,2024-08-21
ORD000941,2024-03-02,RJ,Sudeste,Moda,Vestidos,3,1234.78,0.0,25.61,1260.39,Cartão de Crédito,Confirmado,Standard,2024-03-07,2024-03-08
ORD000942,2024-01-21,RS,Sul,Casa e Decoração,Utensílios,1,942.84,0.1,34.26,882.82,PIX,Confirmado,Same-Day,2024-01-21,2024-01-31
ORD000943,2024-02-16,ES,Sudeste,Moda,Vestidos,1,270.5,0.0,11.07,281.57,Cartão de Crédito,Confirmado,Standard,2024-02-29,2024-03-01
ORD000944,2024-07-21,CE,Nordeste,Eletrônicos,Tablets,1,888.91,0.1,58.97,858.99,Cartão de Crédito,Confirmado,Scheduled,2024-07-28,2024-07-26
ORD000945,2024-05-13,AM,Norte,Moda,Camisetas,1,192.25,0.0,50.92,243.17,Cartão de Crédito,Confirmado,Standard,2024-05-18,2024-05-17
ORD000946,2024-07-26,AM,Norte,Livros,HQs,2,291.73,0.1,46.43,308.99,Cartão de Crédito,Confirmado,Standard,2024-08-08,2024-08-08
ORD000947,2024-10-08,RS,Sul,Eletrônicos,Fones de Ouvido,2,5115.85,0.0,14.7,5130.55,Cartão de Crédito,Confirmado,Standard,2024-10-20,2024-10-21
ORD000948,2024-02-22,PA,Norte,Moda,Camisetas,1,226.25,0.15,28.21,220.53,Cartão de Crédito,Confirmado,Standard,2024-03-07,2024-03-05
ORD000949,2024-01-07,SP,Sudeste,Moda,Calças,3,535.24,0.05,34.51,542.99,Cartão de Crédito,Confirmado,Standard,2024-01-19,2024-01-18
ORD000950,2024-04-11,AM,Norte,Livros,Técnicos,2,252.12,0.05,50.81,290.33,Cartão de Débito,Confirmado,Standard,2024-04-16,2024-04-15
ORD000951,2024-02-13,DF,Centro-Oeste,Esportes,Suplementos,1,794.84,0.0,19.48,814.32,PIX,Confirmado,Standard,2024-02-26,2024-02-27
ORD000952,2024-02-08,SP,Sudeste,Eletrônicos,Notebooks,1,4064.2,0.0,19.44,4083.64,Cartão de Crédito,Cancelado,Standard,2024-02-21,
ORD000953,2024-08-15,PA,Norte,Moda,Camisetas,1,224.49,0.0,22.68,247.17,PIX,Confirmado,Scheduled,2024-08-22,2024-08-23
ORD000954,2024-06-18,RJ,Sudeste,Eletrônicos,Fones de Ouvido,1,1714.88,0.1,23.91,1567.3,Cartão de Crédito,Confirmado,Standard,2024-07-01,2024-07-04
ORD000955,2024-01-26,MG,Sudeste,Esportes,Acessórios,2,1125.88,0.0,37.22,1163.1,PIX,Confirmado,Standard,2024-02-04,2024-02-02
ORD000956,2024-07-21,PE,Nordeste,Eletrônicos,Fones de Ouvido,1,2842.34,0.0,94.98,2937.32,Cartão de Crédito,Confirmado,Same-Day,2024-07-21,2024-07-21
ORD000957,2024-08-06,MG,Sudeste,Casa e Decoração,Utensílios,1,251.09,0.0,19.88,270.97,Cartão de Crédito,Confirmado,Standard,2024-08-13,2024-08-14
ORD000958,2024-04-05,PR,Sul,Casa e Decoração,Iluminação,1,1964.15,0.0,13.07,1977.22,PIX,Confirmado,Standard,2024-04-12,2024-04-16
ORD000959,2024-03-17,SP,Sudeste,Esportes,Calçados,1,680.56,0.0,22.91,703.47,Cartão de Crédito,Confirmado,Standard,2024-03-22,2024-03-20
ORD000960,2024-05-05,GO,Centro-Oeste,Casa e Decoração,Iluminação,2,1298.93,0.05,31.01,1265.0,Boleto,Cancelado,Standard,2024-05-14,
ORD000961,2024-07-29,MA,Nordeste,Esportes,Acessórios,1,473.57,0.0,49.16,522.73,Boleto,Confirmado,Standard,2024-08-07,2024-08-07
ORD000962,2024-02-01,RJ,Sudeste,Casa e Decoração,Iluminação,1,1925.38,0.0,24.37,1949.75,PIX,Confirmado,Standard,2024-02-15,2024-02-18
ORD000963,2024-03-11,BA,Nordeste,Moda,Acessórios,1,488.2,0.1,63.23,502.61,Cartão de Crédito,Confirmado,Scheduled,2024-03-20,2024-03-19
ORD000964,2024-05-07,GO,Centro-Oeste,Esportes,Roupas Esportivas,1,125.8,0.0,12.13,137.93,Cartão de Crédito,Confirmado,Standard,2024-05-14,2024-05-18
ORD000965,2024-07-14,PA,Norte,Casa e Decoração,Iluminação,2,1715.6,0.2,59.62,1432.1,Cartão de Crédito,Confirmado,Scheduled,2024-07-19,2024-07-18
ORD000966,2024-10-05,PA,Norte,Livros,Técnicos,1,60.23,0.0,43.84,104.07,Cartão de Crédito,Confirmado,Standard,2024-10-15,2024-10-15
ORD000967,2024-10-16,CE,Nordeste,Casa e Decoração,Iluminação,2,440.01,0.0,26.64,466.65,Boleto,Confirmado,Standard,2024-10-21,2024-10-19
ORD000968,2024-05-18,MG,Sudeste,Eletrônicos,Tablets,2,9153.76,0.0,29.13,9182.89,Boleto,Confirmado,Standard,2024-05-27,2024-05-30
ORD000969,2024-04-22,SP,Sudeste,Casa e Decoração,Móveis,1,1705.93,0.0,32.35,1738.28,Cartão de Crédito,Confirmado,Scheduled,2024-05-01,2024-05-03
ORD000970,2024-08-29,CE,Nordeste,Casa e Decoração,Têxtil,1,1744.88,0.0,26.88,1771.76,Cartão de Crédito,Confirmado,Standard,2024-09-10,2024-09-14
ORD000971,2024-04-29,MG,Sudeste,Eletrônicos,Notebooks,1,2543.75,0.2,12.4,2047.4,Cartão de Crédito,Confirmado,Standard,2024-05-06,2024-05-05
ORD000972,2024-05-03,PR,Sul,Esportes,Roupas Esportivas,1,247.94,0.0,32.82,280.76,Cartão de Crédito,Cancelado,Standard,2024-05-10,
ORD000973,2024-04-22,DF,Centro-Oeste,Livros,Técnicos,1,99.26,0.0,42.61,141.87,PIX,Confirmado,Standard,2024-05-04,2024-05-06
ORD000974,2024-03-29,MG,Sudeste,Moda,Acessórios,1,271.34,0.0,36.96,308.3,Cartão de Crédito,Confirmado,Standard,2024-04-03,2024-04-01
ORD000975,2024-06-11,PA,Norte,Casa e Decoração,Têxtil,1,857.26,0.0,34.69,891.95,Cartão de Crédito,Cancelado,Standard,2024-06-20,
ORD000976,2024-01-15,ES,Sudeste,Casa e Decoração,Têxtil,1,744.41,0.0,47.56,791.97,PIX,Confirmado,Same-Day,2024-01-15,2024-01-15
ORD000977,2024-10-15,MG,Sudeste,Esportes,Equipamentos,1,487.84,0.0,34.39,522.23,PIX,Confirmado,Same-Day,2024-10-15,2024-10-15
ORD000978,2024-09-09,CE,Nordeste,Casa e Decoração,Utensílios,1,1292.36,0.0,32.51,1324.87,Cartão de Crédito,Confirmado,Standard,2024-09-16,2024-09-15
ORD000979,2024-09-08,SP,Sudeste,Eletrônicos,Smartphones,3,7990.61,0.0,50.74,8041.35,PIX,Confirmado,Same-Day,2024-09-08,2024-09-08
ORD000980,2024-04-29,DF,Centro-Oeste,Moda,Camisetas,1,322.4,0.0,20.71,343.11,Cartão de Crédito,Confirmado,Standard,2024-05-10,2024-05-10
ORD000981,2024-09-26,PE,Nordeste,Eletrônicos,Tablets,1,1565.66,0.0,51.48,1617.14,Cartão de Crédito,Confirmado,Scheduled,2024-10-03,2024-10-04
ORD000982,2024-04-13,PA,Norte,Moda,Vestidos,1,167.95,0.0,72.25,240.2,Cartão de Débito,Confirmado,Same-Day,2024-04-13,2024-04-13
ORD000983,2024-03-31,MA,Nordeste,Casa e Decoração,Móveis,1,1616.72,0.0,34.83,1651.55,Cartão de Crédito,Confirmado,Standard,2024-04-08,2024-04-11
ORD000984,2024-01-12,MG,Sudeste,Esportes,Equipamentos,3,1345.96,0.0,25.77,1371.73,Cartão de Crédito,Confirmado,Standard,2024-01-24,2024-01-23
ORD000985,2024-02-26,AM,Norte,Esportes,Suplementos,1,796.08,0.0,30.71,826.79,Cartão de Crédito,Confirmado,Standard,2024-03-07,2024-03-10
ORD000986,2024-02-07,SC,Sul,Livros,HQs,1,110.38,0.0,20.51,130.89,Cartão de Débito,Confirmado,Standard,2024-02-13,2024-02-13
ORD000987,2024-02-21,SC,Sul,Casa e Decoração,Decoração,1,1164.33,0.05,20.93,1127.04,PIX,Cancelado,Scheduled,2024-02-24,
ORD000988,2024-03-10,MG,Sudeste,Livros,Infantis,1,24.44,0.05,31.75,54.97,PIX,Confirmado,Standard,2024-03-22,2024-03-21
ORD000989,2024-06-11,MG,Sudeste,Esportes,Calçados,3,2036.66,0.0,14.2,2050.86,Cartão de Crédito,Confirmado,Standard,2024-06-22,2024-06-23
ORD000990,2024-07-01,RS,Sul,Esportes,Equipamentos,2,685.72,0.05,60.34,711.77,Boleto,Confirmado,Same-Day,2024-07-01,2024-07-01
ORD000991,2024-07-12,PR,Sul,Casa e Decoração,Utensílios,1,380.72,0.0,34.15,414.87,Cartão de Crédito,Confirmado,Standard,2024-07-17,2024-07-18
ORD000992,2024-03-31,ES,Sudeste,Eletrônicos,Smartwatches,1,3217.43,0.0,44.37,3261.8,PIX,Confirmado,Scheduled,2024-04-05,2024-04-05
ORD000993,2024-07-19,AM,Norte,Esportes,Roupas Esportivas,2,1013.11,0.0,29.41,1042.52,PIX,Confirmado,Standard,2024-07-29,2024-07-28
ORD000994,2024-04-03,DF,Centro-Oeste,Casa e Decoração,Têxtil,1,1614.2,0.0,35.94,1650.14,Cartão de Débito,Confirmado,Standard,2024-04-13,2024-04-14
ORD000995,2024-04-23,GO,Centro-Oeste,Esportes,Roupas Esportivas,1,702.03,0.1,30.04,661.87,Cartão de Crédito,Confirmado,Standard,2024-05-05,2024-05-07
ORD000996,2024-09-11,MG,Sudeste,Casa e Decoração,Móveis,1,744.49,0.0,36.32,780.81,PIX,Confirmado,Scheduled,2024-09-20,2024-09-20
ORD000997,2024-05-01,SC,Sul,Casa e Decoração,Utensílios,1,122.13,0.0,32.09,154.22,Boleto,Confirmado,Standard,2024-05-06,2024-05-06
ORD000998,2024-02-15,AM,Norte,Casa e Decoração,Iluminação,1,622.46,0.0,25.82,648.28,PIX,Confirmado,Standard,2024-02-28,2024-02-29
ORD000999,2024-01-06,PR,Sul,Moda,Calças,1,255.03,0.0,71.79,326.82,PIX,Confirmado,Same-Day,2024-01-06,2024-01-06
ORD001000,2024-02-04,SC,Sul,Casa e Decoração,Móveis,1,487.06,0.0,25.45,512.51,Cartão de Crédito,Cancelado,Standard,2024-02-12,
ORD001001,2024-01-01,SP,Sudeste,Livros,Infantis,2,282.31,0.0,51.8,334.11,Boleto,Confirmado,Same-Day,2024-01-01,2024-01-02
ORD001002,2024-08-02,MG,Sudeste,Livros,Infantis,1,41.01,0.05,31.04,70.0,PIX,Confirmado,Scheduled,2024-08-10,2024-08-10
ORD001003,2024-07-12,SC,Sul,Esportes,Acessórios,1,524.11,0.0,33.84,557.95,Cartão de Crédito,Confirmado,Standard,2024-07-19,2024-07-17
ORD001004,2024-02-21,AM,Norte,Livros,HQs,2,171.99,0.0,14.62,186.61,Cartão de Crédito,Confirmado,Standard,2024-02-28,2024-03-03
ORD001005,2024-04-25,MG,Sudeste,Livros,Ficção,1,87.67,0.0,61.7,149.37,Cartão de Débito,Confirmado,Same-Day,2024-04-25,2024-04-25
ORD001006,2024-01-18,PR,Sul,Eletrônicos,Tablets,1,1655.74,0.0,27.14,1682.88,Cartão de Débito,Confirmado,Standard,2024-02-01,2024-02-01
ORD001007,2024-05-13,RJ,Sudeste,Eletrônicos,Tablets,1,683.53,0.0,45.07,728.6,Cartão de Crédito,Confirmado,Scheduled,2024-05-22,2024-05-22
ORD001008,2024-03-28,MA,Nordeste,Livros,Não-ficção,1,130.85,0.0,31.11,161.96,Cartão de Crédito,Confirmado,Standard,2024-04-10,2024-04-11
ORD001009,2024-02-08,CE,Nordeste,Eletrônicos,Tablets,1,3882.56,0.0,41.89,3924.45,PIX,Confirmado,Standard,2024-02-13,2024-02-13
ORD001010,2024-10-31,DF,Centro-Oeste,Livros,Ficção,1,116.96,0.05,35.21,146.32,Boleto,Cancelado,Standard,2024-11-07,
ORD001011,2024-08-08,GO,Centro-Oeste,Moda,Acessórios,1,325.47,0.0,34.17,359.64,Boleto,Cancelado,Standard,2024-08-21,
ORD001012,2024-08-10,MG,Sudeste,Eletrônicos,Smartphones,2,1776.24,0.0,33.76,1810.0,Cartão de Crédito,Confirmado,Standard,2024-08-20,2024-08-21
ORD001013,2024-06-18,RS,Sul,Moda,Calçados,2,230.24,0.0,77.16,307.4,Boleto,Confirmado,Same-Day,2024-06-18,2024-06-18
ORD001014,2024-10-10,ES,Sudeste,Esportes,Suplementos,1,529.2,0.0,26.52,555.72,Cartão de Crédito,Confirmado,Standard,2024-10-15,2024-10-19
ORD001015,2024-05-24,PR,Sul,Moda,Camisetas,3,680.48,0.0,31.29,711.77,Cartão de Débito,Confirmado,Standard,2024-06-02,2024-06-01
ORD001016,2024-01-26,BA,Nordeste,Esportes,Calçados,1,273.36,0.0,25.59,298.95,Cartão de Crédito,Confirmado,Standard,2024-02-09,2024-02-07
ORD001017,2024-09-08,MG,Sudeste,Eletrônicos,Tablets,1,641.13,0.0,25.24,666.37,Cartão de Crédito,Confirmado,Standard,2024-09-19,2024-09-20
ORD001018,2024-01-02,BA,Nordeste,Eletrônicos,Tablets,2,6708.96,0.0,38.59,6747.55,Cartão de Crédito,Confirmado,Standard,2024-01-11,2024-01-10
ORD001019,2024-09-02,RS,Sul,Eletrônicos,Smartphones,1,3370.69,0.0,43.72,3414.41,PIX,Confirmado,Scheduled,2024-09-05,2024-09-06
ORD001020,2024-04-15,MG,Sudeste,Casa e Decoração,Móveis,2,1229.46,0.0,18.22,1247.68,Cartão de Crédito,Confirmado,Standard,2024-04-22,2024-04-29
ORD001021,2024-08-30,AM,Norte,Eletrônicos,Tablets,1,2431.95,0.0,40.38,2472.33,PIX,Confirmado,Standard,2024-09-08,2024-09-06
ORD001022,2024-07-22,PE,Nordeste,Livros,Técnicos,2,251.69,0.0,56.35,308.04,PIX,Confirmado,Scheduled,2024-07-28,2024-07-29
ORD001023,2024-02-16,GO,Centro-Oeste,Esportes,Acessórios,1,568.55,0.1,30.78,542.48,Cartão de Crédito,Cancelado,Standard,2024-02-25,
ORD001024,2024-04-04,SC,Sul,Livros,Técnicos,1,41.06,0.1,17.25,54.2,Boleto,Confirmado,Standard,2024-04-11,2024-04-11
ORD001025,2024-04-05,PE,Nordeste,Eletrônicos,Tablets,1,1982.37,0.1,47.29,1831.43,Cartão de Crédito,Confirmado,Same-Day,2024-04-05,2024-04-06
ORD001026,2024-08-13,PE,Nordeste,Casa e Decoração,Utensílios,1,1663.2,0.0,30.49,1693.69,Cartão de Crédito,Confirmado,Standard,2024-08-20,2024-08-21
ORD001027,2024-05-17,DF,Centro-Oeste,Eletrônicos,Notebooks,1,1505.88,0.05,31.63,1462.21,Cartão de Crédito,Confirmado,Standard,2024-05-23,2024-05-23
ORD001028,2024-02-19,RJ,Sudeste,Casa e Decoração,Têxtil,1,1075.65,0.0,15.67,1091.32,Cartão de Crédito,Confirmado,Standard,2024-03-02,2024-03-02
ORD001029,2024-07-30,PA,Norte,Esportes,Equipamentos,1,258.95,0.05,22.45,268.45,Cartão de Crédito,Confirmado,Standard,2024-08-09,2024-08-07
ORD001030,2024-10-10,SP,Sudeste,Livros,HQs,1,85.9,0.0,32.24,118.14,Cartão de Crédito,Confirmado,Same-Day,2024-10-10,2024-10-10
ORD001031,2024-08-02,CE,Nordeste,Livros,HQs,1,48.55,0.05,15.99,62.11,PIX,Cancelado,Standard,2024-08-14,
ORD001032,2024-04-30,PE,Nordeste,Casa e Decoração,Móveis,3,1883.84,0.1,45.19,1740.65,PIX,Cancelado,Standard,2024-05-13,
ORD001033,2024-07-21,MA,Nordeste,Eletrônicos,Smartwatches,1,3795.35,0.05,21.64,3627.23,Boleto,Confirmado,Standard,2024-07-27,2024-07-28
ORD001034,2024-10-19,MA,Nordeste,Esportes,Calçados,2,1526.14,0.1,100.32,1473.84,Cartão de Crédito,Confirmado,Same-Day,2024-10-19,2024-10-19
ORD001035,2024-03-16,RJ,Sudeste,Livros,Não-ficção,1,64.29,0.0,54.68,118.97,PIX,Confirmado,Same-Day,2024-03-16,2024-03-16
ORD001036,2024-03-26,RS,Sul,Moda,Calças,1,207.44,0.0,13.0,220.44,PIX,Confirmado,Standard,2024-04-03,2024-04-02
ORD001037,2024-01-22,BA,Nordeste,Eletrônicos,Fones de Ouvido,3,8234.78,0.0,51.12,8285.9,PIX,Confirmado,Standard,2024-02-01,2024-02-04
ORD001038,2024-04-13,AM,Norte,Moda,Acessórios,2,439.4,0.0,27.39,466.79,PIX,Confirmado,Standard,2024-04-23,2024-04-22
ORD001039,2024-05-12,SC,Sul,Eletrônicos,Smartphones,1,2047.34,0.1,21.49,1864.1,Cartão de Crédito,Confirmado,Standard,2024-05-17,2024-05-16
ORD001040,2024-07-17,CE,Nordeste,Livros,HQs,1,131.32,0.0,28.68,160.0,Cartão de Crédito,Confirmado,Scheduled,2024-07-23,2024-07-22
ORD001041,2024-06-15,AM,Norte,Casa e Decoração,Têxtil,1,1723.26,0.0,66.25,1789.51,Cartão de Crédito,Confirmado,Same-Day,2024-06-15,2024-06-15
ORD001042,2024-08-22,MA,Nordeste,Eletrônicos,Smartwatches,1,4140.65,0.0,37.68,4178.33,PIX,Confirmado,Standard,2024-09-03,2024-09-04
ORD001043,2024-10-27,CE,Nordeste,Livros,Ficção,1,110.39,0.1,13.46,112.81,Cartão de Crédito,Confirmado,Standard,2024-11-01,2024-11-01
ORD001044,2024-07-31,MG,Sudeste,Moda,Acessórios,2,888.94,0.0,26.47,915.41,Cartão de Débito,Cancelado,Standard,2024-08-11,
ORD001045,2024-10-28,DF,Centro-Oeste,Eletrônicos,Smartphones,1,924.08,0.0,62.68,986.76,Cartão de Crédito,Confirmado,Same-Day,2024-10-28,2024-10-28
ORD001046,2024-10-15,PA,Norte,Eletrônicos,Tablets,1,1823.02,0.0,28.88,1851.9,Cartão de Crédito,Confirmado,Standard,2024-10-24,2024-10-25
ORD001047,2024-10-01,MA,Nordeste,Casa e Decoração,Iluminação,1,399.02,0.05,31.24,410.31,Cartão de Crédito,Confirmado,Standard,2024-10-11,2024-10-14
ORD001048,2024-05-15,BA,Nordeste,Livros,HQs,1,140.17,0.0,50.01,190.18,PIX,Confirmado,Standard,2024-05-29,2024-05-27
ORD001049,2024-08-30,SP,Sudeste,Moda,Vestidos,1,420.3,0.05,18.92,418.2,Cartão de Crédito,Confirmado,Standard,2024-09-09,2024-09-10
ORD001050,2024-07-25,MG,Sudeste,Esportes,Calçados,1,203.25,0.0,24.28,227.53,Cartão de Crédito,Cancelado,Standard,2024-08-08,
ORD001051,2024-07-24,SP,Sudeste,Livros,Técnicos,1,37.51,0.05,24.91,60.55,Cartão de Crédito,Confirmado,Scheduled,2024-07-31,2024-07-29
ORD001052,2024-05-01,SP,Sudeste,Livros,Técnicos,1,127.28,0.2,29.85,131.67,Cartão de Crédito,Confirmado,Standard,2024-05-15,2024-05-16
ORD001053,2024-07-09,SP,Sudeste,Casa e Decoração,Decoração,1,1459.57,0.0,45.84,1505.41,PIX,Confirmado,Same-Day,2024-07-09,2024-07-10
ORD001054,2024-06-08,PR,Sul,Livros,Ficção,2,278.73,0.15,24.8,261.72,Cartão de Crédito,Confirmado,Scheduled,2024-06-14,2024-06-12
ORD001055,2024-04-26,MG,Sudeste,Casa e Decoração,Iluminação,1,1530.67,0.0,22.98,1553.65,Boleto,Confirmado,Standard,2024-05-04,2024-05-02
ORD001056,2024-06-13,PR,Sul,Livros,HQs,2,84.03,0.0,16.29,100.32,Cartão de Crédito,Confirmado,Standard,2024-06-25,2024-06-24
ORD001057,2024-02-15,RS,Sul,Livros,Não-ficção,3,430.71,0.0,21.28,451.99,Cartão de Crédito,Confirmado,Scheduled,2024-02-20,2024-02-20
ORD001058,2024-07-27,ES,Sudeste,Livros,HQs,1,144.61,0.0,40.94,185.55,Cartão de Crédito,Confirmado,Same-Day,2024-07-27,2024-07-27
ORD001059,2024-07-10,AM,Norte,Eletrônicos,Smartwatches,1,2279.7,0.0,50.06,2329.76,Cartão de Crédito,Confirmado,Scheduled,2024-07-16,2024-07-22
ORD001060,2024-03-22,RJ,Sudeste,Casa e Decoração,Têxtil,2,3957.73,0.0,27.71,3985.44,PIX,Confirmado,Scheduled,2024-03-27,2024-03-26
ORD001061,2024-07-25,MG,Sudeste,Esportes,Calçados,1,637.62,0.0,20.38,658.0,Cartão de Crédito,Confirmado,Standard,2024-07-31,2024-07-29
ORD001062,2024-01-15,MG,Sudeste,Moda,Calças,1,115.53,0.0,19.05,134.58,Cartão de Débito,Confirmado,Scheduled,2024-01-23,2024-02-01
ORD001063,2024-01-30,RS,Sul,Eletrônicos,Fones de Ouvido,1,4220.27,0.0,27.6,4247.87,PIX,Confirmado,Standard,2024-02-08,2024-02-08
ORD001064,2024-01-26,MA,Nordeste,Casa e Decoração,Utensílios,1,746.52,0.1,45.16,717.03,Cartão de Crédito,Confirmado,Standard,2024-02-01,2024-02-02
ORD001065,2024-05-20,SC,Sul,Livros,HQs,1,69.42,0.05,32.54,98.49,Cartão de Crédito,Confirmado,Same-Day,2024-05-20,2024-05-20
ORD001066,2024-07-22,GO,Centro-Oeste,Eletrônicos,Smartphones,1,563.91,0.0,27.85,591.76,Cartão de Crédito,Confirmado,Standard,2024-08-05,2024-08-04
ORD001067,2024-05-03,SC,Sul,Livros,HQs,1,116.07,0.0,24.93,141.0,Cartão de Crédito,Confirmado,Standard,2024-05-16,2024-05-17
ORD001068,2024-08-16,MG,Sudeste,Livros,HQs,1,42.22,0.0,70.69,112.91,Cartão de Crédito,Confirmado,Same-Day,2024-08-16,2024-08-17
ORD001069,2024-10-09,SC,Sul,Casa e Decoração,Utensílios,1,988.33,0.0,44.76,1033.09,PIX,Confirmado,Scheduled,2024-10-13,2024-10-16
ORD001070,2024-05-12,ES,Sudeste,Eletrônicos,Tablets,1,2403.84,0.0,28.55,2432.39,Boleto,Cancelado,Scheduled,2024-05-20,
ORD001071,2024-01-15,BA,Nordeste,Eletrônicos,Notebooks,3,4652.81,0.15,83.74,4038.63,Cartão de Crédito,Confirmado,Same-Day,2024-01-15,2024-01-15
ORD001072,2024-10-19,PA,Norte,Moda,Calças,1,471.36,0.0,31.86,503.22,Boleto,Confirmado,Standard,2024-10-30,2024-10-28
ORD001073,2024-04-25,GO,Centro-Oeste,Moda,Vestidos,2,474.71,0.2,28.55,408.32,Boleto,Cancelado,Standard,2024-05-09,
ORD001074,2024-07-28,CE,Nordeste,Eletrônicos,Smartphones,2,7291.96,0.0,61.24,7353.2,Cartão de Débito,Confirmado,Scheduled,2024-07-31,2024-07-31
ORD001075,2024-08-30,MA,Nordeste,Moda,Calças,1,211.62,0.0,29.07,240.69,Boleto,Confirmado,Standard,2024-09-06,2024-09-04
ORD001076,2024-01-05,RS,Sul,Casa e Decoração,Têxtil,1,1402.84,0.0,14.22,1417.06,Boleto,Confirmado,Standard,2024-01-13,2024-01-13
ORD001077,2024-06-05,ES,Sudeste,Casa e Decoração,Iluminação,1,1471.13,0.1,38.87,1362.89,Cartão de Crédito,Confirmado,Standard,2024-06-12,2024-06-13
ORD001078,2024-07-11,AM,Norte,Casa e Decoração,Iluminação,1,1937.71,0.0,66.75,2004.46,Boleto,Confirmado,Same-Day,2024-07-11,2024-07-14
ORD001079,2024-05-09,RS,Sul,Livros,Técnicos,1,72.11,0.0,30.16,102.27,Cartão de Débito,Confirmado,Standard,2024-05-14,2024-05-18
ORD001080,2024-09-23,AM,Norte,Esportes,Acessórios,1,479.54,0.1,21.83,453.41,Cartão de Crédito,Confirmado,Standard,2024-10-02,2024-10-05
ORD001081,2024-10-26,RJ,Sudeste,Eletrônicos,Smartwatches,1,1263.67,0.05,31.42,1231.91,PIX,Confirmado,Standard,2024-11-09,2024-11-10
ORD001082,2024-07-10,CE,Nordeste,Esportes,Calçados,1,227.23,0.0,42.18,269.41,Cartão de Crédito,Confirmado,Standard,2024-07-20,2024-07-21
ORD001083,2024-05-24,PR,Sul,Eletrônicos,Fones de Ouvido,1,3588.65,0.0,10.28,3598.93,Cartão de Crédito,Confirmado,Standard,2024-06-06,2024-06-09
ORD001084,2024-02-02,SC,Sul,Casa e Decoração,Decoração,1,1407.13,0.0,37.98,1445.11,Cartão de Crédito,Confirmado,Standard,2024-02-09,2024-02-12
ORD001085,2024-05-21,PR,Sul,Casa e Decoração,Utensílios,1,521.13,0.0,21.91,543.04,Boleto,Cancelado,Scheduled,2024-05-30,
ORD001086,2024-03-17,CE,Nordeste,Moda,Camisetas,1,376.6,0.05,45.0,402.77,Cartão de Crédito,Confirmado,Standard,2024-03-28,2024-03-27
ORD001087,2024-07-25,GO,Centro-Oeste,Casa e Decoração,Utensílios,1,1663.01,0.0,28.6,1691.61,Boleto,Confirmado,Standard,2024-08-03,2024-08-04
ORD001088,2024-01-14,GO,Centro-Oeste,Livros,Técnicos,1,67.48,0.0,37.38,104.86,PIX,Confirmado,Scheduled,2024-01-19,2024-01-17
ORD001089,2024-05-12,MA,Nordeste,Livros,Infantis,1,22.6,0.0,23.32,45.92,Boleto,Confirmado,Standard,2024-05-17,2024-05-26
ORD001090,2024-07-17,ES,Sudeste,Eletrônicos,Smartwatches,2,4732.62,0.05,13.93,4509.92,PIX,Confirmado,Standard,2024-07-31,2024-07-31
ORD001091,2024-10-19,AM,Norte,Moda,Vestidos,3,994.04,0.0,45.3,1039.34,Cartão de Crédito,Confirmado,Standard,2024-11-02,2024-11-05
ORD001092,2024-04-23,GO,Centro-Oeste,Esportes,Acessórios,1,509.14,0.0,32.0,541.14,PIX,Confirmado,Standard,2024-04-30,2024-05-07
ORD001093,2024-07-02,CE,Nordeste,Casa e Decoração,Utensílios,1,1003.84,0.05,28.96,982.61,PIX,Confirmado,Standard,2024-07-16,2024-07-24
ORD001094,2024-10-12,MG,Sudeste,Casa e Decoração,Móveis,2,256.81,0.0,70.55,327.36,PIX,Cancelado,Same-Day,2024-10-12,
ORD001095,2024-08-29,MG,Sudeste,Casa e Decoração,Têxtil,1,658.68,0.0,35.44,694.12,Cartão de Crédito,Confirmado,Standard,2024-09-04,2024-09-02
ORD001096,2024-04-03,GO,Centro-Oeste,Casa e Decoração,Móveis,1,1948.5,0.0,35.03,1983.53,Cartão de Crédito,Confirmado,Scheduled,2024-04-10,2024-04-08
ORD001097,2024-04-23,SC,Sul,Moda,Vestidos,1,432.07,0.1,64.65,453.51,Cartão de Crédito,Confirmado,Same-Day,2024-04-23,2024-04-23
ORD001098,2024-08-03,PA,Norte,Casa e Decoração,Decoração,1,647.44,0.0,76.69,724.13,Cartão de Crédito,Confirmado,Same-Day,2024-08-03,2024-08-04
ORD001099,2024-05-13,DF,Centro-Oeste,Casa e Decoração,Iluminação,1,807.27,0.0,29.67,836.94,Cartão de Crédito,Cancelado,Standard,2024-05-25,
ORD001100,2024-03-01,PE,Nordeste,Eletrônicos,Smartwatches,1,3713.59,0.0,34.55,3748.14,Cartão de Crédito,Confirmado,Standard,2024-03-13,2024-03-17
ORD001101,2024-10-24,DF,Centro-Oeste,Eletrônicos,Fones de Ouvido,1,3867.25,0.15,18.27,3305.43,PIX,Confirmado,Standard,2024-11-06,2024-11-06
ORD001102,2024-04-09,CE,Nordeste,Eletrônicos,Fones de Ouvido,2,4701.27,0.0,60.92,4762.19,Boleto,Confirmado,Scheduled,2024-04-18,2024-04-28
ORD001103,2024-09-28,PR,Sul,Livros,Ficção,1,118.05,0.0,38.44,156.49,Cartão de Crédito,Confirmado,Standard,2024-10-07,2024-10-05
ORD001104,2024-03-18,MG,Sudeste,Moda,Vestidos,1,326.34,0.0,39.99,366.33,PIX,Confirmado,Standard,2024-03-23,2024-03-24
ORD001105,2024-07-28,DF,Centro-Oeste,Livros,Não-ficção,3,410.28,0.0,67.09,477.37,Cartão de Crédito,Confirmado,Same-Day,2024-07-28,2024-07-29
ORD001106,2024-06-10,AM,Norte,Moda,Camisetas,1,74.25,0.0,22.89,97.14,Cartão de Crédito,Confirmado,Standard,2024-06-16,2024-06-16
ORD001107,2024-09-06,SC,Sul,Moda,Vestidos,1,467.65,0.0,52.14,519.79,Cartão de Crédito,Confirmado,Same-Day,2024-09-06,2024-09-07
ORD001108,2024-01-30,SP,Sudeste,Livros,Técnicos,1,50.42,0.0,26.5,76.92,Cartão de Crédito,Confirmado,Standard,2024-02-05,2024-02-03
ORD001109,2024-04-17,PA,Norte,Moda,Acessórios,1,186.68,0.0,99.61,286.29,PIX,Confirmado,Same-Day,2024-04-17,2024-04-17
ORD001110,2024-03-22,PE,Nordeste,Eletrônicos,Notebooks,3,12707.39,0.0,36.53,12743.92,Cartão de Crédito,Confirmado,Standard,2024-03-29,2024-03-29
ORD001111,2024-08-10,GO,Centro-Oeste,Livros,Infantis,1,62.22,0.0,57.77,119.99,Cartão de Crédito,Confirmado,Same-Day,2024-08-10,2024-08-14
ORD001112,2024-08-07,PE,Nordeste,Livros,Ficção,1,128.55,0.05,22.76,144.89,PIX,Confirmado,Standard,2024-08-13,2024-08-12
ORD001113,2024-01-20,CE,Nordeste,Moda,Vestidos,2,776.03,0.0,36.27,812.3,Cartão de Crédito,Confirmado,Scheduled,2024-01-28,2024-02-01
ORD001114,2024-01-08,MA,Nordeste,Casa e Decoração,Têxtil,1,1030.8,0.0,34.85,1065.65,Cartão de Crédito,Cancelado,Standard,2024-01-22,
ORD001115,2024-04-07,SP,Sudeste,Eletrônicos,Notebooks,1,1296.69,0.1,32.08,1199.11,Cartão de Crédito,Confirmado,Standard,2024-04-18,2024-04-18
ORD001116,2024-04-25,ES,Sudeste,Casa e Decoração,Decoração,1,1377.24,0.2,46.33,1148.13,PIX,Confirmado,Scheduled,2024-04-30,2024-05-01
ORD001117,2024-03-07,RJ,Sudeste,Livros,HQs,1,93.15,0.1,16.75,100.59,Boleto,Confirmado,Standard,2024-03-19,2024-03-19
ORD001118,2024-10-28,PR,Sul,Moda,Camisetas,3,1172.15,0.05,37.11,1150.66,Cartão de Crédito,Confirmado,Standard,2024-11-03,2024-11-02
ORD001119,2024-01-24,PR,Sul,Casa e Decoração,Iluminação,1,1572.86,0.0,11.13,1583.99,Boleto,Confirmado,Standard,2024-02-03,2024-02-07
ORD001120,2024-09-23,DF,Centro-Oeste,Esportes,Suplementos,2,885.15,0.1,67.96,864.6,Cartão de Crédito,Cancelado,Same-Day,2024-09-23,
ORD001121,2024-08-10,MA,Nordeste,Moda,Vestidos,1,173.36,0.0,51.16,224.52,Boleto,Confirmado,Standard,2024-08-22,2024-08-21
ORD001122,2024-09-07,SC,Sul,Moda,Calças,1,237.25,0.0,13.24,250.49,PIX,Confirmado,Standard,2024-09-20,2024-09-28
ORD001123,2024-07-25,SP,Sudeste,Moda,Calças,1,222.27,0.05,15.04,226.2,Cartão de Débito,Confirmado,Standard,2024-08-05,2024-08-04
ORD001124,2024-03-08,RS,Sul,Eletrônicos,Smartwatches,1,2671.28,0.0,,2700.28,Cartão de Crédito,Confirmado,Standard,2024-03-19,2024-03-17
ORD001125,2024-09-15,MG,Sudeste,Eletrônicos,Tablets,1,924.09,0.0,12.83,936.92,PIX,Confirmado,Standard,2024-09-20,2024-09-19
ORD001126,2024-01-20,BA,Nordeste,Casa e Decoração,Têxtil,1,1465.21,0.05,46.02,1437.97,Boleto,Confirmado,Standard,2024-01-31,2024-02-01
ORD001127,2024-01-25,DF,Centro-Oeste,Eletrônicos,Smartphones,1,3307.76,0.0,14.93,3322.69,Boleto,Confirmado,Standard,2024-02-06,2024-02-04
ORD001128,2024-01-11,SP,Sudeste,Eletrônicos,Fones de Ouvido,2,5223.73,0.0,33.39,5257.12,PIX,Confirmado,Standard,2024-01-24,2024-01-25
ORD001129,2024-08-15,BA,Nordeste,Eletrônicos,Smartwatches,1,4499.12,0.0,44.03,4543.15,Cartão de Crédito,Confirmado,Standard,2024-08-22,2024-09-04
ORD001130,2024-05-09,PE,Nordeste,Moda,Calças,2,509.83,0.05,33.23,517.57,Cartão de Crédito,Confirmado,Standard,2024-05-14,2024-05-15
ORD001131,2024-01-05,PR,Sul,Livros,Ficção,1,79.49,0.0,17.27,96.76,Cartão de Crédito,Confirmado,Standard,2024-01-11,2024-01-11
ORD001132,2024-09-23,PR,Sul,Esportes,Calçados,1,531.18,0.0,21.64,552.82,Cartão de Crédito,Confirmado,Standard,2024-10-01,2024-10-01
ORD001133,2024-03-11,BA,Nordeste,Eletrônicos,Smartwatches,1,4436.16,0.0,24.75,4460.91,Cartão de Crédito,Confirmado,Standard,2024-03-20,2024-03-29
ORD001134,2024-03-01,PR,Sul,Eletrônicos,Smartphones,1,4936.13,0.0,59.9,4996.03,Cartão de Crédito,Confirmado,Same-Day,2024-03-01,2024-03-02
ORD001135,2024-09-11,RS,Sul,Esportes,Equipamentos,1,227.73,0.0,28.88,256.61,Cartão de Débito,Confirmado,Standard,2024-09-23,2024-09-25
ORD001136,2024-05-14,AM,Norte,Esportes,Equipamentos,1,732.58,0.0,34.13,766.71,Cartão de Crédito,Confirmado,Standard,2024-05-21,2024-05-19
ORD001137,2024-07-02,ES,Sudeste,Livros,Técnicos,1,53.85,0.0,69.52,123.37,Cartão de Crédito,Confirmado,Same-Day,2024-07-02,2024-07-02
ORD001138,2024-03-23,SP,Sudeste,Esportes,Acessórios,1,504.18,0.0,17.93,522.11,Cartão de Crédito,Confirmado,Scheduled,2024-03-26,2024-03-27
ORD001139,2024-04-16,ES,Sudeste,Livros,Técnicos,1,55.58,0.0,55.5,111.08,Cartão de Crédito,Confirmado,Same-Day,2024-04-16,2024-04-16
ORD001140,2024-04-30,SP,Sudeste,Eletrônicos,Smartphones,1,589.56,0.0,22.09,611.65,Cartão de Débito,Confirmado,Standard,2024-05-12,2024-05-14
ORD001141,2024-02-26,AM,Norte,Esportes,Acessórios,1,708.84,0.0,39.09,747.93,Cartão de Débito,Cancelado,Standard,2024-03-04,
ORD001142,2024-03-17,RJ,Sudeste,Esportes,Roupas Esportivas,2,1534.29,0.0,34.39,1568.68,Boleto,Confirmado,Standard,2024-03-31,2024-03-31
ORD001143,2024-02-21,MA,Nordeste,Casa e Decoração,Utensílios,1,178.31,0.0,44.22,222.53,Boleto,Cancelado,Standard,2024-03-03,
ORD001144,2024-08-21,PR,Sul,Casa e Decoração,Iluminação,2,3717.01,0.0,22.84,3739.85,Cartão de Crédito,Confirmado,Standard,2024-08-31,2024-08-31
ORD001145,2024-01-26,RJ,Sudeste,Moda,Camisetas,1,53.25,0.0,39.35,92.6,PIX,Confirmado,Standard,2024-02-05,2024-02-05
ORD001146,2024-05-28,SC,Sul,Casa e Decoração,Iluminação,2,3662.69,0.0,24.05,3686.74,PIX,Confirmado,Scheduled,2024-06-03,2024-06-01
ORD001147,2024-02-29,RJ,Sudeste,Eletrônicos,Smartphones,3,5678.0,0.0,16.87,5694.87,PIX,Confirmado,Scheduled,2024-03-04,2024-03-02
ORD001148,2024-03-11,GO,Centro-Oeste,Moda,Vestidos,1,367.52,0.0,42.54,410.06,Cartão de Crédito,Confirmado,Standard,2024-03-22,2024-03-20
ORD001149,2024-07-02,MA,Nordeste,Livros,HQs,1,50.25,0.1,76.7,121.93,Cartão de Crédito,Confirmado,Same-Day,2024-07-02,2024-07-02
ORD001150,2024-05-17,MA,Nordeste,Eletrônicos,Tablets,3,13880.56,0.05,28.7,13215.23,PIX,Cancelado,Standard,2024-05-30,
ORD001151,2024-06-24,MG,Sudeste,Eletrônicos,Fones de Ouvido,2,7343.16,0.0,,7380.98,Boleto,Confirmado,Standard,2024-07-02,2024-07-03
ORD001152,2024-07-23,PE,Nordeste,Casa e Decoração,Iluminação,2,606.16,0.0,43.66,649.82,Cartão de Crédito,Confirmado,Standard,2024-07-31,2024-08-02
ORD001153,2024-09-01,PA,Norte,Livros,Não-ficção,3,406.22,0.1,27.83,393.43,PIX,Confirmado,Standard,2024-09-11,2024-09-12
ORD001154,2024-02-27,MG,Sudeste,Eletrônicos,Notebooks,2,4285.23,0.0,39.93,4325.16,Cartão de Crédito,Confirmado,Standard,2024-03-06,2024-03-10
ORD001155,2024-02-23,BA,Nordeste,Esportes,Acessórios,2,231.46,0.0,26.51,257.97,Cartão de Crédito,Confirmado,Standard,2024-03-03,2024-03-14
ORD001156,2024-10-18,GO,Centro-Oeste,Livros,Não-ficção,1,135.23,0.0,12.69,147.92,PIX,Confirmado,Standard,2024-10-30,2024-10-31
ORD001157,2024-07-13,PA,Norte,Casa e Decoração,Têxtil,1,1034.44,0.0,20.63,1055.07,Cartão de Débito,Confirmado,Standard,2024-07-24,2024-07-24
ORD001158,2024-01-15,AM,Norte,Moda,Calçados,1,324.58,0.05,54.43,362.78,Cartão de Crédito,Cancelado,Same-Day,2024-01-15,
ORD001159,2024-09-06,RJ,Sudeste,Livros,Infantis,1,127.34,0.0,26.78,154.12,Cartão de Crédito,Confirmado,Standard,2024-09-14,2024-09-15
ORD001160,2024-01-24,RJ,Sudeste,Casa e Decoração,Decoração,2,3167.59,0.0,35.18,3202.77,PIX,Confirmado,Same-Day,2024-01-24,2024-01-24
ORD001161,2024-01-07,ES,Sudeste,Esportes,Calçados,3,1687.96,0.0,49.43,1737.39,Cartão de Crédito,Confirmado,Same-Day,2024-01-07,2024-01-09
ORD001162,2024-10-16,RS,Sul,Casa e Decoração,Têxtil,2,3086.33,0.15,31.48,2654.86,Cartão de Crédito,Confirmado,Standard,2024-10-29,2024-10-28
ORD001163,2024-09-24,ES,Sudeste,Esportes,Roupas Esportivas,3,1814.43,0.05,43.5,1767.21,Cartão de Crédito,Confirmado,Scheduled,2024-10-01,2024-09-29
ORD001164,2024-08-09,GO,Centro-Oeste,Moda,Calçados,1,285.8,0.0,51.59,337.39,Cartão de Crédito,Confirmado,Scheduled,2024-08-18,2024-08-19
ORD001165,2024-06-26,GO,Centro-Oeste,Livros,Não-ficção,1,123.8,0.0,47.53,171.33,Cartão de Crédito,Confirmado,Scheduled,2024-07-01,2024-07-11
ORD001166,2024-10-12,MA,Nordeste,Esportes,Roupas Esportivas,1,116.01,0.0,40.09,156.1,PIX,Confirmado,Standard,2024-10-17,2024-10-19
ORD001167,2024-01-06,GO,Centro-Oeste,Moda,Acessórios,2,852.32,0.0,11.84,864.16,PIX,Confirmado,Standard,2024-01-13,2024-01-13
ORD001168,2024-08-28,AM,Norte,Livros,Não-ficção,1,86.23,0.0,43.8,130.03,Cartão de Crédito,Confirmado,Standard,2024-09-10,2024-09-11
ORD001169,2024-02-08,PA,Norte,Livros,Técnicos,1,119.65,0.1,15.62,123.31,Cartão de Crédito,Confirmado,Standard,2024-02-13,2024-02-11
ORD001170,2024-05-03,SC,Sul,Casa e Decoração,Móveis,1,1582.49,0.0,35.84,1618.33,Cartão de Crédito,Cancelado,Standard,2024-05-13,
ORD001171,2024-09-16,RS,Sul,Esportes,Acessórios,1,794.33,0.0,73.24,867.57,Cartão de Crédito,Confirmado,Same-Day,2024-09-16,2024-09-18
ORD001172,2024-07-25,AM,Norte,Moda,Camisetas,1,386.78,0.15,36.28,365.04,Cartão de Crédito,Confirmado,Standard,2024-08-01,2024-08-12
ORD001173,2024-08-23,PE,Nordeste,Esportes,Acessórios,1,424.91,0.0,88.87,513.78,Cartão de Débito,Confirmado,Same-Day,2024-08-23,2024-09-03
ORD001174,2024-02-15,AM,Norte,Livros,Infantis,1,84.3,0.0,31.25,115.55,Cartão de Crédito,Confirmado,Standard,2024-02-23,2024-02-23
ORD001175,2024-06-10,RJ,Sudeste,Livros,Ficção,1,112.3,0.0,10.26,122.56,Cartão de Crédito,Cancelado,Standard,2024-06-20,
ORD001176,2024-02-22,BA,Nordeste,Livros,Ficção,1,26.06,0.1,49.21,72.66,Boleto,Confirmado,Standard,2024-03-03,2024-03-04
ORD001177,2024-10-12,CE,Nordeste,Eletrônicos,Smartphones,2,9153.57,0.15,25.3,7805.83,PIX,Confirmado,Scheduled,2024-10-21,2024-10-23
ORD001178,2024-06-04,MA,Nordeste,Esportes,Calçados,1,478.76,0.0,47.93,526.69,PIX,Confirmado,Standard,2024-06-14,2024-06-12
ORD001179,2024-04-15,GO,Centro-Oeste,Livros,Técnicos,1,73.19,0.1,63.13,129.0,Boleto,Confirmado,Same-Day,2024-04-15,2024-04-15
ORD001180,2024-07-05,AM,Norte,Eletrônicos,Notebooks,2,2895.69,0.0,49.01,2944.7,Cartão de Crédito,Cancelado,Standard,2024-07-15,
ORD001181,2024-08-20,SC,Sul,Esportes,Calçados,2,1237.58,0.0,37.0,1274.58,Cartão de Crédito,Confirmado,Same-Day,2024-08-20,2024-08-21
ORD001182,2024-08-30,ES,Sudeste,Casa e Decoração,Iluminação,2,1006.29,0.1,10.19,915.85,Cartão de Crédito,Confirmado,Standard,2024-09-07,2024-09-21
ORD001183,2024-02-28,RJ,Sudeste,Moda,Camisetas,1,186.52,0.0,27.37,213.89,Boleto,Confirmado,Standard,2024-03-08,2024-03-09
ORD001184,2024-06-23,SC,Sul,Casa e Decoração,Têxtil,1,1922.94,0.05,43.28,1870.07,Boleto,Cancelado,Same-Day,2024-06-23,
ORD001185,2024-09-24,SC,Sul,Eletrônicos,Smartphones,2,5276.78,0.0,36.74,5313.52,PIX,Cancelado,Standard,2024-10-03,
ORD001186,2024-03-25,PE,Nordeste,Moda,Calçados,1,226.6,0.0,42.1,268.7,Boleto,Confirmado,Scheduled,2024-04-03,2024-04-02
ORD001187,2024-02-24,PR,Sul,Esportes,Equipamentos,2,1212.12,0.05,55.62,1207.13,PIX,Confirmado,Same-Day,2024-02-24,2024-02-24
ORD001188,2024-04-06,RJ,Sudeste,Livros,Não-ficção,1,51.89,0.0,22.53,74.42,Cartão de Crédito,Confirmado,Scheduled,2024-04-11,2024-04-15
ORD001189,2024-08-22,AM,Norte,Moda,Vestidos,1,443.77,0.0,31.56,475.33,Cartão de Débito,Confirmado,Standard,2024-09-01,2024-09-11
ORD001190,2024-02-25,PA,Norte,Livros,Ficção,1,70.4,0.05,51.68,118.56,Cartão de Crédito,Confirmado,Standard,2024-03-07,2024-03-11
ORD001191,2024-10-28,RJ,Sudeste,Livros,Infantis,1,145.82,0.05,15.53,154.06,Cartão de Crédito,Confirmado,Standard,2024-11-08,2024-11-07
ORD001192,2024-10-28,CE,Nordeste,Moda,Calçados,1,315.15,0.0,17.53,332.68,Boleto,Confirmado,Standard,2024-11-07,2024-11-05
ORD001193,2024-01-03,CE,Nordeste,Eletrônicos,Smartwatches,1,4876.32,0.0,13.44,4889.76,Cartão de Crédito,Confirmado,Standard,2024-01-08,2024-01-09
ORD001194,2024-08-09,AM,Norte,Esportes,Acessórios,1,719.23,0.0,30.77,750.0,Cartão de Crédito,Confirmado,Standard,2024-08-22,2024-08-21
ORD001195,2024-09-17,PA,Norte,Moda,Acessórios,1,390.45,0.0,43.27,433.72,Cartão de Crédito,Confirmado,Standard,2024-09-26,2024-09-26
ORD001196,2024-03-29,ES,Sudeste,Moda,Camisetas,1,399.72,0.0,27.39,427.11,PIX,Confirmado,Standard,2024-04-11,2024-04-12
ORD001197,2024-07-17,GO,Centro-Oeste,Esportes,Calçados,1,387.04,0.0,16.08,403.12,Boleto,Confirmado,Standard,2024-07-24,
ORD001198,2024-06-13,CE,Nordeste,Livros,Infantis,2,88.37,0.15,55.39,130.5,Cartão de Crédito,Confirmado,Same-Day,2024-06-13,2024-06-13
ORD001199,2024-05-07,PR,Sul,Livros,Técnicos,1,82.72,0.0,23.01,105.73,Cartão de Crédito,Confirmado,Standard,2024-05-17,2024-05-15
ORD001200,2024-05-30,PE,Nordeste,Moda,Calças,1,387.01,0.0,42.36,429.37,Cartão de Débito,Confirmado,Scheduled,2024-06-02,2024-06-01
ORD001201,2024-07-30,DF,Centro-Oeste,Esportes,Suplementos,1,238.39,0.05,36.96,263.43,Cartão de Crédito,Confirmado,Standard,2024-08-04,2024-08-02
ORD001202,2024-10-07,AM,Norte,Casa e Decoração,Têxtil,1,1375.77,0.0,38.15,1413.92,Cartão de Crédito,Confirmado,Standard,2024-10-21,2024-10-21
ORD001203,2024-04-21,RS,Sul,Moda,Acessórios,1,89.86,0.0,59.8,149.66,Boleto,Confirmado,Same-Day,2024-04-21,2024-04-21
ORD001204,2024-05-28,GO,Centro-Oeste,Casa e Decoração,Utensílios,2,1167.52,0.0,34.83,1202.35,PIX,Confirmado,Standard,2024-06-05,2024-06-06
ORD001205,2024-04-01,CE,Nordeste,Esportes,Suplementos,2,313.73,0.0,26.38,340.11,Cartão de Crédito,Confirmado,Standard,2024-04-08,2024-04-06
ORD001206,2024-02-29,PA,Norte,Casa e Decoração,Têxtil,3,641.29,0.0,41.84,683.13,Boleto,Confirmado,Same-Day,2024-02-29,2024-03-04
ORD001207,2024-09-02,DF,Centro-Oeste,Esportes,Acessórios,1,695.32,0.1,15.25,641.04,PIX,Confirmado,Standard,2024-09-08,2024-09-08
ORD001208,2024-09-30,PR,Sul,Livros,Ficção,1,26.97,0.0,33.81,60.78,Cartão de Crédito,Confirmado,Standard,2024-10-05,2024-10-09
ORD001209,2024-09-24,RJ,Sudeste,Eletrônicos,Fones de Ouvido,1,4163.3,0.1,13.24,3760.21,Boleto,Confirmado,Standard,2024-10-07,2024-10-06
ORD001210,2024-03-15,SP,Sudeste,Eletrônicos,Notebooks,1,3890.77,0.0,28.67,3919.44,Boleto,Confirmado,Standard,2024-03-29,2024-04-01
ORD001211,2024-05-16,PA,Norte,Moda,Vestidos,1,252.38,0.0,36.54,288.92,Cartão de Crédito,Confirmado,Scheduled,2024-05-22,2024-05-23
ORD001212,2024-05-08,MG,Sudeste,Eletrônicos,Tablets,1,3901.63,0.0,42.84,3944.47,Cartão de Crédito,Confirmado,Same-Day,2024-05-08,2024-05-12
ORD001213,2024-04-14,PA,Norte,Esportes,Roupas Esportivas,1,520.79,0.0,17.99,538.78,Cartão de Crédito,Confirmado,Standard,2024-04-27,2024-04-28
ORD001214,2024-07-02,AM,Norte,Livros,Ficção,1,105.31,0.0,29.17,134.48,PIX,Confirmado,Standard,2024-07-14,2024-07-13
ORD001215,2024-10-14,AM,Norte,Moda,Acessórios,1,436.57,0.0,36.76,473.33,Cartão de Crédito,Confirmado,Standard,2024-10-20,2024-10-21
ORD001216,2024-07-18,RS,Sul,Esportes,Suplementos,1,620.11,0.05,27.31,616.41,PIX,Confirmado,Standard,2024-07-29,2024-07-30
ORD001217,2024-01-25,MA,Nordeste,Livros,Infantis,1,120.77,0.0,28.51,149.28,Cartão de Crédito,Confirmado,Scheduled,2024-01-29,2024-01-27
ORD001218,2024-08-01,PA,Norte,Casa e Decoração,Têxtil,1,690.98,0.0,15.27,706.25,Cartão de Débito,Confirmado,Standard,2024-08-14,2024-08-12
ORD001219,2024-01-28,SP,Sudeste,Casa e Decoração,Utensílios,2,3524.75,0.0,57.85,3582.6,PIX,Confirmado,Same-Day,2024-01-28,2024-01-29
ORD001220,2024-08-14,AM,Norte,Moda,Vestidos,2,907.34,0.0,48.6,955.94,Cartão de Crédito,Confirmado,Standard,2024-08-24,2024-08-23
ORD001221,2024-10-28,CE,Nordeste,Esportes,Equipamentos,1,376.32,0.1,47.86,386.55,PIX,Confirmado,Standard,2024-11-11,2024-11-10
ORD001222,2024-04-09,PR,Sul,Livros,Não-ficção,2,193.97,0.0,16.42,210.39,Cartão de Crédito,Confirmado,Standard,2024-04-22,2024-04-21
ORD001223,2024-02-08,MG,Sudeste,Moda,Acessórios,1,347.24,0.05,36.11,365.99,Cartão de Crédito,Cancelado,Standard,2024-02-17,
ORD001224,2024-03-02,BA,Nordeste,Eletrônicos,Fones de Ouvido,1,1657.3,0.0,36.06,1693.36,Cartão de Crédito,Confirmado,Standard,2024-03-16,2024-03-16
ORD001225,2024-05-22,CE,Nordeste,Casa e Decoração,Utensílios,3,4152.58,0.0,47.21,4199.79,Cartão de Crédito,Confirmado,Standard,2024-05-31,2024-06-08
ORD001226,2024-03-23,DF,Centro-Oeste,Casa e Decoração,Móveis,2,935.21,0.0,18.45,953.66,PIX,Confirmado,Scheduled,2024-03-28,2024-03-27
ORD001227,2024-06-18,PE,Nordeste,Moda,Camisetas,1,429.11,0.0,70.8,499.91,Cartão de Crédito,Confirmado,Same-Day,2024-06-18,2024-06-19
ORD001228,2024-03-19,MA,Nordeste,Casa e Decoração,Têxtil,2,3235.33,0.0,49.04,3284.37,PIX,Confirmado,Standard,2024-03-27,2024-03-25
ORD001229,2024-01-27,PA,Norte,Esportes,Suplementos,1,592.92,0.05,28.07,591.35,Cartão de Crédito,Confirmado,Standard,2024-02-02,2024-02-06
ORD001230,2024-09-08,PA,Norte,Esportes,Calçados,2,1102.65,0.2,36.38,918.5,Cartão de Débito,Confirmado,Standard,2024-09-20,2024-09-20
ORD001231,2024-07-02,RJ,Sudeste,Casa e Decoração,Têxtil,2,538.11,0.05,12.73,523.93,Cartão de Crédito,Confirmado,Standard,2024-07-12,2024-07-10
ORD001232,2024-04-22,MG,Sudeste,Esportes,Roupas Esportivas,2,545.44,0.0,19.01,564.45,Boleto,Confirmado,Standard,2024-05-05,2024-05-06
ORD001233,2024-09-15,MG,Sudeste,Livros,HQs,3,379.47,0.0,28.54,408.01,PIX,Confirmado,Standard,2024-09-27,2024-09-30
ORD001234,2024-10-01,BA,Nordeste,Eletrônicos,Tablets,1,2526.76,0.15,41.6,2189.34,Cartão de Crédito,Confirmado,Same-Day,2024-10-01,2024-10-02
ORD001235,2024-04-23,MA,Nordeste,Moda,Vestidos,1,314.84,0.0,22.77,337.61,Cartão de Crédito,Confirmado,Scheduled,2024-05-02,2024-05-05
ORD001236,2024-06-18,SC,Sul,Casa e Decoração,Utensílios,1,878.78,0.0,33.18,911.96,Cartão de Crédito,Confirmado,Scheduled,2024-06-23,2024-06-21
ORD001237,2024-09-28,PE,Nordeste,Esportes,Roupas Esportivas,2,408.32,0.0,62.72,471.04,Cartão de Crédito,Cancelado,Scheduled,2024-10-04,
ORD001238,2024-02-28,GO,Centro-Oeste,Casa e Decoração,Iluminação,1,805.02,0.0,78.95,883.97,Cartão de Crédito,Confirmado,Same-Day,2024-02-28,2024-03-01
ORD001239,2024-05-03,MA,Nordeste,Esportes,Calçados,1,703.61,0.1,36.9,670.15,Cartão de Crédito,Confirmado,Scheduled,2024-05-07,2024-05-06
ORD001240,2024-05-04,SP,Sudeste,Casa e Decoração,Iluminação,1,1593.59,0.0,12.53,1606.12,Boleto,Confirmado,Standard,2024-05-17,2024-05-16
ORD001241,2024-02-28,BA,Nordeste,Casa e Decoração,Têxtil,2,3171.94,0.0,67.18,3239.12,Cartão de Crédito,Confirmado,Same-Day,2024-02-28,2024-02-28
ORD001242,2024-05-24,SP,Sudeste,Esportes,Suplementos,1,209.34,0.0,19.74,229.08,PIX,Confirmado,Standard,2024-06-05,2024-06-04
ORD001243,2024-09-20,PA,Norte,Esportes,Acessórios,1,124.41,0.0,45.89,170.3,PIX,Cancelado,Standard,2024-10-04,
ORD001244,2024-09-06,SP,Sudeste,Casa e Decoração,Utensílios,1,1167.19,0.0,18.21,1185.4,Cartão de Crédito,Confirmado,Standard,2024-09-19,2024-09-19
ORD001245,2024-06-13,CE,Nordeste,Eletrônicos,Smartphones,1,3127.25,0.2,39.02,2540.82,Cartão de Crédito,Confirmado,Standard,2024-06-27,2024-06-30
ORD001246,2024-03-26,PA,Norte,Esportes,Calçados,1,228.86,0.0,45.57,274.43,Cartão de Crédito,Confirmado,Standard,2024-04-01,2024-03-30
ORD001247,2024-01-04,GO,Centro-Oeste,Eletrônicos,Notebooks,1,4187.66,0.2,25.44,3375.57,Cartão de Crédito,Confirmado,Standard,2024-01-14,2024-01-15
ORD001248,2024-04-19,AM,Norte,Livros,Ficção,1,25.0,0.05,15.22,38.97,Cartão de Crédito,Confirmado,Standard,2024-04-26,2024-04-25
ORD001249,2024-04-15,CE,Nordeste,Livros,Ficção,1,33.25,0.0,24.57,57.82,PIX,Confirmado,Standard,2024-04-26,2024-04-25
ORD001250,2024-03-19,SP,Sudeste,Livros,Técnicos,1,58.79,0.05,10.93,66.78,Cartão de Crédito,Confirmado,Standard,2024-03-29,2024-03-29
ORD001251,2024-01-20,RJ,Sudeste,Eletrônicos,Smartphones,1,586.93,0.0,30.05,616.98,Cartão de Crédito,Confirmado,Standard,2024-01-29,2024-01-28
ORD001252,2024-04-01,PA,Norte,Casa e Decoração,Têxtil,1,758.35,0.15,45.87,690.47,Cartão de Crédito,Confirmado,Scheduled,2024-04-08,2024-04-09
ORD001253,2024-02-06,DF,Centro-Oeste,Moda,Vestidos,1,423.14,0.0,63.02,486.16,Cartão de Crédito,Confirmado,Same-Day,2024-02-06,2024-02-07
ORD001254,2024-07-27,BA,Nordeste,Livros,Infantis,1,107.65,0.1,18.85,115.73,Cartão de Crédito,Confirmado,Standard,2024-08-07,2024-08-05
ORD001255,2024-08-09,SC,Sul,Eletrônicos,Fones de Ouvido,1,2463.24,0.0,33.46,2496.7,Cartão de Crédito,Confirmado,Same-Day,2024-08-09,2024-08-10
ORD001256,2024-03-01,CE,Nordeste,Eletrônicos,Smartwatches,1,4458.74,0.1,30.17,4043.04,PIX,Confirmado,Standard,2024-03-10,2024-03-08
ORD001257,2024-02-02,PA,Norte,Esportes,Roupas Esportivas,1,606.11,0.0,18.14,624.25,PIX,Confirmado,Standard,2024-02-10,2024-02-11
ORD001258,2024-02-07,SC,Sul,Esportes,Roupas Esportivas,1,474.91,0.0,38.63,513.54,Cartão de Crédito,Confirmado,Standard,2024-02-16,2024-02-20
ORD001259,2024-05-28,PA,Norte,Casa e Decoração,Têxtil,1,1066.86,0.15,54.97,961.81,Boleto,Confirmado,Scheduled,2024-06-04,2024-06-05
ORD001260,2024-02-14,PR,Sul,Livros,Infantis,1,98.38,0.0,38.36,136.74,Cartão de Crédito,Confirmado,Standard,2024-02-21,2024-02-23
ORD001261,2024-07-21,AM,Norte,Eletrônicos,Fones de Ouvido,2,1248.69,0.0,52.7,1301.39,Cartão de Crédito,Confirmado,Scheduled,2024-07-25,2024-07-25
ORD001262,2024-03-21,CE,Nordeste,Moda,Calças,2,768.7,0.1,41.04,732.87,PIX,Confirmado,Standard,2024-03-28,2024-03-26
ORD001263,2024-07-19,PA,Norte,Esportes,Suplementos,2,415.33,0.0,23.68,439.01,Boleto,Confirmado,Standard,2024-07-30,2024-07-30
ORD001264,2024-03-14,PR,Sul,Casa e Decoração,Móveis,1,1939.14,0.0,10.52,1949.66,Cartão de Crédito,Confirmado,Standard,2024-03-21,2024-03-22
ORD001265,2024-10-10,AM,Norte,Esportes,Equipamentos,1,481.69,0.0,35.53,5172.200000000001,Cartão de Crédito,Confirmado,Standard,2024-10-18,2024-10-17
ORD001266,2024-03-04,SP,Sudeste,Eletrônicos,Smartwatches,1,4473.39,0.1,19.4,4045.45,Cartão de Crédito,Confirmado,Standard,2024-03-18,2024-03-19
ORD001267,2024-07-20,CE,Nordeste,Esportes,Roupas Esportivas,1,305.59,0.0,35.71,341.3,Boleto,Confirmado,Scheduled,2024-07-27,2024-07-26
ORD001268,2024-06-05,RS,Sul,Casa e Decoração,Utensílios,1,1304.84,0.05,23.46,1263.06,PIX,Cancelado,Standard,2024-06-17,
ORD001269,2024-07-30,MA,Nordeste,Esportes,Equipamentos,1,714.46,0.05,20.48,699.22,Boleto,Confirmado,Standard,2024-08-07,2024-08-06
ORD001270,2024-03-23,MG,Sudeste,Moda,Acessórios,1,237.52,0.0,19.16,256.68,Cartão de Débito,Confirmado,Standard,2024-04-06,2024-04-06
ORD001271,2024-05-09,RS,Sul,Eletrônicos,Notebooks,1,3668.39,0.1,34.94,3336.49,Cartão de Crédito,Confirmado,Standard,2024-05-17,2024-05-15
ORD001272,2024-10-17,AM,Norte,Eletrônicos,Smartwatches,1,2638.82,0.0,40.63,2679.45,PIX,Confirmado,Scheduled,2024-10-26,2024-10-27
ORD001273,2024-08-24,GO,Centro-Oeste,Esportes,Roupas Esportivas,1,720.78,0.0,18.39,739.17,Cartão de Crédito,Confirmado,Standard,2024-09-05,2024-09-08
ORD001274,2024-05-28,GO,Centro-Oeste,Eletrônicos,Tablets,1,2365.79,0.1,31.52,2160.73,Cartão de Crédito,Confirmado,Standard,2024-06-09,2024-06-10
ORD001275,2024-02-20,RS,Sul,Esportes,Acessórios,1,385.06,0.1,23.32,369.87,Cartão de Crédito,Confirmado,Scheduled,2024-02-23,2024-02-23
ORD001276,2024-06-18,SC,Sul,Moda,Calças,1,64.45,0.0,35.73,100.18,Cartão de Crédito,Confirmado,Standard,2024-07-01,2024-06-29
ORD001277,2024-02-21,PR,Sul,Esportes,Roupas Esportivas,1,240.54,0.2,58.75,251.18,Cartão de Crédito,Confirmado,Same-Day,2024-02-21,2024-02-21
ORD001278,2024-04-09,SC,Sul,Livros,Infantis,1,94.98,0.0,22.03,117.01,PIX,Confirmado,Standard,2024-04-18,2024-04-16
ORD001279,2024-06-17,DF,Centro-Oeste,Casa e Decoração,Têxtil,1,889.84,0.0,12.76,902.6,Cartão de Crédito,Confirmado,Standard,2024-06-26,2024-06-26
ORD001280,2024-03-19,DF,Centro-Oeste,Esportes,Suplementos,1,313.21,0.1,14.61,296.5,Cartão de Débito,Confirmado,Standard,2024-03-30,2024-03-30
ORD001281,2024-06-10,BA,Nordeste,Moda,Camisetas,2,638.41,0.0,79.8,718.21,Cartão de Crédito,Confirmado,Same-Day,2024-06-10,2024-06-11
ORD001282,2024-06-09,RS,Sul,Moda,Calçados,1,231.45,0.0,65.63,297.08,Cartão de Crédito,Confirmado,Same-Day,2024-06-09,2024-06-10
ORD001283,2024-05-21,AM,Norte,Casa e Decoração,Utensílios,1,1155.47,0.15,48.15,1030.3,Cartão de Crédito,Confirmado,Standard,2024-05-31,2024-06-01
ORD001284,2024-06-18,MA,Nordeste,Livros,Infantis,1,85.83,0.05,46.9,128.44,PIX,Confirmado,Same-Day,2024-06-18,2024-06-18
ORD001285,2024-08-16,SC,Sul,Casa e Decoração,Iluminação,1,1264.32,0.0,34.82,1299.14,PIX,Confirmado,Scheduled,2024-08-22,2024-08-22
ORD001286,2024-10-09,RJ,Sudeste,Moda,Acessórios,1,286.06,0.0,19.51,305.57,Cartão de Crédito,Confirmado,Standard,2024-10-23,2024-10-22
ORD001287,2024-02-11,AM,Norte,Casa e Decoração,Utensílios,1,1635.89,0.0,16.91,1652.8,PIX,Confirmado,Standard,2024-02-22,2024-02-25
ORD001288,2024-10-02,RS,Sul,Casa e Decoração,Móveis,1,644.65,0.0,37.52,6821.7,PIX,Confirmado,Standard,2024-10-16,2024-10-16
ORD001289,2024-02-08,MA,Nordeste,Eletrônicos,Smartwatches,1,2099.57,0.0,26.07,2125.64,PIX,Confirmado,Standard,2024-02-20,2024-02-18
ORD001290,2024-01-16,AM,Norte,Esportes,Calçados,1,311.03,0.05,56.28,351.76,Cartão de Crédito,Confirmado,Same-Day,2024-01-16,2024-01-16
ORD001291,2024-07-26,PA,Norte,Esportes,Equipamentos,2,714.46,0.1,63.54,706.55,PIX,Confirmado,Same-Day,2024-07-26,2024-07-26
ORD001292,2024-01-19,CE,Nordeste,Casa e Decoração,Têxtil,2,533.39,0.1,90.93,570.98,Cartão de Crédito,Confirmado,Same-Day,2024-01-19,2024-01-29
ORD001293,2024-10-03,PE,Nordeste,Moda,Vestidos,2,133.74,0.0,23.69,157.43,Cartão de Crédito,Confirmado,Standard,2024-10-14,2024-10-13
ORD001294,2024-07-19,RS,Sul,Esportes,Suplementos,1,627.6,0.0,37.87,665.47,Cartão de Débito,Confirmado,Standard,2024-07-29,2024-07-27
ORD001295,2024-03-09,PE,Nordeste,Esportes,Calçados,1,696.64,0.05,46.98,708.79,PIX,Confirmado,Same-Day,2024-03-09,2024-03-11
ORD001296,2024-02-16,BA,Nordeste,Casa e Decoração,Têxtil,1,612.17,0.0,13.64,625.81,PIX,Confirmado,Standard,2024-02-22,2024-02-23
ORD001297,2024-01-06,GO,Centro-Oeste,Moda,Acessórios,3,971.73,0.2,20.86,798.24,PIX,Cancelado,Standard,2024-01-20,
ORD001298,2024-03-25,PA,Norte,Esportes,Equipamentos,1,652.5,0.0,45.49,697.99,PIX,Confirmado,Standard,2024-03-30,2024-04-02
ORD001299,2024-08-16,MG,Sudeste,Moda,Acessórios,2,309.67,0.0,19.29,328.96,Boleto,Confirmado,Standard,2024-08-29,2024-08-28
ORD001300,2024-10-16,GO,Centro-Oeste,Moda,Calçados,1,156.56,0.0,34.36,190.92,Cartão de Crédito,Confirmado,Scheduled,2024-10-25,2024-10-24
ORD001301,2024-07-02,SP,Sudeste,Moda,Calçados,1,175.82,0.05,24.14,191.17,Cartão de Crédito,Confirmado,Scheduled,2024-07-08,2024-07-08
ORD001302,2024-04-28,RJ,Sudeste,Casa e Decoração,Decoração,1,270.77,0.0,20.37,291.14,Cartão de Crédito,Confirmado,Standard,2024-05-06,2024-05-17
ORD001303,2024-04-29,SP,Sudeste,Moda,Acessórios,1,165.15,0.0,26.83,191.98,Cartão de Crédito,Confirmado,Standard,2024-05-12,2024-05-11
ORD001304,2024-07-03,BA,Nordeste,Livros,Infantis,1,87.42,0.0,88.45,175.87,Cartão de Crédito,Confirmado,Same-Day,2024-07-03,2024-07-12
ORD001305,2024-01-24,SP,Sudeste,Casa e Decoração,Móveis,1,465.81,0.0,31.3,497.11,Cartão de Crédito,Confirmado,Standard,2024-02-02,2024-02-09
ORD001306,2024-09-23,GO,Centro-Oeste,Casa e Decoração,Decoração,1,1446.3,0.0,49.09,1495.39,Cartão de Crédito,Confirmado,Same-Day,2024-09-23,2024-09-23
ORD001307,2024-10-23,CE,Nordeste,Esportes,Equipamentos,1,795.99,0.0,22.26,818.25,PIX,Confirmado,Scheduled,2024-10-29,2024-11-02
ORD001308,2024-07-11,GO,Centro-Oeste,Livros,Técnicos,1,118.08,0.1,29.31,135.58,Cartão de Crédito,Cancelado,Scheduled,2024-07-17,
ORD001309,2024-10-27,GO,Centro-Oeste,Eletrônicos,Smartwatches,1,3624.24,0.0,25.25,3649.49,Boleto,Confirmado,Standard,2024-11-01,2024-11-02
ORD001310,2024-05-08,BA,Nordeste,Moda,Acessórios,1,99.66,0.0,33.42,133.08,Cartão de Crédito,Confirmado,Scheduled,2024-05-12,2024-05-12
ORD001311,2024-07-26,SC,Sul,Casa e Decoração,Iluminação,1,662.56,0.05,63.33,692.76,PIX,Confirmado,Same-Day,2024-07-26,2024-07-27
ORD001312,2024-09-03,MA,Nordeste,Esportes,Roupas Esportivas,1,244.47,0.05,41.58,273.83,Boleto,Confirmado,Standard,2024-09-17,2024-09-15
ORD001313,2024-09-13,MA,Nordeste,Moda,Calçados,1,227.78,0.0,51.73,279.51,Cartão de Débito,Confirmado,Standard,2024-09-20,2024-09-21
ORD001314,2024-03-25,RS,Sul,Eletrônicos,Smartwatches,1,635.86,0.15,21.79,562.27,Cartão de Crédito,Confirmado,Scheduled,2024-03-29,2024-03-27
ORD001315,2024-05-23,RS,Sul,Moda,Calças,1,149.72,0.0,37.99,187.71,Cartão de Crédito,Confirmado,Scheduled,2024-05-30,
ORD001316,2024-03-21,SC,Sul,Esportes,Roupas Esportivas,2,649.19,0.0,23.62,672.81,PIX,Confirmado,Standard,2024-04-04,2024-04-03
ORD001317,2024-04-27,BA,Nordeste,Casa e Decoração,Móveis,1,1754.38,0.05,16.81,1683.47,Boleto,Confirmado,Standard,2024-05-10,2024-05-22
ORD001318,2024-09-03,GO,Centro-Oeste,Livros,Infantis,1,101.39,0.15,52.51,138.69,Cartão de Crédito,Confirmado,Scheduled,2024-09-10,2024-09-13
ORD001319,2024-04-17,DF,Centro-Oeste,Moda,Calçados,1,405.61,0.0,48.02,453.63,Boleto,Cancelado,Same-Day,2024-04-17,
ORD001320,2024-01-12,RS,Sul,Eletrônicos,Notebooks,1,3683.55,0.0,36.07,3719.62,PIX,Confirmado,Scheduled,2024-01-19,2024-01-20
ORD001321,2024-10-20,DF,Centro-Oeste,Moda,Calças,1,254.48,0.0,18.96,273.44,Cartão de Crédito,Confirmado,Standard,2024-10-25,2024-10-26
ORD001322,2024-09-19,SP,Sudeste,Esportes,Equipamentos,1,433.24,0.0,31.55,464.79,Cartão de Crédito,Confirmado,Standard,2024-09-27,2024-09-26
ORD001323,2024-01-29,MG,Sudeste,Casa e Decoração,Utensílios,1,856.12,0.0,24.98,881.1,Cartão de Crédito,Confirmado,Standard,2024-02-05,2024-02-05
ORD001324,2024-09-21,BA,Nordeste,Esportes,Calçados,1,578.11,0.0,50.49,628.6,Cartão de Crédito,Confirmado,Scheduled,2024-09-26,2024-10-04
ORD001325,2024-01-10,MA,Nordeste,Casa e Decoração,Móveis,1,1007.97,0.0,46.95,1054.92,Cartão de Crédito,Confirmado,Scheduled,2024-01-14,2024-01-14
ORD001326,2024-04-20,PE,Nordeste,Esportes,Acessórios,3,2127.96,0.0,92.5,2220.46,Cartão de Crédito,Confirmado,Same-Day,2024-04-20,2024-05-04
ORD001327,2024-09-03,MG,Sudeste,Moda,Calçados,1,252.7,0.1,25.54,252.97,PIX,Confirmado,Standard,2024-09-15,2024-09-14
ORD001328,2024-03-14,PA,Norte,Esportes,Equipamentos,1,353.1,0.0,96.88,449.98,Cartão de Débito,Confirmado,Same-Day,2024-03-14,2024-03-14
ORD001329,2024-09-18,PR,Sul,Moda,Vestidos,2,873.57,0.05,18.17,848.07,Boleto,Confirmado,Standard,2024-09-24,2024-09-24
ORD001330,2024-08-20,DF,Centro-Oeste,Esportes,Roupas Esportivas,1,115.49,0.05,70.32,180.04,Cartão de Débito,Confirmado,Same-Day,2024-08-20,2024-08-29
ORD001331,2024-04-27,BA,Nordeste,Livros,Não-ficção,1,130.13,0.0,30.67,160.8,PIX,Confirmado,Standard,2024-05-02,2024-04-30
ORD001332,2024-02-25,SP,Sudeste,Moda,Acessórios,1,92.74,0.0,14.74,107.48,PIX,Confirmado,Standard,2024-03-05,2024-03-03
ORD001333,2024-09-15,GO,Centro-Oeste,Livros,Não-ficção,1,55.76,0.0,14.54,70.3,Cartão de Crédito,Confirmado,Standard,2024-09-25,2024-09-26
ORD001334,2024-02-19,MG,Sudeste,Livros,HQs,2,241.43,0.0,38.8,280.23,Cartão de Crédito,Cancelado,Standard,2024-03-02,
ORD001335,2024-01-20,MA,Nordeste,Esportes,Calçados,3,2329.59,0.0,34.1,2363.69,PIX,Confirmado,Standard,2024-01-25,2024-01-28
ORD001336,2024-03-01,RJ,Sudeste,Livros,Não-ficção,1,33.85,0.1,33.75,64.21,Cartão de Crédito,Cancelado,Standard,2024-03-15,
ORD001337,2024-10-03,AM,Norte,Eletrônicos,Fones de Ouvido,1,4314.25,0.0,45.63,4359.88,Cartão de Crédito,Confirmado,Standard,2024-10-15,2024-10-19
ORD001338,2024-09-24,BA,Nordeste,Casa e Decoração,Móveis,3,5173.03,0.0,42.22,5215.25,Boleto,Confirmado,Standard,2024-10-01,2024-09-29
ORD001339,2024-09-28,BA,Nordeste,Moda,Calçados,1,202.41,0.0,44.23,246.64,Cartão de Crédito,Confirmado,Scheduled,2024-10-07,2024-10-06
ORD001340,2024-07-14,SC,Sul,Esportes,Calçados,1,542.66,0.05,28.31,543.83,PIX,Cancelado,Standard,2024-07-21,
ORD001341,2024-02-20,BA,Nordeste,Moda,Vestidos,1,413.81,0.0,38.36,452.17,PIX,Confirmado,Standard,2024-03-02,2024-03-03
ORD001342,2024-09-01,PA,Norte,Moda,Camisetas,1,246.69,0.0,55.58,302.27,Boleto,Confirmado,Scheduled,2024-09-06,2024-09-06
ORD001343,2024-05-25,DF,Centro-Oeste,Esportes,Acessórios,3,955.81,0.1,26.3,886.53,Cartão de Crédito,Confirmado,Standard,2024-06-01,2024-06-01
ORD001344,2024-05-11,RS,Sul,Eletrônicos,Smartphones,1,4438.98,0.0,32.93,4471.91,Boleto,Confirmado,Standard,2024-05-22,2024-05-23
ORD001345,2024-10-22,CE,Nordeste,Eletrônicos,Smartwatches,1,834.49,0.0,36.87,871.36,Boleto,Confirmado,Standard,2024-11-01,2024-11-03
ORD001346,2024-01-04,BA,Nordeste,Moda,Vestidos,1,432.08,0.0,47.05,479.13,PIX,Confirmado,Standard,2024-01-13,2024-01-12
ORD001347,2024-07-28,SC,Sul,Eletrônicos,Notebooks,1,4907.53,0.0,67.95,4975.48,Cartão de Crédito,Confirmado,Same-Day,2024-07-28,2024-07-29
ORD001348,2024-08-06,GO,Centro-Oeste,Esportes,Suplementos,2,1273.52,0.05,25.6,1235.44,Cartão de Crédito,Confirmado,Scheduled,2024-08-10,2024-08-13
ORD001349,2024-05-13,AM,Norte,Esportes,Acessórios,1,711.9,0.05,26.03,702.33,Boleto,Confirmado,Standard,2024-05-22,2024-05-23
ORD001350,2024-10-16,SC,Sul,Esportes,Suplementos,1,413.73,0.0,13.41,427.14,Cartão de Crédito,Confirmado,Standard,2024-10-30,2024-11-01
ORD001351,2024-07-22,PA,Norte,Moda,Calçados,1,433.51,0.15,19.83,388.31,Cartão de Crédito,Confirmado,Standard,2024-08-05,2024-08-17
ORD001352,2024-10-09,PA,Norte,Esportes,Acessórios,1,173.17,0.0,18.38,191.55,PIX,Confirmado,Standard,2024-10-22,2024-10-21
ORD001353,2024-04-01,SC,Sul,Esportes,Calçados,1,135.91,0.0,28.85,164.76,Boleto,Confirmado,Standard,2024-04-09,2024-04-10
ORD001354,2024-09-04,PR,Sul,Casa e Decoração,Têxtil,1,102.6,0.0,12.25,114.85,Cartão de Crédito,Confirmado,Standard,2024-09-17,2024-09-15
ORD001355,2024-06-25,PA,Norte,Livros,Não-ficção,1,75.2,0.0,74.99,150.19,PIX,Confirmado,Same-Day,2024-06-25,2024-06-25
ORD001356,2024-03-01,ES,Sudeste,Moda,Calçados,1,82.71,0.05,25.31,103.88,Cartão de Crédito,Confirmado,Standard,2024-03-15,2024-03-14
ORD001357,2024-03-23,RJ,Sudeste,Moda,Acessórios,1,314.96,0.0,38.08,353.04,Cartão de Crédito,Confirmado,Same-Day,2024-03-23,2024-03-23
ORD001358,2024-07-24,PA,Norte,Casa e Decoração,Têxtil,1,433.69,0.15,58.71,427.34,Cartão de Débito,Cancelado,Scheduled,2024-07-29,
ORD001359,2024-01-27,MG,Sudeste,Livros,Ficção,1,50.24,0.0,49.41,99.65,Boleto,Confirmado,Scheduled,2024-01-31,2024-01-30
ORD001360,2024-02-16,AM,Norte,Moda,Calçados,1,95.71,0.0,20.64,116.35,Cartão de Crédito,Confirmado,Standard,2024-02-28,2024-02-29
ORD001361,2024-08-10,RJ,Sudeste,Eletrônicos,Tablets,1,2976.33,0.0,18.9,2995.23,Cartão de Crédito,Confirmado,Scheduled,2024-08-16,2024-08-15
ORD001362,2024-04-23,SC,Sul,Eletrônicos,Smartwatches,1,4542.03,0.2,11.59,3645.22,PIX,Cancelado,Standard,2024-05-01,
ORD001363,2024-01-20,ES,Sudeste,Livros,Infantis,1,134.39,0.0,10.27,144.66,PIX,Confirmado,Standard,2024-01-25,2024-01-26
ORD001364,2024-09-23,PR,Sul,Esportes,Roupas Esportivas,1,85.62,0.0,38.7,124.32,Cartão de Crédito,Cancelado,Standard,2024-09-28,
ORD001365,2024-03-30,GO,Centro-Oeste,Livros,Infantis,1,73.44,0.0,53.43,126.87,Cartão de Crédito,Confirmado,Same-Day,2024-03-30,2024-03-31
ORD001366,2024-01-06,RS,Sul,Esportes,Suplementos,1,490.27,0.05,16.43,482.19,Cartão de Crédito,Confirmado,Scheduled,2024-01-15,2024-01-15
ORD001367,2024-04-09,SP,Sudeste,Esportes,Calçados,1,760.37,0.0,62.29,822.66,Cartão de Débito,Confirmado,Same-Day,2024-04-09,2024-04-09
ORD001368,2024-09-21,ES,Sudeste,Moda,Acessórios,1,181.6,0.0,22.31,203.91,Cartão de Débito,Confirmado,Standard,2024-09-28,2024-10-03
ORD001369,2024-03-27,GO,Centro-Oeste,Eletrônicos,Tablets,1,2732.55,0.15,21.29,2343.96,Cartão de Crédito,Confirmado,Standard,2024-04-06,2024-04-12
ORD001370,2024-05-02,GO,Centro-Oeste,Eletrônicos,Notebooks,1,4499.54,0.0,11.57,4511.11,PIX,Confirmado,Standard,2024-05-11,2024-05-09
ORD001371,2024-02-14,PR,Sul,Livros,Técnicos,1,74.56,0.0,30.11,104.67,Cartão de Débito,Confirmado,Scheduled,2024-02-23,2024-02-24
ORD001372,2024-07-21,BA,Nordeste,Esportes,Equipamentos,1,276.27,0.05,14.91,277.36,Cartão de Crédito,Confirmado,Standard,2024-07-31,2024-08-11
ORD001373,2024-09-22,SP,Sudeste,Eletrônicos,Smartphones,2,7196.39,0.0,16.0,7212.39,Cartão de Débito,Confirmado,Standard,2024-10-03,2024-10-01
ORD001374,2024-10-08,PR,Sul,Esportes,Calçados,1,702.59,0.0,10.17,712.76,Cartão de Crédito,Confirmado,Standard,2024-10-13,2024-10-11
ORD001375,2024-06-27,SC,Sul,Casa e Decoração,Utensílios,1,721.66,0.0,68.68,790.34,Cartão de Crédito,Confirmado,Same-Day,2024-06-27,2024-06-28
ORD001376,2024-04-09,PE,Nordeste,Livros,HQs,1,52.76,0.0,18.78,71.54,PIX,Confirmado,Standard,2024-04-21,2024-04-30
ORD001377,2024-01-03,PR,Sul,Moda,Calçados,1,228.47,0.0,41.28,269.75,Cartão de Crédito,Confirmado,Scheduled,2024-01-06,2024-01-06
ORD001378,2024-09-16,RJ,Sudeste,Esportes,Roupas Esportivas,1,305.32,0.0,23.68,329.0,Cartão de Crédito,Confirmado,Standard,2024-09-24,2024-10-06
ORD001379,2024-09-14,PR,Sul,Casa e Decoração,Móveis,3,3384.09,0.0,36.42,3420.51,Cartão de Crédito,Confirmado,Same-Day,2024-09-14,2024-09-15
ORD001380,2024-09-19,PR,Sul,Esportes,Calçados,1,465.58,0.05,22.34,464.64,Cartão de Crédito,Cancelado,Standard,2024-09-26,
ORD001381,2024-05-08,ES,Sudeste,Livros,Infantis,1,25.66,0.15,37.92,59.73,PIX,Confirmado,Scheduled,2024-05-17,2024-05-15
ORD001382,2024-10-15,PE,Nordeste,Moda,Vestidos,1,95.51,0.0,62.83,158.34,Cartão de Débito,Confirmado,Same-Day,2024-10-15,2024-10-15
ORD001383,2024-08-22,GO,Centro-Oeste,Livros,HQs,1,54.46,0.0,28.08,82.54,PIX,Confirmado,Standard,2024-09-02,2024-09-03
ORD001384,2024-01-15,PE,Nordeste,Eletrônicos,Tablets,1,2409.64,0.0,27.65,2437.29,Cartão de Débito,Confirmado,Standard,2024-01-24,2024-01-26
ORD001385,2024-02-04,BA,Nordeste,Moda,Calças,1,279.95,0.0,35.49,315.44,PIX,Confirmado,Standard,2024-02-16,2024-02-15
ORD001386,2024-06-10,BA,Nordeste,Casa e Decoração,Têxtil,1,1603.04,0.0,75.38,1678.42,Cartão de Crédito,Confirmado,Same-Day,2024-06-10,2024-06-12
ORD001387,2024-10-01,SP,Sudeste,Casa e Decoração,Utensílios,1,648.89,0.05,42.22,658.66,Cartão de Crédito,Confirmado,Scheduled,2024-10-09,2024-10-09
ORD001388,2024-05-27,RJ,Sudeste,Livros,Técnicos,1,91.67,0.05,18.77,105.86,Cartão de Crédito,Confirmado,Standard,2024-06-04,2024-06-04
ORD001389,2024-02-08,CE,Nordeste,Moda,Calçados,1,218.45,0.0,94.45,312.9,Cartão de Crédito,Confirmado,Same-Day,2024-02-08,2024-02-12
ORD001390,2024-06-09,SC,Sul,Moda,Acessórios,1,306.66,0.05,19.7,311.02,Boleto,Confirmado,Standard,2024-06-15,2024-06-15
ORD001391,2024-05-17,MG,Sudeste,Moda,Calçados,1,462.48,0.0,55.59,518.07,PIX,Confirmado,Same-Day,2024-05-17,2024-05-17
ORD001392,2024-04-12,RS,Sul,Moda,Vestidos,1,344.71,0.2,38.7,314.47,Cartão de Crédito,Confirmado,Standard,2024-04-24,2024-04-22
ORD001393,2024-04-15,RS,Sul,Moda,Calças,1,120.96,0.05,24.04,138.95,Cartão de Débito,Confirmado,Standard,2024-04-23,2024-04-24
ORD001394,2024-07-01,MG,Sudeste,Eletrônicos,Smartphones,1,4289.95,0.0,27.75,4317.7,Cartão de Crédito,Confirmado,Standard,2024-07-12,2024-07-10
ORD001395,2024-02-10,GO,Centro-Oeste,Livros,HQs,1,104.93,0.0,30.15,135.08,PIX,Confirmado,Standard,2024-02-18,2024-02-18
ORD001396,2024-01-04,PA,Norte,Esportes,Roupas Esportivas,1,559.14,0.0,29.19,588.33,PIX,Confirmado,Standard,2024-01-16,2024-01-16
ORD001397,2024-09-03,SC,Sul,Esportes,Suplementos,1,430.23,0.0,28.39,458.62,Boleto,Confirmado,Standard,2024-09-16,2024-09-19
ORD001398,2024-09-09,MA,Nordeste,Esportes,Suplementos,1,501.93,0.0,48.19,550.12,Cartão de Crédito,Confirmado,Standard,2024-09-23,2024-09-21
ORD001399,2024-09-08,MG,Sudeste,Esportes,Suplementos,1,498.69,0.15,35.49,459.37,Cartão de Crédito,Confirmado,Same-Day,2024-09-08,2024-09-08
ORD001400,2024-07-22,RS,Sul,Esportes,Equipamentos,1,151.05,0.0,12.56,163.61,Cartão de Crédito,Confirmado,Standard,2024-08-01,2024-08-02
ORD001401,2024-01-28,CE,Nordeste,Livros,Infantis,1,102.49,0.0,22.11,124.6,Cartão de Crédito,Confirmado,Standard,2024-02-11,2024-02-10
ORD001402,2024-10-03,SP,Sudeste,Esportes,Suplementos,1,102.65,0.0,26.73,129.38,Cartão de Crédito,Confirmado,Standard,2024-10-13,2024-10-14
ORD001403,2024-07-20,AM,Norte,Moda,Calçados,1,419.3,0.0,58.91,478.21,PIX,Confirmado,Scheduled,2024-07-28,2024-07-26
ORD001404,2024-03-02,ES,Sudeste,Esportes,Acessórios,3,1765.22,0.0,58.82,1824.04,PIX,Confirmado,Same-Day,2024-03-02,2024-03-02
ORD001405,2024-06-10,ES,Sudeste,Eletrônicos,Smartphones,1,4732.86,0.0,20.76,4753.62,Cartão de Débito,Confirmado,Standard,2024-06-20,2024-06-19
ORD001406,2024-04-17,BA,Nordeste,Esportes,Roupas Esportivas,1,100.78,0.0,53.0,153.78,PIX,Confirmado,Same-Day,2024-04-17,2024-04-17
ORD001407,2024-06-15,SC,Sul,Esportes,Suplementos,3,1466.53,0.0,11.56,1478.09,Cartão de Crédito,Confirmado,Standard,2024-06-21,2024-06-22
ORD001408,2024-04-05,CE,Nordeste,Casa e Decoração,Utensílios,1,1725.09,0.0,15.38,1740.47,Cartão de Débito,Cancelado,Standard,2024-04-12,
ORD001409,2024-05-17,PE,Nordeste,Esportes,Suplementos,1,745.44,0.0,41.04,786.48,PIX,Confirmado,Standard,2024-05-27,2024-05-25
ORD001410,2024-07-06,MG,Sudeste,Livros,Infantis,1,132.1,0.0,28.09,160.19,Boleto,Confirmado,Standard,2024-07-14,2024-07-15
ORD001411,2024-04-17,BA,Nordeste,Casa e Decoração,Decoração,1,1470.29,0.1,21.69,1344.95,Cartão de Crédito,Confirmado,Standard,2024-04-27,2024-04-28
ORD001412,2024-07-24,PR,Sul,Livros,Não-ficção,1,129.99,0.05,31.49,154.98,Cartão de Crédito,Cancelado,Standard,2024-08-06,
ORD001413,2024-10-19,MG,Sudeste,Esportes,Equipamentos,1,580.86,0.0,21.71,602.57,Cartão de Crédito,Confirmado,Standard,2024-11-02,2024-11-04
ORD001414,2024-02-21,ES,Sudeste,Casa e Decoração,Utensílios,1,483.83,0.05,11.5,471.14,Boleto,Confirmado,Standard,2024-03-03,2024-03-03
ORD001415,2024-10-11,BA,Nordeste,Livros,Não-ficção,2,64.03,0.05,33.48,94.31,Cartão de Crédito,Confirmado,Standard,2024-10-24,2024-10-25
ORD001416,2024-03-15,PA,Norte,Moda,Calçados,1,458.2,0.1,92.86,505.24,Boleto,Confirmado,Same-Day,2024-03-15,2024-03-15
ORD001417,2024-01-05,MG,Sudeste,Livros,Infantis,1,92.75,0.15,34.95,113.79,PIX,Cancelado,Scheduled,2024-01-12,
ORD001418,2024-03-09,MA,Nordeste,Esportes,Calçados,1,618.62,0.0,20.28,638.9,PIX,Confirmado,Standard,2024-03-21,2024-03-21
ORD001419,2024-06-10,PA,Norte,Livros,Técnicos,1,42.83,0.0,19.75,62.58,Cartão de Crédito,Confirmado,Standard,2024-06-15,2024-06-14
ORD001420,2024-05-08,CE,Nordeste,Esportes,Roupas Esportivas,1,709.7,0.0,37.2,746.9,Cartão de Crédito,Confirmado,Standard,2024-05-16,2024-05-17
ORD001421,2024-07-22,RJ,Sudeste,Moda,Camisetas,1,166.44,0.0,59.33,225.77,Boleto,Cancelado,Same-Day,2024-07-22,
ORD001422,2024-04-20,AM,Norte,Casa e Decoração,Iluminação,1,751.55,0.0,78.92,830.47,Cartão de Crédito,Confirmado,Same-Day,2024-04-20,2024-04-20
ORD001423,2024-02-19,PE,Nordeste,Casa e Decoração,Decoração,1,358.73,0.0,41.36,400.09,Cartão de Débito,Confirmado,Same-Day,2024-02-19,2024-02-19
ORD001424,2024-07-03,SC,Sul,Esportes,Calçados,1,783.39,0.0,15.83,799.22,PIX,Confirmado,Standard,2024-07-14,2024-07-13
ORD001425,2024-05-11,SC,Sul,Eletrônicos,Fones de Ouvido,1,3014.26,0.0,34.51,3048.77,PIX,Confirmado,Standard,2024-05-21,2024-05-21
ORD001426,2024-03-03,SC,Sul,Esportes,Equipamentos,1,509.6,0.0,11.66,521.26,Cartão de Crédito,Confirmado,Standard,2024-03-12,2024-03-20
ORD001427,2024-10-22,DF,Centro-Oeste,Esportes,Equipamentos,1,387.42,0.0,15.77,403.19,Boleto,Cancelado,Standard,2024-11-05,
ORD001428,2024-05-25,SC,Sul,Casa e Decoração,Têxtil,1,382.83,0.0,38.4,421.23,Cartão de Crédito,Confirmado,Standard,2024-06-02,2024-06-02
ORD001429,2024-09-06,PA,Norte,Livros,Ficção,3,328.36,0.0,22.35,350.71,PIX,Cancelado,Standard,2024-09-13,
ORD001430,2024-07-14,DF,Centro-Oeste,Casa e Decoração,Iluminação,1,954.48,0.1,19.73,878.76,Boleto,Confirmado,Scheduled,2024-07-23,2024-07-21
ORD001431,2024-03-15,AM,Norte,Moda,Vestidos,1,287.38,0.0,79.59,366.97,Cartão de Crédito,Confirmado,Same-Day,2024-03-15,2024-03-16
ORD001432,2024-08-03,GO,Centro-Oeste,Esportes,Calçados,1,780.26,0.0,31.9,812.16,PIX,Confirmado,Scheduled,2024-08-12,2024-08-11
ORD001433,2024-07-26,AM,Norte,Eletrônicos,Smartphones,1,778.07,0.0,43.48,821.55,Boleto,Cancelado,Scheduled,2024-07-29,
ORD001434,2024-03-23,SC,Sul,Moda,Vestidos,1,295.93,0.05,57.65,338.78,Cartão de Crédito,Confirmado,Same-Day,2024-03-23,2024-03-23
ORD001435,2024-06-11,GO,Centro-Oeste,Casa e Decoração,Decoração,1,252.39,0.0,29.54,281.93,Cartão de Crédito,Confirmado,Standard,2024-06-17,2024-06-15
ORD001436,2024-07-21,PR,Sul,Livros,Técnicos,2,267.24,0.0,24.5,291.74,Cartão de Crédito,Confirmado,Scheduled,2024-07-27,2024-07-25
ORD001437,2024-10-27,CE,Nordeste,Livros,Infantis,2,189.35,0.05,44.65,224.54,Cartão de Débito,Cancelado,Scheduled,2024-10-31,
ORD001438,2024-03-26,MG,Sudeste,Eletrônicos,Notebooks,1,3940.98,0.05,25.97,3769.9,Cartão de Débito,Confirmado,Standard,2024-04-05,2024-04-06
ORD001439,2024-04-30,GO,Centro-Oeste,Casa e Decoração,Móveis,1,1885.01,0.0,28.14,1913.15,Boleto,Cancelado,Standard,2024-05-13,
ORD001440,2024-04-17,MG,Sudeste,Livros,Ficção,1,134.59,0.0,18.58,153.17,Cartão de Crédito,Confirmado,Standard,2024-05-01,2024-04-30
ORD001441,2024-02-18,RJ,Sudeste,Livros,HQs,1,56.74,0.0,43.27,100.01,Cartão de Crédito,Confirmado,Same-Day,2024-02-18,2024-02-18
ORD001442,2024-01-28,SP,Sudeste,Livros,HQs,1,44.61,0.0,19.36,63.97,Cartão de Crédito,Confirmado,Standard,2024-02-09,2024-02-12
ORD001443,2024-02-12,RJ,Sudeste,Casa e Decoração,Têxtil,3,2251.87,0.0,34.72,2286.59,Cartão de Crédito,Confirmado,Standard,2024-02-23,2024-02-23
ORD001444,2024-03-20,RJ,Sudeste,Livros,Técnicos,1,114.97,0.0,37.79,152.76,PIX,Confirmado,Standard,2024-03-30,2024-03-28
ORD001445,2024-04-27,RS,Sul,Casa e Decoração,Iluminação,1,166.81,0.05,25.34,183.81,Cartão de Crédito,Cancelado,Standard,2024-05-10,
ORD001446,2024-03-05,MG,Sudeste,Esportes,Equipamentos,1,135.2,0.1,19.32,141.0,PIX,Confirmado,Standard,2024-03-15,2024-03-15
ORD001447,2024-01-15,SP,Sudeste,Casa e Decoração,Decoração,2,3698.11,0.0,39.7,3737.81,Cartão de Crédito,Confirmado,Standard,2024-01-21,2024-01-25
ORD001448,2024-08-31,PE,Nordeste,Esportes,Suplementos,1,345.45,0.0,63.44,408.89,Cartão de Crédito,Confirmado,Scheduled,2024-09-09,2024-09-09
ORD001449,2024-10-07,PE,Nordeste,Moda,Acessórios,1,382.74,0.15,46.03,371.36,Boleto,Confirmado,Standard,2024-10-16,2024-10-15
ORD001450,2024-03-31,DF,Centro-Oeste,Esportes,Acessórios,1,617.5,0.0,25.27,642.77,Cartão de Crédito,Confirmado,Standard,2024-04-11,2024-04-10
ORD001451,2024-10-15,BA,Nordeste,Esportes,Calçados,1,267.4,0.0,23.16,290.56,PIX,Confirmado,Standard,2024-10-21,2024-10-19
ORD001452,2024-06-07,MA,Nordeste,Casa e Decoração,Iluminação,1,1139.77,0.15,21.1,989.9,Cartão de Débito,Confirmado,Standard,2024-06-20,2024-06-19
ORD001453,2024-10-03,RS,Sul,Eletrônicos,Fones de Ouvido,1,3464.26,0.1,19.88,3137.71,Cartão de Crédito,Confirmado,Standard,2024-10-14,2024-10-12
ORD001454,2024-06-06,SC,Sul,Livros,Técnicos,1,55.84,0.0,39.22,95.06,Cartão de Crédito,Confirmado,Standard,2024-06-16,2024-06-17
ORD001455,2024-03-20,PR,Sul,Eletrônicos,Smartphones,1,2780.1,0.0,48.06,2828.16,Cartão de Crédito,Confirmado,Scheduled,2024-03-29,2024-03-31
ORD001456,2024-09-24,AM,Norte,Moda,Vestidos,1,361.72,0.0,46.4,408.12,PIX,Confirmado,Standard,2024-10-01,2024-10-02
ORD001457,2024-05-26,PE,Nordeste,Esportes,Roupas Esportivas,1,580.38,0.0,19.62,600.0,Cartão de Crédito,Confirmado,Standard,2024-06-07,2024-06-08
ORD001458,2024-09-08,PA,Norte,Livros,Técnicos,1,27.09,0.0,24.76,51.85,Cartão de Crédito,Confirmado,Standard,2024-09-22,2024-09-24
ORD001459,2024-01-05,PA,Norte,Livros,Técnicos,3,414.53,0.0,33.5,448.03,Cartão de Crédito,Confirmado,Standard,2024-01-19,2024-01-17
ORD001460,2024-04-28,PA,Norte,Eletrônicos,Smartwatches,1,1383.94,0.0,26.18,1410.12,PIX,Confirmado,Scheduled,2024-05-07,2024-05-07
ORD001461,2024-07-10,RS,Sul,Livros,HQs,2,84.39,0.0,44.67,129.06,Cartão de Crédito,Confirmado,Scheduled,2024-07-14,2024-07-14
ORD001462,2024-08-11,BA,Nordeste,Moda,Calças,1,369.62,0.0,54.33,423.95,Cartão de Crédito,Confirmado,Same-Day,2024-08-11,2024-08-12
ORD001463,2024-07-18,AM,Norte,Livros,Não-ficção,1,31.91,0.05,47.29,77.61,PIX,Confirmado,Scheduled,2024-07-27,2024-07-31
ORD001464,2024-05-14,RJ,Sudeste,Livros,Não-ficção,1,20.24,0.0,15.39,35.63,Cartão de Crédito,Confirmado,Standard,2024-05-22,2024-05-24
ORD001465,2024-09-21,PA,Norte,Esportes,Suplementos,1,507.04,0.0,15.0,522.04,Cartão de Crédito,Confirmado,Standard,2024-10-05,2024-10-04
ORD001466,2024-05-25,GO,Centro-Oeste,Esportes,Suplementos,2,1110.91,0.05,48.88,1104.24,Cartão de Crédito,Confirmado,Same-Day,2024-05-25,2024-05-25
ORD001467,2024-07-30,RS,Sul,Eletrônicos,Notebooks,1,2617.44,0.0,15.61,2633.05,Boleto,Cancelado,Standard,2024-08-09,
ORD001468,2024-03-10,PR,Sul,Eletrônicos,Fones de Ouvido,1,2397.29,0.2,19.17,1937.0,Cartão de Crédito,Confirmado,Standard,2024-03-20,2024-03-21
ORD001469,2024-08-19,PR,Sul,Esportes,Acessórios,1,797.11,0.0,10.14,807.25,Boleto,Confirmado,Standard,2024-08-24,2024-08-24
ORD001470,2024-04-06,SC,Sul,Eletrônicos,Notebooks,1,4624.11,0.05,35.66,4428.56,PIX,Confirmado,Standard,2024-04-19,2024-04-18
ORD001471,2024-01-26,CE,Nordeste,Eletrônicos,Notebooks,1,644.97,0.0,45.75,690.72,Cartão de Crédito,Confirmado,Standard,2024-02-07,2024-02-06
ORD001472,2024-02-22,PR,Sul,Casa e Decoração,Utensílios,1,1804.69,0.0,31.48,1836.17,Cartão de Crédito,Confirmado,Standard,2024-03-03,2024-03-02
ORD001473,2024-08-12,ES,Sudeste,Eletrônicos,Notebooks,1,4223.51,0.0,23.29,4246.8,PIX,Cancelado,Scheduled,2024-08-21,
ORD001474,2024-02-16,MG,Sudeste,Eletrônicos,Fones de Ouvido,1,4720.6,0.0,21.96,4742.56,Cartão de Crédito,Confirmado,Standard,2024-02-21,2024-02-21
ORD001475,2024-04-21,SC,Sul,Livros,Técnicos,1,114.75,0.0,16.34,131.09,Cartão de Crédito,Confirmado,Standard,2024-05-01,2024-05-09
ORD001476,2024-09-12,SC,Sul,Livros,Ficção,1,24.47,0.0,18.63,43.1,Cartão de Crédito,Confirmado,Standard,2024-09-26,2024-10-02
ORD001477,2024-06-18,RJ,Sudeste,Moda,Camisetas,1,197.07,0.0,45.85,242.92,Boleto,Confirmado,Same-Day,2024-06-18,2024-06-18
ORD001478,2024-05-16,PA,Norte,Livros,Ficção,1,42.68,0.0,43.82,86.5,PIX,Confirmado,Standard,2024-05-28,2024-05-26
ORD001479,2024-10-05,PE,Nordeste,Moda,Calças,1,155.48,0.0,13.05,168.53,Cartão de Crédito,Confirmado,Standard,2024-10-10,2024-10-11
ORD001480,2024-05-08,AM,Norte,Livros,Ficção,1,65.45,0.0,33.92,99.37,PIX,Confirmado,Standard,2024-05-16,2024-05-15
ORD001481,2024-03-03,PA,Norte,Moda,Calçados,1,258.92,0.0,42.15,301.07,Cartão de Crédito,Confirmado,Standard,2024-03-17,2024-03-16
ORD001482,2024-08-14,RS,Sul,Eletrônicos,Notebooks,1,1067.52,0.05,18.41,1032.56,PIX,Cancelado,Standard,2024-08-28,
ORD001483,2024-08-23,ES,Sudeste,Eletrônicos,Smartwatches,1,3466.08,0.0,19.79,3485.87,Cartão de Débito,Confirmado,Standard,2024-09-03,2024-09-02
ORD001484,2024-04-16,PE,Nordeste,Livros,Técnicos,1,132.19,0.05,33.61,159.19,Cartão de Crédito,Confirmado,Scheduled,2024-04-21,2024-04-22
ORD001485,2024-06-14,MG,Sudeste,Eletrônicos,Smartwatches,1,1887.89,0.0,26.2,1914.09,Cartão de Crédito,Confirmado,Standard,2024-06-20,2024-06-19
ORD001486,2024-09-23,RJ,Sudeste,Casa e Decoração,Iluminação,2,1191.17,0.0,31.74,1222.91,Cartão de Crédito,Cancelado,Standard,2024-10-05,
ORD001487,2024-06-01,RS,Sul,Casa e Decoração,Móveis,1,1223.58,0.0,36.19,1259.77,Cartão de Crédito,Confirmado,Standard,2024-06-13,2024-06-12
ORD001488,2024-04-21,RJ,Sudeste,Moda,Calçados,1,51.17,0.0,33.58,84.75,Boleto,Cancelado,Standard,2024-05-05,
ORD001489,2024-06-15,SP,Sudeste,Moda,Vestidos,2,610.45,0.15,32.92,551.8,Cartão de Crédito,Confirmado,Standard,2024-06-29,2024-06-29
ORD001490,2024-10-26,RJ,Sudeste,Livros,Não-ficção,1,77.98,0.0,28.81,106.79,Cartão de Crédito,Confirmado,Standard,2024-11-06,2024-11-07
ORD001491,2024-01-05,SP,Sudeste,Esportes,Acessórios,1,720.07,0.0,24.43,744.5,Cartão de Crédito,Confirmado,Standard,2024-01-13,2024-01-11
ORD001492,2024-03-20,SC,Sul,Eletrônicos,Notebooks,1,1699.48,0.0,21.44,1720.92,PIX,Confirmado,Scheduled,2024-03-28,2024-03-29
ORD001493,2024-03-21,PE,Nordeste,Eletrônicos,Smartwatches,2,2267.31,0.0,50.43,2317.74,PIX,Confirmado,Standard,2024-03-30,2024-04-03
ORD001494,2024-06-22,MA,Nordeste,Eletrônicos,Smartphones,1,3716.05,0.05,20.99,3551.23,PIX,Confirmado,Standard,2024-07-04,2024-07-16
ORD001495,2024-07-01,GO,Centro-Oeste,Moda,Acessórios,1,284.28,0.15,36.69,278.33,PIX,Confirmado,Standard,2024-07-08,2024-07-09
ORD001496,2024-02-24,MG,Sudeste,Livros,Não-ficção,1,138.68,0.0,28.57,167.25,Boleto,Cancelado,Scheduled,2024-03-02,
ORD001497,2024-06-11,CE,Nordeste,Casa e Decoração,Iluminação,1,1330.41,0.0,37.13,1367.54,Cartão de Crédito,Confirmado,Standard,2024-06-23,2024-07-05
ORD001498,2024-04-08,SP,Sudeste,Livros,Técnicos,1,97.33,0.0,46.09,143.42,Cartão de Crédito,Confirmado,Same-Day,2024-04-08,2024-04-09
ORD001499,2024-03-09,PR,Sul,Eletrônicos,Fones de Ouvido,1,1557.27,0.0,17.52,1574.79,Cartão de Crédito,Confirmado,Standard,2024-03-18,2024-03-19
ORD001500,2024-08-12,CE,Nordeste,Casa e Decoração,Têxtil,1,1187.31,0.05,51.32,1179.26,PIX,Confirmado,Standard,2024-08-17,2024-08-24
ORD001501,2024-09-07,RS,Sul,Esportes,Equipamentos,1,250.87,0.1,17.97,243.75,Cartão de Crédito,Confirmado,Standard,2024-09-20,2024-09-19
ORD001502,2024-10-05,SC,Sul,Casa e Decoração,Iluminação,1,279.47,0.05,29.69,295.18,Cartão de Crédito,Confirmado,Standard,2024-10-11,2024-10-10
ORD001503,2024-05-20,AM,Norte,Esportes,Calçados,1,477.26,0.0,32.3,509.56,Cartão de Débito,Confirmado,Standard,2024-05-29,2024-05-27
ORD001504,2024-03-23,RJ,Sudeste,Esportes,Equipamentos,1,475.76,0.1,18.1,446.29,Cartão de Crédito,Confirmado,Standard,2024-04-02,2024-04-15
ORD001505,2024-08-18,PR,Sul,Casa e Decoração,Têxtil,1,1432.34,0.1,19.53,1308.63,Cartão de Débito,Confirmado,Standard,2024-08-31,2024-08-30
ORD001506,2024-07-06,PE,Nordeste,Eletrônicos,Smartwatches,1,4928.63,0.1,27.87,4463.64,Cartão de Crédito,Confirmado,Standard,2024-07-16,2024-07-18
ORD001507,2024-07-13,ES,Sudeste,Moda,Camisetas,1,465.97,0.1,36.56,455.93,Cartão de Débito,Cancelado,Same-Day,2024-07-13,
ORD001508,2024-07-05,PA,Norte,Esportes,Equipamentos,1,330.61,0.05,97.29,411.37,Cartão de Crédito,Confirmado,Same-Day,2024-07-05,2024-07-05
ORD001509,2024-06-13,ES,Sudeste,Eletrônicos,Smartwatches,1,909.05,0.0,28.03,937.08,Boleto,Confirmado,Standard,2024-06-24,2024-07-05
ORD001510,2024-07-17,RS,Sul,Esportes,Acessórios,3,1224.71,0.1,10.89,1113.13,Cartão de Débito,Confirmado,Standard,2024-07-28,2024-07-29
ORD001511,2024-10-09,MG,Sudeste,Esportes,Suplementos,1,306.58,0.15,14.61,275.2,Cartão de Crédito,Confirmado,Standard,2024-10-15,2024-10-21
ORD001512,2024-06-14,BA,Nordeste,Casa e Decoração,Móveis,2,281.28,0.0,22.25,303.53,Cartão de Crédito,Confirmado,Standard,2024-06-25,2024-06-26
ORD001513,2024-02-19,CE,Nordeste,Eletrônicos,Smartphones,1,2349.05,0.0,49.63,2398.68,Cartão de Crédito,Confirmado,Standard,2024-03-03,2024-03-10
ORD001514,2024-03-07,MG,Sudeste,Eletrônicos,Notebooks,1,582.95,0.0,16.85,599.8,Cartão de Crédito,Confirmado,Standard,2024-03-14,2024-03-12
ORD001515,2024-02-24,PE,Nordeste,Moda,Camisetas,1,499.92,0.05,36.55,511.47,Cartão de Crédito,Confirmado,Scheduled,2024-02-27,2024-02-28
ORD001516,2024-01-17,DF,Centro-Oeste,Livros,Infantis,2,193.07,0.05,31.11,214.52,Cartão de Crédito,Confirmado,Standard,2024-01-29,2024-01-29
ORD001517,2024-09-26,DF,Centro-Oeste,Esportes,Suplementos,2,191.61,0.1,30.05,202.5,PIX,Confirmado,Standard,2024-10-05,2024-10-03
ORD001518,2024-01-26,SC,Sul,Moda,Acessórios,1,264.04,0.0,28.39,292.43,PIX,Confirmado,Standard,2024-02-01,2024-02-02
ORD001519,2024-02-06,SP,Sudeste,Moda,Calçados,1,252.27,0.0,27.72,279.99,Cartão de Débito,Confirmado,Standard,2024-02-20,2024-02-20
ORD001520,2024-02-10,PE,Nordeste,Eletrônicos,Tablets,1,4337.76,0.0,21.21,4358.97,Boleto,Confirmado,Standard,2024-02-24,2024-02-22
ORD001521,2024-10-12,ES,Sudeste,Livros,Técnicos,1,116.8,0.2,47.41,140.85,PIX,Confirmado,Scheduled,2024-10-16,2024-10-14
ORD001522,2024-01-30,AM,Norte,Esportes,Suplementos,2,240.58,0.0,15.04,255.62,Boleto,Confirmado,Standard,2024-02-05,2024-02-06
ORD001523,2024-09-27,SP,Sudeste,Eletrônicos,Tablets,1,502.88,0.0,30.7,533.58,Cartão de Crédito,Cancelado,Scheduled,2024-10-05,
ORD001524,2024-02-09,RS,Sul,Esportes,Roupas Esportivas,1,534.66,0.1,16.79,497.98,Cartão de Crédito,Cancelado,Standard,2024-02-18,
ORD001525,2024-02-21,ES,Sudeste,Moda,Acessórios,1,439.33,0.0,43.3,482.63,PIX,Cancelado,Same-Day,2024-02-21,
ORD001526,2024-07-16,RS,Sul,Moda,Acessórios,2,544.85,0.0,25.89,570.74,Cartão de Crédito,Confirmado,Scheduled,2024-07-21,2024-07-23
ORD001527,2024-05-07,DF,Centro-Oeste,Moda,Acessórios,1,454.56,0.0,31.86,486.42,Cartão de Crédito,Confirmado,Scheduled,2024-05-16,2024-05-15
ORD001528,2024-10-12,BA,Nordeste,Eletrônicos,Smartwatches,1,1346.83,0.0,50.3,1397.13,PIX,Confirmado,Standard,2024-10-22,2024-11-03
ORD001529,2024-07-02,GO,Centro-Oeste,Livros,Infantis,1,133.25,0.0,32.58,165.83,Cartão de Crédito,Confirmado,Standard,2024-07-10,2024-07-08
ORD001530,2024-02-23,MG,Sudeste,Moda,Acessórios,1,378.53,0.0,17.47,396.0,Cartão de Crédito,Confirmado,Standard,2024-02-29,2024-02-27
ORD001531,2024-07-24,CE,Nordeste,Casa e Decoração,Utensílios,1,282.03,0.05,99.95,367.88,Cartão de Crédito,Confirmado,Same-Day,2024-07-24,2024-07-24
ORD001532,2024-09-30,DF,Centro-Oeste,Livros,Técnicos,1,31.26,0.05,29.75,59.44,PIX,Confirmado,Standard,2024-10-05,2024-10-07
ORD001533,2024-06-10,CE,Nordeste,Casa e Decoração,Decoração,1,742.41,0.0,49.12,791.53,Cartão de Crédito,Confirmado,Standard,2024-06-16,2024-06-17
ORD001534,2024-07-30,PA,Norte,Livros,Técnicos,2,151.18,0.05,53.93,197.55,Cartão de Crédito,Confirmado,Scheduled,2024-08-02,2024-08-01
ORD001535,2024-05-03,DF,Centro-Oeste,Esportes,Equipamentos,1,170.19,0.0,35.6,205.79,Cartão de Débito,Confirmado,Standard,2024-05-12,2024-05-11
ORD001536,2024-07-11,PA,Norte,Esportes,Suplementos,1,106.37,0.0,33.24,139.61,Cartão de Crédito,Confirmado,Scheduled,2024-07-17,2024-07-20
ORD001537,2024-07-03,PE,Nordeste,Livros,Infantis,1,80.39,0.05,44.88,121.25,Cartão de Crédito,Confirmado,Standard,2024-07-09,2024-07-08
ORD001538,2024-01-01,ES,Sudeste,Eletrônicos,Tablets,1,2245.55,0.1,11.77,2032.76,Boleto,Confirmado,Standard,2024-01-08,2024-01-08
ORD001539,2024-01-09,CE,Nordeste,Moda,Vestidos,2,106.66,0.0,39.2,145.86,Cartão de Crédito,Confirmado,Standard,2024-01-22,2024-01-26
ORD001540,2024-01-04,PR,Sul,Moda,Calças,1,381.87,0.0,14.83,396.7,Cartão de Crédito,Confirmado,Standard,2024-01-18,2024-01-19
ORD001541,2024-06-10,SP,Sudeste,Casa e Decoração,Têxtil,1,1109.17,0.0,39.55,1148.72,Cartão de Crédito,Confirmado,Standard,2024-06-15,2024-06-16
ORD001542,2024-09-18,CE,Nordeste,Esportes,Calçados,1,710.64,0.0,24.59,735.23,Cartão de Crédito,Confirmado,Standard,2024-09-29,2024-09-27
ORD001543,2024-03-20,RJ,Sudeste,Eletrônicos,Fones de Ouvido,1,4094.37,0.0,33.47,4127.84,Cartão de Crédito,Confirmado,Standard,2024-03-30,2024-03-28
ORD001544,2024-07-01,MG,Sudeste,Moda,Vestidos,1,79.98,0.0,38.53,118.51,Cartão de Crédito,Confirmado,Standard,2024-07-12,2024-07-14
ORD001545,2024-07-06,MA,Nordeste,Esportes,Equipamentos,1,741.67,0.0,39.63,781.3,PIX,Confirmado,Standard,2024-07-19,2024-07-25
ORD001546,2024-04-29,PR,Sul,Casa e Decoração,Móveis,1,1545.3,0.0,21.58,1566.88,Cartão de Crédito,Confirmado,Standard,2024-05-05,2024-05-03
ORD001547,2024-10-19,BA,Nordeste,Esportes,Equipamentos,1,585.38,0.0,39.97,625.35,Cartão de Crédito,Confirmado,Standard,2024-10-29,2024-10-30
ORD001548,2024-02-09,ES,Sudeste,Casa e Decoração,Iluminação,1,1787.41,0.05,66.82,1764.85,Cartão de Débito,Confirmado,Same-Day,2024-02-09,2024-02-09
ORD001549,2024-03-29,PE,Nordeste,Esportes,Roupas Esportivas,1,327.26,0.0,50.63,377.89,PIX,Confirmado,Standard,2024-04-08,2024-04-08
ORD001550,2024-10-31,GO,Centro-Oeste,Casa e Decoração,Móveis,1,1799.03,0.2,17.05,1456.28,PIX,Confirmado,Standard,2024-11-13,2024-11-16
ORD001551,2024-10-22,BA,Nordeste,Eletrônicos,Smartphones,2,3189.73,0.0,41.97,3231.7,Cartão de Crédito,Cancelado,Standard,2024-10-28,
ORD001552,2024-06-20,SC,Sul,Livros,Infantis,2,178.42,0.2,78.54,221.28,PIX,Cancelado,Same-Day,2024-06-20,
ORD001553,2024-03-02,AM,Norte,Moda,Acessórios,1,368.27,0.0,26.68,394.95,Cartão de Crédito,Confirmado,Standard,2024-03-15,2024-03-23
ORD001554,2024-01-06,GO,Centro-Oeste,Livros,Ficção,1,120.0,0.15,45.85,147.85,Boleto,Confirmado,Scheduled,2024-01-11,2024-01-11
ORD001555,2024-06-05,CE,Nordeste,Eletrônicos,Tablets,1,4530.51,0.0,25.95,4556.46,Cartão de Crédito,Confirmado,Standard,2024-06-19,2024-06-17
ORD001556,2024-10-03,DF,Centro-Oeste,Moda,Vestidos,1,166.33,0.15,11.32,152.7,Cartão de Crédito,Confirmado,Standard,2024-10-10,2024-10-09
ORD001557,2024-09-14,ES,Sudeste,Moda,Calças,1,135.21,0.1,37.47,159.16,Cartão de Crédito,Confirmado,Standard,2024-09-24,2024-09-24
ORD001558,2024-01-26,GO,Centro-Oeste,Livros,Infantis,1,104.76,0.05,31.45,130.97,Boleto,Confirmado,Scheduled,2024-01-31,2024-02-14
ORD001559,2024-10-31,DF,Centro-Oeste,Esportes,Roupas Esportivas,1,263.12,0.0,42.16,305.28,Cartão de Crédito,Cancelado,Standard,2024-11-06,
ORD001560,2024-04-23,BA,Nordeste,Casa e Decoração,Iluminação,1,1656.93,0.0,35.84,1692.77,Cartão de Crédito,Confirmado,Standard,2024-04-28,2024-04-29
ORD001561,2024-03-16,MG,Sudeste,Casa e Decoração,Móveis,1,289.36,0.05,23.57,298.46,Boleto,Confirmado,Scheduled,2024-03-22,2024-03-24
ORD001562,2024-08-31,DF,Centro-Oeste,Eletrônicos,Smartwatches,1,2857.88,0.0,31.69,2889.57,Cartão de Crédito,Confirmado,Standard,2024-09-08,2024-09-09
ORD001563,2024-07-23,PR,Sul,Eletrônicos,Fones de Ouvido,1,3355.57,0.0,19.91,3375.48,Boleto,Confirmado,Standard,2024-08-02,2024-08-05
ORD001564,2024-09-13,BA,Nordeste,Moda,Calças,1,259.38,0.0,48.5,307.88,PIX,Confirmado,Same-Day,2024-09-13,2024-09-13
ORD001565,2024-09-03,CE,Nordeste,Moda,Calçados,3,1338.39,0.0,52.69,1391.08,Boleto,Confirmado,Same-Day,2024-09-03,2024-09-03
ORD001566,2024-07-21,GO,Centro-Oeste,Esportes,Equipamentos,2,160.35,0.0,23.64,183.99,Boleto,Confirmado,Standard,2024-07-26,2024-07-29
ORD001567,2024-10-14,DF,Centro-Oeste,Esportes,Equipamentos,1,778.52,0.0,64.63,843.15,Cartão de Crédito,Confirmado,Same-Day,2024-10-14,2024-10-15
ORD001568,2024-05-04,RJ,Sudeste,Casa e Decoração,Iluminação,1,843.43,0.15,31.58,748.49,Boleto,Cancelado,Standard,2024-05-09,
ORD001569,2024-06-14,GO,Centro-Oeste,Esportes,Roupas Esportivas,1,393.16,0.0,41.6,434.76,Cartão de Crédito,Confirmado,Same-Day,2024-06-14,2024-06-14
ORD001570,2024-02-27,GO,Centro-Oeste,Livros,Infantis,2,104.83,0.0,66.15,170.98,Cartão de Crédito,Confirmado,Same-Day,2024-02-27,2024-02-27
ORD001571,2024-07-06,SC,Sul,Moda,Vestidos,1,387.38,0.0,14.23,401.61,Cartão de Crédito,Confirmado,Standard,2024-07-14,2024-07-15
ORD001572,2024-06-25,DF,Centro-Oeste,Eletrônicos,Tablets,1,1659.95,0.0,35.95,1695.9,Boleto,Confirmado,Standard,2024-06-30,2024-06-29
ORD001573,2024-03-27,SC,Sul,Esportes,Acessórios,1,165.13,0.0,14.58,179.71,PIX,Confirmado,Standard,2024-04-06,2024-04-06
ORD001574,2024-03-15,PE,Nordeste,Eletrônicos,Notebooks,1,2796.02,0.0,50.94,2846.96,Cartão de Crédito,Cancelado,Standard,2024-03-22,
ORD001575,2024-04-12,GO,Centro-Oeste,Casa e Decoração,Utensílios,1,1758.46,0.0,78.79,1837.25,PIX,Confirmado,Same-Day,2024-04-12,2024-04-15
ORD001576,2024-02-13,RJ,Sudeste,Eletrônicos,Notebooks,1,3650.72,0.0,36.92,3687.64,Cartão de Crédito,Cancelado,Standard,2024-02-26,
ORD001577,2024-03-16,AM,Norte,Casa e Decoração,Móveis,1,1753.77,0.0,40.98,1794.75,PIX,Confirmado,Same-Day,2024-03-16,2024-03-29
ORD001578,2024-06-24,ES,Sudeste,Eletrônicos,Tablets,1,3138.64,0.0,19.46,3158.1,PIX,Confirmado,Standard,2024-07-05,2024-07-05
ORD001579,2024-08-18,PE,Nordeste,Eletrônicos,Tablets,2,3097.3,0.1,18.01,2805.58,Cartão de Crédito,Confirmado,Standard,2024-08-25,2024-08-26
ORD001580,2024-04-17,ES,Sudeste,Esportes,Equipamentos,1,190.61,0.05,24.05,205.13,PIX,Confirmado,Standard,2024-04-28,2024-04-27
ORD001581,2024-04-14,CE,Nordeste,Esportes,Suplementos,1,542.76,0.1,20.58,509.06,Cartão de Crédito,Cancelado,Scheduled,2024-04-22,
ORD001582,2024-10-07,PE,Nordeste,Esportes,Equipamentos,2,1429.0,0.0,35.04,1464.04,Boleto,Cancelado,Standard,2024-10-19,
ORD001583,2024-01-10,BA,Nordeste,Esportes,Calçados,3,1755.24,0.0,33.35,1788.59,Boleto,Confirmado,Standard,2024-01-24,2024-01-23
ORD001584,2024-01-23,PR,Sul,Moda,Camisetas,1,93.95,0.05,36.84,126.09,Cartão de Débito,Cancelado,Standard,2024-01-31,
ORD001585,2024-05-25,RS,Sul,Esportes,Suplementos,1,275.76,0.0,74.42,350.18,PIX,Confirmado,Same-Day,2024-05-25,2024-05-28
ORD001586,2024-01-28,PE,Nordeste,Eletrônicos,Smartphones,1,2482.94,0.0,29.59,2512.53,PIX,Confirmado,Standard,2024-02-09,2024-02-21
ORD001587,2024-07-17,GO,Centro-Oeste,Casa e Decoração,Decoração,1,649.08,0.0,38.25,687.33,Cartão de Crédito,Confirmado,Same-Day,2024-07-17,2024-07-17
ORD001588,2024-02-25,SP,Sudeste,Casa e Decoração,Iluminação,1,1486.4,0.1,36.95,1374.71,Cartão de Crédito,Confirmado,Standard,2024-03-06,2024-03-10
ORD001589,2024-04-28,BA,Nordeste,Esportes,Roupas Esportivas,1,337.87,0.0,32.07,369.94,PIX,Confirmado,Standard,2024-05-06,2024-05-17
ORD001590,2024-06-10,PE,Nordeste,Esportes,Calçados,1,576.32,0.0,15.72,592.04,PIX,Confirmado,Standard,2024-06-17,2024-06-17
ORD001591,2024-02-15,MG,Sudeste,Moda,Acessórios,1,147.76,0.05,70.68,211.05,Cartão de Crédito,Confirmado,Same-Day,2024-02-15,2024-02-18
ORD001592,2024-08-22,CE,Nordeste,Eletrônicos,Smartphones,1,2425.94,0.0,32.43,2458.37,PIX,Confirmado,Standard,2024-09-01,2024-08-30
ORD001593,2024-05-06,MA,Nordeste,Esportes,Suplementos,2,1136.99,0.0,41.24,1178.23,Cartão de Crédito,Confirmado,Standard,2024-05-13,2024-05-12
ORD001594,2024-06-19,PE,Nordeste,Livros,Não-ficção,1,24.78,0.05,36.34,59.88,PIX,Confirmado,Scheduled,2024-06-22,2024-06-23
ORD001595,2024-01-10,SC,Sul,Casa e Decoração,Decoração,1,716.07,0.0,32.21,748.28,Cartão de Crédito,Confirmado,Standard,2024-01-17,2024-01-28
ORD001596,2024-06-03,RS,Sul,Esportes,Suplementos,1,409.94,0.0,21.67,431.61,Cartão de Débito,Cancelado,Scheduled,2024-06-06,
ORD001597,2024-02-01,GO,Centro-Oeste,Casa e Decoração,Iluminação,1,1386.6,0.05,38.89,1356.16,PIX,Confirmado,Standard,2024-02-11,2024-02-11
ORD001598,2024-01-16,CE,Nordeste,Casa e Decoração,Utensílios,1,279.19,0.2,47.18,270.54,PIX,Cancelado,Standard,2024-01-21,
ORD001599,2024-03-18,SC,Sul,Livros,Não-ficção,2,211.5,0.0,39.68,251.18,PIX,Cancelado,Standard,2024-03-29,
ORD001600,2024-02-14,ES,Sudeste,Livros,HQs,2,287.25,0.0,34.61,321.86,Cartão de Crédito,Confirmado,Standard,2024-02-21,2024-02-22
ORD001601,2024-04-26,BA,Nordeste,Moda,Acessórios,1,271.58,0.0,21.06,292.64,Cartão de Crédito,Confirmado,Standard,2024-05-07,2024-05-08
ORD001602,2024-03-19,BA,Nordeste,Casa e Decoração,Têxtil,1,647.02,0.05,76.1,690.77,Cartão de Crédito,Confirmado,Same-Day,2024-03-19,2024-03-20
ORD001603,2024-06-17,PE,Nordeste,Esportes,Equipamentos,1,747.23,0.05,14.49,7243.6,Cartão de Crédito,Confirmado,Standard,2024-06-27,2024-06-27
ORD001604,2024-04-15,GO,Centro-Oeste,Moda,Acessórios,1,63.07,0.0,57.08,120.15,Boleto,Confirmado,Same-Day,2024-04-15,2024-04-15
ORD001605,2024-10-04,GO,Centro-Oeste,Moda,Calças,1,249.49,0.0,38.31,287.8,Boleto,Confirmado,Standard,2024-10-17,2024-10-15
ORD001606,2024-06-07,ES,Sudeste,Esportes,Equipamentos,1,434.87,0.0,20.34,455.21,Cartão de Crédito,Confirmado,Standard,2024-06-19,2024-06-29
ORD001607,2024-08-08,MA,Nordeste,Moda,Acessórios,1,254.79,0.0,19.67,274.46,Cartão de Crédito,Confirmado,Standard,2024-08-21,2024-08-24
ORD001608,2024-03-21,SC,Sul,Eletrônicos,Smartwatches,1,2409.95,0.05,22.0,2311.45,PIX,Confirmado,Standard,2024-04-01,2024-04-01
ORD001609,2024-09-29,ES,Sudeste,Eletrônicos,Notebooks,1,4490.27,0.0,28.03,4518.3,Cartão de Crédito,Confirmado,Scheduled,2024-10-02,2024-10-01
ORD001610,2024-06-11,AM,Norte,Moda,Camisetas,3,1189.54,0.05,14.56,1144.62,Cartão de Débito,Confirmado,Standard,2024-06-22,2024-06-20
ORD001611,2024-06-12,MA,Nordeste,Livros,Infantis,1,96.06,0.1,23.44,109.9,PIX,Confirmado,Scheduled,2024-06-16,2024-06-15
ORD001612,2024-06-04,PE,Nordeste,Casa e Decoração,Utensílios,1,1949.42,0.0,34.91,1984.33,Cartão de Crédito,Confirmado,Standard,2024-06-11,2024-06-24
ORD001613,2024-04-06,RJ,Sudeste,Moda,Calças,2,135.94,0.0,36.1,172.04,PIX,Confirmado,Standard,2024-04-13,2024-04-11
ORD001614,2024-01-14,PA,Norte,Esportes,Calçados,1,361.31,0.0,30.6,391.91,PIX,Confirmado,Standard,2024-01-19,2024-01-17
ORD001615,2024-05-16,DF,Centro-Oeste,Esportes,Calçados,2,1152.94,0.15,43.67,1023.67,Cartão de Crédito,Confirmado,Standard,2024-05-26,2024-05-25
ORD001616,2024-04-28,DF,Centro-Oeste,Moda,Calças,2,440.52,0.0,41.02,481.54,Cartão de Débito,Confirmado,Standard,2024-05-08,2024-05-18
ORD001617,2024-01-14,SC,Sul,Eletrônicos,Fones de Ouvido,1,2610.96,0.0,23.97,2634.93,PIX,Confirmado,Standard,2024-01-23,2024-01-28
ORD001618,2024-03-09,CE,Nordeste,Esportes,Acessórios,1,539.44,0.0,26.06,565.5,Cartão de Débito,Confirmado,Standard,2024-03-20,2024-03-21
ORD001619,2024-07-10,MG,Sudeste,Livros,Infantis,1,130.06,0.0,32.64,162.7,Cartão de Crédito,Confirmado,Standard,2024-07-15,2024-07-28
ORD001620,2024-08-30,MG,Sudeste,Moda,Calças,1,432.85,0.0,26.0,458.85,PIX,Confirmado,Standard,2024-09-08,2024-09-11
ORD001621,2024-04-25,SP,Sudeste,Livros,Ficção,2,161.76,0.0,39.55,201.31,PIX,Confirmado,Standard,2024-05-05,2024-05-06
ORD001622,2024-05-18,BA,Nordeste,Moda,Calças,1,473.64,0.1,26.08,452.35,Cartão de Débito,Confirmado,Standard,2024-05-24,2024-05-23
ORD001623,2024-04-14,RJ,Sudeste,Moda,Calçados,1,69.11,0.0,47.75,116.86,Cartão de Débito,Confirmado,Same-Day,2024-04-14,2024-04-14
ORD001624,2024-09-07,ES,Sudeste,Casa e Decoração,Iluminação,1,1710.53,0.1,38.7,1578.17,PIX,Confirmado,Scheduled,2024-09-12,2024-09-24
ORD001625,2024-05-06,BA,Nordeste,Livros,Ficção,1,148.82,0.0,23.6,172.42,PIX,Confirmado,Standard,2024-05-17,2024-05-17
ORD001626,2024-07-13,ES,Sudeste,Casa e Decoração,Iluminação,1,1199.86,0.0,35.13,1234.99,Cartão de Crédito,Confirmado,Standard,2024-07-27,2024-07-28
ORD001627,2024-10-19,DF,Centro-Oeste,Esportes,Calçados,1,726.72,0.0,15.65,742.37,Cartão de Crédito,Confirmado,Standard,2024-10-31,2024-10-29
ORD001628,2024-01-20,CE,Nordeste,Eletrônicos,Fones de Ouvido,1,703.25,0.0,39.02,742.27,Boleto,Confirmado,Standard,2024-01-31,2024-02-02
ORD001629,2024-08-21,AM,Norte,Eletrônicos,Notebooks,1,3646.59,0.0,88.27,3734.86,Boleto,Confirmado,Same-Day,2024-08-21,2024-08-21
ORD001630,2024-09-22,CE,Nordeste,Livros,Ficção,1,84.03,0.0,50.08,134.11,Cartão de Crédito,Confirmado,Standard,2024-10-04,2024-10-06
ORD001631,2024-10-12,BA,Nordeste,Esportes,Roupas Esportivas,1,568.21,0.0,57.8,626.01,PIX,Confirmado,Scheduled,2024-10-19,2024-10-18
ORD001632,2024-04-07,PR,Sul,Livros,Infantis,1,90.0,0.0,21.71,111.71,Cartão de Crédito,Confirmado,Standard,2024-04-15,2024-04-15
ORD001633,2024-06-04,PA,Norte,Casa e Decoração,Iluminação,1,424.43,0.0,65.33,489.76,PIX,Confirmado,Same-Day,2024-06-04,2024-06-04
ORD001634,2024-03-26,BA,Nordeste,Casa e Decoração,Têxtil,1,684.15,0.1,14.9,630.64,PIX,Confirmado,Standard,2024-04-06,2024-04-09
ORD001635,2024-01-28,ES,Sudeste,Esportes,Equipamentos,2,724.68,0.05,18.08,706.53,Cartão de Crédito,Confirmado,Standard,2024-02-09,2024-02-23
ORD001636,2024-08-25,AM,Norte,Livros,Ficção,1,95.97,0.0,28.14,124.11,Cartão de Crédito,Confirmado,Standard,2024-09-01,2024-09-13
ORD001637,2024-09-13,RJ,Sudeste,Moda,Acessórios,1,188.28,0.0,46.31,234.59,Cartão de Crédito,Confirmado,Scheduled,2024-09-22,2024-10-06
ORD001638,2024-10-06,MG,Sudeste,Livros,Infantis,1,68.38,0.0,14.59,82.97,Cartão de Crédito,Confirmado,Standard,2024-10-12,2024-10-21
ORD001639,2024-06-14,PE,Nordeste,Eletrônicos,Notebooks,1,1222.51,0.0,15.42,1237.93,PIX,Confirmado,Standard,2024-06-20,2024-06-21
ORD001640,2024-08-20,DF,Centro-Oeste,Moda,Calçados,2,690.33,0.0,51.94,742.27,Cartão de Débito,Cancelado,Scheduled,2024-08-25,
ORD001641,2024-02-16,PR,Sul,Casa e Decoração,Utensílios,1,878.71,0.1,14.78,805.62,Cartão de Crédito,Confirmado,Standard,2024-03-01,2024-03-04
ORD001642,2024-03-04,RJ,Sudeste,Eletrônicos,Fones de Ouvido,1,1736.92,0.0,21.95,1758.87,Cartão de Débito,Confirmado,Standard,2024-03-10,2024-03-10
ORD001643,2024-07-04,RJ,Sudeste,Esportes,Acessórios,2,933.68,0.0,196.70000000000002,973.02,PIX,Confirmado,Standard,2024-07-09,2024-07-10
ORD001644,2024-09-18,DF,Centro-Oeste,Moda,Calçados,3,1445.67,0.0,15.39,1461.06,Cartão de Crédito,Cancelado,Standard,2024-10-02,
ORD001645,2024-10-08,BA,Nordeste,Eletrônicos,Notebooks,1,2856.47,0.0,204.3,2897.33,Cartão de Crédito,Confirmado,Standard,2024-10-19,2024-10-22
ORD001646,2024-06-20,DF,Centro-Oeste,Moda,Calças,1,488.43,0.1,17.24,456.83,Boleto,Confirmado,Standard,2024-06-26,2024-06-24
ORD001647,2024-03-15,MG,Sudeste,Eletrônicos,Fones de Ouvido,2,3612.68,0.0,23.92,3636.6,Cartão de Crédito,Confirmado,Scheduled,2024-03-19,2024-03-30
ORD001648,2024-06-06,PR,Sul,Livros,Técnicos,1,137.75,0.05,24.95,155.82,PIX,Confirmado,Standard,2024-06-15,2024-06-16
ORD001649,2024-04-02,RJ,Sudeste,Moda,Calças,1,145.16,0.0,25.39,170.55,Cartão de Débito,Confirmado,Scheduled,2024-04-09,2024-04-12
ORD001650,2024-01-02,DF,Centro-Oeste,Casa e Decoração,Móveis,1,879.57,0.0,44.88,924.45,Boleto,Cancelado,Scheduled,2024-01-11,
ORD001651,2024-08-22,PE,Nordeste,Livros,HQs,1,66.68,0.0,90.13,156.81,Cartão de Crédito,Cancelado,Same-Day,2024-08-22,
ORD001652,2024-01-03,DF,Centro-Oeste,Livros,Não-ficção,1,97.2,0.05,74.21,166.55,Cartão de Crédito,Confirmado,Same-Day,2024-01-03,2024-01-04
ORD001653,2024-04-21,DF,Centro-Oeste,Livros,Infantis,1,47.25,0.1,23.89,66.41,Cartão de Crédito,Confirmado,Standard,2024-05-05,2024-05-09
ORD001654,2024-07-28,PE,Nordeste,Eletrônicos,Smartwatches,1,4656.17,0.0,40.44,4696.61,Boleto,Confirmado,Same-Day,2024-07-28,2024-07-28
ORD001655,2024-01-04,RS,Sul,Esportes,Suplementos,1,637.44,0.0,39.02,676.46,Cartão de Crédito,Confirmado,Scheduled,2024-01-07,2024-01-08
ORD001656,2024-10-12,AM,Norte,Moda,Camisetas,1,259.99,0.1,15.94,249.93,Cartão de Débito,Cancelado,Standard,2024-10-25,
ORD001657,2024-04-04,MG,Sudeste,Eletrônicos,Tablets,1,3040.57,0.0,21.59,3062.16,Cartão de Crédito,Confirmado,Scheduled,2024-04-11,2024-04-10
ORD001658,2024-01-19,MG,Sudeste,Eletrônicos,Smartwatches,1,2275.43,0.0,29.55,2304.98,Cartão de Crédito,Confirmado,Standard,2024-01-24,2024-01-23
ORD001659,2024-06-01,SC,Sul,Eletrônicos,Smartphones,1,2979.48,0.1,37.69,2719.22,Cartão de Crédito,Confirmado,Standard,2024-06-06,2024-06-10
ORD001660,2024-02-25,BA,Nordeste,Moda,Calças,1,195.67,0.0,35.47,231.14,Cartão de Crédito,Confirmado,Standard,2024-03-04,2024-03-03
ORD001661,2024-05-25,DF,Centro-Oeste,Esportes,Calçados,1,260.46,0.0,30.2,290.66,Cartão de Débito,Confirmado,Standard,2024-06-04,2024-06-03
ORD001662,2024-10-14,MG,Sudeste,Livros,HQs,2,277.29,0.0,17.23,294.52,Cartão de Crédito,Cancelado,Standard,2024-10-24,
ORD001663,2024-07-03,MA,Nordeste,Eletrônicos,Smartphones,2,8954.16,0.0,29.33,8983.49,Cartão de Crédito,Confirmado,Standard,2024-07-11,2024-07-14
ORD001664,2024-06-02,SC,Sul,Casa e Decoração,Iluminação,2,1803.53,0.0,34.35,1837.88,PIX,Confirmado,Standard,2024-06-14,2024-06-14
ORD001665,2024-02-04,PA,Norte,Livros,HQs,1,33.49,0.05,25.96,57.78,Cartão de Crédito,Confirmado,Standard,2024-02-09,2024-02-10
ORD001666,2024-02-03,PR,Sul,Livros,Não-ficção,1,47.1,0.0,26.34,73.44,Cartão de Crédito,Confirmado,Standard,2024-02-14,2024-02-13
ORD001667,2024-03-03,ES,Sudeste,Casa e Decoração,Decoração,1,1981.9,0.05,33.8,1916.6,PIX,Confirmado,Standard,2024-03-08,2024-03-08
ORD001668,2024-09-26,BA,Nordeste,Esportes,Equipamentos,1,497.59,0.0,81.31,578.9,Cartão de Crédito,Confirmado,Same-Day,2024-09-26,2024-09-27
ORD001669,2024-04-17,DF,Centro-Oeste,Eletrônicos,Smartphones,2,2383.09,0.0,33.51,2416.6,PIX,Confirmado,Scheduled,2024-04-22,2024-04-20
ORD001670,2024-10-19,ES,Sudeste,Esportes,Roupas Esportivas,1,769.7,0.0,24.29,793.99,Cartão de Crédito,Confirmado,Scheduled,2024-10-24,2024-10-25
ORD001671,2024-09-04,ES,Sudeste,Esportes,Suplementos,1,218.78,0.0,34.19,252.97,PIX,Confirmado,Same-Day,2024-09-04,2024-09-07
ORD001672,2024-08-06,DF,Centro-Oeste,Casa e Decoração,Decoração,1,615.69,0.0,32.13,647.82,PIX,Confirmado,Scheduled,2024-08-10,2024-08-10
ORD001673,2024-09-26,DF,Centro-Oeste,Esportes,Suplementos,1,246.41,0.0,53.97,300.38,Cartão de Crédito,Confirmado,Scheduled,2024-09-30,2024-09-29
ORD001674,2024-03-07,DF,Centro-Oeste,Esportes,Acessórios,1,576.28,0.0,36.28,612.56,Cartão de Crédito,Confirmado,Standard,2024-03-16,2024-03-16
ORD001675,2024-09-23,ES,Sudeste,Livros,Infantis,1,81.33,0.0,17.09,98.42,Cartão de Crédito,Confirmado,Standard,2024-09-30,2024-09-28
ORD001676,2024-04-02,MA,Nordeste,Esportes,Equipamentos,1,252.62,0.0,37.09,289.71,Cartão de Crédito,Cancelado,Standard,2024-04-10,
ORD001677,2024-05-28,RS,Sul,Eletrônicos,Smartphones,1,2763.82,0.0,16.74,2780.56,Cartão de Crédito,Confirmado,Standard,2024-06-03,2024-06-01
ORD001678,2024-01-13,PE,Nordeste,Eletrônicos,Notebooks,1,4473.17,0.1,49.18,4075.03,Cartão de Crédito,Confirmado,Standard,2024-01-21,2024-01-20
ORD001679,2024-07-31,BA,Nordeste,Eletrônicos,Tablets,1,3064.57,0.0,38.56,3103.13,Cartão de Crédito,Confirmado,Standard,2024-08-09,2024-08-10
ORD001680,2024-06-28,CE,Nordeste,Moda,Camisetas,3,283.21,0.0,44.67,327.88,Cartão de Crédito,Confirmado,Standard,2024-07-09,2024-07-08
ORD001681,2024-04-13,ES,Sudeste,Casa e Decoração,Decoração,1,947.26,0.0,17.85,965.11,Cartão de Débito,Confirmado,Standard,2024-04-22,2024-04-23
ORD001682,2024-02-04,PR,Sul,Casa e Decoração,Têxtil,1,705.87,0.0,23.23,729.1,Cartão de Crédito,Confirmado,Standard,2024-02-12,2024-02-12
ORD001683,2024-10-08,SC,Sul,Eletrônicos,Smartphones,1,1432.01,0.05,36.93,1397.34,Cartão de Débito,Confirmado,Standard,2024-10-19,2024-10-17
ORD001684,2024-06-19,SC,Sul,Livros,HQs,1,72.47,0.1,35.72,100.95,Cartão de Crédito,Cancelado,Same-Day,2024-06-19,
ORD001685,2024-01-15,AM,Norte,Moda,Calças,1,86.63,0.0,15.33,101.96,Cartão de Crédito,Confirmado,Standard,2024-01-28,2024-01-29
ORD001686,2024-06-18,AM,Norte,Casa e Decoração,Iluminação,1,809.59,0.0,28.87,838.46,Cartão de Crédito,Cancelado,Standard,2024-06-30,
ORD001687,2024-08-30,PA,Norte,Eletrônicos,Notebooks,1,3802.37,0.0,42.29,3844.66,Cartão de Crédito,Confirmado,Standard,2024-09-12,2024-09-13
ORD001688,2024-09-03,MG,Sudeste,Livros,HQs,1,149.77,0.05,76.32,218.6,Cartão de Crédito,Confirmado,Same-Day,2024-09-03,2024-09-06
ORD001689,2024-06-20,PE,Nordeste,Livros,Ficção,1,30.29,0.0,72.4,102.69,Cartão de Crédito,Confirmado,Same-Day,2024-06-20,2024-06-20
ORD001690,2024-09-23,PR,Sul,Esportes,Suplementos,1,633.58,0.0,26.81,660.39,Cartão de Crédito,Confirmado,Standard,2024-10-06,2024-10-05
ORD001691,2024-10-11,CE,Nordeste,Eletrônicos,Notebooks,1,3033.19,0.0,13.37,3046.56,Cartão de Crédito,Confirmado,Standard,2024-10-19,2024-10-17
ORD001692,2024-10-22,GO,Centro-Oeste,Casa e Decoração,Decoração,1,1990.68,0.0,41.83,2032.51,Cartão de Crédito,Confirmado,Standard,2024-11-05,2024-11-06
ORD001693,2024-02-03,MG,Sudeste,Casa e Decoração,Móveis,1,497.82,0.0,35.05,532.87,Boleto,Confirmado,Standard,2024-02-16,2024-02-28
ORD001694,2024-06-22,BA,Nordeste,Esportes,Equipamentos,1,778.23,0.1,34.27,734.67,Cartão de Crédito,Confirmado,Standard,2024-07-03,2024-07-10
ORD001695,2024-10-19,DF,Centro-Oeste,Livros,Não-ficção,3,449.3,0.15,47.03,428.93,Cartão de Débito,Cancelado,Scheduled,2024-10-24,
ORD001696,2024-10-31,RJ,Sudeste,Casa e Decoração,Decoração,1,1132.73,0.15,15.68,978.5,PIX,Confirmado,Standard,2024-11-05,2024-11-06
ORD001697,2024-01-17,PR,Sul,Livros,Ficção,1,24.31,0.0,62.06,86.37,Cartão de Débito,Confirmado,Same-Day,2024-01-17,2024-01-17
ORD001698,2024-09-11,MA,Nordeste,Moda,Vestidos,1,304.54,0.0,45.69,350.23,Cartão de Débito,Confirmado,Standard,2024-09-24,2024-09-23
ORD001699,2024-08-19,AM,Norte,Casa e Decoração,Utensílios,1,1502.87,0.0,50.22,1553.09,Cartão de Débito,Confirmado,Standard,2024-08-31,2024-09-01
ORD001700,2024-09-25,PR,Sul,Moda,Camisetas,1,119.4,0.0,28.46,147.86,Cartão de Crédito,Confirmado,Standard,2024-09-30,2024-09-28
ORD001701,2024-07-10,PA,Norte,Eletrônicos,Notebooks,1,3824.59,0.0,35.17,3859.76,Boleto,Confirmado,Scheduled,2024-07-13,2024-07-13
ORD001702,2024-02-17,PE,Nordeste,Esportes,Roupas Esportivas,1,253.97,0.0,35.38,289.35,PIX,Confirmado,Scheduled,2024-02-23,2024-02-21
ORD001703,2024-09-04,MA,Nordeste,Esportes,Equipamentos,1,711.26,0.0,29.94,741.2,Cartão de Crédito,Confirmado,Standard,2024-09-09,2024-09-09
ORD001704,2024-04-07,SC,Sul,Livros,HQs,1,89.86,0.0,31.48,121.34,Cartão de Crédito,Confirmado,Same-Day,2024-04-07,2024-04-07
ORD001705,2024-06-07,PA,Norte,Casa e Decoração,Utensílios,1,1517.69,0.1,34.58,1400.5,Boleto,Confirmado,Standard,2024-06-20,2024-06-20
ORD001706,2024-02-20,AM,Norte,Esportes,Equipamentos,2,243.01,0.0,33.48,276.49,PIX,Confirmado,Standard,2024-03-04,2024-03-02
ORD001707,2024-04-15,ES,Sudeste,Eletrônicos,Fones de Ouvido,1,844.72,0.0,10.1,854.82,PIX,Confirmado,Standard,2024-04-26,2024-04-25
ORD001708,2024-07-17,ES,Sudeste,Esportes,Roupas Esportivas,1,243.93,0.0,29.33,273.26,Cartão de Débito,Confirmado,Standard,2024-07-27,2024-07-28
ORD001709,2024-01-03,PR,Sul,Eletrônicos,Smartwatches,1,4671.55,0.0,16.72,4688.27,Cartão de Crédito,Confirmado,Scheduled,2024-01-08,2024-01-07
ORD001710,2024-02-14,SC,Sul,Livros,Ficção,1,114.35,0.05,24.21,132.84,PIX,Confirmado,Standard,2024-02-23,2024-02-21
ORD001711,2024-02-22,CE,Nordeste,Casa e Decoração,Móveis,1,855.29,0.1,40.04,809.8,PIX,Cancelado,Standard,2024-03-06,
ORD001712,2024-10-22,PA,Norte,Casa e Decoração,Utensílios,1,1889.46,0.0,31.2,1920.66,PIX,Confirmado,Standard,2024-11-03,2024-11-04
ORD001713,2024-06-13,RS,Sul,Moda,Vestidos,2,827.73,0.0,34.07,861.8,Boleto,Confirmado,Standard,2024-06-24,2024-06-23
ORD001714,2024-05-21,CE,Nordeste,Casa e Decoração,Iluminação,1,1705.1,0.1,41.62,1576.21,Cartão de Crédito,Confirmado,Standard,2024-05-31,2024-06-01
ORD001715,2024-03-01,PR,Sul,Moda,Calças,1,72.46,0.0,20.43,92.89,Cartão de Crédito,Confirmado,Standard,2024-03-15,2024-03-14
ORD001716,2024-05-20,RJ,Sudeste,Eletrônicos,Smartwatches,1,4060.22,0.0,28.57,4088.79,Cartão de Crédito,Confirmado,Standard,2024-05-28,2024-06-01
ORD001717,2024-10-13,CE,Nordeste,Eletrônicos,Notebooks,1,2572.67,0.1,46.83,2362.23,Cartão de Crédito,Confirmado,Standard,2024-10-20,2024-10-21
ORD001718,2024-10-04,SC,Sul,Esportes,Suplementos,1,418.64,0.0,34.88,453.52,Cartão de Crédito,Confirmado,Standard,2024-10-11,2024-10-10
ORD001719,2024-05-18,MG,Sudeste,Casa e Decoração,Têxtil,3,1448.21,0.0,14.99,1463.2,PIX,Confirmado,Standard,2024-05-30,2024-05-29
ORD001720,2024-05-05,MG,Sudeste,Eletrônicos,Tablets,1,4638.3,0.05,37.28,4443.66,PIX,Confirmado,Standard,2024-05-19,2024-05-21
ORD001721,2024-06-22,CE,Nordeste,Livros,Ficção,2,198.85,0.05,15.97,204.88,PIX,Confirmado,Standard,2024-06-27,2024-06-28
ORD001722,2024-03-07,SP,Sudeste,Livros,Ficção,1,64.62,0.0,12.68,77.3,Cartão de Crédito,Confirmado,Standard,2024-03-17,2024-03-19
ORD001723,2024-02-24,BA,Nordeste,Eletrônicos,Smartphones,1,1315.91,0.0,44.08,1359.99,PIX,Confirmado,Scheduled,2024-03-01,2024-03-01
ORD001724,2024-08-06,BA,Nordeste,Moda,Acessórios,1,256.91,0.0,29.62,286.53,PIX,Confirmado,Standard,2024-08-16,2024-08-15
ORD001725,2024-10-30,GO,Centro-Oeste,Livros,HQs,1,135.19,0.0,29.43,164.62,PIX,Confirmado,Standard,2024-11-11,2024-11-12
ORD001726,2024-07-01,PR,Sul,Casa e Decoração,Utensílios,1,1315.32,0.0,18.66,1333.98,PIX,Confirmado,Standard,2024-07-14,2024-07-18
ORD001727,2024-09-30,RJ,Sudeste,Livros,HQs,2,134.62,0.0,33.93,168.55,PIX,Confirmado,Standard,2024-10-10,2024-10-13
ORD001728,2024-03-08,RJ,Sudeste,Livros,Ficção,2,210.52,0.0,37.07,247.59,Cartão de Crédito,Confirmado,Standard,2024-03-18,2024-04-01
ORD001729,2024-08-21,PR,Sul,Livros,Infantis,1,74.05,0.0,67.3,141.35,PIX,Confirmado,Same-Day,2024-08-21,2024-08-21
ORD001730,2024-04-28,RS,Sul,Moda,Acessórios,1,159.09,0.0,76.94,236.03,Cartão de Crédito,Confirmado,Same-Day,2024-04-28,2024-04-28
ORD001731,2024-05-12,MA,Nordeste,Casa e Decoração,Iluminação,2,3607.66,0.1,21.56,3268.45,PIX,Confirmado,Standard,2024-05-22,2024-05-21
ORD001732,2024-04-03,ES,Sudeste,Casa e Decoração,Decoração,1,1078.47,0.0,36.22,1114.69,Boleto,Cancelado,Standard,2024-04-10,
ORD001733,2024-08-20,PE,Nordeste,Eletrônicos,Smartphones,3,10406.18,0.0,14.93,10421.11,Cartão de Crédito,Confirmado,Standard,2024-09-02,2024-08-31
ORD001734,2024-08-31,RJ,Sudeste,Casa e Decoração,Iluminação,2,2608.72,0.2,23.67,2110.64,Cartão de Crédito,Confirmado,Standard,2024-09-06,2024-09-04
ORD001735,2024-08-24,AM,Norte,Moda,Vestidos,1,51.62,0.0,24.56,76.18,Boleto,Confirmado,Standard,2024-09-07,2024-09-06
ORD001736,2024-06-27,DF,Centro-Oeste,Esportes,Equipamentos,1,160.96,0.0,34.31,195.27,Cartão de Crédito,Confirmado,Standard,2024-07-08,2024-07-19
ORD001737,2024-09-17,RJ,Sudeste,Livros,Ficção,1,115.64,0.0,25.81,141.45,Boleto,Confirmado,Scheduled,2024-09-21,2024-09-19
ORD001738,2024-06-15,CE,Nordeste,Eletrônicos,Tablets,2,4852.84,0.05,69.11,4679.3,Cartão de Crédito,Confirmado,Same-Day,2024-06-15,2024-06-19
ORD001739,2024-09-29,PE,Nordeste,Livros,HQs,1,84.79,0.1,31.99,108.3,Cartão de Crédito,Confirmado,Standard,2024-10-07,2024-10-07
ORD001740,2024-07-30,RS,Sul,Esportes,Equipamentos,1,680.8,0.0,36.92,717.72,Cartão de Crédito,Confirmado,Standard,2024-08-06,2024-08-08
ORD001741,2024-10-07,MG,Sudeste,Livros,Infantis,1,103.22,0.0,33.06,136.28,PIX,Confirmado,Standard,2024-10-20,2024-10-21
ORD001742,2024-02-03,SC,Sul,Moda,Acessórios,1,413.23,0.0,27.92,441.15,PIX,Confirmado,Standard,2024-02-11,2024-02-13
ORD001743,2024-08-08,PA,Norte,Livros,HQs,1,38.75,0.0,37.33,76.08,Cartão de Crédito,Confirmado,Scheduled,2024-08-11,2024-08-23
ORD001744,2024-06-24,CE,Nordeste,Moda,Calças,1,495.4,0.0,19.65,515.05,Cartão de Crédito,Confirmado,Scheduled,2024-06-29,2024-07-03
ORD001745,2024-02-09,ES,Sudeste,Esportes,Acessórios,1,414.22,0.0,28.44,442.66,Boleto,Confirmado,Standard,2024-02-15,2024-02-14
ORD001746,2024-02-28,DF,Centro-Oeste,Esportes,Acessórios,1,289.5,0.0,29.1,318.6,Cartão de Crédito,Confirmado,Standard,2024-03-06,2024-03-04
ORD001747,2024-06-15,CE,Nordeste,Eletrônicos,Fones de Ouvido,1,4724.2,0.1,50.05,4301.83,Cartão de Crédito,Confirmado,Standard,2024-06-27,2024-06-25
ORD001748,2024-03-31,PR,Sul,Livros,Ficção,1,24.52,0.0,11.03,35.55,PIX,Confirmado,Standard,2024-04-14,2024-04-16
ORD001749,2024-02-25,GO,Centro-Oeste,Esportes,Acessórios,1,589.06,0.1,39.28,569.44,Cartão de Crédito,Confirmado,Standard,2024-03-03,2024-03-04
ORD001750,2024-06-16,PE,Nordeste,Eletrônicos,Smartphones,1,2324.04,0.0,31.52,2355.56,Boleto,Confirmado,Standard,2024-06-22,2024-06-24
ORD001751,2024-04-21,AM,Norte,Moda,Acessórios,1,242.67,0.05,49.84,280.37,Cartão de Crédito,Confirmado,Scheduled,2024-04-28,2024-05-01
ORD001752,2024-01-01,PA,Norte,Moda,Calças,1,93.05,0.0,59.35,152.4,Cartão de Crédito,Confirmado,Same-Day,2024-01-01,2024-01-02
ORD001753,2024-08-19,CE,Nordeste,Casa e Decoração,Iluminação,1,1343.88,0.1,26.6,1236.1,PIX,Confirmado,Standard,2024-08-27,2024-08-27
ORD001754,2024-10-22,PE,Nordeste,Moda,Calças,1,251.79,0.05,16.25,255.45,PIX,Confirmado,Standard,2024-11-04,2024-11-08
ORD001755,2024-06-11,PR,Sul,Esportes,Suplementos,1,329.82,0.0,38.28,368.1,Boleto,Confirmado,Standard,2024-06-17,2024-06-15
ORD001756,2024-08-10,ES,Sudeste,Casa e Decoração,Móveis,1,847.24,0.0,47.05,894.29,Cartão de Crédito,Confirmado,Same-Day,2024-08-10,2024-08-10
ORD001757,2024-10-25,SP,Sudeste,Esportes,Calçados,2,447.74,0.0,20.98,468.72,PIX,Confirmado,Standard,2024-11-03,2024-11-01
ORD001758,2024-07-25,AM,Norte,Moda,Vestidos,1,174.38,0.0,17.37,191.75,Cartão de Crédito,Confirmado,Standard,2024-08-07,2024-08-08
ORD001759,2024-02-01,SC,Sul,Esportes,Roupas Esportivas,1,161.69,0.0,48.64,210.33,PIX,Confirmado,Same-Day,2024-02-01,2024-02-15
ORD001760,2024-01-01,ES,Sudeste,Esportes,Suplementos,1,218.45,0.1,58.73,255.34,Cartão de Crédito,Confirmado,Same-Day,2024-01-01,2024-01-02
ORD001761,2024-02-26,AM,Norte,Casa e Decoração,Móveis,1,1545.23,0.0,42.17,1587.4,Cartão de Crédito,Confirmado,Scheduled,2024-03-02,2024-03-02
ORD001762,2024-04-30,BA,Nordeste,Esportes,Acessórios,1,330.09,0.05,21.47,335.05,Cartão de Crédito,Confirmado,Standard,2024-05-11,2024-05-11
ORD001763,2024-06-11,ES,Sudeste,Livros,Infantis,1,113.85,0.0,15.31,129.16,PIX,Confirmado,Standard,2024-06-23,2024-06-22
ORD001764,2024-07-14,BA,Nordeste,Esportes,Equipamentos,2,579.62,0.0,32.29,611.91,Cartão de Crédito,Cancelado,Standard,2024-07-26,
ORD001765,2024-03-29,PE,Nordeste,Moda,Calças,1,165.44,0.0,99.15,264.59,PIX,Confirmado,Same-Day,2024-03-29,2024-03-29
ORD001766,2024-10-11,BA,Nordeste,Casa e Decoração,Iluminação,1,970.96,0.05,29.34,951.75,PIX,Confirmado,Standard,2024-10-19,
ORD001767,2024-03-19,PR,Sul,Moda,Calças,1,221.72,0.0,24.81,246.53,Cartão de Crédito,Confirmado,Standard,2024-03-24,2024-04-04
ORD001768,2024-01-06,RJ,Sudeste,Eletrônicos,Notebooks,1,3029.29,0.0,66.86,3096.15,Cartão de Crédito,Confirmado,Same-Day,2024-01-06,2024-01-07
ORD001769,2024-09-06,GO,Centro-Oeste,Livros,Não-ficção,1,29.3,0.0,18.3,47.6,Cartão de Crédito,Confirmado,Standard,2024-09-11,2024-09-11
ORD001770,2024-02-13,MG,Sudeste,Livros,Infantis,1,46.57,0.1,69.48,111.4,Cartão de Crédito,Confirmado,Same-Day,2024-02-13,2024-02-13
ORD001771,2024-08-05,DF,Centro-Oeste,Moda,Calçados,1,249.94,0.0,12.25,262.19,Cartão de Crédito,Confirmado,Standard,2024-08-14,2024-08-12
ORD001772,2024-09-17,BA,Nordeste,Esportes,Acessórios,1,700.26,0.0,25.75,726.01,PIX,Confirmado,Standard,2024-09-30,2024-09-29
ORD001773,2024-07-15,SC,Sul,Moda,Calças,1,216.92,0.0,30.26,247.18,Cartão de Crédito,Confirmado,Scheduled,2024-07-19,2024-07-18
ORD001774,2024-08-05,DF,Centro-Oeste,Eletrônicos,Smartwatches,1,2958.12,0.0,36.48,2994.6,Cartão de Débito,Confirmado,Standard,2024-08-14,2024-08-15
ORD001775,2024-09-12,AM,Norte,Moda,Acessórios,2,236.06,0.05,33.97,258.23,Cartão de Crédito,Confirmado,Standard,2024-09-18,2024-09-17
ORD001776,2024-05-17,BA,Nordeste,Esportes,Calçados,1,239.47,0.05,25.12,252.62,Boleto,Confirmado,Standard,2024-05-25,2024-05-24
ORD001777,2024-07-06,SP,Sudeste,Eletrônicos,Smartwatches,1,2801.82,0.1,35.05,2556.69,Cartão de Crédito,Confirmado,Standard,2024-07-16,2024-07-16
ORD001778,2024-09-04,ES,Sudeste,Casa e Decoração,Móveis,1,1795.61,0.0,39.4,1835.01,Cartão de Crédito,Confirmado,Standard,2024-09-11,2024-09-09
ORD001779,2024-10-24,PE,Nordeste,Eletrônicos,Notebooks,1,4841.7,0.1,35.33,4392.86,PIX,Confirmado,Standard,2024-10-31,2024-11-07
ORD001780,2024-09-26,AM,Norte,Casa e Decoração,Iluminação,1,100.63,0.0,29.6,130.23,Cartão de Crédito,Confirmado,Scheduled,2024-10-04,2024-10-03
ORD001781,2024-09-21,RJ,Sudeste,Esportes,Calçados,1,112.16,0.0,22.28,134.44,Boleto,Cancelado,Scheduled,2024-09-24,
ORD001782,2024-02-15,RS,Sul,Livros,Ficção,1,100.87,0.05,22.11,117.94,Boleto,Confirmado,Standard,2024-02-22,2024-02-21
ORD001783,2024-10-03,PA,Norte,Esportes,Suplementos,1,549.82,0.0,50.44,600.26,Cartão de Crédito,Confirmado,Standard,2024-10-11,2024-10-12
ORD001784,2024-01-28,MA,Nordeste,Casa e Decoração,Têxtil,3,4987.92,0.0,14.2,5002.12,Cartão de Crédito,Confirmado,Standard,2024-02-05,2024-02-06
ORD001785,2024-01-06,PE,Nordeste,Livros,HQs,1,24.84,0.0,41.42,66.26,Cartão de Débito,Confirmado,Standard,2024-01-19,2024-01-17
ORD001786,2024-08-28,DF,Centro-Oeste,Casa e Decoração,Iluminação,1,197.24,0.0,43.59,240.83,Cartão de Crédito,Confirmado,Standard,2024-09-02,2024-09-04
ORD001787,2024-06-29,PA,Norte,Casa e Decoração,Decoração,1,634.92,0.0,20.93,655.85,Cartão de Crédito,Confirmado,Standard,2024-07-06,2024-07-07
ORD001788,2024-03-26,SP,Sudeste,Esportes,Suplementos,2,1420.8,0.0,12.29,1433.09,PIX,Confirmado,Standard,2024-04-08,2024-04-08
ORD001789,2024-10-15,PR,Sul,Eletrônicos,Fones de Ouvido,3,4786.52,0.05,58.6,4605.79,PIX,Confirmado,Same-Day,2024-10-15,2024-10-29
ORD001790,2024-10-23,MG,Sudeste,Esportes,Roupas Esportivas,2,1337.6,0.0,31.05,1368.65,Cartão de Crédito,Confirmado,Standard,2024-10-31,2024-10-31
ORD001791,2024-05-29,PA,Norte,Esportes,Roupas Esportivas,1,544.74,0.0,43.36,588.1,Cartão de Crédito,Confirmado,Standard,2024-06-12,2024-06-13
ORD001792,2024-05-26,PE,Nordeste,Eletrônicos,Notebooks,1,3653.32,0.0,31.21,3684.53,Cartão de Crédito,Confirmado,Standard,2024-06-04,2024-06-02
ORD001793,2024-09-15,RJ,Sudeste,Casa e Decoração,Decoração,2,1089.44,0.0,21.31,1110.75,Boleto,Confirmado,Standard,2024-09-23,2024-09-21
ORD001794,2024-03-08,DF,Centro-Oeste,Casa e Decoração,Decoração,1,1826.2,0.05,51.44,1786.33,Cartão de Crédito,Confirmado,Scheduled,2024-03-17,2024-03-17
ORD001795,2024-05-11,SP,Sudeste,Eletrônicos,Smartwatches,2,6768.02,0.0,15.77,6783.79,PIX,Cancelado,Standard,2024-05-23,
ORD001796,2024-03-30,MA,Nordeste,Esportes,Equipamentos,2,351.67,0.15,33.89,332.81,Cartão de Débito,Confirmado,Standard,2024-04-09,2024-04-08
ORD001797,2024-08-16,SC,Sul,Moda,Vestidos,1,367.56,0.0,22.98,390.54,PIX,Confirmado,Standard,2024-08-24,2024-08-25
ORD001798,2024-04-30,PE,Nordeste,Moda,Acessórios,1,122.63,0.05,21.94,138.44,Cartão de Crédito,Confirmado,Standard,2024-05-09,2024-05-07
ORD001799,2024-01-17,SC,Sul,Eletrônicos,Notebooks,2,2958.53,0.0,73.01,3031.54,Cartão de Débito,Confirmado,Same-Day,2024-01-17,2024-01-17
ORD001800,2024-10-31,MA,Nordeste,Moda,Calçados,1,459.31,0.0,39.67,498.98,Cartão de Crédito,Confirmado,Standard,2024-11-13,2024-11-13
ORD001801,2024-07-30,PA,Norte,Livros,Não-ficção,1,24.45,0.2,48.13,67.69,PIX,Confirmado,Standard,2024-08-04,2024-08-04
ORD001802,2024-08-13,ES,Sudeste,Moda,Calças,1,400.33,0.0,49.83,450.16,Cartão de Crédito,Cancelado,Scheduled,2024-08-18,
ORD001803,2024-10-22,ES,Sudeste,Casa e Decoração,Móveis,1,538.83,0.0,17.34,556.17,PIX,Confirmado,Standard,2024-11-05,2024-11-06
ORD001804,2024-05-15,PA,Norte,Eletrônicos,Smartphones,1,1055.33,0.15,37.08,934.11,Boleto,Confirmado,Standard,2024-05-27,2024-05-25
ORD001805,2024-03-26,PE,Nordeste,Livros,Infantis,1,143.9,0.0,55.41,199.31,Cartão de Débito,Confirmado,Scheduled,2024-04-03,2024-04-02
ORD001806,2024-06-03,PE,Nordeste,Esportes,Equipamentos,1,289.85,0.05,47.28,322.64,Cartão de Débito,Cancelado,Standard,2024-06-16,
ORD001807,2024-07-13,GO,Centro-Oeste,Livros,Infantis,1,59.36,0.0,23.87,83.23,PIX,Confirmado,Standard,2024-07-27,2024-07-26
ORD001808,2024-05-14,MG,Sudeste,Esportes,Acessórios,1,369.67,0.0,10.43,380.1,Cartão de Crédito,Confirmado,Standard,2024-05-27,2024-05-28
ORD001809,2024-01-07,PR,Sul,Livros,Infantis,1,102.33,0.0,22.41,124.74,Cartão de Crédito,Confirmado,Standard,2024-01-14,2024-01-13
ORD001810,2024-06-10,CE,Nordeste,Eletrônicos,Smartphones,1,4213.92,0.0,31.86,4245.78,PIX,Confirmado,Scheduled,2024-06-17,2024-06-18
ORD001811,2024-09-29,GO,Centro-Oeste,Casa e Decoração,Iluminação,1,1148.25,0.1,71.27,1104.69,Boleto,Confirmado,Same-Day,2024-09-29,2024-10-01
ORD001812,2024-05-19,SC,Sul,Casa e Decoração,Decoração,1,1282.92,0.0,15.87,1298.79,PIX,Confirmado,Standard,2024-05-24,2024-05-22
ORD001813,2024-02-20,PR,Sul,Esportes,Acessórios,1,734.04,0.0,28.93,762.97,Cartão de Crédito,Confirmado,Standard,2024-02-27,2024-02-26
ORD001814,2024-08-24,PA,Norte,Moda,Acessórios,1,117.21,0.0,48.67,165.88,Cartão de Crédito,Confirmado,Standard,2024-09-02,2024-09-01
ORD001815,2024-04-09,CE,Nordeste,Casa e Decoração,Utensílios,1,1485.17,0.0,60.94,1546.11,Cartão de Débito,Confirmado,Scheduled,2024-04-13,2024-04-12
ORD001816,2024-06-09,CE,Nordeste,Eletrônicos,Smartphones,1,1389.11,0.05,28.01,1347.67,Boleto,Confirmado,Scheduled,2024-06-15,2024-06-15
ORD001817,2024-02-04,SP,Sudeste,Livros,Ficção,1,146.14,0.0,21.51,167.65,Cartão de Crédito,Confirmado,Standard,2024-02-16,2024-02-18
ORD001818,2024-09-25,RJ,Sudeste,Livros,Técnicos,1,148.12,0.05,10.4,151.11,Cartão de Crédito,Confirmado,Standard,2024-10-02,2024-10-14
ORD001819,2024-04-22,ES,Sudeste,Casa e Decoração,Decoração,2,1381.81,0.0,12.93,1394.74,PIX,Confirmado,Standard,2024-04-27,2024-04-26
ORD001820,2024-04-08,SP,Sudeste,Eletrônicos,Smartwatches,1,4758.72,0.1,15.38,4298.23,Cartão de Crédito,Confirmado,Standard,2024-04-15,2024-04-14
ORD001821,2024-02-17,SP,Sudeste,Esportes,Equipamentos,1,228.37,0.0,75.76,304.13,Cartão de Crédito,Confirmado,Same-Day,2024-02-17,2024-02-18
ORD001822,2024-03-03,ES,Sudeste,Eletrônicos,Smartphones,1,2869.24,0.1,11.22,2593.54,PIX,Confirmado,Standard,2024-03-13,2024-03-13
ORD001823,2024-03-07,BA,Nordeste,Esportes,Equipamentos,1,688.36,0.0,50.66,739.02,Cartão de Crédito,Confirmado,Standard,2024-03-18,2024-03-28
ORD001824,2024-02-26,ES,Sudeste,Moda,Vestidos,1,365.42,0.0,36.04,401.46,Boleto,Confirmado,Standard,2024-03-07,2024-03-06
ORD001825,2024-05-30,PE,Nordeste,Eletrônicos,Fones de Ouvido,1,1182.53,0.0,27.56,1210.09,Boleto,Confirmado,Standard,2024-06-10,2024-06-11
ORD001826,2024-05-21,PA,Norte,Livros,Técnicos,1,72.68,0.1,29.01,94.43,Cartão de Crédito,Confirmado,Standard,2024-05-28,2024-05-26
ORD001827,2024-05-11,MG,Sudeste,Eletrônicos,Tablets,1,2497.7,0.0,70.3,2568.0,Cartão de Crédito,Confirmado,Same-Day,2024-05-11,2024-05-11
ORD001828,2024-02-01,BA,Nordeste,Livros,Técnicos,2,228.63,0.0,15.77,244.4,Cartão de Crédito,Confirmado,Standard,2024-02-10,2024-02-08
ORD001829,2024-01-31,PR,Sul,Casa e Decoração,Utensílios,1,230.05,0.0,34.6,264.65,Cartão de Crédito,Confirmado,Standard,2024-02-08,2024-02-11
ORD001830,2024-08-13,RJ,Sudeste,Livros,Não-ficção,1,148.51,0.05,30.22,171.3,Cartão de Crédito,Confirmado,Standard,2024-08-22,2024-08-23
ORD001831,2024-07-20,MG,Sudeste,Livros,Ficção,1,49.18,0.0,31.88,81.06,Cartão de Crédito,Confirmado,Standard,2024-08-01,2024-07-31
ORD001832,2024-03-14,CE,Nordeste,Livros,Não-ficção,2,138.28,0.0,25.81,164.09,Cartão de Crédito,Confirmado,Standard,2024-03-28,2024-03-27
ORD001833,2024-02-24,MA,Nordeste,Livros,Técnicos,1,25.11,0.0,50.68,75.79,Boleto,Cancelado,Standard,2024-03-06,
ORD001834,2024-02-22,SP,Sudeste,Eletrônicos,Smartphones,1,638.91,0.0,12.91,651.82,Cartão de Crédito,Confirmado,Standard,2024-03-06,2024-03-05
ORD001835,2024-10-19,ES,Sudeste,Casa e Decoração,Iluminação,1,1784.23,0.05,22.82,1717.84,Cartão de Crédito,Confirmado,Standard,2024-10-27,2024-11-01
ORD001836,2024-01-10,MA,Nordeste,Livros,Não-ficção,1,47.94,0.1,37.38,80.52,Cartão de Crédito,Confirmado,Standard,2024-01-20,2024-01-19
ORD001837,2024-01-01,MA,Nordeste,Eletrônicos,Fones de Ouvido,1,4660.7,0.0,43.7,4704.4,PIX,Confirmado,Standard,2024-01-11,2024-01-10
ORD001838,2024-05-16,MG,Sudeste,Casa e Decoração,Iluminação,2,3778.08,0.1,29.03,3429.31,PIX,Confirmado,Standard,2024-05-23,2024-05-24
ORD001839,2024-10-21,SP,Sudeste,Esportes,Acessórios,1,781.07,0.0,22.72,803.79,Cartão de Crédito,Confirmado,Standard,2024-10-29,2024-10-27
ORD001840,2024-09-01,BA,Nordeste,Livros,Ficção,1,130.28,0.0,17.45,147.73,Cartão de Crédito,Confirmado,Standard,2024-09-12,2024-09-19
ORD001841,2024-10-03,RS,Sul,Eletrônicos,Fones de Ouvido,1,835.76,0.0,15.8,851.56,PIX,Confirmado,Standard,2024-10-17,2024-10-16
ORD001842,2024-09-03,RJ,Sudeste,Esportes,Calçados,1,191.91,0.1,21.87,194.59,Cartão de Débito,Confirmado,Standard,2024-09-08,2024-09-10
ORD001843,2024-07-02,SC,Sul,Casa e Decoração,Iluminação,1,520.6,0.0,38.25,558.85,Boleto,Confirmado,Same-Day,2024-07-02,2024-07-05
ORD001844,2024-01-29,GO,Centro-Oeste,Eletrônicos,Tablets,2,6999.83,0.0,41.96,7041.79,Cartão de Crédito,Confirmado,Same-Day,2024-01-29,2024-01-29
ORD001845,2024-09-30,AM,Norte,Casa e Decoração,Móveis,3,5725.3,0.0,36.71,5762.01,Cartão de Crédito,Cancelado,Standard,2024-10-13,
ORD001846,2024-08-23,PA,Norte,Casa e Decoração,Utensílios,1,652.91,0.0,22.08,674.99,Cartão de Crédito,Confirmado,Standard,2024-09-05,2024-09-03
ORD001847,2024-03-31,CE,Nordeste,Eletrônicos,Fones de Ouvido,1,1345.44,0.1,29.14,1240.04,Boleto,Confirmado,Standard,2024-04-14,2024-04-12
ORD001848,2024-04-07,PR,Sul,Livros,Ficção,1,94.34,0.0,33.39,127.73,Cartão de Crédito,Confirmado,Standard,2024-04-14,2024-04-13
ORD001849,2024-07-02,PE,Nordeste,Eletrônicos,Fones de Ouvido,1,1139.01,0.1,30.56,1055.67,Cartão de Crédito,Confirmado,Standard,2024-07-16,2024-07-16
ORD001850,2024-04-07,MG,Sudeste,Eletrônicos,Notebooks,1,2371.51,0.0,73.01,2444.52,PIX,Confirmado,Same-Day,2024-04-07,2024-04-07
ORD001851,2024-01-13,ES,Sudeste,Esportes,Equipamentos,1,435.17,0.15,27.55,397.45,Cartão de Crédito,Confirmado,Scheduled,2024-01-22,2024-02-03
ORD001852,2024-09-07,BA,Nordeste,Eletrônicos,Smartwatches,2,9469.18,0.0,13.23,9482.41,Cartão de Crédito,Confirmado,Standard,2024-09-14,2024-09-13
ORD001853,2024-06-06,PE,Nordeste,Esportes,Acessórios,1,525.98,0.0,28.39,554.37,PIX,Confirmado,Standard,2024-06-11,2024-06-12
ORD001854,2024-01-09,SP,Sudeste,Casa e Decoração,Móveis,1,1522.79,0.0,20.25,1543.04,Cartão de Crédito,Confirmado,Standard,2024-01-14,2024-01-15
ORD001855,2024-06-21,PA,Norte,Eletrônicos,Fones de Ouvido,2,1755.6,0.0,24.59,1780.19,Boleto,Confirmado,Standard,2024-06-26,2024-06-30
ORD001856,2024-03-01,RS,Sul,Esportes,Acessórios,1,170.76,0.0,14.5,185.26,Cartão de Crédito,Confirmado,Standard,2024-03-06,2024-03-04
ORD001857,2024-10-01,MG,Sudeste,Esportes,Equipamentos,1,119.99,0.0,33.81,153.8,Cartão de Débito,Cancelado,Same-Day,2024-10-01,
ORD001858,2024-02-06,SP,Sudeste,Moda,Calçados,1,322.68,0.05,24.8,331.34,Cartão de Débito,Cancelado,Standard,2024-02-12,
ORD001859,2024-01-10,PE,Nordeste,Esportes,Roupas Esportivas,1,407.86,0.0,45.99,453.85,Cartão de Crédito,Confirmado,Standard,2024-01-24,2024-01-27
ORD001860,2024-05-04,ES,Sudeste,Moda,Camisetas,2,264.96,0.0,55.28,320.24,Cartão de Crédito,Confirmado,Same-Day,2024-05-04,2024-05-14
ORD001861,2024-03-29,GO,Centro-Oeste,Eletrônicos,Tablets,2,8732.64,0.0,38.49,8771.13,Boleto,Confirmado,Standard,2024-04-06,2024-04-17
ORD001862,2024-02-19,PE,Nordeste,Esportes,Equipamentos,1,681.5,0.0,59.4,740.9,PIX,Confirmado,Scheduled,2024-02-24,2024-02-23
ORD001863,2024-10-29,RJ,Sudeste,Eletrônicos,Smartphones,1,2702.09,0.0,20.29,2722.38,PIX,Confirmado,Scheduled,2024-11-06,2024-11-15
ORD001864,2024-09-11,DF,Centro-Oeste,Esportes,Equipamentos,2,920.82,0.0,18.94,939.76,PIX,Confirmado,Standard,2024-09-17,2024-09-17
ORD001865,2024-02-02,PA,Norte,Moda,Calçados,1,341.93,0.0,38.28,380.21,Cartão de Débito,Confirmado,Standard,2024-02-10,2024-02-10
ORD001866,2024-06-21,PA,Norte,Livros,Técnicos,1,76.6,0.0,35.95,112.55,Cartão de Crédito,Confirmado,Standard,2024-06-28,2024-07-02
ORD001867,2024-03-02,GO,Centro-Oeste,Esportes,Calçados,1,500.2,0.15,51.48,476.65,Cartão de Crédito,Confirmado,Same-Day,2024-03-02,2024-03-03
ORD001868,2024-03-11,SC,Sul,Moda,Camisetas,1,189.61,0.0,29.54,219.15,Cartão de Crédito,Confirmado,Standard,2024-03-16,2024-03-17
ORD001869,2024-10-30,MG,Sudeste,Casa e Decoração,Móveis,1,234.27,0.0,28.05,262.32,Boleto,Confirmado,Scheduled,2024-11-02,2024-11-03
ORD001870,2024-03-02,PR,Sul,Moda,Calçados,2,569.69,0.0,16.12,585.81,Cartão de Crédito,Confirmado,Standard,2024-03-11,2024-03-12
ORD001871,2024-03-27,ES,Sudeste,Casa e Decoração,Têxtil,1,159.54,0.0,10.87,170.41,Boleto,Cancelado,Standard,2024-04-04,
ORD001872,2024-03-25,PE,Nordeste,Moda,Acessórios,1,146.32,0.0,25.09,171.41,PIX,Confirmado,Standard,2024-04-03,2024-04-03
ORD001873,2024-01-21,MG,Sudeste,Eletrônicos,Smartwatches,1,3350.44,0.05,19.83,3202.75,Cartão de Crédito,Confirmado,Standard,2024-01-26,2024-01-27
ORD001874,2024-07-11,PA,Norte,Moda,Camisetas,1,479.65,0.2,14.34,398.06,PIX,Confirmado,Standard,2024-07-22,2024-07-20
ORD001875,2024-09-06,RJ,Sudeste,Eletrônicos,Smartphones,1,1708.49,0.0,34.39,1742.88,Cartão de Crédito,Confirmado,Standard,2024-09-13,2024-09-13
ORD001876,2024-04-01,MA,Nordeste,Eletrônicos,Smartwatches,1,4555.09,0.1,37.23,4136.81,Cartão de Crédito,Confirmado,Standard,2024-04-06,2024-04-07
ORD001877,2024-05-25,BA,Nordeste,Livros,Não-ficção,1,148.4,0.0,56.76,205.16,Cartão de Crédito,Confirmado,Same-Day,2024-05-25,2024-05-28
ORD001878,2024-04-15,MG,Sudeste,Casa e Decoração,Têxtil,1,537.17,0.0,34.9,572.07,PIX,Confirmado,Standard,2024-04-21,2024-04-20
ORD001879,2024-08-18,BA,Nordeste,Moda,Calças,1,431.18,0.0,24.05,455.23,Cartão de Débito,Confirmado,Standard,2024-08-25,2024-08-23
ORD001880,2024-01-20,DF,Centro-Oeste,Moda,Calçados,1,419.31,0.0,18.01,437.32,Boleto,Confirmado,Scheduled,2024-01-28,2024-01-28
ORD001881,2024-02-15,GO,Centro-Oeste,Casa e Decoração,Decoração,1,1555.07,0.0,81.93,1637.0,Cartão de Crédito,Confirmado,Same-Day,2024-02-15,2024-02-16
ORD001882,2024-08-02,SP,Sudeste,Esportes,Equipamentos,1,200.22,0.0,61.09,261.31,Cartão de Crédito,Confirmado,Same-Day,2024-08-02,2024-08-02
ORD001883,2024-04-08,RJ,Sudeste,Esportes,Roupas Esportivas,1,350.03,0.0,28.74,378.77,Cartão de Crédito,Cancelado,Standard,2024-04-14,
ORD001884,2024-07-04,AM,Norte,Esportes,Calçados,1,762.53,0.05,44.98,769.39,Boleto,Cancelado,Standard,2024-07-15,
ORD001885,2024-04-22,PE,Nordeste,Moda,Vestidos,1,481.23,0.0,64.01,545.24,Cartão de Crédito,Confirmado,Scheduled,2024-05-01,2024-05-01
ORD001886,2024-01-28,RS,Sul,Eletrônicos,Notebooks,1,4602.57,0.05,63.09,4435.53,PIX,Confirmado,Same-Day,2024-01-28,2024-01-28
ORD001887,2024-08-30,PE,Nordeste,Moda,Calças,1,329.78,0.15,17.22,297.53,Boleto,Confirmado,Standard,2024-09-12,2024-09-12
ORD001888,2024-01-23,SP,Sudeste,Casa e Decoração,Decoração,1,758.62,0.1,14.81,697.57,Cartão de Crédito,Confirmado,Standard,2024-02-01,2024-01-31
ORD001889,2024-04-17,BA,Nordeste,Casa e Decoração,Decoração,1,429.58,0.0,47.21,476.79,Cartão de Crédito,Confirmado,Standard,2024-04-22,2024-04-23
ORD001890,2024-08-20,SP,Sudeste,Eletrônicos,Smartphones,3,10291.6,0.0,26.86,10318.46,Boleto,Confirmado,Standard,2024-08-25,2024-08-25
ORD001891,2024-10-02,MG,Sudeste,Moda,Camisetas,1,65.76,0.0,45.02,110.78,PIX,Confirmado,Same-Day,2024-10-02,2024-10-02
ORD001892,2024-09-05,CE,Nordeste,Eletrônicos,Smartphones,1,1021.34,0.15,16.64,884.78,PIX,Confirmado,Standard,2024-09-15,2024-09-13
ORD001893,2024-04-30,ES,Sudeste,Livros,HQs,1,80.96,0.05,35.61,112.52,PIX,Confirmado,Standard,2024-05-14,2024-05-14
ORD001894,2024-10-23,SC,Sul,Livros,Não-ficção,1,77.83,0.05,34.98,108.92,Cartão de Crédito,Confirmado,Standard,2024-11-06,2024-11-04
ORD001895,2024-06-15,RS,Sul,Eletrônicos,Tablets,1,2854.2,0.05,27.2,2738.69,Boleto,Cancelado,Standard,2024-06-28,
ORD001896,2024-04-26,RJ,Sudeste,Moda,Calçados,1,178.22,0.0,34.4,212.62,Cartão de Crédito,Confirmado,Scheduled,2024-05-03,2024-05-01
ORD001897,2024-04-12,BA,Nordeste,Moda,Camisetas,1,495.54,0.0,30.05,525.59,Cartão de Crédito,Cancelado,Standard,2024-04-25,
ORD001898,2024-08-29,DF,Centro-Oeste,Livros,Ficção,1,93.04,0.15,79.76,158.84,Cartão de Crédito,Confirmado,Same-Day,2024-08-29,2024-08-29
ORD001899,2024-08-11,MG,Sudeste,Moda,Acessórios,1,426.53,0.0,56.99,483.52,Cartão de Crédito,Confirmado,Same-Day,2024-08-11,2024-08-11
ORD001900,2024-08-20,MG,Sudeste,Livros,Técnicos,2,66.79,0.0,69.72,136.51,Cartão de Crédito,Confirmado,Same-Day,2024-08-20,2024-08-27
ORD001901,2024-03-10,PE,Nordeste,Moda,Vestidos,1,480.27,0.0,44.25,524.52,Cartão de Crédito,Confirmado,Standard,2024-03-17,2024-03-16
ORD001902,2024-05-18,RS,Sul,Casa e Decoração,Utensílios,1,362.26,0.0,17.6,379.86,Boleto,Confirmado,Standard,2024-05-25,2024-05-24
ORD001903,2024-01-17,ES,Sudeste,Esportes,Roupas Esportivas,1,676.66,0.0,37.06,713.72,PIX,Confirmado,Standard,2024-01-31,2024-01-30
ORD001904,2024-05-23,MG,Sudeste,Eletrônicos,Fones de Ouvido,1,2946.77,0.0,15.09,2961.86,PIX,Confirmado,Standard,2024-05-29,2024-06-01
ORD001905,2024-08-22,BA,Nordeste,Moda,Vestidos,1,196.06,0.05,53.49,239.75,Boleto,Confirmado,Same-Day,2024-08-22,2024-08-27
ORD001906,2024-04-22,MA,Nordeste,Casa e Decoração,Têxtil,1,1424.82,0.0,45.37,1470.19,Cartão de Débito,Confirmado,Standard,2024-05-02,2024-05-11
ORD001907,2024-03-21,PA,Norte,Esportes,Equipamentos,1,299.08,0.0,45.48,344.56,Cartão de Crédito,Confirmado,Scheduled,2024-03-30,2024-03-28
ORD001908,2024-10-22,CE,Nordeste,Moda,Camisetas,1,424.2,0.0,34.4,458.6,Boleto,Confirmado,Standard,2024-11-04,2024-11-04
ORD001909,2024-07-29,AM,Norte,Esportes,Acessórios,3,1681.64,0.05,29.67,1627.23,Cartão de Crédito,Confirmado,Standard,2024-08-08,2024-08-09
ORD001910,2024-04-20,DF,Centro-Oeste,Livros,Infantis,1,113.58,0.0,78.79,192.37,Cartão de Débito,Confirmado,Same-Day,2024-04-20,2024-04-20
ORD001911,2024-05-22,SP,Sudeste,Livros,Não-ficção,2,40.33,0.0,18.04,58.37,Cartão de Crédito,Confirmado,Standard,2024-05-31,2024-06-01
ORD001912,2024-05-06,SC,Sul,Livros,HQs,1,79.44,0.0,25.99,105.43,Cartão de Crédito,Confirmado,Standard,2024-05-12,2024-05-11
ORD001913,2024-04-23,MA,Nordeste,Esportes,Equipamentos,1,381.33,0.0,33.07,414.4,Cartão de Crédito,Confirmado,Standard,2024-05-07,2024-05-06
ORD001914,2024-10-20,MA,Nordeste,Eletrônicos,Fones de Ouvido,1,1147.4,0.0,27.89,1175.29,Cartão de Crédito,Confirmado,Standard,2024-11-03,2024-11-03
ORD001915,2024-01-23,SP,Sudeste,Livros,HQs,1,23.99,0.1,39.15,60.75,Cartão de Crédito,Confirmado,Standard,2024-01-29,2024-01-30
ORD001916,2024-01-18,BA,Nordeste,Esportes,Acessórios,2,1327.37,0.05,13.63,1274.63,Cartão de Crédito,Confirmado,Standard,2024-01-26,2024-01-28
ORD001917,2024-09-02,PA,Norte,Eletrônicos,Fones de Ouvido,1,2866.78,0.0,28.61,2895.39,PIX,Confirmado,Standard,2024-09-13,2024-09-16
ORD001918,2024-09-10,RS,Sul,Eletrônicos,Smartwatches,1,4484.48,0.0,20.05,4504.53,Boleto,Confirmado,Standard,2024-09-19,2024-09-20
ORD001919,2024-01-07,ES,Sudeste,Livros,Não-ficção,1,102.11,0.0,54.95,157.06,PIX,Confirmado,Same-Day,2024-01-07,2024-01-10
ORD001920,2024-03-08,SC,Sul,Casa e Decoração,Utensílios,1,655.46,0.0,24.77,680.23,PIX,Confirmado,Standard,2024-03-22,2024-03-22
ORD001921,2024-02-16,SP,Sudeste,Livros,Técnicos,1,73.13,0.05,16.65,86.12,Cartão de Crédito,Confirmado,Standard,2024-02-27,2024-02-28
ORD001922,2024-03-23,ES,Sudeste,Livros,HQs,1,85.25,0.0,57.36,142.61,Cartão de Crédito,Confirmado,Same-Day,2024-03-23,2024-03-24
ORD001923,2024-10-25,SP,Sudeste,Livros,Infantis,1,46.01,0.0,34.46,80.47,Cartão de Crédito,Confirmado,Standard,2024-10-30,2024-10-29
ORD001924,2024-03-11,AM,Norte,Livros,Não-ficção,2,63.36,0.0,44.04,107.4,Cartão de Crédito,Confirmado,Standard,2024-03-20,2024-03-21
ORD001925,2024-07-08,GO,Centro-Oeste,Livros,Ficção,1,104.65,0.0,30.3,134.95,Cartão de Crédito,Confirmado,Standard,2024-07-22,2024-07-22
ORD001926,2024-02-06,BA,Nordeste,Casa e Decoração,Têxtil,1,1265.51,0.0,74.74,1340.25,Cartão de Crédito,Confirmado,Same-Day,2024-02-06,2024-02-06
ORD001927,2024-01-17,PR,Sul,Livros,Técnicos,1,44.75,0.05,17.92,60.43,PIX,Confirmado,Standard,2024-01-24,2024-01-24
ORD001928,2024-10-04,DF,Centro-Oeste,Moda,Camisetas,1,374.02,0.0,33.68,407.7,Boleto,Confirmado,Standard,2024-10-12,2024-10-10
ORD001929,2024-06-20,ES,Sudeste,Eletrônicos,Smartwatches,1,2719.81,0.0,23.51,2743.32,Cartão de Crédito,Confirmado,Standard,2024-06-30,2024-07-01
ORD001930,2024-07-05,MA,Nordeste,Eletrônicos,Smartphones,1,3333.06,0.0,70.6,3403.66,Cartão de Crédito,Confirmado,Same-Day,2024-07-05,2024-07-05
ORD001931,2024-07-15,SC,Sul,Livros,HQs,3,343.57,0.0,16.11,359.68,Cartão de Crédito,Confirmado,Standard,2024-07-26,2024-07-28
ORD001932,2024-01-21,SC,Sul,Casa e Decoração,Utensílios,1,1648.85,0.0,23.48,1672.33,PIX,Confirmado,Scheduled,2024-01-29,2024-01-28
ORD001933,2024-10-13,ES,Sudeste,Eletrônicos,Smartwatches,1,2075.91,0.0,33.38,2109.29,Cartão de Crédito,Confirmado,Standard,2024-10-19,2024-10-23
ORD001934,2024-04-14,MG,Sudeste,Casa e Decoração,Utensílios,1,382.51,0.0,13.32,395.83,Cartão de Crédito,Confirmado,Standard,2024-04-25,2024-04-24
ORD001935,2024-10-03,RJ,Sudeste,Livros,HQs,1,119.24,0.0,24.69,143.93,Cartão de Crédito,Confirmado,Standard,2024-10-15,2024-10-14
ORD001936,2024-04-17,PA,Norte,Moda,Vestidos,1,224.52,0.0,30.43,254.95,Cartão de Débito,Confirmado,Standard,2024-04-25,2024-04-26
ORD001937,2024-06-29,MA,Nordeste,Casa e Decoração,Têxtil,3,1984.65,0.0,18.76,2003.41,Cartão de Crédito,Cancelado,Standard,2024-07-05,
ORD001938,2024-08-04,PR,Sul,Eletrônicos,Smartphones,1,3906.65,0.0,49.51,3956.16,Cartão de Crédito,Confirmado,Scheduled,2024-08-09,2024-08-12
ORD001939,2024-07-09,SC,Sul,Livros,Infantis,1,141.43,0.0,20.14,161.57,Cartão de Crédito,Confirmado,Scheduled,2024-07-15,2024-07-15
ORD001940,2024-09-13,CE,Nordeste,Eletrônicos,Fones de Ouvido,3,7212.83,0.0,16.86,7229.69,Cartão de Crédito,Confirmado,Standard,2024-09-22,2024-09-20
ORD001941,2024-09-29,GO,Centro-Oeste,Esportes,Suplementos,1,126.73,0.0,31.4,158.13,Cartão de Crédito,Confirmado,Standard,2024-10-11,2024-10-09
ORD001942,2024-08-19,DF,Centro-Oeste,Casa e Decoração,Móveis,3,409.02,0.0,50.91,459.93,Cartão de Crédito,Confirmado,Same-Day,2024-08-19,2024-08-20
ORD001943,2024-04-06,MA,Nordeste,Livros,Ficção,1,46.32,0.0,42.14,88.46,Boleto,Cancelado,Standard,2024-04-16,
ORD001944,2024-02-11,BA,Nordeste,Moda,Vestidos,2,233.82,0.0,33.52,267.34,PIX,Cancelado,Standard,2024-02-19,
ORD001945,2024-02-09,RJ,Sudeste,Moda,Vestidos,1,88.57,0.0,21.41,109.98,PIX,Confirmado,Standard,2024-02-20,2024-02-19
ORD001946,2024-02-27,ES,Sudeste,Moda,Calçados,2,837.81,0.05,39.14,835.06,Boleto,Confirmado,Same-Day,2024-02-27,2024-02-28
ORD001947,2024-03-18,AM,Norte,Moda,Acessórios,2,255.48,0.0,15.94,271.42,Boleto,Confirmado,Standard,2024-03-24,2024-03-24
ORD001948,2024-01-12,PR,Sul,Livros,HQs,2,180.69,0.0,27.88,208.57,Cartão de Crédito,Confirmado,Standard,2024-01-26,2024-01-26
ORD001949,2024-03-08,PE,Nordeste,Casa e Decoração,Iluminação,2,3635.11,0.0,28.38,3663.49,Cartão de Crédito,Confirmado,Standard,2024-03-16,2024-03-19
ORD001950,2024-08-15,ES,Sudeste,Eletrônicos,Tablets,3,10869.38,0.0,28.05,10897.43,Cartão de Crédito,Confirmado,Standard,2024-08-25,2024-08-26
ORD001951,2024-04-06,RJ,Sudeste,Eletrônicos,Notebooks,1,815.49,0.0,30.28,845.77,Boleto,Confirmado,Standard,2024-04-20,2024-04-20
ORD001952,2024-09-23,GO,Centro-Oeste,Casa e Decoração,Iluminação,1,774.95,0.0,41.18,816.13,Boleto,Confirmado,Scheduled,2024-09-28,2024-10-02
ORD001953,2024-10-23,SC,Sul,Casa e Decoração,Iluminação,1,1769.4,0.05,37.14,1718.07,PIX,Confirmado,Standard,2024-10-28,2024-10-28
ORD001954,2024-10-30,GO,Centro-Oeste,Esportes,Calçados,1,136.5,0.0,86.29,222.79,Boleto,Confirmado,Same-Day,2024-10-30,2024-11-03
ORD001955,2024-08-15,PE,Nordeste,Casa e Decoração,Têxtil,1,1491.26,0.0,34.8,1526.06,Cartão de Crédito,Confirmado,Standard,2024-08-20,2024-08-21
ORD001956,2024-03-08,MA,Nordeste,Casa e Decoração,Utensílios,1,1045.51,0.05,27.15,1020.39,PIX,Confirmado,Standard,2024-03-22,2024-03-20
ORD001957,2024-05-13,RS,Sul,Livros,Técnicos,1,111.77,0.05,32.13,138.31,Cartão de Crédito,Cancelado,Standard,2024-05-20,
ORD001958,2024-05-27,PA,Norte,Eletrônicos,Notebooks,1,703.99,0.05,40.89,709.68,Cartão de Crédito,Confirmado,Standard,2024-06-10,2024-06-09
ORD001959,2024-06-29,PR,Sul,Livros,Não-ficção,1,24.28,0.1,31.95,53.8,Cartão de Crédito,Confirmado,Scheduled,2024-07-07,2024-07-09
ORD001960,2024-03-23,ES,Sudeste,Esportes,Suplementos,1,709.28,0.0,29.19,738.47,Cartão de Crédito,Confirmado,Standard,2024-03-29,2024-03-30
ORD001961,2024-04-03,MG,Sudeste,Moda,Calças,1,435.76,0.0,17.88,453.64,Cartão de Crédito,Confirmado,Standard,2024-04-08,2024-04-09
ORD001962,2024-05-01,RJ,Sudeste,Eletrônicos,Tablets,1,553.25,0.05,31.68,557.27,Cartão de Crédito,Confirmado,Standard,2024-05-15,2024-05-25
ORD001963,2024-10-21,MG,Sudeste,Livros,Técnicos,1,139.46,0.1,23.44,148.96,Cartão de Débito,Cancelado,Standard,2024-11-03,
ORD001964,2024-07-08,MG,Sudeste,Moda,Acessórios,1,107.2,0.0,27.08,134.28,Cartão de Crédito,Confirmado,Standard,2024-07-17,2024-07-18
ORD001965,2024-01-18,GO,Centro-Oeste,Casa e Decoração,Decoração,1,824.02,0.1,27.03,768.65,Cartão de Débito,Confirmado,Standard,2024-01-27,2024-01-27
ORD001966,2024-03-16,SC,Sul,Livros,HQs,3,290.56,0.0,39.59,330.15,PIX,Confirmado,Scheduled,2024-03-19,2024-03-18
ORD001967,2024-03-24,CE,Nordeste,Casa e Decoração,Móveis,1,783.68,0.0,44.07,827.75,Boleto,Cancelado,Standard,2024-04-07,
ORD001968,2024-01-13,BA,Nordeste,Livros,Não-ficção,1,34.57,0.05,50.92,83.77,PIX,Confirmado,Standard,2024-01-18,2024-01-17
ORD001969,2024-08-22,MA,Nordeste,Casa e Decoração,Utensílios,1,367.0,0.1,24.27,354.57,Cartão de Crédito,Confirmado,Standard,2024-09-04,2024-09-08
ORD001970,2024-01-03,ES,Sudeste,Esportes,Calçados,2,1036.77,0.0,35.16,1071.93,PIX,Cancelado,Standard,2024-01-13,
ORD001971,2024-06-18,GO,Centro-Oeste,Casa e Decoração,Iluminação,1,374.08,0.0,30.77,404.85,Cartão de Crédito,Confirmado,Standard,2024-06-29,2024-06-30
ORD001972,2024-05-28,PA,Norte,Esportes,Equipamentos,1,404.86,0.0,13.9,418.76,PIX,Confirmado,Standard,2024-06-02,2024-06-12
ORD001973,2024-10-16,ES,Sudeste,Livros,Técnicos,1,148.28,0.0,32.16,180.44,Cartão de Crédito,Confirmado,Standard,2024-10-26,2024-10-24
ORD001974,2024-02-27,ES,Sudeste,Livros,Ficção,1,62.94,0.0,14.9,77.84,Boleto,Cancelado,Standard,2024-03-06,
ORD001975,2024-03-12,GO,Centro-Oeste,Esportes,Roupas Esportivas,1,508.62,0.0,36.35,544.97,Cartão de Crédito,Confirmado,Standard,2024-03-21,2024-03-19
ORD001976,2024-06-06,SP,Sudeste,Livros,HQs,1,57.14,0.15,71.7,120.27,Cartão de Crédito,Confirmado,Same-Day,2024-06-06,2024-06-10
ORD001977,2024-04-22,PE,Nordeste,Casa e Decoração,Móveis,1,1367.15,0.2,45.15,1138.87,PIX,Confirmado,Standard,2024-04-30,2024-05-01
ORD001978,2024-06-16,SP,Sudeste,Esportes,Equipamentos,1,726.73,0.0,75.48,802.21,Cartão de Crédito,Confirmado,Same-Day,2024-06-16,2024-06-16
ORD001979,2024-10-25,CE,Nordeste,Moda,Vestidos,1,164.8,0.0,17.81,182.61,Cartão de Crédito,Confirmado,Standard,2024-11-08,2024-11-07
ORD001980,2024-04-10,SP,Sudeste,Eletrônicos,Smartwatches,1,1226.18,0.05,43.48,1208.35,Cartão de Débito,Confirmado,Scheduled,2024-04-19,2024-04-17
ORD001981,2024-08-16,GO,Centro-Oeste,Eletrônicos,Smartwatches,1,2524.53,0.05,27.95,2426.25,PIX,Confirmado,Standard,2024-08-27,2024-08-25
ORD001982,2024-07-20,RS,Sul,Livros,Técnicos,2,85.07,0.15,21.29,93.6,PIX,Confirmado,Standard,2024-08-03,2024-08-13
ORD001983,2024-09-18,SP,Sudeste,Casa e Decoração,Iluminação,1,486.64,0.0,26.37,513.01,Cartão de Crédito,Confirmado,Standard,2024-09-28,2024-09-26
ORD001984,2024-03-16,ES,Sudeste,Livros,Técnicos,1,21.0,0.0,36.35,57.35,Boleto,Confirmado,Standard,2024-03-30,2024-03-29
ORD001985,2024-07-16,SC,Sul,Eletrônicos,Tablets,1,4652.71,0.0,24.91,4677.62,Cartão de Crédito,Cancelado,Standard,2024-07-27,
ORD001986,2024-06-25,SC,Sul,Casa e Decoração,Iluminação,1,416.2,0.0,33.1,449.3,Cartão de Crédito,Confirmado,Same-Day,2024-06-25,2024-06-25
ORD001987,2024-10-14,RJ,Sudeste,Moda,Calçados,1,353.64,0.0,10.23,363.87,Cartão de Crédito,Confirmado,Standard,2024-10-27,2024-10-27
ORD001988,2024-07-31,PA,Norte,Livros,Técnicos,1,74.5,0.05,38.54,109.32,Cartão de Crédito,Confirmado,Standard,2024-08-10,2024-08-24
ORD001989,2024-03-24,PA,Norte,Livros,Infantis,1,62.14,0.0,33.71,95.85,Cartão de Débito,Confirmado,Standard,2024-04-03,2024-04-02
ORD001990,2024-03-12,AM,Norte,Esportes,Calçados,1,452.0,0.0,48.23,500.23,Cartão de Crédito,Confirmado,Standard,2024-03-22,2024-04-05
ORD001991,2024-02-14,MG,Sudeste,Moda,Vestidos,1,310.35,0.0,28.29,338.64,Cartão de Débito,Confirmado,Standard,2024-02-26,2024-02-27
ORD001992,2024-08-31,AM,Norte,Esportes,Suplementos,2,904.29,0.0,46.23,950.52,PIX,Confirmado,Standard,2024-09-13,2024-09-16
ORD001993,2024-02-03,MA,Nordeste,Esportes,Acessórios,1,546.42,0.0,44.97,591.39,Cartão de Crédito,Confirmado,Standard,2024-02-15,2024-02-16
ORD001994,2024-02-15,SP,Sudeste,Livros,Técnicos,1,105.34,0.15,37.56,127.1,Cartão de Crédito,Confirmado,Scheduled,2024-02-23,2024-02-26
ORD001995,2024-07-31,MG,Sudeste,Esportes,Acessórios,1,300.81,0.0,17.91,318.72,PIX,Confirmado,Standard,2024-08-06,2024-08-07
ORD001996,2024-10-17,PA,Norte,Moda,Calças,1,448.21,0.0,22.99,471.2,Cartão de Débito,Confirmado,Scheduled,2024-10-26,2024-10-24
ORD001997,2024-04-05,AM,Norte,Livros,Técnicos,1,66.67,0.05,65.08,128.41,Cartão de Crédito,Confirmado,Same-Day,2024-04-05,2024-04-05
ORD001998,2024-10-10,PE,Nordeste,Eletrônicos,Tablets,1,1169.99,0.0,19.12,1189.11,PIX,Confirmado,Standard,2024-10-22,2024-10-26
ORD001999,2024-10-26,PR,Sul,Livros,HQs,1,30.52,0.0,14.58,45.1,Cartão de Crédito,Confirmado,Standard,2024-11-04,2024-11-07
ORD002000,2024-08-25,RS,Sul,Eletrônicos,Smartphones,1,2272.83,0.0,67.07,2339.9,PIX,Cancelado,Same-Day,2024-08-25,
ORD002001,2024-03-19,PR,Sul,Casa e Decoração,Iluminação,1,550.86,0.0,25.3,576.16,Cartão de Crédito,Confirmado,Standard,2024-03-30,2024-03-29
ORD002002,2024-03-04,GO,Centro-Oeste,Casa e Decoração,Iluminação,2,1499.89,0.0,32.9,1532.79,Cartão de Débito,Cancelado,Standard,2024-03-13,
ORD002003,2024-04-01,PE,Nordeste,Moda,Camisetas,1,60.83,0.0,32.95,93.78,PIX,Confirmado,Scheduled,2024-04-05,2024-04-04
ORD002004,2024-03-02,PA,Norte,Casa e Decoração,Iluminação,1,1918.5,0.1,43.09,1769.74,PIX,Confirmado,Standard,2024-03-10,2024-03-08
ORD002005,2024-02-04,DF,Centro-Oeste,Casa e Decoração,Têxtil,1,875.44,0.0,39.37,914.81,Cartão de Crédito,Confirmado,Standard,2024-02-16,2024-02-15
ORD002006,2024-09-03,DF,Centro-Oeste,Livros,Técnicos,3,199.96,0.2,19.77,179.74,Cartão de Crédito,Cancelado,Scheduled,2024-09-09,
ORD002007,2024-08-31,ES,Sudeste,Eletrônicos,Tablets,1,4704.69,0.05,65.44,4534.89,Cartão de Crédito,Confirmado,Same-Day,2024-08-31,2024-09-01
ORD002008,2024-09-19,ES,Sudeste,Esportes,Roupas Esportivas,1,481.24,0.0,15.79,497.03,Cartão de Crédito,Cancelado,Standard,2024-09-28,
ORD002009,2024-05-12,MG,Sudeste,Esportes,Roupas Esportivas,1,610.72,0.0,78.92,689.64,PIX,Confirmado,Same-Day,2024-05-12,2024-05-13
ORD002010,2024-03-15,SC,Sul,Livros,Não-ficção,2,56.57,0.0,11.7,68.27,PIX,Confirmado,Standard,2024-03-28,2024-04-05
ORD002011,2024-07-01,MG,Sudeste,Eletrônicos,Tablets,2,4778.48,0.0,49.46,4827.94,PIX,Cancelado,Same-Day,2024-07-01,
ORD002012,2024-07-03,BA,Nordeste,Casa e Decoração,Móveis,2,1673.72,0.2,39.24,1378.22,Cartão de Crédito,Confirmado,Scheduled,2024-07-08,2024-07-08
ORD002013,2024-05-28,PR,Sul,Esportes,Roupas Esportivas,1,224.37,0.0,43.37,267.74,Cartão de Crédito,Confirmado,Scheduled,2024-05-31,2024-05-30
ORD002014,2024-09-20,RS,Sul,Moda,Camisetas,2,128.44,0.0,46.98,175.42,Cartão de Crédito,Confirmado,Scheduled,2024-09-29,2024-10-09
ORD002015,2024-03-26,CE,Nordeste,Casa e Decoração,Decoração,1,1666.9,0.0,13.03,1679.93,Cartão de Débito,Confirmado,Standard,2024-04-03,2024-04-02
ORD002016,2024-06-03,PR,Sul,Casa e Decoração,Móveis,2,2521.49,0.0,66.56,2588.05,Cartão de Crédito,Confirmado,Same-Day,2024-06-03,2024-06-03
ORD002017,2024-09-30,DF,Centro-Oeste,Casa e Decoração,Utensílios,2,3522.23,0.0,29.65,3551.88,Cartão de Crédito,Confirmado,Scheduled,2024-10-07,2024-10-05
ORD002018,2024-01-07,MG,Sudeste,Esportes,Suplementos,1,349.0,0.0,29.8,378.8,PIX,Confirmado,Standard,2024-01-18,2024-01-17
ORD002019,2024-07-09,PA,Norte,Livros,Infantis,1,61.46,0.05,25.32,83.71,PIX,Confirmado,Standard,2024-07-20,2024-07-22
ORD002020,2024-06-23,MA,Nordeste,Moda,Camisetas,3,1015.18,0.15,36.0,898.9,Cartão de Crédito,Confirmado,Standard,2024-07-01,2024-06-30
ORD002021,2024-04-21,MG,Sudeste,Esportes,Equipamentos,2,1429.4,0.0,29.81,1459.21,Cartão de Crédito,Confirmado,Standard,2024-05-01,2024-05-01
ORD002022,2024-04-06,PA,Norte,Esportes,Calçados,1,230.11,0.0,42.47,272.58,Cartão de Crédito,Confirmado,Standard,2024-04-20,2024-04-21
ORD002023,2024-09-26,AM,Norte,Esportes,Calçados,1,781.03,0.0,18.4,799.43,Cartão de Débito,Confirmado,Standard,2024-10-04,2024-10-03
ORD002024,2024-02-28,BA,Nordeste,Livros,Ficção,1,126.52,0.0,41.14,167.66,Boleto,Confirmado,Standard,2024-03-12,2024-03-13
ORD002025,2024-02-29,AM,Norte,Moda,Camisetas,1,74.26,0.0,36.93,111.19,Cartão de Crédito,Confirmado,Standard,2024-03-10,2024-03-10
ORD002026,2024-09-02,SC,Sul,Casa e Decoração,Decoração,2,2751.07,0.1,24.59,2500.55,PIX,Confirmado,Standard,2024-09-13,2024-09-11
ORD002027,2024-03-12,AM,Norte,Livros,HQs,1,45.03,0.05,17.08,59.86,PIX,Confirmado,Standard,2024-03-17,2024-03-19
ORD002028,2024-09-24,PA,Norte,Casa e Decoração,Utensílios,1,698.33,0.0,16.78,715.11,Cartão de Crédito,Confirmado,Standard,2024-10-01,2024-10-02
ORD002029,2024-06-04,SP,Sudeste,Eletrônicos,Notebooks,1,1039.49,0.0,30.14,1069.63,Cartão de Crédito,Confirmado,Standard,2024-06-10,2024-06-12
ORD002030,2024-03-06,AM,Norte,Moda,Calças,1,187.91,0.0,24.76,212.67,Cartão de Crédito,Cancelado,Standard,2024-03-16,
ORD002031,2024-06-06,MG,Sudeste,Moda,Calças,1,155.84,0.0,45.09,200.93,Cartão de Crédito,Confirmado,Scheduled,2024-06-14,2024-06-13
ORD002032,2024-02-10,BA,Nordeste,Eletrônicos,Smartphones,1,1485.86,0.0,22.53,1508.39,PIX,Cancelado,Standard,2024-02-18,
ORD002033,2024-01-10,PA,Norte,Livros,Infantis,1,54.33,0.0,44.61,98.94,Cartão de Crédito,Cancelado,Scheduled,2024-01-18,
ORD002034,2024-01-22,RS,Sul,Eletrônicos,Smartphones,1,1501.63,0.0,20.28,1521.91,Boleto,Cancelado,Standard,2024-02-05,
ORD002035,2024-09-19,DF,Centro-Oeste,Eletrônicos,Fones de Ouvido,3,2299.85,0.0,67.99,2367.84,Cartão de Crédito,Confirmado,Same-Day,2024-09-19,2024-09-20
ORD002036,2024-03-01,MA,Nordeste,Casa e Decoração,Móveis,1,261.97,0.1,41.83,277.61,Cartão de Crédito,Confirmado,Standard,2024-03-10,2024-03-11
ORD002037,2024-02-03,PR,Sul,Eletrônicos,Smartphones,1,4705.72,0.0,39.32,4745.04,Cartão de Crédito,Confirmado,Scheduled,2024-02-10,2024-02-08
ORD002038,2024-03-04,MA,Nordeste,Esportes,Equipamentos,1,252.11,0.0,19.7,271.81,Cartão de Crédito,Confirmado,Standard,2024-03-13,2024-03-13
ORD002039,2024-10-27,MA,Nordeste,Moda,Calças,1,213.72,0.0,54.45,268.17,Cartão de Crédito,Confirmado,Scheduled,2024-11-04,2024-11-08
ORD002040,2024-06-28,SP,Sudeste,Eletrônicos,Notebooks,2,5213.66,0.05,35.63,4988.6,PIX,Confirmado,Standard,2024-07-08,2024-07-08
ORD002041,2024-05-22,DF,Centro-Oeste,Casa e Decoração,Decoração,1,586.88,0.0,33.67,620.55,Boleto,Cancelado,Standard,2024-06-04,
ORD002042,2024-03-23,AM,Norte,Esportes,Calçados,1,172.22,0.0,17.1,189.32,Cartão de Crédito,Confirmado,Standard,2024-04-05,2024-04-07
ORD002043,2024-05-03,CE,Nordeste,Esportes,Roupas Esportivas,1,684.7,0.05,49.9,700.36,Cartão de Crédito,Cancelado,Standard,2024-05-17,
ORD002044,2024-02-20,AM,Norte,Esportes,Roupas Esportivas,1,237.82,0.0,33.16,270.98,Cartão de Crédito,Confirmado,Standard,2024-03-05,2024-03-04
ORD002045,2024-09-27,RS,Sul,Moda,Vestidos,1,142.11,0.0,19.36,161.47,Cartão de Débito,Confirmado,Standard,2024-10-07,2024-10-05
ORD002046,2024-03-28,MA,Nordeste,Esportes,Roupas Esportivas,1,302.58,0.0,38.51,341.09,Cartão de Crédito,Confirmado,Standard,2024-04-04,2024-04-05
ORD002047,2024-02-20,MA,Nordeste,Moda,Acessórios,2,894.84,0.0,32.09,926.93,Cartão de Débito,Cancelado,Standard,2024-02-28,
ORD002048,2024-08-31,SC,Sul,Esportes,Equipamentos,1,399.76,0.0,15.12,414.88,Cartão de Crédito,Confirmado,Standard,2024-09-14,2024-09-15
ORD002049,2024-08-13,GO,Centro-Oeste,Eletrônicos,Notebooks,1,4481.87,0.1,33.22,4066.9,Cartão de Crédito,Confirmado,Scheduled,2024-08-20,2024-08-26
ORD002050,2024-06-30,BA,Nordeste,Livros,Não-ficção,1,41.28,0.0,27.17,68.45,Cartão de Crédito,Confirmado,Standard,2024-07-06,2024-07-08
ORD002051,2024-09-20,RS,Sul,Livros,Ficção,1,119.43,0.0,26.34,145.77,Cartão de Débito,Confirmado,Scheduled,2024-09-27,2024-09-25
ORD002052,2024-06-09,RJ,Sudeste,Livros,Ficção,1,24.16,0.0,67.58,91.74,Cartão de Crédito,Cancelado,Same-Day,2024-06-09,
ORD002053,2024-09-23,MG,Sudeste,Livros,Técnicos,2,222.8,0.0,35.8,258.6,Cartão de Crédito,Cancelado,Standard,2024-09-30,
ORD002054,2024-05-27,CE,Nordeste,Eletrônicos,Smartphones,2,4365.99,0.0,27.54,4393.53,Cartão de Crédito,Confirmado,Standard,2024-06-06,2024-06-07
ORD002055,2024-06-16,PE,Nordeste,Eletrônicos,Fones de Ouvido,1,4574.08,0.0,36.7,4610.78,Boleto,Confirmado,Standard,2024-06-30,2024-07-03
ORD002056,2024-05-25,PE,Nordeste,Esportes,Suplementos,2,199.77,0.0,17.42,217.19,PIX,Cancelado,Standard,2024-05-31,
ORD002057,2024-08-15,RS,Sul,Esportes,Acessórios,1,446.01,0.0,49.63,495.64,Cartão de Crédito,Confirmado,Scheduled,2024-08-24,2024-08-22
ORD002058,2024-05-28,AM,Norte,Livros,Não-ficção,1,115.33,0.0,74.63,189.96,Boleto,Confirmado,Same-Day,2024-05-28,2024-05-28
ORD002059,2024-02-05,MA,Nordeste,Livros,Técnicos,2,170.04,0.0,66.71,236.75,Cartão de Débito,Confirmado,Same-Day,2024-02-05,2024-02-05
ORD002060,2024-04-01,SP,Sudeste,Livros,Ficção,1,64.58,0.0,38.66,103.24,Cartão de Crédito,Confirmado,Standard,2024-04-10,2024-04-11
ORD002061,2024-07-21,PE,Nordeste,Esportes,Roupas Esportivas,1,83.35,0.15,28.78,99.62,Cartão de Débito,Confirmado,Standard,2024-07-31,2024-08-01
ORD002062,2024-03-02,MG,Sudeste,Livros,Infantis,1,148.22,0.0,23.19,171.41,Boleto,Confirmado,Scheduled,2024-03-08,2024-03-08
ORD002063,2024-10-29,RJ,Sudeste,Moda,Camisetas,1,349.56,0.0,17.35,366.91,PIX,Confirmado,Standard,2024-11-08,2024-11-06
ORD002064,2024-07-05,RS,Sul,Casa e Decoração,Utensílios,1,1157.67,0.15,37.15,1021.17,PIX,Confirmado,Standard,2024-07-13,2024-07-11
ORD002065,2024-10-31,AM,Norte,Livros,Ficção,2,251.79,0.0,47.66,299.45,Boleto,Cancelado,Standard,2024-11-10,
ORD002066,2024-04-29,AM,Norte,Livros,Infantis,1,56.13,0.0,40.93,97.06,PIX,Confirmado,Standard,2024-05-04,2024-05-02
ORD002067,2024-05-22,PA,Norte,Esportes,Calçados,1,116.83,0.0,26.83,143.66,Cartão de Crédito,Confirmado,Standard,2024-05-29,2024-05-30
ORD002068,2024-05-19,PA,Norte,Livros,Técnicos,1,115.7,0.0,21.42,137.12,PIX,Confirmado,Standard,2024-05-30,2024-05-30
ORD002069,2024-08-31,GO,Centro-Oeste,Esportes,Acessórios,1,500.51,0.0,26.01,526.52,Cartão de Crédito,Confirmado,Standard,2024-09-05,2024-09-05
ORD002070,2024-09-05,CE,Nordeste,Casa e Decoração,Utensílios,1,1524.56,0.0,31.1,1555.66,PIX,Confirmado,Standard,2024-09-16,2024-09-17
ORD002071,2024-08-20,RJ,Sudeste,Eletrônicos,Tablets,1,1878.84,0.0,24.58,1903.42,Cartão de Crédito,Confirmado,Standard,2024-09-01,2024-08-31
ORD002072,2024-09-07,PE,Nordeste,Moda,Calças,2,753.82,0.0,85.41,839.23,Cartão de Crédito,Confirmado,Same-Day,2024-09-07,2024-09-07
ORD002073,2024-01-16,RJ,Sudeste,Eletrônicos,Smartphones,1,2830.05,0.0,11.98,2842.03,Cartão de Crédito,Confirmado,Standard,2024-01-24,2024-01-22
ORD002074,2024-09-12,GO,Centro-Oeste,Eletrônicos,Notebooks,1,2156.14,0.05,44.35,2092.68,PIX,Confirmado,Same-Day,2024-09-12,2024-09-12
ORD002075,2024-07-14,DF,Centro-Oeste,Casa e Decoração,Utensílios,2,2570.14,0.05,42.72,2484.36,Cartão de Crédito,Cancelado,Standard,2024-07-22,
ORD002076,2024-06-04,DF,Centro-Oeste,Esportes,Roupas Esportivas,1,105.91,0.0,29.9,135.81,Cartão de Crédito,Confirmado,Standard,2024-06-13,2024-06-17
ORD002077,2024-02-09,GO,Centro-Oeste,Esportes,Acessórios,2,815.89,0.0,42.88,858.77,Cartão de Débito,Confirmado,Standard,2024-02-18,2024-02-18
ORD002078,2024-08-26,RS,Sul,Casa e Decoração,Iluminação,1,1274.3,0.0,31.73,1306.03,Cartão de Crédito,Confirmado,Standard,2024-09-07,2024-09-07
ORD002079,2024-09-08,CE,Nordeste,Casa e Decoração,Têxtil,1,1400.97,0.0,46.61,1447.58,Cartão de Crédito,Confirmado,Standard,2024-09-14,2024-09-16
ORD002080,2024-06-24,PA,Norte,Esportes,Calçados,1,689.84,0.05,28.04,683.39,Cartão de Crédito,Confirmado,Standard,2024-07-07,2024-07-07
ORD002081,2024-01-10,PA,Norte,Eletrônicos,Fones de Ouvido,1,4211.76,0.15,44.04,3624.04,PIX,Confirmado,Same-Day,2024-01-10,2024-01-10
ORD002082,2024-03-01,BA,Nordeste,Livros,Técnicos,1,63.82,0.0,87.67,151.49,Boleto,Cancelado,Same-Day,2024-03-01,
ORD002083,2024-07-11,PE,Nordeste,Livros,Ficção,1,45.43,0.05,13.11,56.27,Cartão de Débito,Confirmado,Standard,2024-07-17,2024-07-25
ORD002084,2024-01-17,MG,Sudeste,Esportes,Suplementos,1,720.11,0.0,28.58,748.69,Boleto,Confirmado,Scheduled,2024-01-23,2024-01-27
ORD002085,2024-03-25,PE,Nordeste,Livros,Não-ficção,2,46.63,0.0,19.58,66.21,PIX,Confirmado,Standard,2024-03-30,2024-04-09
ORD002086,2024-06-08,ES,Sudeste,Livros,Infantis,1,37.38,0.0,18.25,55.63,Boleto,Confirmado,Standard,2024-06-20,2024-06-21
ORD002087,2024-02-26,DF,Centro-Oeste,Livros,HQs,1,76.03,0.1,67.42,135.84,Cartão de Crédito,Confirmado,Same-Day,2024-02-26,2024-02-29
ORD002088,2024-10-03,DF,Centro-Oeste,Livros,Infantis,1,123.29,0.15,19.64,124.43,PIX,Confirmado,Scheduled,2024-10-10,2024-10-13
ORD002089,2024-10-14,AM,Norte,Moda,Acessórios,1,420.25,0.0,17.83,438.08,Cartão de Crédito,Confirmado,Standard,2024-10-26,2024-11-02
ORD002090,2024-01-29,BA,Nordeste,Casa e Decoração,Iluminação,1,388.21,0.1,34.17,383.56,Cartão de Crédito,Confirmado,Standard,2024-02-04,2024-02-03
ORD002091,2024-10-29,BA,Nordeste,Esportes,Suplementos,1,217.41,0.0,15.14,232.55,Cartão de Crédito,Confirmado,Standard,2024-11-09,2024-11-12
ORD002092,2024-05-25,SC,Sul,Eletrônicos,Smartphones,1,3786.66,0.0,24.66,3811.32,Boleto,Cancelado,Standard,2024-06-04,
ORD002093,2024-10-29,SP,Sudeste,Moda,Vestidos,1,88.46,0.0,13.18,101.64,Cartão de Débito,Confirmado,Standard,2024-11-06,2024-11-08
ORD002094,2024-06-27,PA,Norte,Esportes,Roupas Esportivas,1,556.31,0.0,15.59,571.9,Boleto,Confirmado,Standard,2024-07-04,2024-07-05
ORD002095,2024-06-23,BA,Nordeste,Eletrônicos,Fones de Ouvido,2,5873.26,0.0,49.96,5923.22,Cartão de Crédito,Cancelado,Standard,2024-07-05,
ORD002096,2024-06-25,SC,Sul,Livros,Técnicos,1,28.63,0.0,32.86,61.49,Boleto,Cancelado,Standard,2024-07-03,
ORD002097,2024-01-29,GO,Centro-Oeste,Moda,Calças,3,1075.66,0.0,25.9,1101.56,Cartão de Crédito,Confirmado,Standard,2024-02-07,2024-02-11
ORD002098,2024-04-30,GO,Centro-Oeste,Casa e Decoração,Têxtil,1,698.63,0.0,12.93,711.56,Cartão de Crédito,Confirmado,Standard,2024-05-12,2024-05-13
ORD002099,2024-02-13,MA,Nordeste,Eletrônicos,Tablets,1,4068.42,0.0,26.53,4094.95,PIX,Confirmado,Standard,2024-02-21,2024-02-19
ORD002100,2024-02-28,SC,Sul,Moda,Camisetas,3,291.74,0.0,10.15,301.89,Cartão de Crédito,Confirmado,Standard,2024-03-05,2024-03-06
ORD002101,2024-10-02,SC,Sul,Eletrônicos,Fones de Ouvido,1,3724.73,0.05,18.26,3556.75,Cartão de Crédito,Confirmado,Scheduled,2024-10-05,2024-10-03
ORD002102,2024-08-04,DF,Centro-Oeste,Esportes,Acessórios,1,296.45,0.0,14.75,311.2,Cartão de Crédito,Confirmado,Standard,2024-08-10,2024-08-15
ORD002103,2024-05-16,SP,Sudeste,Livros,HQs,1,21.82,0.05,55.67,76.4,Cartão de Crédito,Confirmado,Same-Day,2024-05-16,2024-05-16
ORD002104,2024-01-12,SC,Sul,Livros,HQs,1,115.84,0.0,13.17,129.01,Cartão de Crédito,Confirmado,Standard,2024-01-19,2024-01-20
ORD002105,2024-07-18,SC,Sul,Esportes,Roupas Esportivas,1,493.66,0.0,27.84,521.5,PIX,Confirmado,Standard,2024-07-25,2024-07-23
ORD002106,2024-09-07,RJ,Sudeste,Moda,Vestidos,1,51.92,0.0,33.14,85.06,PIX,Confirmado,Standard,2024-09-14,2024-09-13
ORD002107,2024-09-11,CE,Nordeste,Casa e Decoração,Utensílios,1,1834.0,0.0,32.75,1866.75,Cartão de Débito,Confirmado,Standard,2024-09-22,2024-09-24
ORD002108,2024-06-02,SC,Sul,Livros,Não-ficção,1,40.85,0.0,27.55,68.4,Cartão de Crédito,Confirmado,Standard,2024-06-07,2024-06-08
ORD002109,2024-09-11,GO,Centro-Oeste,Eletrônicos,Smartwatches,2,1445.3,0.0,43.51,1488.81,PIX,Confirmado,Scheduled,2024-09-20,2024-09-18
ORD002110,2024-04-19,PR,Sul,Casa e Decoração,Móveis,2,292.06,0.0,41.65,333.71,Cartão de Crédito,Confirmado,Scheduled,2024-04-24,2024-04-24
ORD002111,2024-06-01,DF,Centro-Oeste,Livros,Não-ficção,2,106.71,0.0,20.27,126.98,Boleto,Confirmado,Standard,2024-06-07,2024-06-08
ORD002112,2024-02-17,ES,Sudeste,Esportes,Roupas Esportivas,1,374.48,0.0,19.36,393.84,Cartão de Crédito,Confirmado,Scheduled,2024-02-26,2024-02-28
ORD002113,2024-10-30,SC,Sul,Casa e Decoração,Móveis,1,1639.73,0.1,62.36,1538.12,PIX,Confirmado,Same-Day,2024-10-30,2024-10-30
ORD002114,2024-10-17,PA,Norte,Esportes,Acessórios,1,126.79,0.05,41.32,161.77,PIX,Confirmado,Standard,2024-10-26,2024-10-24
ORD002115,2024-08-06,RS,Sul,Casa e Decoração,Móveis,1,818.26,0.0,10.28,828.54,Cartão de Crédito,Confirmado,Standard,2024-08-12,2024-08-13
ORD002116,2024-06-03,CE,Nordeste,Casa e Decoração,Iluminação,1,1803.23,0.1,39.41,1662.32,Cartão de Crédito,Confirmado,Standard,2024-06-10,2024-06-09
ORD002117,2024-10-03,SC,Sul,Moda,Calçados,1,469.19,0.1,19.83,442.1,Cartão de Crédito,Confirmado,Standard,2024-10-17,2024-10-15
ORD002118,2024-07-24,PR,Sul,Esportes,Calçados,1,98.32,0.0,25.31,123.63,Boleto,Confirmado,Standard,2024-08-02,2024-08-01
ORD002119,2024-08-20,GO,Centro-Oeste,Esportes,Equipamentos,1,85.52,0.0,86.93,172.45,Cartão de Crédito,Confirmado,Same-Day,2024-08-20,2024-08-23
ORD002120,2024-01-10,GO,Centro-Oeste,Esportes,Equipamentos,2,329.51,0.0,82.4,411.91,Cartão de Crédito,Confirmado,Same-Day,2024-01-10,2024-01-10
ORD002121,2024-10-22,PE,Nordeste,Moda,Calçados,1,281.96,0.0,40.4,322.36,PIX,Confirmado,Standard,2024-10-27,2024-10-27
ORD002122,2024-05-17,MA,Nordeste,Esportes,Calçados,1,754.78,0.0,42.54,797.32,PIX,Confirmado,Scheduled,2024-05-21,2024-05-19
ORD002123,2024-08-10,MA,Nordeste,Esportes,Roupas Esportivas,1,537.55,0.1,87.81,571.6,Cartão de Crédito,Confirmado,Same-Day,2024-08-10,2024-08-10
ORD002124,2024-09-24,RS,Sul,Casa e Decoração,Iluminação,1,684.73,0.0,38.62,723.35,Cartão de Crédito,Confirmado,Standard,2024-09-30,2024-10-01
ORD002125,2024-03-16,RS,Sul,Moda,Vestidos,1,466.72,0.0,29.9,496.62,Cartão de Crédito,Confirmado,Scheduled,2024-03-22,2024-03-20
ORD002126,2024-08-10,BA,Nordeste,Casa e Decoração,Móveis,2,1752.91,0.0,41.99,1794.9,PIX,Confirmado,Standard,2024-08-22,2024-08-25
ORD002127,2024-04-14,AM,Norte,Livros,Técnicos,2,245.07,0.0,85.77,330.84,PIX,Confirmado,Same-Day,2024-04-14,2024-04-14
ORD002128,2024-05-26,GO,Centro-Oeste,Moda,Vestidos,1,183.34,0.0,31.67,215.01,Cartão de Crédito,Confirmado,Standard,2024-06-04,2024-06-02
ORD002129,2024-04-30,BA,Nordeste,Moda,Camisetas,1,222.51,0.1,25.99,226.25,Cartão de Crédito,Cancelado,Standard,2024-05-08,
ORD002130,2024-03-17,RS,Sul,Eletrônicos,Notebooks,2,3605.23,0.0,33.3,3638.53,PIX,Confirmado,Scheduled,2024-03-20,2024-03-19
ORD002131,2024-06-07,PE,Nordeste,Livros,HQs,1,54.6,0.0,22.1,76.7,Boleto,Confirmado,Standard,2024-06-12,2024-06-12
ORD002132,2024-08-11,BA,Nordeste,Eletrônicos,Notebooks,1,4109.52,0.0,15.68,4125.2,PIX,Confirmado,Standard,2024-08-25,2024-08-25
ORD002133,2024-03-22,PR,Sul,Moda,Camisetas,1,255.33,0.0,11.6,266.93,PIX,Confirmado,Standard,2024-04-05,2024-04-04
ORD002134,2024-05-12,PA,Norte,Casa e Decoração,Têxtil,2,3995.04,0.05,76.29,3871.58,Cartão de Crédito,Confirmado,Same-Day,2024-05-12,2024-05-15
ORD002135,2024-03-31,GO,Centro-Oeste,Eletrônicos,Fones de Ouvido,2,7585.48,0.0,23.33,7608.81,Cartão de Crédito,Cancelado,Standard,2024-04-06,
ORD002136,2024-01-11,SP,Sudeste,Eletrônicos,Tablets,1,1265.97,0.0,16.52,1282.49,Cartão de Crédito,Confirmado,Scheduled,2024-01-18,2024-01-18
ORD002137,2024-06-01,AM,Norte,Eletrônicos,Fones de Ouvido,3,7196.59,0.0,80.78,7277.37,Cartão de Crédito,Confirmado,Same-Day,2024-06-01,2024-06-01
ORD002138,2024-07-05,GO,Centro-Oeste,Eletrônicos,Fones de Ouvido,2,3987.92,0.0,12.32,4000.24,Cartão de Crédito,Confirmado,Standard,2024-07-18,2024-07-16
ORD002139,2024-03-12,RS,Sul,Eletrônicos,Smartwatches,1,2358.75,0.15,32.63,2037.57,PIX,Confirmado,Standard,2024-03-20,2024-03-21
ORD002140,2024-09-13,MA,Nordeste,Eletrônicos,Smartwatches,2,9777.71,0.0,86.88,9864.59,PIX,Confirmado,Same-Day,2024-09-13,2024-09-13
ORD002141,2024-10-24,PA,Norte,Esportes,Suplementos,3,1599.11,0.2,22.4,1301.69,Cartão de Débito,Confirmado,Scheduled,2024-10-27,2024-10-29
ORD002142,2024-09-11,MA,Nordeste,Eletrônicos,Notebooks,1,1938.51,0.0,46.45,1984.96,Cartão de Crédito,Confirmado,Standard,2024-09-24,2024-09-22
ORD002143,2024-03-03,PA,Norte,Casa e Decoração,Decoração,1,1398.33,0.0,27.37,1425.7,Cartão de Crédito,Confirmado,Standard,2024-03-12,2024-03-15
ORD002144,2024-10-26,ES,Sudeste,Livros,Não-ficção,1,146.51,0.0,50.96,197.47,Cartão de Crédito,Confirmado,Same-Day,2024-10-26,2024-10-26
ORD002145,2024-08-04,RS,Sul,Moda,Camisetas,1,233.54,0.15,29.07,227.58,PIX,Confirmado,Standard,2024-08-12,2024-08-15
ORD002146,2024-03-30,RS,Sul,Casa e Decoração,Iluminação,1,1760.69,0.05,43.09,1715.74,PIX,Cancelado,Scheduled,2024-04-06,
ORD002147,2024-07-28,PR,Sul,Esportes,Roupas Esportivas,1,139.96,0.1,30.79,156.75,Cartão de Crédito,Confirmado,Standard,2024-08-03,2024-08-01
ORD002148,2024-09-08,CE,Nordeste,Casa e Decoração,Móveis,2,1571.8,0.15,26.92,1362.95,Cartão de Crédito,Confirmado,Scheduled,2024-09-11,2024-09-11
ORD002149,2024-06-11,CE,Nordeste,Livros,Infantis,1,121.84,0.0,50.51,172.35,Cartão de Crédito,Confirmado,Same-Day,2024-06-11,2024-06-11
ORD002150,2024-05-06,PR,Sul,Moda,Vestidos,1,228.02,0.0,15.48,243.5,Boleto,Confirmado,Scheduled,2024-05-13,2024-05-11
ORD002151,2024-08-31,ES,Sudeste,Casa e Decoração,Decoração,1,1733.1,0.1,39.13,1598.92,Boleto,Confirmado,Standard,2024-09-05,2024-09-04
ORD002152,2024-01-11,GO,Centro-Oeste,Esportes,Roupas Esportivas,1,689.09,0.05,43.51,698.15,PIX,Confirmado,Same-Day,2024-01-11,2024-01-11
ORD002153,2024-01-28,ES,Sudeste,Moda,Vestidos,1,146.65,0.1,39.11,171.1,PIX,Confirmado,Same-Day,2024-01-28,2024-01-28
ORD002154,2024-10-09,BA,Nordeste,Casa e Decoração,Decoração,1,1804.07,0.0,46.23,1850.3,PIX,Confirmado,Standard,2024-10-15,2024-10-15
ORD002155,2024-03-03,CE,Nordeste,Moda,Calçados,1,481.15,0.05,,471.61,PIX,Confirmado,Standard,2024-03-10,2024-03-14
ORD002156,2024-07-17,SP,Sudeste,Livros,Técnicos,1,70.03,0.05,33.97,100.5,Boleto,Cancelado,Standard,2024-07-25,
ORD002157,2024-06-03,RJ,Sudeste,Moda,Vestidos,1,387.13,0.15,46.01,375.07,Cartão de Crédito,Confirmado,Same-Day,2024-06-03,2024-06-15
ORD002158,2024-04-17,AM,Norte,Moda,Calçados,1,106.94,0.2,43.65,129.2,PIX,Confirmado,Standard,2024-04-28,2024-04-27
ORD002159,2024-06-11,MA,Nordeste,Livros,Ficção,1,94.17,0.05,18.72,108.19,Cartão de Crédito,Confirmado,Standard,2024-06-21,2024-06-19
ORD002160,2024-05-20,AM,Norte,Eletrônicos,Fones de Ouvido,1,740.6,0.0,29.48,770.08,Cartão de Crédito,Confirmado,Standard,2024-05-28,2024-06-02
ORD002161,2024-08-29,ES,Sudeste,Livros,Técnicos,1,140.2,0.1,24.81,150.99,Cartão de Crédito,Confirmado,Standard,2024-09-08,2024-09-09
ORD002162,2024-08-04,MA,Nordeste,Eletrônicos,Notebooks,2,7028.19,0.0,30.32,7058.51,Cartão de Crédito,Confirmado,Standard,2024-08-15,2024-08-16
ORD002163,2024-05-13,CE,Nordeste,Eletrônicos,Tablets,2,7390.94,0.0,19.35,7410.29,Cartão de Crédito,Confirmado,Standard,2024-05-25,2024-05-26
ORD002164,2024-08-03,DF,Centro-Oeste,Esportes,Suplementos,1,455.69,0.0,31.57,487.26,Cartão de Crédito,Confirmado,Standard,2024-08-12,2024-08-12
ORD002165,2024-08-20,ES,Sudeste,Eletrônicos,Smartphones,1,855.06,0.0,20.09,875.15,PIX,Confirmado,Standard,2024-08-31,2024-08-30
ORD002166,2024-04-04,GO,Centro-Oeste,Livros,Não-ficção,2,113.34,0.0,24.38,137.72,Cartão de Crédito,Cancelado,Standard,2024-04-12,
ORD002167,2024-01-02,BA,Nordeste,Moda,Vestidos,1,250.65,0.05,101.7,339.82,PIX,Confirmado,Same-Day,2024-01-02,2024-01-02
ORD002168,2024-06-09,DF,Centro-Oeste,Eletrônicos,Smartphones,3,10216.87,0.0,43.07,10259.94,Cartão de Crédito,Confirmado,Standard,2024-06-15,2024-06-20
ORD002169,2024-03-21,RS,Sul,Esportes,Equipamentos,1,306.64,0.0,47.01,353.65,Cartão de Crédito,Confirmado,Scheduled,2024-03-27,2024-03-27
ORD002170,2024-10-31,GO,Centro-Oeste,Livros,Técnicos,1,102.09,0.0,37.54,139.63,PIX,Cancelado,Standard,2024-11-13,
ORD002171,2024-08-19,PE,Nordeste,Moda,Vestidos,1,103.73,0.0,21.46,125.19,Cartão de Crédito,Confirmado,Standard,2024-08-28,2024-08-26
ORD002172,2024-03-29,GO,Centro-Oeste,Esportes,Suplementos,1,759.43,0.0,33.84,793.27,Cartão de Crédito,Confirmado,Standard,2024-04-07,2024-04-07
ORD002173,2024-05-24,RS,Sul,Eletrônicos,Fones de Ouvido,1,4663.2,0.05,20.32,4450.36,PIX,Confirmado,Standard,2024-05-31,2024-05-29
ORD002174,2024-07-07,MG,Sudeste,Livros,Infantis,1,117.66,0.0,35.01,152.67,Cartão de Crédito,Confirmado,Scheduled,2024-07-11,2024-07-11
ORD002175,2024-10-19,RS,Sul,Eletrônicos,Smartphones,1,1100.88,0.0,36.63,1137.51,PIX,Confirmado,Same-Day,2024-10-19,2024-10-19
ORD002176,2024-10-12,GO,Centro-Oeste,Esportes,Equipamentos,1,436.79,0.0,51.59,488.38,Cartão de Crédito,Confirmado,Same-Day,2024-10-12,2024-10-12
ORD002177,2024-02-15,PE,Nordeste,Moda,Vestidos,1,265.74,0.0,41.19,306.93,Cartão de Débito,Cancelado,Standard,2024-02-21,
ORD002178,2024-03-27,SP,Sudeste,Livros,HQs,2,294.27,0.0,39.65,333.92,Boleto,Confirmado,Same-Day,2024-03-27,2024-03-28
ORD002179,2024-08-07,DF,Centro-Oeste,Casa e Decoração,Utensílios,1,1731.06,0.0,40.29,1771.35,Cartão de Crédito,Confirmado,Standard,2024-08-15,2024-08-15
ORD002180,2024-02-15,SC,Sul,Moda,Acessórios,1,389.11,0.0,12.13,401.24,Cartão de Crédito,Confirmado,Standard,2024-02-28,2024-02-27
ORD002181,2024-03-01,SP,Sudeste,Esportes,Acessórios,1,228.53,0.05,38.22,255.33,Boleto,Confirmado,Scheduled,2024-03-04,2024-03-05
ORD002182,2024-08-20,AM,Norte,Livros,Ficção,1,81.91,0.0,35.21,117.12,Cartão de Débito,Confirmado,Standard,2024-09-01,2024-08-31
ORD002183,2024-04-24,ES,Sudeste,Moda,Calças,1,463.34,0.0,23.71,487.05,PIX,Confirmado,Standard,2024-05-01,2024-05-01
ORD002184,2024-05-16,PR,Sul,Livros,Infantis,1,78.56,0.1,31.87,102.58,Boleto,Cancelado,Standard,2024-05-25,
ORD002185,2024-03-07,BA,Nordeste,Moda,Acessórios,1,212.06,0.0,59.12,271.18,Cartão de Crédito,Confirmado,Scheduled,2024-03-14,2024-03-17
ORD002186,2024-04-20,AM,Norte,Casa e Decoração,Utensílios,3,4230.03,0.0,76.96,4306.99,Cartão de Crédito,Confirmado,Same-Day,2024-04-20,2024-04-20
ORD002187,2024-08-02,MG,Sudeste,Livros,Não-ficção,1,148.79,0.0,11.19,159.98,PIX,Confirmado,Standard,2024-08-13,2024-08-17
ORD002188,2024-01-15,PR,Sul,Casa e Decoração,Utensílios,1,1242.08,0.0,15.11,1257.19,PIX,Confirmado,Standard,2024-01-21,2024-01-19
ORD002189,2024-08-18,MA,Nordeste,Moda,Vestidos,1,318.96,0.0,33.95,352.91,Cartão de Crédito,Cancelado,Standard,2024-08-23,
ORD002190,2024-10-25,GO,Centro-Oeste,Livros,Ficção,1,128.62,0.0,17.64,146.26,Cartão de Crédito,Confirmado,Scheduled,2024-10-30,2024-11-10
ORD002191,2024-01-06,PE,Nordeste,Moda,Vestidos,1,79.63,0.0,52.24,131.87,Boleto,Confirmado,Same-Day,2024-01-06,2024-01-06
ORD002192,2024-07-22,GO,Centro-Oeste,Moda,Calçados,1,108.26,0.0,28.82,137.08,Cartão de Crédito,Confirmado,Standard,2024-08-02,2024-08-04
ORD002193,2024-08-04,ES,Sudeste,Esportes,Suplementos,1,478.28,0.0,10.1,488.38,Cartão de Crédito,Confirmado,Standard,2024-08-15,2024-08-15
ORD002194,2024-02-07,RJ,Sudeste,Esportes,Roupas Esportivas,1,739.7,0.0,24.81,764.51,Cartão de Crédito,Confirmado,Standard,2024-02-15,2024-02-27
ORD002195,2024-01-27,SC,Sul,Moda,Calçados,1,349.67,0.0,23.11,372.78,Cartão de Crédito,Confirmado,Standard,2024-02-07,2024-02-05
ORD002196,2024-06-30,DF,Centro-Oeste,Esportes,Roupas Esportivas,1,592.07,0.0,28.71,620.78,Cartão de Crédito,Confirmado,Standard,2024-07-06,2024-07-07
ORD002197,2024-01-03,PR,Sul,Esportes,Calçados,1,690.46,0.2,19.86,572.23,Cartão de Crédito,Confirmado,Standard,2024-01-16,2024-01-17
ORD002198,2024-07-14,PR,Sul,Livros,Técnicos,1,60.43,0.0,20.25,80.68,PIX,Confirmado,Standard,2024-07-28,2024-07-29
ORD002199,2024-03-08,MA,Nordeste,Esportes,Roupas Esportivas,1,82.85,0.0,48.53,131.38,Cartão de Crédito,Confirmado,Standard,2024-03-21,2024-03-23
ORD002200,2024-10-24,MG,Sudeste,Casa e Decoração,Utensílios,1,559.11,0.0,36.27,595.38,Cartão de Crédito,Confirmado,Scheduled,2024-11-01,2024-10-30
ORD002201,2024-09-14,PE,Nordeste,Casa e Decoração,Iluminação,1,455.07,0.0,39.98,495.05,PIX,Confirmado,Scheduled,2024-09-20,2024-09-21
ORD002202,2024-03-08,RJ,Sudeste,Casa e Decoração,Têxtil,1,1233.05,0.05,28.68,1200.08,Cartão de Crédito,Confirmado,Standard,2024-03-21,2024-03-22
ORD002203,2024-08-09,MG,Sudeste,Casa e Decoração,Móveis,1,1234.54,0.05,10.54,1183.35,Boleto,Confirmado,Standard,2024-08-18,2024-08-16
ORD002204,2024-06-09,SP,Sudeste,Moda,Calçados,1,453.72,0.0,33.26,486.98,Cartão de Débito,Confirmado,Standard,2024-06-21,2024-06-19
ORD002205,2024-05-23,ES,Sudeste,Casa e Decoração,Iluminação,2,1707.0,0.0,30.17,1737.17,Cartão de Crédito,Confirmado,Standard,2024-05-31,2024-05-30
ORD002206,2024-05-24,MA,Nordeste,Casa e Decoração,Têxtil,1,1723.03,0.05,30.07,1666.95,Cartão de Crédito,Confirmado,Scheduled,2024-05-29,2024-05-30
ORD002207,2024-05-15,CE,Nordeste,Casa e Decoração,Iluminação,1,1615.64,0.0,53.65,1669.29,Cartão de Crédito,Confirmado,Same-Day,2024-05-15,2024-05-15
ORD002208,2024-03-25,SC,Sul,Livros,Não-ficção,1,21.28,0.0,11.94,33.22,Boleto,Confirmado,Standard,2024-03-30,2024-03-28
ORD002209,2024-10-11,AM,Norte,Livros,Ficção,3,388.59,0.05,99.68,468.84,Cartão de Crédito,Cancelado,Same-Day,2024-10-11,
ORD002210,2024-04-06,MG,Sudeste,Eletrônicos,Notebooks,1,3980.67,0.0,29.62,4010.29,Boleto,Confirmado,Standard,2024-04-19,2024-04-19
ORD002211,2024-04-03,SP,Sudeste,Livros,Técnicos,1,53.88,0.0,24.8,78.68,Cartão de Crédito,Cancelado,Standard,2024-04-10,
ORD002212,2024-03-24,ES,Sudeste,Livros,Infantis,1,41.0,0.1,34.77,71.67,Cartão de Crédito,Confirmado,Standard,2024-03-30,2024-03-31
ORD002213,2024-02-29,MA,Nordeste,Livros,Ficção,1,105.9,0.05,97.07,197.67,Cartão de Crédito,Confirmado,Same-Day,2024-02-29,2024-02-29
ORD002214,2024-08-14,SC,Sul,Esportes,Acessórios,1,307.86,0.0,11.87,319.73,Cartão de Crédito,Confirmado,Standard,2024-08-25,2024-08-26
ORD002215,2024-08-22,PE,Nordeste,Eletrônicos,Notebooks,1,4416.09,0.0,40.68,4456.77,Cartão de Crédito,Confirmado,Standard,2024-08-27,2024-08-28
ORD002216,2024-03-04,SC,Sul,Eletrônicos,Notebooks,2,2964.24,0.1,20.64,2688.46,Boleto,Confirmado,Standard,2024-03-11,2024-03-11
ORD002217,2024-05-25,MG,Sudeste,Moda,Acessórios,1,478.77,0.1,24.42,455.31,PIX,Confirmado,Scheduled,2024-05-29,2024-05-28
ORD002218,2024-05-19,DF,Centro-Oeste,Esportes,Equipamentos,1,257.99,0.05,16.53,261.62,Cartão de Crédito,Confirmado,Standard,2024-05-26,2024-05-27
ORD002219,2024-10-25,SP,Sudeste,Esportes,Calçados,1,393.8,0.0,24.46,418.26,Cartão de Crédito,Confirmado,Standard,2024-11-01,2024-11-02
ORD002220,2024-04-02,BA,Nordeste,Eletrônicos,Notebooks,1,3225.97,0.2,96.02,2676.8,Cartão de Crédito,Confirmado,Same-Day,2024-04-02,2024-04-02
ORD002221,2024-09-12,GO,Centro-Oeste,Eletrônicos,Tablets,1,862.96,0.0,37.76,900.72,Cartão de Crédito,Confirmado,Scheduled,2024-09-18,2024-09-18
ORD002222,2024-01-14,PR,Sul,Eletrônicos,Fones de Ouvido,2,3760.28,0.0,22.65,3782.93,Cartão de Débito,Cancelado,Standard,2024-01-22,
ORD002223,2024-07-10,DF,Centro-Oeste,Eletrônicos,Tablets,2,4978.75,0.0,50.99,5029.74,Cartão de Crédito,Confirmado,Same-Day,2024-07-10,2024-07-10
ORD002224,2024-03-19,SP,Sudeste,Eletrônicos,Fones de Ouvido,1,2410.75,0.0,39.57,2450.32,PIX,Confirmado,Same-Day,2024-03-19,2024-03-19
ORD002225,2024-09-02,PE,Nordeste,Casa e Decoração,Têxtil,1,188.95,0.0,41.47,230.42,Cartão de Crédito,Confirmado,Standard,2024-09-12,2024-09-12
ORD002226,2024-01-03,SC,Sul,Eletrônicos,Smartwatches,1,4825.44,0.05,22.43,4606.59,Cartão de Crédito,Confirmado,Standard,2024-01-14,2024-01-14
ORD002227,2024-08-19,SC,Sul,Esportes,Equipamentos,1,727.7,0.15,17.25,635.8,Cartão de Crédito,Confirmado,Standard,2024-08-24,2024-08-24
ORD002228,2024-04-18,AM,Norte,Eletrônicos,Tablets,1,1007.07,0.0,22.1,1029.17,PIX,Confirmado,Standard,2024-04-28,2024-04-29
ORD002229,2024-06-14,PA,Norte,Eletrônicos,Smartphones,1,1063.41,0.05,36.65,1046.89,Boleto,Confirmado,Standard,2024-06-19,2024-06-21
ORD002230,2024-10-07,DF,Centro-Oeste,Livros,Ficção,1,32.94,0.05,19.6,50.89,PIX,Confirmado,Standard,2024-10-18,2024-10-19
ORD002231,2024-07-23,PR,Sul,Moda,Calças,3,1214.63,0.05,36.86,1190.76,Cartão de Débito,Cancelado,Standard,2024-08-04,
ORD002232,2024-07-23,RJ,Sudeste,Eletrônicos,Notebooks,1,1377.17,0.0,13.47,1390.64,Cartão de Débito,Confirmado,Standard,2024-08-04,2024-08-02
ORD002233,2024-03-24,BA,Nordeste,Livros,Técnicos,1,33.98,0.0,22.69,56.67,Cartão de Crédito,Confirmado,Scheduled,2024-03-28,2024-03-29
ORD002234,2024-03-19,RJ,Sudeste,Casa e Decoração,Iluminação,1,515.47,0.0,38.96,554.43,PIX,Confirmado,Standard,2024-03-31,2024-03-29
ORD002235,2024-08-09,ES,Sudeste,Casa e Decoração,Têxtil,1,227.42,0.0,67.24,294.66,PIX,Confirmado,Same-Day,2024-08-09,2024-08-09
ORD002236,2024-03-08,SC,Sul,Eletrônicos,Tablets,1,3416.36,0.1,15.78,3090.51,PIX,Confirmado,Scheduled,2024-03-14,2024-03-13
ORD002237,2024-09-19,RS,Sul,Livros,Infantis,2,216.35,0.05,34.74,240.27,Cartão de Débito,Confirmado,Standard,2024-10-01,2024-10-02
ORD002238,2024-07-17,PE,Nordeste,Casa e Decoração,Têxtil,1,1959.33,0.0,43.28,2002.61,Cartão de Débito,Confirmado,Standard,2024-07-30,2024-08-07
ORD002239,2024-08-04,RJ,Sudeste,Livros,Técnicos,2,74.68,0.0,25.85,100.53,Boleto,Cancelado,Standard,2024-08-17,
ORD002240,2024-04-05,BA,Nordeste,Livros,Ficção,1,60.34,0.05,15.46,72.78,Cartão de Crédito,Confirmado,Standard,2024-04-14,2024-04-25
ORD002241,2024-01-21,CE,Nordeste,Casa e Decoração,Iluminação,2,1422.4,0.0,39.83,1462.23,PIX,Confirmado,Standard,2024-02-04,2024-02-03
ORD002242,2024-04-24,GO,Centro-Oeste,Moda,Calçados,2,544.35,0.0,18.7,563.05,Boleto,Confirmado,Standard,2024-05-04,2024-05-03
ORD002243,2024-09-26,GO,Centro-Oeste,Esportes,Roupas Esportivas,2,1186.25,0.1,32.24,1099.87,Cartão de Crédito,Confirmado,Standard,2024-10-02,2024-09-30
ORD002244,2024-05-28,PE,Nordeste,Livros,Ficção,2,158.64,0.2,14.77,141.68,Cartão de Crédito,Confirmado,Standard,2024-06-08,2024-06-07
ORD002245,2024-09-01,PR,Sul,Moda,Calças,1,60.42,0.0,38.43,98.85,Cartão de Débito,Cancelado,Scheduled,2024-09-05,
ORD002246,2024-06-02,AM,Norte,Moda,Acessórios,1,436.63,0.0,45.18,481.81,PIX,Confirmado,Standard,2024-06-11,2024-06-11
ORD002247,2024-08-06,PR,Sul,Esportes,Roupas Esportivas,1,696.63,0.0,46.61,743.24,Boleto,Confirmado,Scheduled,2024-08-12,2024-08-13
ORD002248,2024-10-09,RJ,Sudeste,Eletrônicos,Smartwatches,1,2915.1,0.0,33.6,2948.7,Boleto,Confirmado,Scheduled,2024-10-13,2024-10-13
ORD002249,2024-02-25,CE,Nordeste,Livros,Infantis,1,73.81,0.0,35.72,109.53,Boleto,Confirmado,Standard,2024-03-08,2024-03-10
ORD002250,2024-02-18,PE,Nordeste,Esportes,Suplementos,2,274.68,0.0,20.24,294.92,PIX,Confirmado,Standard,2024-02-27,2024-02-27
ORD002251,2024-06-30,PR,Sul,Esportes,Roupas Esportivas,1,698.0,0.0,73.93,771.93,Boleto,Cancelado,Same-Day,2024-06-30,
ORD002252,2024-09-14,SP,Sudeste,Eletrônicos,Fones de Ouvido,1,2223.7,0.0,22.23,2245.93,Cartão de Crédito,Confirmado,Standard,2024-09-23,2024-09-22
ORD002253,2024-04-01,PA,Norte,Moda,Calçados,2,103.1,0.0,40.24,143.34,PIX,Confirmado,Standard,2024-04-10,2024-04-10
ORD002254,2024-01-24,RJ,Sudeste,Livros,Técnicos,1,86.36,0.0,59.69,146.05,Cartão de Débito,Confirmado,Same-Day,2024-01-24,2024-01-27
ORD002255,2024-06-09,DF,Centro-Oeste,Livros,Infantis,1,97.58,0.0,24.36,121.94,PIX,Confirmado,Standard,2024-06-23,2024-06-24
ORD002256,2024-05-15,SC,Sul,Moda,Calças,1,173.15,0.0,31.36,204.51,Cartão de Crédito,Confirmado,Same-Day,2024-05-15,2024-05-15
ORD002257,2024-04-04,RJ,Sudeste,Esportes,Suplementos,1,628.32,0.05,12.97,609.87,PIX,Confirmado,Standard,2024-04-13,2024-04-17
ORD002258,2024-02-24,BA,Nordeste,Esportes,Roupas Esportivas,1,344.15,0.0,39.38,383.53,Cartão de Crédito,Confirmado,Scheduled,2024-02-29,2024-03-01
ORD002259,2024-01-03,BA,Nordeste,Eletrônicos,Smartphones,2,9894.12,0.1,31.78,8936.49,Cartão de Débito,Confirmado,Standard,2024-01-08,2024-01-10
ORD002260,2024-03-28,GO,Centro-Oeste,Livros,Infantis,1,63.03,0.0,22.77,85.8,PIX,Confirmado,Standard,2024-04-02,2024-04-13
ORD002261,2024-07-26,AM,Norte,Esportes,Acessórios,1,379.62,0.0,20.45,400.07,Boleto,Confirmado,Standard,2024-07-31,2024-07-31
ORD002262,2024-06-04,DF,Centro-Oeste,Esportes,Suplementos,1,718.36,0.0,11.06,729.42,Cartão de Crédito,Confirmado,Standard,2024-06-15,2024-06-14
ORD002263,2024-07-21,PA,Norte,Casa e Decoração,Móveis,1,1964.36,0.0,47.06,2011.42,Boleto,Confirmado,Standard,2024-07-26,2024-07-26
ORD002264,2024-03-05,MG,Sudeste,Eletrônicos,Notebooks,1,2885.99,0.0,28.05,2914.04,Cartão de Débito,Cancelado,Standard,2024-03-14,
ORD002265,2024-02-27,AM,Norte,Eletrônicos,Notebooks,1,1014.47,0.0,30.62,1045.09,Cartão de Débito,Confirmado,Standard,2024-03-06,2024-03-06
ORD002266,2024-01-14,RS,Sul,Livros,Não-ficção,1,141.87,0.0,20.35,162.22,PIX,Confirmado,Standard,2024-01-28,2024-01-27
ORD002267,2024-05-03,BA,Nordeste,Esportes,Equipamentos,1,406.29,0.0,31.32,437.61,Cartão de Crédito,Cancelado,Standard,2024-05-11,
ORD002268,2024-02-14,PR,Sul,Livros,Não-ficção,1,33.02,0.0,29.49,62.51,PIX,Confirmado,Standard,2024-02-21,2024-02-20
ORD002269,2024-08-30,BA,Nordeste,Eletrônicos,Smartphones,1,2293.19,0.0,57.01,2350.2,Cartão de Crédito,Confirmado,Scheduled,2024-09-04,2024-09-02
ORD002270,2024-03-26,MA,Nordeste,Moda,Calçados,1,391.99,0.15,51.83,385.02,Boleto,Confirmado,Same-Day,2024-03-26,2024-03-26
ORD002271,2024-09-05,PE,Nordeste,Eletrônicos,Fones de Ouvido,1,2376.66,0.05,32.55,2290.38,Boleto,Confirmado,Standard,2024-09-17,2024-09-28
ORD002272,2024-10-26,RS,Sul,Moda,Vestidos,1,240.73,0.0,21.76,262.49,PIX,Confirmado,Scheduled,2024-10-31,2024-10-30
ORD002273,2024-10-18,AM,Norte,Livros,Ficção,1,29.02,0.1,31.27,57.39,PIX,Confirmado,Standard,2024-11-01,2024-11-02
ORD002274,2024-06-19,SP,Sudeste,Eletrônicos,Fones de Ouvido,1,4252.59,0.0,18.03,4270.62,Cartão de Crédito,Confirmado,Standard,2024-06-27,2024-06-25
ORD002275,2024-07-31,AM,Norte,Livros,HQs,1,31.85,0.0,58.61,90.46,Cartão de Débito,Confirmado,Scheduled,2024-08-05,2024-08-04
ORD002276,2024-10-10,PR,Sul,Eletrônicos,Fones de Ouvido,1,4016.46,0.0,38.0,4054.46,Cartão de Crédito,Confirmado,Scheduled,2024-10-17,2024-10-18
ORD002277,2024-07-23,PE,Nordeste,Esportes,Calçados,1,554.7,0.0,39.87,594.57,Cartão de Crédito,Confirmado,Standard,2024-07-28,2024-07-27
ORD002278,2024-09-06,RS,Sul,Eletrônicos,Smartwatches,1,4306.08,0.0,44.28,4350.36,PIX,Confirmado,Same-Day,2024-09-06,2024-09-10
ORD002279,2024-01-10,BA,Nordeste,Esportes,Suplementos,1,697.71,0.05,26.21,689.03,PIX,Confirmado,Standard,2024-01-19,2024-01-29
ORD002280,2024-10-10,RJ,Sudeste,Casa e Decoração,Iluminação,1,260.53,0.0,78.04,338.57,Cartão de Crédito,Confirmado,Same-Day,2024-10-10,2024-10-11
ORD002281,2024-08-30,RJ,Sudeste,Livros,HQs,3,331.21,0.0,39.21,370.42,Cartão de Crédito,Confirmado,Standard,2024-09-10,2024-09-09
ORD002282,2024-06-26,PE,Nordeste,Livros,Ficção,1,53.1,0.0,24.97,78.07,PIX,Confirmado,Standard,2024-07-09,2024-07-10
ORD002283,2024-03-23,PR,Sul,Moda,Calçados,3,1084.76,0.0,39.87,1124.63,Boleto,Cancelado,Standard,2024-04-04,
ORD002284,2024-06-25,PE,Nordeste,Moda,Acessórios,1,460.68,0.0,24.54,485.22,Cartão de Crédito,Confirmado,Standard,2024-07-01,2024-07-01
ORD002285,2024-04-22,DF,Centro-Oeste,Casa e Decoração,Têxtil,1,234.74,0.0,68.24,302.98,Cartão de Crédito,Cancelado,Same-Day,2024-04-22,
ORD002286,2024-08-27,MG,Sudeste,Casa e Decoração,Iluminação,1,142.98,0.05,31.71,167.54,Cartão de Débito,Cancelado,Same-Day,2024-08-27,
ORD002287,2024-08-01,AM,Norte,Casa e Decoração,Iluminação,1,1166.64,0.0,28.97,1195.61,PIX,Confirmado,Standard,2024-08-09,2024-08-08
ORD002288,2024-03-23,DF,Centro-Oeste,Moda,Vestidos,1,109.83,0.0,37.2,147.03,Boleto,Confirmado,Standard,2024-04-05,2024-04-06
ORD002289,2024-02-14,GO,Centro-Oeste,Livros,Não-ficção,1,60.86,0.0,30.67,91.53,Cartão de Débito,Confirmado,Standard,2024-02-22,2024-02-21
ORD002290,2024-03-29,RS,Sul,Moda,Acessórios,1,273.85,0.05,20.08,280.23,Cartão de Crédito,Confirmado,Standard,2024-04-10,2024-04-08
ORD002291,2024-09-08,RJ,Sudeste,Livros,Infantis,2,137.36,0.0,35.82,173.18,Cartão de Crédito,Confirmado,Standard,2024-09-17,2024-09-17
ORD002292,2024-06-04,RS,Sul,Moda,Acessórios,1,231.97,0.15,44.79,241.96,Cartão de Crédito,Cancelado,Scheduled,2024-06-07,
ORD002293,2024-01-25,SP,Sudeste,Casa e Decoração,Decoração,1,1381.35,0.0,21.74,1403.09,Cartão de Crédito,Confirmado,Standard,2024-02-04,2024-02-03
ORD002294,2024-07-01,GO,Centro-Oeste,Moda,Calças,2,858.24,0.0,21.61,879.85,Cartão de Crédito,Confirmado,Standard,2024-07-07,2024-07-06
ORD002295,2024-09-14,SP,Sudeste,Eletrônicos,Tablets,1,3217.68,0.0,37.93,3255.61,Cartão de Débito,Cancelado,Standard,2024-09-27,
ORD002296,2024-08-08,RJ,Sudeste,Esportes,Equipamentos,1,593.12,0.0,32.73,625.85,Cartão de Crédito,Confirmado,Standard,2024-08-21,2024-08-19
ORD002297,2024-03-02,CE,Nordeste,Moda,Calçados,2,888.4,0.0,23.83,912.23,Cartão de Crédito,Confirmado,Scheduled,2024-03-11,2024-03-11
ORD002298,2024-05-12,SC,Sul,Casa e Decoração,Móveis,1,726.99,0.0,34.39,761.38,PIX,Confirmado,Standard,2024-05-19,2024-05-21
ORD002299,2024-10-12,PR,Sul,Moda,Acessórios,1,127.46,0.05,21.66,142.75,Cartão de Crédito,Confirmado,Scheduled,2024-10-15,2024-10-24
ORD002300,2024-02-23,ES,Sudeste,Eletrônicos,Fones de Ouvido,1,4888.45,0.0,12.22,4900.67,PIX,Confirmado,Standard,2024-03-02,2024-03-02
ORD002301,2024-08-22,AM,Norte,Eletrônicos,Smartphones,1,3182.94,0.0,22.55,3205.49,Cartão de Crédito,Confirmado,Standard,2024-09-04,2024-09-03
ORD002302,2024-02-22,AM,Norte,Esportes,Roupas Esportivas,1,768.61,0.0,80.08,848.69,Cartão de Crédito,Confirmado,Same-Day,2024-02-22,2024-02-26
ORD002303,2024-09-16,RJ,Sudeste,Moda,Camisetas,3,1290.9,0.0,18.43,1309.33,PIX,Cancelado,Standard,2024-09-23,
ORD002304,2024-04-15,MA,Nordeste,Casa e Decoração,Utensílios,1,394.27,0.05,36.41,410.96,Cartão de Crédito,Confirmado,Standard,2024-04-26,2024-04-26
ORD002305,2024-05-29,ES,Sudeste,Livros,HQs,1,24.42,0.0,26.25,50.67,Cartão de Débito,Confirmado,Standard,2024-06-08,2024-06-06
ORD002306,2024-09-12,ES,Sudeste,Eletrônicos,Notebooks,1,2818.92,0.0,25.22,2844.14,Boleto,Confirmado,Scheduled,2024-09-20,2024-09-24
ORD002307,2024-07-05,SC,Sul,Moda,Camisetas,1,288.63,0.0,57.77,346.4,Cartão de Crédito,Cancelado,Same-Day,2024-07-05,
ORD002308,2024-04-13,PE,Nordeste,Livros,Ficção,1,21.66,0.0,24.37,46.03,Cartão de Crédito,Confirmado,Standard,2024-04-22,2024-04-23
ORD002309,2024-05-05,AM,Norte,Livros,Técnicos,2,210.13,0.1,39.71,228.83,Cartão de Crédito,Confirmado,Standard,2024-05-10,2024-05-08
ORD002310,2024-05-26,CE,Nordeste,Moda,Camisetas,1,458.0,0.0,26.88,484.88,Cartão de Crédito,Confirmado,Standard,2024-06-08,2024-06-09
ORD002311,2024-05-16,SC,Sul,Livros,Técnicos,1,65.78,0.0,39.71,105.49,PIX,Confirmado,Standard,2024-05-30,2024-05-28
ORD002312,2024-05-05,MG,Sudeste,Esportes,Acessórios,1,154.32,0.0,79.65,233.97,Cartão de Crédito,Confirmado,Same-Day,2024-05-05,2024-05-06
ORD002313,2024-04-26,MG,Sudeste,Livros,Infantis,2,117.33,0.0,26.37,143.7,PIX,Confirmado,Standard,2024-05-03,2024-05-02
ORD002314,2024-07-28,MA,Nordeste,Livros,HQs,1,137.36,0.0,19.83,157.19,PIX,Confirmado,Standard,2024-08-04,2024-08-05
ORD002315,2024-07-04,SP,Sudeste,Livros,Não-ficção,1,107.52,0.0,31.23,138.75,PIX,Confirmado,Standard,2024-07-09,2024-07-14
ORD002316,2024-01-06,ES,Sudeste,Esportes,Roupas Esportivas,1,331.94,0.0,10.05,341.99,Cartão de Crédito,Confirmado,Standard,2024-01-12,2024-01-11
ORD002317,2024-02-13,SC,Sul,Casa e Decoração,Iluminação,1,260.5,0.0,10.46,270.96,Cartão de Crédito,Confirmado,Standard,2024-02-27,2024-02-26
ORD002318,2024-03-25,BA,Nordeste,Eletrônicos,Fones de Ouvido,1,4051.17,0.05,14.41,3863.02,Boleto,Confirmado,Standard,2024-03-31,2024-03-31
ORD002319,2024-01-19,GO,Centro-Oeste,Moda,Acessórios,1,432.55,0.0,32.56,465.11,Cartão de Crédito,Confirmado,Standard,2024-01-27,2024-02-04
ORD002320,2024-01-30,GO,Centro-Oeste,Esportes,Suplementos,1,733.23,0.0,85.63,818.86,PIX,Confirmado,Same-Day,2024-01-30,2024-01-30
ORD002321,2024-08-02,BA,Nordeste,Esportes,Suplementos,1,741.44,0.0,47.41,788.85,PIX,Confirmado,Standard,2024-08-14,2024-08-27
ORD002322,2024-06-09,MA,Nordeste,Casa e Decoração,Móveis,1,1387.37,0.0,30.46,1417.83,PIX,Confirmado,Scheduled,2024-06-16,
ORD002323,2024-05-23,MA,Nordeste,Esportes,Calçados,1,387.84,0.1,62.72,411.78,Cartão de Crédito,Confirmado,Same-Day,2024-05-23,2024-05-24
ORD002324,2024-03-16,ES,Sudeste,Livros,Infantis,1,101.69,0.0,16.41,118.1,Cartão de Débito,Confirmado,Scheduled,2024-03-25,2024-03-24
ORD002325,2024-04-15,MA,Nordeste,Esportes,Calçados,1,679.59,0.0,30.67,710.26,Cartão de Crédito,Confirmado,Scheduled,2024-04-23,2024-04-24
ORD002326,2024-08-14,ES,Sudeste,Casa e Decoração,Iluminação,2,2113.97,0.0,31.34,2145.31,PIX,Cancelado,Standard,2024-08-27,
ORD002327,2024-04-11,MA,Nordeste,Casa e Decoração,Móveis,1,1274.46,0.0,30.86,1305.32,Boleto,Confirmado,Standard,2024-04-25,2024-04-26
ORD002328,2024-01-19,CE,Nordeste,Casa e Decoração,Iluminação,1,1115.94,0.0,37.01,1152.95,Cartão de Crédito,Confirmado,Scheduled,2024-01-26,2024-01-26
ORD002329,2024-03-05,CE,Nordeste,Esportes,Suplementos,1,319.29,0.0,39.01,358.3,Cartão de Débito,Cancelado,Standard,2024-03-11,
ORD002330,2024-04-19,RJ,Sudeste,Esportes,Calçados,2,889.91,0.05,37.89,883.31,Cartão de Crédito,Cancelado,Same-Day,2024-04-19,
ORD002331,2024-06-08,CE,Nordeste,Casa e Decoração,Utensílios,1,1923.34,0.2,72.63,1611.3,Cartão de Crédito,Confirmado,Same-Day,2024-06-08,2024-06-09
ORD002332,2024-01-12,SP,Sudeste,Esportes,Calçados,1,234.44,0.15,42.82,242.09,Boleto,Confirmado,Scheduled,2024-01-18,2024-01-16
ORD002333,2024-05-12,RS,Sul,Casa e Decoração,Iluminação,1,1894.99,0.0,20.24,1915.23,Cartão de Débito,Confirmado,Scheduled,2024-05-20,2024-06-03
ORD002334,2024-09-15,RJ,Sudeste,Eletrônicos,Tablets,1,2547.32,0.0,36.31,2583.63,Cartão de Crédito,Cancelado,Standard,2024-09-25,
ORD002335,2024-05-12,GO,Centro-Oeste,Esportes,Suplementos,1,347.56,0.1,19.54,332.34,Cartão de Débito,Cancelado,Standard,2024-05-25,
ORD002336,2024-03-04,SP,Sudeste,Eletrônicos,Fones de Ouvido,2,7923.92,0.0,57.37,7981.29,PIX,Confirmado,Same-Day,2024-03-04,2024-03-04
ORD002337,2024-06-01,DF,Centro-Oeste,Eletrônicos,Fones de Ouvido,1,2851.56,0.0,23.72,2875.28,Cartão de Crédito,Confirmado,Standard,2024-06-09,2024-06-08
ORD002338,2024-06-22,RS,Sul,Esportes,Calçados,1,426.42,0.0,26.55,452.97,Cartão de Débito,Confirmado,Standard,2024-07-04,2024-07-05
ORD002339,2024-09-30,AM,Norte,Esportes,Equipamentos,1,541.63,0.05,20.66,535.21,Cartão de Crédito,Confirmado,Standard,2024-10-10,2024-10-14
ORD002340,2024-06-28,PR,Sul,Casa e Decoração,Têxtil,1,1893.23,0.05,16.68,1815.25,PIX,Confirmado,Standard,2024-07-08,2024-07-08
ORD002341,2024-03-12,ES,Sudeste,Livros,HQs,1,36.71,0.0,42.9,79.61,PIX,Confirmado,Scheduled,2024-03-16,2024-03-14
ORD002342,2024-05-06,RJ,Sudeste,Casa e Decoração,Têxtil,1,1985.31,0.0,15.03,2000.34,Cartão de Débito,Confirmado,Scheduled,2024-05-14,2024-05-15
ORD002343,2024-10-25,RS,Sul,Casa e Decoração,Iluminação,2,3461.1,0.0,37.55,3498.65,Cartão de Crédito,Confirmado,Standard,2024-11-05,2024-11-06
ORD002344,2024-02-20,MG,Sudeste,Livros,Infantis,1,94.45,0.15,17.88,98.16,Cartão de Crédito,Cancelado,Standard,2024-02-28,
ORD002345,2024-02-11,RJ,Sudeste,Eletrônicos,Fones de Ouvido,1,2209.06,0.0,20.55,2229.61,Cartão de Crédito,Confirmado,Standard,2024-02-20,2024-02-21
ORD002346,2024-03-07,PE,Nordeste,Moda,Calçados,1,68.96,0.0,22.57,91.53,PIX,Confirmado,Standard,2024-03-20,2024-03-19
ORD002347,2024-02-09,SC,Sul,Esportes,Acessórios,1,649.73,0.1,12.18,596.93,Cartão de Débito,Cancelado,Standard,2024-02-18,
ORD002348,2024-10-28,CE,Nordeste,Esportes,Acessórios,1,130.14,0.0,17.54,147.68,PIX,Confirmado,Standard,2024-11-04,2024-11-03
ORD002349,2024-05-15,DF,Centro-Oeste,Livros,Infantis,1,102.92,0.0,30.27,133.19,Cartão de Crédito,Confirmado,Standard,2024-05-28,2024-05-28
ORD002350,2024-08-13,ES,Sudeste,Livros,Infantis,1,115.8,0.0,39.97,155.77,Boleto,Confirmado,Standard,2024-08-21,2024-08-25
ORD002351,2024-03-24,MG,Sudeste,Esportes,Equipamentos,1,179.08,0.05,45.48,215.61,Cartão de Crédito,Confirmado,Same-Day,2024-03-24,2024-03-24
ORD002352,2024-09-05,ES,Sudeste,Livros,Não-ficção,1,123.15,0.05,15.48,132.47,Cartão de Crédito,Confirmado,Scheduled,2024-09-11,2024-09-11
ORD002353,2024-09-19,AM,Norte,Esportes,Roupas Esportivas,1,779.97,0.0,43.55,823.52,Cartão de Crédito,Confirmado,Standard,2024-09-24,2024-09-23
ORD002354,2024-04-18,PE,Nordeste,Livros,Ficção,1,109.3,0.05,31.83,135.66,PIX,Cancelado,Scheduled,2024-04-27,
ORD002355,2024-03-21,CE,Nordeste,Casa e Decoração,Móveis,1,166.38,0.05,13.65,171.71,Cartão de Crédito,Confirmado,Standard,2024-03-26,2024-03-26
ORD002356,2024-07-28,RJ,Sudeste,Eletrônicos,Tablets,1,1474.07,0.0,14.3,1488.37,Cartão de Crédito,Confirmado,Standard,2024-08-03,2024-08-01
ORD002357,2024-10-19,PR,Sul,Eletrônicos,Smartwatches,1,1356.24,0.0,37.96,1394.2,Cartão de Crédito,Confirmado,Standard,2024-10-31,2024-10-30
ORD002358,2024-03-19,RJ,Sudeste,Casa e Decoração,Decoração,1,1433.71,0.0,42.72,1476.43,Cartão de Débito,Confirmado,Same-Day,2024-03-19,2024-03-19
ORD002359,2024-07-10,PR,Sul,Casa e Decoração,Iluminação,2,1343.71,0.0,24.19,1367.9,Boleto,Cancelado,Standard,2024-07-21,
ORD002360,2024-01-15,PA,Norte,Moda,Calças,1,122.98,0.0,38.9,161.88,Cartão de Crédito,Confirmado,Standard,2024-01-24,2024-01-22
ORD002361,2024-10-28,BA,Nordeste,Eletrônicos,Tablets,1,1267.18,0.0,95.82,1363.0,Cartão de Crédito,Confirmado,Same-Day,2024-10-28,2024-10-28
ORD002362,2024-05-25,RS,Sul,Moda,Calçados,1,414.48,0.0,39.53,454.01,Cartão de Débito,Cancelado,Standard,2024-06-06,
ORD002363,2024-01-02,RJ,Sudeste,Esportes,Suplementos,2,524.2,0.0,27.83,552.03,Cartão de Crédito,Confirmado,Standard,2024-01-15,2024-01-14
ORD002364,2024-02-04,AM,Norte,Eletrônicos,Fones de Ouvido,1,1695.82,0.05,56.8,1667.83,Cartão de Crédito,Confirmado,Scheduled,2024-02-08,2024-02-08
ORD002365,2024-09-03,DF,Centro-Oeste,Casa e Decoração,Têxtil,1,1663.7,0.05,39.53,1620.05,Cartão de Débito,Confirmado,Standard,2024-09-13,2024-09-14
ORD002366,2024-08-19,MA,Nordeste,Casa e Decoração,Iluminação,2,881.44,0.0,36.19,917.63,Boleto,Confirmado,Standard,2024-09-01,2024-08-31
ORD002367,2024-08-31,AM,Norte,Esportes,Equipamentos,1,621.09,0.0,41.69,662.78,Boleto,Confirmado,Scheduled,2024-09-03,2024-09-04
ORD002368,2024-03-11,CE,Nordeste,Livros,Infantis,1,117.73,0.0,84.68,202.41,Boleto,Confirmado,Same-Day,2024-03-11,2024-03-12
ORD002369,2024-08-17,MG,Sudeste,Casa e Decoração,Móveis,1,149.56,0.0,16.25,165.81,Cartão de Crédito,Confirmado,Standard,2024-08-26,2024-08-26
ORD002370,2024-07-28,BA,Nordeste,Moda,Calçados,2,366.09,0.05,16.72,364.51,Cartão de Crédito,Cancelado,Standard,2024-08-02,
ORD002371,2024-06-22,CE,Nordeste,Eletrônicos,Fones de Ouvido,1,1245.07,0.0,25.46,1270.53,PIX,Confirmado,Standard,2024-06-29,2024-06-28
ORD002372,2024-05-22,GO,Centro-Oeste,Eletrônicos,Notebooks,1,1793.84,0.05,15.97,1720.12,Cartão de Crédito,Confirmado,Standard,2024-06-05,2024-06-13
ORD002373,2024-01-13,DF,Centro-Oeste,Casa e Decoração,Têxtil,1,184.5,0.1,37.55,203.6,PIX,Confirmado,Standard,2024-01-19,2024-01-20
ORD002374,2024-03-04,GO,Centro-Oeste,Esportes,Roupas Esportivas,1,771.5,0.15,26.23,682.0,PIX,Confirmado,Standard,2024-03-13,2024-03-26
ORD002375,2024-04-08,DF,Centro-Oeste,Esportes,Calçados,3,1771.02,0.0,19.19,1790.21,Cartão de Débito,Confirmado,Standard,2024-04-21,2024-04-21
ORD002376,2024-01-28,DF,Centro-Oeste,Esportes,Equipamentos,1,463.53,0.0,30.33,493.86,Cartão de Crédito,Confirmado,Standard,2024-02-08,2024-02-07
ORD002377,2024-08-31,CE,Nordeste,Eletrônicos,Smartphones,1,3008.74,0.0,29.14,3037.88,Cartão de Crédito,Confirmado,Scheduled,2024-09-07,2024-09-06
ORD002378,2024-09-29,MG,Sudeste,Eletrônicos,Tablets,3,4292.33,0.0,25.53,4317.86,Cartão de Crédito,Confirmado,Standard,2024-10-05,2024-10-04
ORD002379,2024-04-15,RS,Sul,Esportes,Acessórios,1,201.43,0.0,22.5,223.93,PIX,Confirmado,Standard,2024-04-22,2024-04-20
ORD002380,2024-02-13,PA,Norte,Esportes,Calçados,1,545.89,0.0,24.48,570.37,PIX,Confirmado,Scheduled,2024-02-18,2024-02-16
ORD002381,2024-06-13,BA,Nordeste,Esportes,Roupas Esportivas,1,282.8,0.0,16.35,299.15,Cartão de Crédito,Confirmado,Standard,2024-06-18,2024-06-19
ORD002382,2024-09-08,AM,Norte,Eletrônicos,Tablets,1,4609.48,0.0,29.84,4639.32,PIX,Cancelado,Standard,2024-09-22,
ORD002383,2024-08-11,MG,Sudeste,Livros,Ficção,1,32.26,0.0,45.0,77.26,PIX,Cancelado,Scheduled,2024-08-19,
ORD002384,2024-09-27,SC,Sul,Livros,Técnicos,1,60.4,0.0,67.97,128.37,PIX,Confirmado,Same-Day,2024-09-27,2024-09-27
ORD002385,2024-02-16,RJ,Sudeste,Eletrônicos,Smartwatches,1,1049.89,0.05,24.55,1021.94,Boleto,Confirmado,Standard,2024-02-26,2024-03-10
ORD002386,2024-03-27,PR,Sul,Moda,Calças,2,203.32,0.0,73.37,276.69,Boleto,Cancelado,Same-Day,2024-03-27,
ORD002387,2024-05-10,PA,Norte,Eletrônicos,Notebooks,1,3134.52,0.0,57.0,3191.52,Cartão de Crédito,Confirmado,Scheduled,2024-05-17,2024-05-15
ORD002388,2024-06-06,BA,Nordeste,Moda,Camisetas,1,483.15,0.0,22.07,505.22,Cartão de Crédito,Confirmado,Standard,2024-06-18,2024-06-16
ORD002389,2024-06-15,MG,Sudeste,Eletrônicos,Smartphones,1,1061.79,0.0,25.22,1087.01,Cartão de Crédito,Cancelado,Standard,2024-06-26,
ORD002390,2024-06-01,BA,Nordeste,Eletrônicos,Tablets,1,4489.09,0.1,19.84,4060.02,PIX,Confirmado,Standard,2024-06-07,2024-06-08
ORD002391,2024-03-13,BA,Nordeste,Casa e Decoração,Decoração,1,225.36,0.15,32.76,224.32,Cartão de Crédito,Confirmado,Standard,2024-03-27,2024-03-28
ORD002392,2024-07-11,AM,Norte,Eletrônicos,Smartphones,1,2521.0,0.0,97.15,2618.15,Cartão de Débito,Confirmado,Same-Day,2024-07-11,2024-07-11
ORD002393,2024-04-13,RS,Sul,Esportes,Calçados,1,766.57,0.0,46.13,812.7,PIX,Confirmado,Same-Day,2024-04-13,2024-04-13
ORD002394,2024-05-01,PE,Nordeste,Esportes,Calçados,1,745.83,0.1,18.08,689.33,PIX,Confirmado,Standard,2024-05-13,2024-05-13
ORD002395,2024-07-16,RJ,Sudeste,Casa e Decoração,Móveis,1,370.8,0.0,39.6,410.4,Cartão de Crédito,Confirmado,Same-Day,2024-07-16,2024-07-16
ORD002396,2024-06-11,PE,Nordeste,Esportes,Acessórios,1,427.22,0.0,46.66,473.88,Cartão de Crédito,Cancelado,Standard,2024-06-20,
ORD002397,2024-02-03,PE,Nordeste,Eletrônicos,Fones de Ouvido,1,3948.56,0.0,21.11,3969.67,Boleto,Confirmado,Standard,2024-02-17,2024-02-18
ORD002398,2024-04-29,MA,Nordeste,Eletrônicos,Tablets,1,2795.47,0.0,62.15,2857.62,Boleto,Confirmado,Same-Day,2024-04-29,2024-05-05
ORD002399,2024-10-10,DF,Centro-Oeste,Eletrônicos,Notebooks,2,5399.04,0.0,49.09,5448.13,PIX,Confirmado,Scheduled,2024-10-14,2024-10-17
ORD002400,2024-10-11,GO,Centro-Oeste,Moda,Vestidos,1,302.27,0.0,25.53,327.8,Cartão de Crédito,Confirmado,Standard,2024-10-22,2024-10-23
ORD002401,2024-10-17,BA,Nordeste,Livros,Ficção,1,69.54,0.0,17.48,87.02,Cartão de Crédito,Confirmado,Standard,2024-10-29,2024-10-27
ORD002402,2024-09-13,RS,Sul,Moda,Vestidos,2,526.98,0.0,29.56,556.54,Cartão de Crédito,Cancelado,Standard,2024-09-24,
ORD002403,2024-10-03,MG,Sudeste,Moda,Acessórios,1,245.39,0.05,79.89,313.01,Cartão de Crédito,Cancelado,Same-Day,2024-10-03,
ORD002404,2024-08-04,MA,Nordeste,Esportes,Acessórios,2,1528.27,0.0,29.55,1557.82,PIX,Confirmado,Scheduled,2024-08-09,2024-08-07
ORD002405,2024-01-22,SP,Sudeste,Livros,HQs,2,65.49,0.0,18.51,84.0,PIX,Confirmado,Standard,2024-02-01,2024-02-03
ORD002406,2024-05-28,GO,Centro-Oeste,Moda,Camisetas,1,366.49,0.0,29.55,396.04,Cartão de Débito,Confirmado,Standard,2024-06-10,2024-06-08
ORD002407,2024-01-31,MA,Nordeste,Livros,Técnicos,1,133.1,0.05,21.13,147.57,Cartão de Crédito,Confirmado,Standard,2024-02-06,2024-02-06
ORD002408,2024-05-08,AM,Norte,Livros,Técnicos,1,87.84,0.05,24.59,108.03,Cartão de Crédito,Confirmado,Standard,2024-05-21,2024-05-24
ORD002409,2024-04-18,DF,Centro-Oeste,Esportes,Suplementos,2,1064.14,0.0,30.27,1094.41,Boleto,Confirmado,Standard,2024-05-01,2024-05-01
ORD002410,2024-01-24,MG,Sudeste,Esportes,Calçados,1,528.63,0.0,37.48,566.11,Cartão de Crédito,Cancelado,Standard,2024-02-03,
ORD002411,2024-02-05,PR,Sul,Eletrônicos,Fones de Ouvido,1,2260.91,0.0,23.27,2284.18,Cartão de Crédito,Confirmado,Standard,2024-02-10,2024-02-10
ORD002412,2024-03-03,AM,Norte,Moda,Acessórios,1,89.18,0.0,53.7,142.88,Cartão de Crédito,Confirmado,Scheduled,2024-03-10,2024-03-10
ORD002413,2024-05-23,MA,Nordeste,Livros,Não-ficção,2,55.31,0.1,21.31,71.09,Cartão de Crédito,Confirmado,Standard,2024-05-29,2024-05-29
ORD002414,2024-09-15,PA,Norte,Casa e Decoração,Decoração,1,1153.01,0.1,31.18,1068.89,PIX,Confirmado,Standard,2024-09-27,2024-09-26
ORD002415,2024-05-13,PA,Norte,Livros,Técnicos,1,105.91,0.0,22.11,128.02,Cartão de Débito,Confirmado,Standard,2024-05-26,2024-05-24
ORD002416,2024-05-05,GO,Centro-Oeste,Casa e Decoração,Decoração,1,1507.13,0.0,43.05,1550.18,Boleto,Cancelado,Standard,2024-05-10,
ORD002417,2024-04-17,PE,Nordeste,Esportes,Suplementos,1,93.25,0.0,36.44,129.69,Cartão de Crédito,Confirmado,Standard,2024-04-29,2024-04-30
ORD002418,2024-01-09,MA,Nordeste,Moda,Camisetas,1,439.25,0.0,42.05,481.3,PIX,Confirmado,Same-Day,2024-01-09,2024-01-10
ORD002419,2024-08-31,SP,Sudeste,Eletrônicos,Notebooks,2,7509.48,0.0,52.97,7562.45,PIX,Confirmado,Same-Day,2024-08-31,2024-09-13
ORD002420,2024-07-30,CE,Nordeste,Livros,Infantis,2,207.62,0.05,45.7,242.94,Cartão de Débito,Confirmado,Standard,2024-08-09,2024-08-10
ORD002421,2024-10-02,RJ,Sudeste,Eletrônicos,Smartwatches,1,2568.27,0.0,13.15,2581.42,Cartão de Crédito,Confirmado,Standard,2024-10-12,2024-10-11
ORD002422,2024-01-16,MA,Nordeste,Livros,Ficção,1,73.17,0.0,58.13,131.3,Cartão de Crédito,Cancelado,Same-Day,2024-01-16,
ORD002423,2024-06-29,AM,Norte,Livros,HQs,1,94.92,0.0,20.77,115.69,Cartão de Débito,Confirmado,Standard,2024-07-08,2024-07-08
ORD002424,2024-07-02,BA,Nordeste,Moda,Camisetas,1,454.86,0.0,32.66,487.52,Cartão de Crédito,Confirmado,Standard,2024-07-10,2024-07-09
ORD002425,2024-03-04,PE,Nordeste,Casa e Decoração,Utensílios,1,794.75,0.0,14.1,808.85,Cartão de Crédito,Confirmado,Standard,2024-03-09,2024-03-09
ORD002426,2024-08-15,SP,Sudeste,Moda,Camisetas,1,287.82,0.0,42.62,330.44,Cartão de Débito,Confirmado,Same-Day,2024-08-15,2024-08-17
ORD002427,2024-05-23,GO,Centro-Oeste,Casa e Decoração,Utensílios,1,895.86,,38.59,934.45,Cartão de Débito,Confirmado,Standard,2024-06-02,2024-06-01
ORD002428,2024-02-16,AM,Norte,Esportes,Suplementos,1,585.49,0.0,31.15,616.64,PIX,Confirmado,Standard,2024-02-25,2024-02-26
ORD002429,2024-04-23,RS,Sul,Livros,Técnicos,2,41.51,0.0,48.57,90.08,Boleto,Confirmado,Same-Day,2024-04-23,2024-04-24
ORD002430,2024-01-19,PR,Sul,Livros,HQs,1,32.61,0.2,15.09,41.18,PIX,Confirmado,Scheduled,2024-01-23,2024-01-24
ORD002431,2024-04-17,SP,Sudeste,Moda,Calçados,1,194.78,0.0,42.3,237.08,Cartão de Crédito,Confirmado,Same-Day,2024-04-17,2024-04-17
ORD002432,2024-02-26,AM,Norte,Casa e Decoração,Têxtil,1,1181.07,0.0,33.59,1214.66,PIX,Confirmado,Standard,2024-03-06,2024-03-10
ORD002433,2024-09-13,PE,Nordeste,Moda,Acessórios,1,366.74,0.05,23.86,372.26,Cartão de Crédito,Cancelado,Standard,2024-09-21,
ORD002434,2024-04-09,GO,Centro-Oeste,Esportes,Calçados,1,112.39,0.0,35.5,147.89,PIX,Confirmado,Standard,2024-04-17,2024-04-16
ORD002435,2024-10-16,MG,Sudeste,Eletrônicos,Smartwatches,1,1004.54,0.0,37.79,1042.33,Boleto,Cancelado,Standard,2024-10-25,
ORD002436,2024-03-06,ES,Sudeste,Eletrônicos,Notebooks,1,1021.33,0.0,30.79,1052.12,Cartão de Crédito,Confirmado,Standard,2024-03-15,2024-03-13
ORD002437,2024-05-12,MA,Nordeste,Esportes,Equipamentos,3,1157.54,0.05,40.67,1140.33,Cartão de Crédito,Confirmado,Same-Day,2024-05-12,2024-05-13
ORD002438,2024-09-24,ES,Sudeste,Casa e Decoração,Utensílios,1,1344.05,0.1,38.55,1248.19,Cartão de Crédito,Cancelado,Standard,2024-10-07,
ORD002439,2024-01-12,ES,Sudeste,Esportes,Calçados,1,337.54,0.0,48.44,385.98,Cartão de Crédito,Confirmado,Scheduled,2024-01-18,2024-01-17
ORD002440,2024-05-09,GO,Centro-Oeste,Esportes,Acessórios,1,251.85,0.15,16.91,230.98,Cartão de Crédito,Confirmado,Standard,2024-05-14,2024-05-12
ORD002441,2024-01-02,BA,Nordeste,Eletrônicos,Tablets,1,1595.67,0.0,32.92,1628.59,Cartão de Crédito,Confirmado,Standard,2024-01-13,2024-01-14
ORD002442,2024-08-09,AM,Norte,Livros,Técnicos,2,288.57,0.0,55.71,344.28,PIX,Confirmado,Scheduled,2024-08-18,2024-08-16
ORD002443,2024-03-03,GO,Centro-Oeste,Esportes,Acessórios,1,233.63,0.0,34.83,268.46,Cartão de Débito,Confirmado,Scheduled,2024-03-10,2024-03-08
ORD002444,2024-09-10,SC,Sul,Esportes,Roupas Esportivas,1,523.14,0.0,18.25,541.39,PIX,Confirmado,Standard,2024-09-15,2024-09-21
ORD002445,2024-04-24,SP,Sudeste,Casa e Decoração,Iluminação,2,1615.04,0.0,22.54,1637.58,PIX,Confirmado,Standard,2024-04-29,2024-04-28
ORD002446,2024-09-29,PE,Nordeste,Casa e Decoração,Móveis,1,1395.09,0.2,29.72,1145.79,Cartão de Crédito,Confirmado,Standard,2024-10-10,2024-10-09
ORD002447,2024-07-19,RS,Sul,Casa e Decoração,Móveis,1,963.73,0.1,17.28,884.64,Boleto,Cancelado,Standard,2024-08-02,
ORD002448,2024-10-19,PA,Norte,Eletrônicos,Notebooks,2,6781.24,0.0,50.16,6831.4,Cartão de Crédito,Confirmado,Standard,2024-10-30,2024-10-29
ORD002449,2024-08-04,RJ,Sudeste,Moda,Calças,1,321.72,0.1,28.72,318.27,Cartão de Crédito,Confirmado,Scheduled,2024-08-13,2024-08-16
ORD002450,2024-03-25,SC,Sul,Casa e Decoração,Móveis,1,887.06,0.0,30.59,917.65,PIX,Confirmado,Standard,2024-04-04,2024-04-04
ORD002451,2024-02-19,SP,Sudeste,Livros,Infantis,1,20.85,0.05,24.22,44.02,Boleto,Cancelado,Standard,2024-02-27,
ORD002452,2024-01-13,DF,Centro-Oeste,Casa e Decoração,Decoração,1,971.06,0.0,25.29,996.35,PIX,Confirmado,Standard,2024-01-19,2024-01-21
ORD002453,2024-05-06,RJ,Sudeste,Livros,Não-ficção,1,84.01,0.15,32.85,104.26,Boleto,Confirmado,Standard,2024-05-13,2024-05-11
ORD002454,2024-06-23,AM,Norte,Eletrônicos,Tablets,1,2957.57,0.0,69.93,3027.5,PIX,Confirmado,Same-Day,2024-06-23,2024-06-23
ORD002455,2024-09-23,PA,Norte,Moda,Camisetas,1,370.6,0.0,35.82,406.42,PIX,Confirmado,Standard,2024-10-04,2024-10-13
ORD002456,2024-08-12,PA,Norte,Eletrônicos,Fones de Ouvido,1,3774.32,0.0,47.74,3822.06,Cartão de Crédito,Confirmado,Standard,2024-08-25,2024-08-26
ORD002457,2024-10-23,RJ,Sudeste,Eletrônicos,Smartphones,1,4621.8,0.0,37.61,4659.41,Cartão de Crédito,Confirmado,Standard,2024-11-02,2024-11-02
ORD002458,2024-01-18,BA,Nordeste,Casa e Decoração,Móveis,1,524.23,0.05,43.77,541.79,PIX,Cancelado,Standard,2024-01-25,
ORD002459,2024-03-06,SP,Sudeste,Livros,Ficção,2,119.02,0.0,36.12,155.14,Cartão de Crédito,Confirmado,Standard,2024-03-13,2024-03-12
ORD002460,2024-06-03,DF,Centro-Oeste,Livros,Ficção,1,136.0,0.0,19.04,155.04,Boleto,Confirmado,Standard,2024-06-08,2024-06-07
ORD002461,2024-02-22,GO,Centro-Oeste,Eletrônicos,Smartwatches,1,2803.08,0.05,19.89,2682.81,PIX,Confirmado,Standard,2024-03-06,2024-03-09
ORD002462,2024-01-27,PR,Sul,Livros,Infantis,1,113.45,0.0,36.45,149.9,PIX,Confirmado,Same-Day,2024-01-27,2024-01-27
ORD002463,2024-02-19,DF,Centro-Oeste,Livros,Não-ficção,1,136.68,0.0,66.49,203.17,Cartão de Débito,Confirmado,Same-Day,2024-02-19,2024-02-19
ORD002464,2024-01-06,PE,Nordeste,Livros,Infantis,2,293.33,0.0,56.46,349.79,PIX,Confirmado,Scheduled,2024-01-09,2024-01-09
ORD002465,2024-08-07,MA,Nordeste,Esportes,Calçados,1,632.94,0.0,42.28,675.22,Cartão de Crédito,Confirmado,Scheduled,2024-08-15,2024-08-22
ORD002466,2024-02-21,SC,Sul,Eletrônicos,Fones de Ouvido,1,2078.48,0.1,13.72,1884.35,Cartão de Crédito,Confirmado,Standard,2024-03-04,2024-03-03
ORD002467,2024-09-21,SC,Sul,Esportes,Equipamentos,1,170.94,0.0,33.91,204.85,Boleto,Confirmado,Same-Day,2024-09-21,2024-09-21
ORD002468,2024-02-25,RJ,Sudeste,Eletrônicos,Smartwatches,3,11173.41,0.0,28.73,11202.14,PIX,Confirmado,Scheduled,2024-03-05,2024-03-05
ORD002469,2024-02-04,DF,Centro-Oeste,Moda,Acessórios,1,228.09,0.0,17.66,245.75,Cartão de Débito,Confirmado,Standard,2024-02-13,2024-02-22
ORD002470,2024-03-05,GO,Centro-Oeste,Esportes,Suplementos,2,910.57,0.0,27.37,937.94,PIX,Confirmado,Standard,2024-03-14,2024-03-19
ORD002471,2024-06-30,BA,Nordeste,Livros,HQs,2,84.15,0.0,41.93,126.08,PIX,Confirmado,Standard,2024-07-14,2024-07-15
ORD002472,2024-08-15,MG,Sudeste,Moda,Calças,1,161.44,0.0,16.91,178.35,PIX,Confirmado,Standard,2024-08-20,2024-08-20
ORD002473,2024-01-23,SP,Sudeste,Moda,Vestidos,1,79.37,0.0,62.89,142.26,Cartão de Crédito,Confirmado,Same-Day,2024-01-23,2024-01-23
ORD002474,2024-10-26,BA,Nordeste,Esportes,Suplementos,1,422.49,0.0,59.97,482.46,Cartão de Crédito,Confirmado,Same-Day,2024-10-26,2024-11-08
ORD002475,2024-06-08,DF,Centro-Oeste,Esportes,Equipamentos,1,612.73,0.1,35.49,586.95,Cartão de Crédito,Confirmado,Standard,2024-06-18,2024-06-20
ORD002476,2024-03-16,PE,Nordeste,Casa e Decoração,Têxtil,1,1806.24,0.0,38.73,1844.97,Cartão de Crédito,Confirmado,Standard,2024-03-25,2024-03-25
ORD002477,2024-06-24,PR,Sul,Casa e Decoração,Móveis,1,418.97,0.05,33.88,431.91,Boleto,Confirmado,Standard,2024-07-08,2024-07-10
ORD002478,2024-09-22,DF,Centro-Oeste,Moda,Camisetas,1,459.82,0.0,31.32,491.14,Cartão de Crédito,Confirmado,Standard,2024-10-01,2024-09-29
ORD002479,2024-05-01,CE,Nordeste,Esportes,Roupas Esportivas,1,497.65,0.0,24.26,521.91,Cartão de Crédito,Confirmado,Standard,2024-05-11,2024-05-10
ORD002480,2024-08-04,SC,Sul,Moda,Calças,1,365.36,0.0,51.71,417.07,Cartão de Crédito,Cancelado,Same-Day,2024-08-04,
ORD002481,2024-04-13,PA,Norte,Eletrônicos,Tablets,1,2953.68,0.1,45.53,2703.84,Cartão de Crédito,Cancelado,Scheduled,2024-04-19,
ORD002482,2024-04-06,GO,Centro-Oeste,Livros,Infantis,2,299.26,0.05,21.29,305.58,PIX,Confirmado,Standard,2024-04-14,2024-04-16
ORD002483,2024-06-18,AM,Norte,Esportes,Calçados,1,704.77,0.0,48.68,753.45,PIX,Confirmado,Standard,2024-06-25,2024-06-28
ORD002484,2024-06-20,DF,Centro-Oeste,Casa e Decoração,Iluminação,1,1327.94,0.15,21.87,1150.62,Cartão de Crédito,Confirmado,Standard,2024-07-01,2024-07-02
ORD002485,2024-06-17,MG,Sudeste,Eletrônicos,Fones de Ouvido,1,4886.32,0.0,13.68,4900.0,Boleto,Cancelado,Standard,2024-06-25,
ORD002486,2024-01-22,PE,Nordeste,Moda,Camisetas,1,375.03,0.0,31.35,406.38,Cartão de Débito,Confirmado,Standard,2024-02-05,2024-02-06
ORD002487,2024-04-24,ES,Sudeste,Moda,Calçados,1,304.27,0.0,37.0,341.27,PIX,Confirmado,Standard,2024-05-08,2024-05-10
ORD002488,2024-04-19,RS,Sul,Livros,Técnicos,1,55.06,0.0,11.23,66.29,Cartão de Crédito,Confirmado,Standard,2024-04-28,2024-04-28
ORD002489,2024-07-11,RS,Sul,Livros,Não-ficção,1,66.45,0.0,21.01,87.46,Cartão de Crédito,Confirmado,Scheduled,2024-07-14,2024-07-19
ORD002490,2024-01-04,SC,Sul,Eletrônicos,Smartphones,1,4589.41,0.0,13.94,4603.35,Cartão de Débito,Confirmado,Standard,2024-01-09,2024-01-07
ORD002491,2024-07-02,SP,Sudeste,Esportes,Roupas Esportivas,1,742.84,0.0,28.16,771.0,Cartão de Crédito,Confirmado,Standard,2024-07-12,2024-07-26
ORD002492,2024-03-13,PR,Sul,Livros,Não-ficção,1,139.59,0.1,43.55,169.18,Cartão de Crédito,Confirmado,Scheduled,2024-03-20,2024-03-20
ORD002493,2024-10-26,MA,Nordeste,Casa e Decoração,Móveis,1,970.33,0.0,29.2,999.53,Cartão de Crédito,Confirmado,Scheduled,2024-11-04,2024-11-05
ORD002494,2024-01-16,RS,Sul,Moda,Vestidos,1,54.91,0.0,14.9,69.81,Cartão de Crédito,Confirmado,Standard,2024-01-25,
ORD002495,2024-03-30,RS,Sul,Casa e Decoração,Utensílios,1,1954.91,0.0,26.14,1981.05,Cartão de Crédito,Confirmado,Standard,2024-04-08,2024-04-06
ORD002496,2024-06-22,AM,Norte,Esportes,Equipamentos,3,1703.24,0.0,71.88,1775.12,Cartão de Débito,Confirmado,Same-Day,2024-06-22,2024-06-22
ORD002497,2024-04-01,RS,Sul,Eletrônicos,Notebooks,1,4971.04,0.0,10.71,4981.75,Cartão de Débito,Confirmado,Standard,2024-04-10,2024-04-08
ORD002498,2024-05-14,MA,Nordeste,Eletrônicos,Smartphones,1,728.53,0.0,24.96,753.49,Boleto,Confirmado,Standard,2024-05-27,2024-05-28
ORD002499,2024-03-11,BA,Nordeste,Eletrônicos,Tablets,2,1478.67,0.05,33.25,1437.98,PIX,Confirmado,Scheduled,2024-03-17,2024-03-15
ORD002500,2024-04-17,PR,Sul,Livros,Não-ficção,2,231.98,0.0,30.89,262.87,Cartão de Débito,Confirmado,Standard,2024-04-25,2024-04-26
ORD002501,2024-07-08,PA,Norte,Casa e Decoração,Utensílios,2,1660.41,0.05,23.72,1601.11,Cartão de Débito,Confirmado,Standard,2024-07-21,2024-07-19
ORD002502,2024-09-26,PA,Norte,Esportes,Acessórios,2,1342.52,0.0,20.5,1363.02,PIX,Cancelado,Scheduled,2024-10-04,
ORD002503,2024-02-03,RJ,Sudeste,Moda,Calças,1,70.39,0.0,39.04,109.43,Cartão de Débito,Cancelado,Scheduled,2024-02-09,
ORD002504,2024-04-07,RS,Sul,Esportes,Acessórios,1,244.58,0.0,30.41,274.99,Cartão de Crédito,Confirmado,Standard,2024-04-19,2024-04-17
ORD002505,2024-07-10,SC,Sul,Esportes,Acessórios,2,1065.49,0.0,37.51,1103.0,PIX,Confirmado,Standard,2024-07-16,2024-07-16
ORD002506,2024-05-05,MA,Nordeste,Eletrônicos,Smartwatches,2,7394.76,0.15,34.3,6319.85,Cartão de Crédito,Confirmado,Scheduled,2024-05-10,2024-05-14
ORD002507,2024-10-27,RS,Sul,Esportes,Suplementos,1,339.81,0.0,39.14,378.95,Cartão de Crédito,Confirmado,Same-Day,2024-10-27,2024-10-27
ORD002508,2024-03-17,SC,Sul,Moda,Camisetas,1,137.18,0.0,32.71,169.89,Cartão de Crédito,Confirmado,Standard,2024-03-28,2024-03-26
ORD002509,2024-05-23,AM,Norte,Moda,Acessórios,1,331.3,0.0,19.02,350.32,Cartão de Crédito,Confirmado,Standard,2024-05-31,2024-05-31
ORD002510,2024-10-26,MA,Nordeste,Livros,Não-ficção,2,192.65,0.0,41.72,234.37,Cartão de Crédito,Confirmado,Standard,2024-11-05,2024-11-05
ORD002511,2024-02-11,PA,Norte,Livros,HQs,1,82.5,0.1,44.94,119.19,PIX,Confirmado,Standard,2024-02-20,2024-02-20
ORD002512,2024-02-03,MG,Sudeste,Esportes,Acessórios,1,386.47,0.05,45.55,412.69,Boleto,Confirmado,Scheduled,2024-02-09,2024-02-07
ORD002513,2024-09-17,SC,Sul,Livros,HQs,1,143.09,0.0,37.71,180.8,PIX,Confirmado,Standard,2024-09-25,2024-09-26
ORD002514,2024-08-25,MG,Sudeste,Casa e Decoração,Decoração,1,1246.3,0.0,16.23,1262.53,Cartão de Débito,Cancelado,Standard,2024-09-05,
ORD002515,2024-09-26,ES,Sudeste,Livros,Infantis,1,141.62,0.0,46.26,187.88,Cartão de Crédito,Confirmado,Same-Day,2024-09-26,2024-09-26
ORD002516,2024-08-30,PR,Sul,Esportes,Acessórios,1,374.76,0.15,39.88,358.42,Cartão de Crédito,Confirmado,Standard,2024-09-11,2024-09-10
ORD002517,2024-10-25,GO,Centro-Oeste,Eletrônicos,Notebooks,3,2983.18,0.0,26.18,3009.36,Cartão de Crédito,Cancelado,Standard,2024-10-30,
ORD002518,2024-04-22,MA,Nordeste,Moda,Calçados,1,187.9,0.0,16.21,204.11,Cartão de Crédito,Confirmado,Standard,2024-04-28,2024-04-29
ORD002519,2024-04-30,BA,Nordeste,Moda,Vestidos,1,305.16,0.1,24.67,299.32,Boleto,Confirmado,Standard,2024-05-12,2024-05-24
ORD002520,2024-08-05,MA,Nordeste,Livros,HQs,2,64.47,0.0,20.16,84.63,Cartão de Crédito,Confirmado,Standard,2024-08-17,2024-08-20
ORD002521,2024-03-21,MA,Nordeste,Casa e Decoração,Decoração,1,1335.95,0.05,47.67,1316.82,Cartão de Débito,Confirmado,Standard,2024-04-04,2024-04-02
ORD002522,2024-10-08,RJ,Sudeste,Moda,Camisetas,1,361.64,0.0,20.83,382.47,PIX,Confirmado,Standard,2024-10-22,2024-11-02
ORD002523,2024-05-31,PE,Nordeste,Esportes,Suplementos,1,122.97,0.0,52.82,175.79,Cartão de Crédito,Confirmado,Scheduled,2024-06-09,2024-06-08
ORD002524,2024-04-27,DF,Centro-Oeste,Eletrônicos,Fones de Ouvido,3,7668.14,0.0,70.56,7738.7,PIX,Confirmado,Same-Day,2024-04-27,2024-05-01
ORD002525,2024-09-19,DF,Centro-Oeste,Casa e Decoração,Iluminação,1,1837.99,0.0,73.56,1911.55,Cartão de Crédito,Confirmado,Same-Day,2024-09-19,2024-09-19
ORD002526,2024-08-18,PE,Nordeste,Livros,Infantis,1,66.17,0.0,95.81,161.98,Cartão de Crédito,Confirmado,Same-Day,2024-08-18,2024-08-18
ORD002527,2024-07-07,PA,Norte,Livros,Técnicos,1,64.91,0.0,83.48,148.39,Boleto,Cancelado,Same-Day,2024-07-07,
ORD002528,2024-05-19,BA,Nordeste,Eletrônicos,Notebooks,1,3983.65,0.0,44.0,4027.65,Cartão de Crédito,Confirmado,Standard,2024-06-01,2024-05-30
ORD002529,2024-08-14,RS,Sul,Casa e Decoração,Móveis,1,1458.96,0.2,49.13,1216.3,Boleto,Confirmado,Same-Day,2024-08-14,2024-08-14
ORD002530,2024-07-02,MA,Nordeste,Eletrônicos,Tablets,1,4100.3,0.05,14.51,3909.8,PIX,Confirmado,Standard,2024-07-16,2024-07-15
ORD002531,2024-09-13,CE,Nordeste,Esportes,Roupas Esportivas,1,448.93,0.1,26.16,430.2,Cartão de Crédito,Confirmado,Scheduled,2024-09-17,2024-09-16
ORD002532,2024-05-21,MA,Nordeste,Moda,Camisetas,1,314.98,0.05,41.27,340.5,PIX,Confirmado,Standard,2024-06-04,2024-06-05
ORD002533,2024-03-01,RJ,Sudeste,Casa e Decoração,Móveis,1,446.58,0.2,42.21,399.47,Cartão de Crédito,Confirmado,Scheduled,2024-03-09,2024-03-07
ORD002534,2024-10-06,RS,Sul,Casa e Decoração,Utensílios,1,396.49,0.1,48.2,405.04,Cartão de Crédito,Confirmado,Scheduled,2024-10-12,2024-10-26
ORD002535,2024-06-17,PR,Sul,Casa e Decoração,Decoração,3,4581.01,0.0,32.17,4613.18,Cartão de Débito,Cancelado,Standard,2024-06-29,
ORD002536,2024-04-07,ES,Sudeste,Esportes,Equipamentos,1,584.38,0.0,18.33,602.71,Boleto,Cancelado,Standard,2024-04-19,
ORD002537,2024-10-05,MA,Nordeste,Casa e Decoração,Móveis,2,1721.54,0.0,60.58,1782.12,Cartão de Crédito,Confirmado,Scheduled,2024-10-11,2024-10-09
ORD002538,2024-06-02,PR,Sul,Casa e Decoração,Iluminação,1,724.22,0.0,18.84,743.06,Cartão de Crédito,Confirmado,Standard,2024-06-12,2024-06-10
ORD002539,2024-07-26,AM,Norte,Esportes,Roupas Esportivas,1,226.14,0.0,30.48,256.62,Cartão de Crédito,Confirmado,Scheduled,2024-08-02,2024-08-03
ORD002540,2024-08-29,GO,Centro-Oeste,Esportes,Equipamentos,1,149.02,0.05,39.31,180.88,Boleto,Confirmado,Standard,2024-09-03,2024-09-01
ORD002541,2024-07-22,RS,Sul,Moda,Calças,1,294.36,0.0,15.64,310.0,Cartão de Débito,Confirmado,Standard,2024-07-31,2024-07-29
ORD002542,2024-08-30,RS,Sul,Esportes,Calçados,1,183.3,0.1,30.69,195.66,Boleto,Confirmado,Standard,2024-09-12,2024-09-10
ORD002543,2024-10-09,PA,Norte,Livros,Infantis,2,201.45,0.0,89.77,291.22,Cartão de Crédito,Confirmado,Same-Day,2024-10-09,2024-10-09
ORD002544,2024-06-23,PA,Norte,Eletrônicos,Tablets,1,4206.21,0.0,19.33,4225.54,Cartão de Crédito,Confirmado,Standard,2024-06-28,2024-06-26
ORD002545,2024-04-06,BA,Nordeste,Livros,Não-ficção,1,124.18,0.0,15.67,139.85,Boleto,Confirmado,Standard,2024-04-14,2024-04-15
ORD002546,2024-08-12,PE,Nordeste,Esportes,Roupas Esportivas,2,657.81,0.0,33.12,690.93,Boleto,Confirmado,Standard,2024-08-18,2024-08-18
ORD002547,2024-07-10,MG,Sudeste,Esportes,Equipamentos,1,307.26,0.0,37.19,344.45,Cartão de Crédito,Confirmado,Scheduled,2024-07-17,2024-07-15
ORD002548,2024-06-05,ES,Sudeste,Eletrônicos,Fones de Ouvido,1,3298.44,0.0,20.33,3318.77,Cartão de Crédito,Confirmado,Standard,2024-06-16,2024-06-29
ORD002549,2024-06-30,SC,Sul,Moda,Calçados,1,470.56,0.0,47.96,518.52,Cartão de Crédito,Confirmado,Scheduled,2024-07-07,2024-07-10
ORD002550,2024-08-05,GO,Centro-Oeste,Livros,HQs,1,134.81,0.0,41.06,175.87,Cartão de Débito,Cancelado,Scheduled,2024-08-10,
ORD002551,2024-06-02,SC,Sul,Esportes,Roupas Esportivas,1,292.39,0.0,29.78,322.17,Cartão de Débito,Cancelado,Standard,2024-06-07,
ORD002552,2024-10-17,PA,Norte,Eletrônicos,Notebooks,1,4141.64,0.1,43.8,3771.28,Cartão de Crédito,Confirmado,Same-Day,2024-10-17,2024-10-20
ORD002553,2024-03-19,SC,Sul,Esportes,Calçados,1,738.61,0.0,17.63,756.24,Cartão de Crédito,Confirmado,Standard,2024-03-30,2024-03-29
ORD002554,2024-10-20,AM,Norte,Livros,Infantis,1,59.27,0.0,32.35,91.62,PIX,Confirmado,Standard,2024-11-03,2024-11-01
ORD002555,2024-04-14,BA,Nordeste,Eletrônicos,Smartwatches,1,2383.48,0.0,40.66,2424.14,Cartão de Crédito,Confirmado,Standard,2024-04-28,2024-04-29
ORD002556,2024-07-16,RS,Sul,Livros,Ficção,2,122.28,0.0,16.78,139.06,PIX,Confirmado,Standard,2024-07-22,2024-07-20
ORD002557,2024-06-17,DF,Centro-Oeste,Livros,Técnicos,1,89.65,0.0,26.68,116.33,Cartão de Crédito,Confirmado,Standard,2024-06-27,2024-06-25
ORD002558,2024-02-17,MG,Sudeste,Eletrônicos,Smartwatches,3,5829.51,0.0,32.27,5861.78,Cartão de Crédito,Confirmado,Same-Day,2024-02-17,2024-02-17
ORD002559,2024-03-31,SP,Sudeste,Esportes,Acessórios,1,244.11,0.0,18.08,262.19,Cartão de Débito,Confirmado,Standard,2024-04-08,2024-04-09
ORD002560,2024-01-14,MG,Sudeste,Moda,Camisetas,1,247.22,0.0,51.66,298.88,Cartão de Crédito,Confirmado,Same-Day,2024-01-14,2024-01-21
ORD002561,2024-07-16,PR,Sul,Moda,Calças,1,76.34,0.05,30.16,102.69,Cartão de Crédito,Confirmado,Standard,2024-07-24,2024-07-25
ORD002562,2024-05-29,GO,Centro-Oeste,Esportes,Roupas Esportivas,1,738.67,0.0,31.5,770.17,Cartão de Crédito,Confirmado,Standard,2024-06-05,2024-06-09
ORD002563,2024-08-20,SP,Sudeste,Casa e Decoração,Têxtil,1,1775.2,0.0,56.01,1831.21,Cartão de Crédito,Confirmado,Same-Day,2024-08-20,2024-08-20
ORD002564,2024-01-06,MG,Sudeste,Casa e Decoração,Iluminação,1,402.69,0.05,16.05,398.61,PIX,Confirmado,Standard,2024-01-16,2024-01-16
ORD002565,2024-07-19,MG,Sudeste,Eletrônicos,Notebooks,1,1495.75,0.05,63.13,1484.09,Cartão de Crédito,Confirmado,Same-Day,2024-07-19,2024-07-19
ORD002566,2024-10-01,BA,Nordeste,Livros,Ficção,1,120.31,0.0,26.39,146.7,Cartão de Crédito,Confirmado,Standard,2024-10-12,2024-10-13
ORD002567,2024-07-18,MA,Nordeste,Moda,Calças,1,141.06,0.05,25.61,159.62,Cartão de Crédito,Confirmado,Standard,2024-07-25,2024-07-27
ORD002568,2024-04-15,PR,Sul,Livros,Infantis,1,116.7,0.0,14.2,130.9,Cartão de Crédito,Confirmado,Standard,2024-04-23,2024-04-21
ORD002569,2024-03-22,DF,Centro-Oeste,Esportes,Suplementos,1,320.78,0.0,29.03,349.81,Cartão de Crédito,Confirmado,Standard,2024-03-29,2024-03-28
ORD002570,2024-10-27,RS,Sul,Esportes,Acessórios,1,175.54,0.05,37.44,204.2,Cartão de Débito,Cancelado,Scheduled,2024-10-30,
ORD002571,2024-05-21,RS,Sul,Eletrônicos,Notebooks,1,3232.89,0.05,28.19,3099.43,Boleto,Confirmado,Scheduled,2024-05-29,2024-05-28
ORD002572,2024-08-16,RJ,Sudeste,Livros,HQs,1,128.58,0.05,23.93,146.08,Cartão de Débito,Confirmado,Standard,2024-08-24,2024-08-25
ORD002573,2024-05-06,CE,Nordeste,Casa e Decoração,Têxtil,1,1438.42,0.0,22.92,1461.34,PIX,Confirmado,Standard,2024-05-14,2024-05-15
ORD002574,2024-09-08,PE,Nordeste,Livros,HQs,1,127.69,0.05,17.77,139.07,Cartão de Crédito,Confirmado,Standard,2024-09-19,2024-09-17
ORD002575,2024-01-21,ES,Sudeste,Eletrônicos,Tablets,1,841.95,0.0,62.19,904.14,PIX,Confirmado,Same-Day,2024-01-21,2024-01-21
ORD002576,2024-08-21,SC,Sul,Casa e Decoração,Iluminação,1,853.56,0.05,37.72,848.6,Cartão de Crédito,Confirmado,Standard,2024-08-28,2024-08-27
ORD002577,2024-03-30,BA,Nordeste,Moda,Calças,2,738.03,0.0,41.32,779.35,PIX,Cancelado,Standard,2024-04-05,
ORD002578,2024-08-09,PE,Nordeste,Livros,Não-ficção,1,53.89,0.0,59.03,112.92,Boleto,Confirmado,Scheduled,2024-08-18,2024-08-18
ORD002579,2024-10-18,RJ,Sudeste,Livros,Ficção,1,99.01,0.0,22.87,121.88,PIX,Confirmado,Standard,2024-10-27,2024-10-26
ORD002580,2024-05-02,MA,Nordeste,Moda,Vestidos,1,472.66,0.05,90.41,539.44,Cartão de Débito,Confirmado,Same-Day,2024-05-02,2024-05-04
ORD002581,2024-10-02,PR,Sul,Eletrônicos,Notebooks,1,3528.37,0.0,16.5,3544.87,Cartão de Crédito,Cancelado,Standard,2024-10-16,
ORD002582,2024-09-09,BA,Nordeste,Esportes,Roupas Esportivas,1,299.06,0.0,29.22,328.28,Cartão de Crédito,Confirmado,Standard,2024-09-23,2024-09-23
ORD002583,2024-07-07,RJ,Sudeste,Eletrônicos,Smartwatches,1,4318.87,0.0,32.13,4351.0,Cartão de Crédito,Confirmado,Standard,2024-07-16,2024-07-14
ORD002584,2024-06-15,BA,Nordeste,Livros,Não-ficção,1,49.25,0.05,16.17,62.96,Boleto,Confirmado,Standard,2024-06-22,2024-06-21
ORD002585,2024-05-09,RS,Sul,Esportes,Roupas Esportivas,1,602.84,0.0,32.19,635.03,PIX,Confirmado,Scheduled,2024-05-14,2024-05-15
ORD002586,2024-08-24,SP,Sudeste,Eletrônicos,Fones de Ouvido,1,1935.62,0.0,24.61,1960.23,Cartão de Crédito,Confirmado,Standard,2024-08-31,2024-08-30
ORD002587,2024-07-14,SC,Sul,Livros,Não-ficção,1,32.24,0.0,30.14,62.38,Cartão de Crédito,Confirmado,Scheduled,2024-07-20,2024-07-19
ORD002588,2024-07-22,SP,Sudeste,Eletrônicos,Tablets,1,1339.8,0.0,46.02,1385.82,Cartão de Crédito,Confirmado,Same-Day,2024-07-22,2024-07-23
ORD002589,2024-02-28,ES,Sudeste,Moda,Vestidos,2,152.19,0.15,20.71,150.07,PIX,Confirmado,Standard,2024-03-06,2024-03-05
ORD002590,2024-08-25,PE,Nordeste,Livros,Ficção,2,260.3,0.0,36.61,296.91,Boleto,Confirmado,Standard,2024-09-03,2024-09-02
ORD002591,2024-02-12,CE,Nordeste,Moda,Calçados,1,181.26,0.0,18.18,199.44,Cartão de Crédito,Confirmado,Standard,2024-02-19,2024-02-18
ORD002592,2024-03-12,PE,Nordeste,Casa e Decoração,Utensílios,1,473.17,0.1,15.27,441.12,Boleto,Confirmado,Standard,2024-03-17,2024-03-18
ORD002593,2024-03-28,AM,Norte,Eletrônicos,Smartwatches,1,1345.13,0.0,22.73,1367.86,Cartão de Crédito,Cancelado,Standard,2024-04-08,
ORD002594,2024-02-21,MG,Sudeste,Casa e Decoração,Móveis,1,539.1,0.0,29.87,568.97,PIX,Confirmado,Standard,2024-02-29,2024-03-01
ORD002595,2024-09-30,ES,Sudeste,Livros,Não-ficção,1,22.6,0.0,21.48,44.08,Cartão de Crédito,Confirmado,Standard,2024-10-08,2024-10-09
ORD002596,2024-02-09,GO,Centro-Oeste,Eletrônicos,Tablets,1,3595.12,0.0,49.41,3644.53,PIX,Confirmado,Scheduled,2024-02-14,2024-02-15
ORD002597,2024-03-19,PE,Nordeste,Casa e Decoração,Utensílios,1,1449.97,0.05,16.74,1394.21,Boleto,Confirmado,Standard,2024-03-31,2024-04-01
ORD002598,2024-04-20,ES,Sudeste,Eletrônicos,Smartwatches,1,2704.62,0.0,15.07,2719.69,PIX,Confirmado,Standard,2024-05-01,2024-05-02
ORD002599,2024-04-20,PE,Nordeste,Eletrônicos,Smartwatches,2,6019.79,0.0,44.86,6064.65,PIX,Confirmado,Standard,2024-05-02,2024-05-04
ORD002600,2024-02-22,BA,Nordeste,Casa e Decoração,Iluminação,1,850.13,0.0,41.36,891.49,PIX,Confirmado,Standard,2024-02-27,2024-02-28
ORD002601,2024-01-27,DF,Centro-Oeste,Eletrônicos,Smartphones,1,820.51,0.15,16.1,713.53,Cartão de Crédito,Confirmado,Standard,2024-02-06,2024-02-04
ORD002602,2024-07-12,PA,Norte,Moda,Calças,2,101.49,0.2,39.99,121.18,Cartão de Crédito,Cancelado,Same-Day,2024-07-12,
ORD002603,2024-07-10,MA,Nordeste,Moda,Calças,1,413.87,0.0,13.81,427.68,Boleto,Confirmado,Standard,2024-07-15,2024-07-16
ORD002604,2024-02-16,SP,Sudeste,Livros,Ficção,1,112.39,0.0,33.0,145.39,Boleto,Confirmado,Standard,2024-02-24,2024-02-22
ORD002605,2024-01-08,SC,Sul,Moda,Camisetas,2,929.43,0.1,13.63,850.12,Cartão de Débito,Confirmado,Standard,2024-01-22,2024-02-03
ORD002606,2024-04-22,MA,Nordeste,Eletrônicos,Notebooks,1,4708.03,0.05,20.01,4492.63,Boleto,Confirmado,Standard,2024-05-06,2024-05-05
ORD002607,2024-03-26,SP,Sudeste,Livros,HQs,1,40.11,0.0,15.07,55.18,PIX,Confirmado,Scheduled,2024-04-01,2024-04-01
ORD002608,2024-02-25,AM,Norte,Casa e Decoração,Decoração,3,4048.73,0.05,19.53,3865.83,PIX,Confirmado,Standard,2024-03-07,2024-03-14
ORD002609,2024-10-14,GO,Centro-Oeste,Moda,Acessórios,1,497.17,0.05,26.27,498.58,Cartão de Crédito,Confirmado,Standard,2024-10-25,2024-10-25
ORD002610,2024-04-16,MA,Nordeste,Esportes,Acessórios,1,309.17,0.05,51.87,345.58,PIX,Confirmado,Standard,2024-04-28,2024-04-27
ORD002611,2024-08-07,RJ,Sudeste,Moda,Calças,1,381.96,0.1,49.71,393.48,Cartão de Crédito,Confirmado,Same-Day,2024-08-07,2024-08-10
ORD002612,2024-02-24,SC,Sul,Casa e Decoração,Utensílios,2,1743.77,0.0,38.44,1782.21,Cartão de Crédito,Cancelado,Standard,2024-03-07,
ORD002613,2024-01-08,BA,Nordeste,Casa e Decoração,Móveis,1,764.24,0.1,39.98,727.8,Cartão de Crédito,Confirmado,Standard,2024-01-16,2024-01-14
ORD002614,2024-07-18,RS,Sul,Livros,Não-ficção,1,54.78,0.0,11.73,66.51,Cartão de Crédito,Confirmado,Standard,2024-07-24,2024-07-23
ORD002615,2024-02-03,GO,Centro-Oeste,Casa e Decoração,Têxtil,1,1894.7,0.1,25.81,1731.04,Boleto,Confirmado,Scheduled,2024-02-11,2024-02-12
ORD002616,2024-07-07,SP,Sudeste,Eletrônicos,Notebooks,3,12273.57,0.05,39.79,11699.68,Cartão de Débito,Confirmado,Scheduled,2024-07-10,2024-07-09
ORD002617,2024-07-29,PR,Sul,Esportes,Acessórios,1,396.21,0.0,21.47,417.68,Cartão de Crédito,Cancelado,Standard,2024-08-05,
ORD002618,2024-02-22,ES,Sudeste,Esportes,Calçados,1,668.17,0.05,40.63,675.39,PIX,Confirmado,Scheduled,2024-03-01,2024-03-03
ORD002619,2024-03-28,PR,Sul,Eletrônicos,Smartwatches,1,3619.34,0.0,21.07,3640.41,Cartão de Crédito,Confirmado,Standard,2024-04-05,2024-04-06
ORD002620,2024-06-15,GO,Centro-Oeste,Livros,Não-ficção,1,96.17,0.0,34.72,130.89,PIX,Cancelado,Scheduled,2024-06-18,
ORD002621,2024-06-19,MG,Sudeste,Casa e Decoração,Iluminação,1,1324.93,0.0,49.76,1374.69,PIX,Cancelado,Scheduled,2024-06-23,
ORD002622,2024-02-04,SC,Sul,Eletrônicos,Smartwatches,1,4856.33,0.1,17.14,4387.84,Cartão de Crédito,Cancelado,Standard,2024-02-17,
ORD002623,2024-10-26,PE,Nordeste,Livros,HQs,1,123.34,0.2,50.04,148.71,Cartão de Crédito,Confirmado,Standard,2024-11-02,2024-11-01
ORD002624,2024-04-29,CE,Nordeste,Esportes,Roupas Esportivas,1,212.21,0.0,50.54,262.75,Cartão de Crédito,Confirmado,Standard,2024-05-13,2024-05-11
ORD002625,2024-04-29,SP,Sudeste,Esportes,Roupas Esportivas,1,225.14,0.0,21.07,246.21,PIX,Confirmado,Standard,2024-05-09,2024-05-08
ORD002626,2024-06-07,RS,Sul,Livros,Não-ficção,1,62.36,0.0,38.14,100.5,Cartão de Crédito,Confirmado,Standard,2024-06-14,2024-06-21
ORD002627,2024-02-10,SP,Sudeste,Moda,Vestidos,1,164.0,0.1,28.16,175.76,PIX,Cancelado,Standard,2024-02-22,
ORD002628,2024-09-12,PR,Sul,Moda,Calças,1,246.96,0.0,37.92,284.88,PIX,Confirmado,Standard,2024-09-21,2024-09-20
ORD002629,2024-07-11,RS,Sul,Eletrônicos,Notebooks,1,2030.04,0.0,10.18,2040.22,Cartão de Crédito,Confirmado,Standard,2024-07-24,2024-07-22
ORD002630,2024-08-15,ES,Sudeste,Casa e Decoração,Utensílios,1,658.3,0.1,24.86,617.33,Cartão de Débito,Confirmado,Standard,2024-08-28,2024-08-28
ORD002631,2024-05-22,SC,Sul,Eletrônicos,Smartwatches,1,1332.16,0.0,32.07,1364.23,Cartão de Crédito,Confirmado,Standard,2024-05-29,2024-05-27
ORD002632,2024-07-31,GO,Centro-Oeste,Casa e Decoração,Móveis,2,977.94,0.0,32.21,1010.15,Cartão de Crédito,Confirmado,Scheduled,2024-08-03,2024-08-12
ORD002633,2024-04-27,AM,Norte,Casa e Decoração,Decoração,1,881.84,0.0,63.07,944.91,Boleto,Confirmado,Scheduled,2024-05-01,2024-05-11
ORD002634,2024-05-04,RS,Sul,Esportes,Roupas Esportivas,2,1354.83,0.0,43.87,1398.7,Boleto,Confirmado,Scheduled,2024-05-11,2024-05-12
ORD002635,2024-05-07,PA,Norte,Moda,Acessórios,1,479.05,0.05,44.87,499.97,PIX,Cancelado,Standard,2024-05-14,
ORD002636,2024-07-14,CE,Nordeste,Casa e Decoração,Utensílios,2,2153.36,0.0,43.89,2197.25,Boleto,Confirmado,Standard,2024-07-27,2024-08-06
ORD002637,2024-08-14,GO,Centro-Oeste,Eletrônicos,Smartphones,1,564.99,0.0,71.21,636.2,Cartão de Débito,Confirmado,Same-Day,2024-08-14,2024-08-14
ORD002638,2024-09-08,RJ,Sudeste,Moda,Camisetas,1,339.79,0.0,26.74,366.53,PIX,Confirmado,Standard,2024-09-22,2024-09-20
ORD002639,2024-03-13,RS,Sul,Moda,Camisetas,1,375.19,0.0,32.01,407.2,Cartão de Crédito,Confirmado,Standard,2024-03-25,2024-03-31
ORD002640,2024-03-29,DF,Centro-Oeste,Esportes,Equipamentos,3,372.86,0.0,29.49,402.35,Cartão de Crédito,Confirmado,Standard,2024-04-08,2024-04-07
ORD002641,2024-04-30,CE,Nordeste,Eletrônicos,Fones de Ouvido,3,14012.46,0.0,23.4,14035.86,Cartão de Crédito,Confirmado,Scheduled,2024-05-09,2024-05-20
ORD002642,2024-08-27,PR,Sul,Moda,Calças,1,242.79,0.0,25.27,268.06,Cartão de Crédito,Confirmado,Standard,2024-09-05,2024-09-06
ORD002643,2024-05-05,BA,Nordeste,Moda,Acessórios,1,209.38,0.0,45.06,254.44,Cartão de Crédito,Confirmado,Standard,2024-05-13,2024-05-12
ORD002644,2024-05-07,PR,Sul,Casa e Decoração,Têxtil,1,1144.51,0.0,76.4,1220.91,Cartão de Débito,Confirmado,Same-Day,2024-05-07,2024-05-07
ORD002645,2024-08-17,GO,Centro-Oeste,Moda,Vestidos,1,186.31,0.0,13.08,199.39,PIX,Cancelado,Standard,2024-08-31,
ORD002646,2024-09-03,RJ,Sudeste,Casa e Decoração,Iluminação,1,1882.58,0.0,12.4,1894.98,PIX,Confirmado,Standard,2024-09-13,2024-09-14
ORD002647,2024-07-12,MG,Sudeste,Livros,Infantis,1,82.78,0.1,34.05,108.55,Cartão de Crédito,Confirmado,Standard,2024-07-18,2024-07-20
ORD002648,2024-08-04,CE,Nordeste,Esportes,Acessórios,1,144.48,0.0,43.02,187.5,Cartão de Crédito,Confirmado,Same-Day,2024-08-04,2024-08-04
ORD002649,2024-03-20,AM,Norte,Livros,Ficção,1,111.13,0.0,39.76,150.89,Cartão de Crédito,Confirmado,Standard,2024-03-27,2024-03-25
ORD002650,2024-07-14,BA,Nordeste,Eletrônicos,Tablets,1,3426.6,0.05,68.36,3323.63,Cartão de Crédito,Confirmado,Same-Day,2024-07-14,2024-07-14
ORD002651,2024-10-31,CE,Nordeste,Moda,Acessórios,2,273.14,0.0,43.12,316.26,Boleto,Confirmado,Standard,2024-11-13,2024-11-14
ORD002652,2024-03-30,PR,Sul,Livros,Infantis,1,97.32,0.05,14.37,106.82,Cartão de Crédito,Confirmado,Standard,2024-04-10,2024-04-09
ORD002653,2024-06-05,PE,Nordeste,Casa e Decoração,Iluminação,1,744.98,0.05,58.61,766.34,Cartão de Crédito,Confirmado,Same-Day,2024-06-05,2024-06-08
ORD002654,2024-10-14,DF,Centro-Oeste,Livros,Ficção,2,234.18,0.05,38.3,260.77,PIX,Confirmado,Standard,2024-10-22,2024-10-22
ORD002655,2024-06-19,MG,Sudeste,Livros,Não-ficção,1,76.04,0.0,18.83,94.87,Boleto,Confirmado,Standard,2024-06-26,2024-06-27
ORD002656,2024-03-20,MA,Nordeste,Moda,Camisetas,2,478.4,0.0,92.86,571.26,Cartão de Crédito,Confirmado,Same-Day,2024-03-20,2024-03-20
ORD002657,2024-01-07,AM,Norte,Esportes,Suplementos,1,500.73,0.0,28.57,529.3,Cartão de Crédito,Confirmado,Standard,2024-01-13,2024-01-27
ORD002658,2024-09-08,BA,Nordeste,Livros,Infantis,1,95.18,0.0,91.46,186.64,Cartão de Crédito,Confirmado,Same-Day,2024-09-08,2024-09-11
ORD002659,2024-07-10,BA,Nordeste,Livros,Técnicos,1,37.55,0.0,27.48,65.03,PIX,Confirmado,Standard,2024-07-18,2024-07-22
ORD002660,2024-10-28,RJ,Sudeste,Livros,Ficção,1,45.48,0.0,23.46,68.94,Cartão de Crédito,Confirmado,Standard,2024-11-04,2024-11-08
ORD002661,2024-03-04,BA,Nordeste,Esportes,Equipamentos,1,266.56,0.0,41.29,307.85,Cartão de Crédito,Confirmado,Standard,2024-03-18,2024-03-17
ORD002662,2024-04-09,PA,Norte,Livros,Técnicos,2,297.19,0.0,53.81,351.0,Cartão de Débito,Confirmado,Scheduled,2024-04-18,2024-05-01
ORD002663,2024-06-27,CE,Nordeste,Livros,Técnicos,1,81.7,0.0,23.39,105.09,PIX,Confirmado,Scheduled,2024-07-05,2024-07-19
ORD002664,2024-01-30,GO,Centro-Oeste,Livros,Infantis,1,46.48,0.0,11.8,58.28,Cartão de Crédito,Confirmado,Standard,2024-02-09,2024-02-07
ORD002665,2024-05-06,RS,Sul,Livros,Ficção,1,128.17,0.0,31.45,159.62,PIX,Confirmado,Standard,2024-05-20,2024-05-18
ORD002666,2024-07-04,GO,Centro-Oeste,Eletrônicos,Notebooks,1,705.54,0.0,29.92,735.46,Cartão de Crédito,Confirmado,Standard,2024-07-14,2024-07-15
ORD002667,2024-05-13,DF,Centro-Oeste,Livros,Não-ficção,1,146.62,0.0,36.05,182.67,Boleto,Confirmado,Standard,2024-05-26,2024-05-26
ORD002668,2024-05-10,RS,Sul,Esportes,Calçados,1,717.79,0.0,25.21,743.0,Boleto,Confirmado,Standard,2024-05-21,2024-05-22
ORD002669,2024-03-23,SP,Sudeste,Eletrônicos,Smartphones,1,2554.7,0.0,16.31,2571.01,PIX,Confirmado,Standard,2024-04-01,2024-04-02
ORD002670,2024-07-15,BA,Nordeste,Esportes,Roupas Esportivas,1,566.53,0.2,24.27,477.5,PIX,Confirmado,Standard,2024-07-27,2024-07-26
ORD002671,2024-09-22,MA,Nordeste,Moda,Calçados,1,204.5,0.1,40.67,224.72,Cartão de Crédito,Confirmado,Scheduled,2024-09-25,2024-09-26
ORD002672,2024-03-25,AM,Norte,Livros,Técnicos,1,99.24,0.1,27.48,116.8,PIX,Confirmado,Standard,2024-04-01,2024-03-30
ORD002673,2024-06-03,CE,Nordeste,Esportes,Acessórios,1,388.5,0.0,39.74,428.24,Cartão de Crédito,Confirmado,Standard,2024-06-15,2024-06-26
ORD002674,2024-10-27,PR,Sul,Livros,Ficção,1,99.78,0.0,23.68,123.46,PIX,Confirmado,Standard,2024-11-07,2024-11-07
ORD002675,2024-02-25,GO,Centro-Oeste,Esportes,Suplementos,1,236.64,0.05,17.34,242.14,Cartão de Crédito,Confirmado,Standard,2024-03-02,2024-03-04
ORD002676,2024-03-14,PR,Sul,Moda,Calçados,1,232.68,0.15,16.23,214.01,Cartão de Débito,Cancelado,Standard,2024-03-19,
ORD002677,2024-06-06,SP,Sudeste,Moda,Calçados,1,195.04,0.0,14.87,209.91,Cartão de Débito,Confirmado,Standard,2024-06-16,2024-06-22
ORD002678,2024-01-01,RJ,Sudeste,Eletrônicos,Fones de Ouvido,1,4361.14,0.2,12.53,3501.44,PIX,Confirmado,Standard,2024-01-09,2024-01-07
ORD002679,2024-09-25,BA,Nordeste,Casa e Decoração,Iluminação,1,914.79,0.05,23.64,892.69,Cartão de Crédito,Confirmado,Standard,2024-09-30,2024-09-30
ORD002680,2024-03-28,MG,Sudeste,Casa e Decoração,Utensílios,1,217.43,0.05,31.97,238.52,Cartão de Crédito,Confirmado,Standard,2024-04-11,2024-04-15
ORD002681,2024-03-09,RS,Sul,Livros,Não-ficção,1,142.56,0.15,24.33,145.5,Cartão de Crédito,Confirmado,Standard,2024-03-23,2024-03-21
ORD002682,2024-09-14,RJ,Sudeste,Livros,HQs,1,40.15,0.0,39.52,79.67,PIX,Confirmado,Standard,2024-09-19,2024-09-17
ORD002683,2024-04-18,MG,Sudeste,Moda,Camisetas,1,254.61,0.0,36.73,291.34,PIX,Confirmado,Standard,2024-04-23,2024-05-02
ORD002684,2024-04-03,PA,Norte,Moda,Vestidos,1,467.77,0.0,37.23,505.0,Cartão de Crédito,Confirmado,Standard,2024-04-08,2024-04-10
ORD002685,2024-07-28,PE,Nordeste,Esportes,Roupas Esportivas,1,281.02,0.0,48.04,329.06,Cartão de Crédito,Confirmado,Standard,2024-08-04,2024-08-02
ORD002686,2024-03-26,RJ,Sudeste,Casa e Decoração,Móveis,2,1532.42,0.0,39.86,1572.28,Cartão de Crédito,Confirmado,Same-Day,2024-03-26,2024-03-26
ORD002687,2024-07-12,RJ,Sudeste,Casa e Decoração,Móveis,1,402.91,0.0,26.19,429.1,Cartão de Débito,Confirmado,Standard,2024-07-22,2024-07-22
ORD002688,2024-06-24,SP,Sudeste,Esportes,Equipamentos,1,607.36,0.0,27.78,635.14,PIX,Confirmado,Standard,2024-07-07,2024-07-13
ORD002689,2024-09-01,PE,Nordeste,Eletrônicos,Smartphones,1,1513.7,0.0,41.77,1555.47,Cartão de Crédito,Confirmado,Same-Day,2024-09-01,2024-09-01
ORD002690,2024-02-01,PR,Sul,Eletrônicos,Smartwatches,1,3226.19,0.0,16.91,3243.1,Cartão de Crédito,Confirmado,Standard,2024-02-06,2024-02-04
ORD002691,2024-01-22,RJ,Sudeste,Moda,Acessórios,1,412.17,0.1,16.36,387.31,Cartão de Crédito,Confirmado,Scheduled,2024-01-28,2024-02-02
ORD002692,2024-01-04,BA,Nordeste,Esportes,Calçados,1,602.5,0.05,101.38,673.76,Cartão de Crédito,Confirmado,Same-Day,2024-01-04,2024-01-04
ORD002693,2024-05-16,MA,Nordeste,Livros,Infantis,1,132.16,0.0,30.39,162.55,Cartão de Crédito,Confirmado,Standard,2024-05-29,2024-06-01
ORD002694,2024-06-21,DF,Centro-Oeste,Livros,Técnicos,2,221.13,0.0,34.35,255.48,Cartão de Crédito,Confirmado,Standard,2024-07-02,2024-07-02
ORD002695,2024-07-08,GO,Centro-Oeste,Casa e Decoração,Decoração,1,1364.24,0.0,47.01,1411.25,Cartão de Crédito,Cancelado,Scheduled,2024-07-14,
ORD002696,2024-05-02,SC,Sul,Livros,Infantis,3,374.22,0.15,31.85,349.94,PIX,Confirmado,Standard,2024-05-16,2024-05-20
ORD002697,2024-01-30,SC,Sul,Casa e Decoração,Móveis,1,290.15,0.0,30.8,320.95,Cartão de Crédito,Confirmado,Scheduled,2024-02-06,2024-02-08
ORD002698,2024-01-02,PE,Nordeste,Livros,Não-ficção,1,131.95,0.0,39.68,171.63,Cartão de Crédito,Confirmado,Standard,2024-01-08,2024-01-07
ORD002699,2024-01-14,DF,Centro-Oeste,Eletrônicos,Smartwatches,2,2975.69,0.05,20.13,2847.04,Cartão de Débito,Confirmado,Standard,2024-01-27,2024-01-26
ORD002700,2024-05-23,ES,Sudeste,Moda,Vestidos,1,234.84,0.0,25.84,260.68,PIX,Confirmado,Standard,2024-06-05,2024-06-12
ORD002701,2024-08-19,DF,Centro-Oeste,Livros,HQs,1,145.04,0.1,68.07,198.61,PIX,Confirmado,Same-Day,2024-08-19,2024-08-24
ORD002702,2024-07-30,GO,Centro-Oeste,Moda,Camisetas,1,303.45,0.0,40.99,344.44,Cartão de Crédito,Cancelado,Standard,2024-08-10,
ORD002703,2024-06-13,SP,Sudeste,Casa e Decoração,Móveis,1,1130.69,0.1,23.19,1040.81,Cartão de Crédito,Confirmado,Standard,2024-06-23,2024-06-26
ORD002704,2024-06-15,GO,Centro-Oeste,Livros,Não-ficção,1,124.73,0.05,11.15,129.64,PIX,Confirmado,Standard,2024-06-29,2024-06-28
ORD002705,2024-09-05,BA,Nordeste,Esportes,Roupas Esportivas,1,118.21,0.0,35.0,153.21,Cartão de Crédito,Confirmado,Standard,2024-09-17,2024-09-15
ORD002706,2024-06-27,BA,Nordeste,Livros,Ficção,1,91.65,0.0,102.22,193.87,Boleto,Cancelado,Same-Day,2024-06-27,
ORD002707,2024-07-16,PR,Sul,Esportes,Equipamentos,1,80.79,0.0,25.96,106.75,PIX,Confirmado,Standard,2024-07-29,2024-07-29
ORD002708,2024-03-14,AM,Norte,Esportes,Calçados,2,1412.78,0.0,84.58,1497.36,Cartão de Débito,Cancelado,Same-Day,2024-03-14,
ORD002709,2024-09-15,SP,Sudeste,Moda,Calçados,1,289.91,0.0,13.05,302.96,Cartão de Crédito,Confirmado,Standard,2024-09-21,2024-09-20
ORD002710,2024-02-14,PR,Sul,Esportes,Acessórios,1,111.96,0.0,39.5,151.46,Cartão de Crédito,Cancelado,Scheduled,2024-02-20,
ORD002711,2024-03-27,MA,Nordeste,Livros,Ficção,1,50.78,0.0,43.88,94.66,Cartão de Crédito,Confirmado,Standard,2024-04-02,2024-04-03
ORD002712,2024-09-03,GO,Centro-Oeste,Esportes,Equipamentos,2,816.24,0.0,30.03,846.27,Cartão de Crédito,Confirmado,Standard,2024-09-10,2024-09-10
ORD002713,2024-05-04,RS,Sul,Moda,Camisetas,3,401.78,0.05,27.73,409.42,Boleto,Cancelado,Standard,2024-05-15,
ORD002714,2024-02-24,BA,Nordeste,Eletrônicos,Notebooks,1,4242.75,0.0,15.69,4258.44,PIX,Confirmado,Standard,2024-03-08,2024-03-07
ORD002715,2024-06-16,MA,Nordeste,Livros,Técnicos,1,69.39,0.05,52.13,118.05,Boleto,Confirmado,Scheduled,2024-06-22,2024-06-21
ORD002716,2024-04-22,ES,Sudeste,Casa e Decoração,Iluminação,2,1077.9,0.0,32.62,1110.52,PIX,Confirmado,Standard,2024-04-28,2024-04-27
ORD002717,2024-03-04,GO,Centro-Oeste,Moda,Acessórios,2,952.2,0.05,14.42,919.01,Cartão de Crédito,Confirmado,Standard,2024-03-17,2024-03-16
ORD002718,2024-09-08,RJ,Sudeste,Casa e Decoração,Utensílios,2,756.84,0.05,17.47,736.47,PIX,Confirmado,Standard,2024-09-22,2024-09-25
ORD002719,2024-10-21,PA,Norte,Esportes,Roupas Esportivas,1,782.91,0.0,58.45,841.36,PIX,Confirmado,Same-Day,2024-10-21,2024-10-24
ORD002720,2024-06-24,BA,Nordeste,Livros,HQs,1,105.35,0.0,15.05,120.4,Cartão de Crédito,Cancelado,Standard,2024-07-06,
ORD002721,2024-08-11,PA,Norte,Moda,Calças,1,404.09,0.0,46.79,450.88,PIX,Confirmado,Standard,2024-08-19,2024-08-31
ORD002722,2024-05-12,RJ,Sudeste,Casa e Decoração,Móveis,1,1110.53,0.0,27.7,1138.23,Cartão de Crédito,Confirmado,Standard,2024-05-22,2024-05-23
ORD002723,2024-02-27,RJ,Sudeste,Casa e Decoração,Têxtil,2,3633.47,0.0,33.8,3667.27,PIX,Confirmado,Standard,2024-03-05,2024-03-09
ORD002724,2024-04-06,ES,Sudeste,Eletrônicos,Smartwatches,1,3819.58,0.05,37.38,3665.98,Boleto,Confirmado,Standard,2024-04-20,2024-04-19
ORD002725,2024-07-07,MG,Sudeste,Casa e Decoração,Iluminação,1,1294.8,0.0,31.02,1325.82,Boleto,Confirmado,Standard,2024-07-16,2024-07-14
ORD002726,2024-10-22,ES,Sudeste,Eletrônicos,Tablets,1,2510.38,0.0,30.12,2540.5,Cartão de Crédito,Confirmado,Scheduled,2024-10-27,2024-10-27
ORD002727,2024-02-01,DF,Centro-Oeste,Esportes,Equipamentos,1,739.12,0.0,39.36,778.48,Cartão de Débito,Confirmado,Standard,2024-02-15,2024-02-16
ORD002728,2024-07-17,BA,Nordeste,Casa e Decoração,Decoração,1,1944.22,0.0,18.75,1962.97,Cartão de Crédito,Confirmado,Standard,2024-07-22,2024-07-23
ORD002729,2024-03-05,CE,Nordeste,Esportes,Calçados,1,538.0,0.0,49.89,587.89,PIX,Cancelado,Scheduled,2024-03-11,
ORD002730,2024-04-23,RJ,Sudeste,Livros,Ficção,2,65.11,0.1,20.98,79.58,PIX,Confirmado,Standard,2024-05-05,2024-05-10
ORD002731,2024-10-02,AM,Norte,Livros,Técnicos,1,103.18,0.05,37.56,135.58,Cartão de Crédito,Confirmado,Standard,2024-10-11,2024-10-17
ORD002732,2024-03-15,AM,Norte,Casa e Decoração,Utensílios,1,657.5,0.0,36.29,693.79,PIX,Confirmado,Standard,2024-03-29,2024-03-30
ORD002733,2024-09-12,GO,Centro-Oeste,Livros,Não-ficção,2,106.95,0.0,16.42,123.37,Cartão de Crédito,Confirmado,Standard,2024-09-25,2024-09-26
ORD002734,2024-05-25,MG,Sudeste,Eletrônicos,Smartwatches,1,4062.92,0.0,48.88,4111.8,Cartão de Crédito,Confirmado,Scheduled,2024-05-30,2024-06-03
ORD002735,2024-06-12,PR,Sul,Esportes,Roupas Esportivas,1,633.25,0.0,75.76,709.01,Cartão de Débito,Confirmado,Same-Day,2024-06-12,2024-06-12
ORD002736,2024-05-20,AM,Norte,Esportes,Acessórios,1,709.1,0.05,28.72,702.37,Cartão de Crédito,Cancelado,Scheduled,2024-05-29,
ORD002737,2024-04-20,PE,Nordeste,Casa e Decoração,Iluminação,1,1799.3,0.0,38.83,1838.13,PIX,Confirmado,Standard,2024-05-01,2024-04-30
ORD002738,2024-01-31,PA,Norte,Casa e Decoração,Utensílios,1,460.69,0.15,15.45,407.04,Cartão de Crédito,Confirmado,Standard,2024-02-11,2024-02-10
ORD002739,2024-04-17,AM,Norte,Moda,Camisetas,1,70.21,0.05,37.07,103.77,Cartão de Débito,Confirmado,Standard,2024-04-25,2024-04-29
ORD002740,2024-04-01,AM,Norte,Livros,Infantis,1,104.73,0.0,27.48,132.21,Cartão de Crédito,Confirmado,Standard,2024-04-15,2024-04-14
ORD002741,2024-06-02,AM,Norte,Moda,Camisetas,1,101.8,0.0,31.39,133.19,Cartão de Crédito,Confirmado,Standard,2024-06-08,2024-06-08
ORD002742,2024-10-07,BA,Nordeste,Casa e Decoração,Iluminação,2,2155.2,0.0,32.63,2187.83,Cartão de Débito,Confirmado,Standard,2024-10-14,2024-10-15
ORD002743,2024-08-30,SC,Sul,Livros,Infantis,2,89.17,0.0,37.8,126.97,Cartão de Crédito,Confirmado,Standard,2024-09-09,2024-09-07
ORD002744,2024-02-06,CE,Nordeste,Casa e Decoração,Decoração,1,451.79,0.05,21.74,450.94,Cartão de Crédito,Confirmado,Scheduled,2024-02-10,2024-02-15
ORD002745,2024-04-09,ES,Sudeste,Esportes,Acessórios,1,596.0,0.0,17.65,613.65,Cartão de Crédito,Confirmado,Standard,2024-04-23,2024-04-21
ORD002746,2024-02-19,MG,Sudeste,Casa e Decoração,Têxtil,1,1981.33,0.0,27.52,2008.85,Cartão de Débito,Confirmado,Standard,2024-02-29,2024-02-27
ORD002747,2024-01-28,AM,Norte,Casa e Decoração,Iluminação,1,1432.25,0.0,75.21,1507.46,Cartão de Débito,Confirmado,Same-Day,2024-01-28,2024-01-28
ORD002748,2024-03-24,DF,Centro-Oeste,Moda,Calçados,1,174.23,0.0,36.53,210.76,PIX,Confirmado,Standard,2024-04-05,2024-04-05
ORD002749,2024-09-04,PR,Sul,Moda,Calças,1,167.01,0.0,35.52,202.53,PIX,Confirmado,Standard,2024-09-11,2024-09-10
ORD002750,2024-04-21,PA,Norte,Moda,Camisetas,1,177.46,0.0,39.04,216.5,Boleto,Cancelado,Standard,2024-05-05,
ORD002751,2024-07-04,ES,Sudeste,Esportes,Roupas Esportivas,1,768.65,0.15,41.87,695.22,Cartão de Crédito,Confirmado,Scheduled,2024-07-08,2024-07-09
ORD002752,2024-03-16,BA,Nordeste,Livros,Não-ficção,1,123.52,0.0,23.34,146.86,Cartão de Crédito,Confirmado,Standard,2024-03-26,2024-03-25
ORD002753,2024-01-29,RJ,Sudeste,Casa e Decoração,Iluminação,1,1131.17,0.0,24.33,1155.5,Cartão de Crédito,Cancelado,Standard,2024-02-04,
ORD002754,2024-04-01,SP,Sudeste,Eletrônicos,Smartwatches,1,2803.97,0.0,32.12,2836.09,Cartão de Crédito,Confirmado,Standard,2024-04-11,2024-04-09
ORD002755,2024-06-22,DF,Centro-Oeste,Livros,Não-ficção,1,146.99,0.0,19.0,165.99,Boleto,Confirmado,Standard,2024-07-01,2024-07-05
ORD002756,2024-07-25,RS,Sul,Eletrônicos,Smartphones,1,3608.4,0.0,62.09,3670.49,Cartão de Débito,Confirmado,Same-Day,2024-07-25,2024-07-25
ORD002757,2024-05-03,BA,Nordeste,Livros,Técnicos,3,333.06,0.0,20.82,353.88,PIX,Confirmado,Standard,2024-05-08,2024-05-09
ORD002758,2024-03-29,GO,Centro-Oeste,Livros,Ficção,2,201.48,0.0,42.86,244.34,Cartão de Crédito,Confirmado,Standard,2024-04-07,2024-04-19
ORD002759,2024-08-25,AM,Norte,Livros,Técnicos,1,73.92,0.05,47.17,117.4,PIX,Confirmado,Standard,2024-08-31,2024-08-31
ORD002760,2024-08-15,SC,Sul,Eletrônicos,Smartphones,1,3334.1,0.0,18.06,3352.16,Cartão de Crédito,Confirmado,Standard,2024-08-20,2024-08-18
ORD002761,2024-02-29,RJ,Sudeste,Eletrônicos,Fones de Ouvido,1,1231.27,0.0,53.52,1284.79,PIX,Confirmado,Same-Day,2024-02-29,2024-03-02
ORD002762,2024-09-17,RS,Sul,Eletrônicos,Smartwatches,1,1149.83,0.1,32.01,1066.86,PIX,Confirmado,Standard,2024-09-28,2024-09-26
ORD002763,2024-10-20,DF,Centro-Oeste,Livros,Técnicos,1,107.68,0.0,26.4,134.08,Boleto,Cancelado,Standard,2024-11-02,
ORD002764,2024-02-18,PA,Norte,Esportes,Equipamentos,1,694.75,0.0,28.92,723.67,Cartão de Crédito,Confirmado,Standard,2024-02-23,2024-02-22
ORD002765,2024-07-15,PE,Nordeste,Livros,Técnicos,1,116.73,0.0,40.15,156.88,Cartão de Crédito,Confirmado,Standard,2024-07-20,2024-07-21
ORD002766,2024-10-19,MG,Sudeste,Eletrônicos,Tablets,1,3654.08,0.0,58.62,3712.7,PIX,Confirmado,Same-Day,2024-10-19,2024-10-19
ORD002767,2024-02-02,ES,Sudeste,Esportes,Equipamentos,1,442.69,0.0,21.02,463.71,PIX,Confirmado,Standard,2024-02-16,2024-02-24
ORD002768,2024-07-26,AM,Norte,Eletrônicos,Fones de Ouvido,1,2989.57,0.0,45.91,3035.48,Cartão de Crédito,Confirmado,Same-Day,2024-07-26,2024-07-26
ORD002769,2024-10-11,AM,Norte,Esportes,Calçados,1,661.02,0.0,21.85,682.87,Cartão de Crédito,Confirmado,Scheduled,2024-10-18,2024-10-30
ORD002770,2024-09-07,RJ,Sudeste,Esportes,Calçados,1,674.78,0.0,21.15,695.93,Cartão de Débito,Confirmado,Standard,2024-09-16,2024-09-16
ORD002771,2024-10-02,ES,Sudeste,Eletrônicos,Notebooks,1,2093.34,0.0,35.7,2129.04,Cartão de Crédito,Confirmado,Standard,2024-10-16,2024-10-17
ORD002772,2024-03-01,MG,Sudeste,Esportes,Equipamentos,1,598.33,0.0,13.94,612.27,Cartão de Crédito,Confirmado,Standard,2024-03-15,2024-03-13
ORD002773,2024-01-03,CE,Nordeste,Livros,Técnicos,1,24.48,0.05,17.97,41.22,PIX,Confirmado,Standard,2024-01-16,2024-01-17
ORD002774,2024-03-03,SP,Sudeste,Moda,Acessórios,1,269.51,0.0,13.82,283.33,Cartão de Crédito,Confirmado,Standard,2024-03-12,2024-03-13
ORD002775,2024-04-15,GO,Centro-Oeste,Moda,Camisetas,1,445.69,0.0,34.07,479.76,Cartão de Crédito,Cancelado,Scheduled,2024-04-22,
ORD002776,2024-10-14,PR,Sul,Eletrônicos,Smartphones,1,2902.52,0.0,13.04,2915.56,PIX,Confirmado,Standard,2024-10-27,2024-10-30
ORD002777,2024-03-04,CE,Nordeste,Casa e Decoração,Decoração,2,1219.32,0.05,27.24,1185.6,Cartão de Crédito,Confirmado,Scheduled,2024-03-11,2024-03-12
ORD002778,2024-10-05,MG,Sudeste,Livros,Ficção,1,146.22,0.15,37.81,162.1,Cartão de Crédito,Confirmado,Standard,2024-10-13,2024-10-16
ORD002779,2024-05-07,PR,Sul,Eletrônicos,Smartwatches,1,2709.24,0.0,36.22,2745.46,PIX,Confirmado,Scheduled,2024-05-13,2024-05-13
ORD002780,2024-05-30,GO,Centro-Oeste,Esportes,Acessórios,1,499.37,0.0,16.12,515.49,Cartão de Crédito,Confirmado,Standard,2024-06-04,2024-06-05
ORD002781,2024-03-12,DF,Centro-Oeste,Livros,Técnicos,2,56.72,0.0,29.58,86.3,Boleto,Confirmado,Standard,2024-03-21,2024-03-19
ORD002782,2024-09-24,MA,Nordeste,Casa e Decoração,Têxtil,1,1359.6,0.0,86.3,1445.9,Cartão de Crédito,Confirmado,Same-Day,2024-09-24,2024-10-01
ORD002783,2024-10-02,CE,Nordeste,Moda,Camisetas,2,293.46,0.0,25.77,319.23,PIX,Cancelado,Standard,2024-10-14,
ORD002784,2024-01-23,RS,Sul,Eletrônicos,Notebooks,1,3211.0,0.0,37.14,3248.14,PIX,Confirmado,Standard,2024-02-01,2024-01-30
ORD002785,2024-03-13,PR,Sul,Moda,Calças,1,202.04,0.1,30.13,211.96,Cartão de Crédito,Confirmado,Standard,2024-03-20,2024-03-30
ORD002786,2024-10-09,RS,Sul,Esportes,Suplementos,2,819.07,0.0,48.23,867.3,PIX,Cancelado,Same-Day,2024-10-09,
ORD002787,2024-05-22,MG,Sudeste,Esportes,Acessórios,1,452.75,0.0,33.45,486.2,Cartão de Crédito,Confirmado,Standard,2024-05-29,2024-05-30
ORD002788,2024-02-08,CE,Nordeste,Casa e Decoração,Decoração,1,1708.94,0.0,50.15,1759.09,Cartão de Crédito,Confirmado,Standard,2024-02-21,2024-02-22
ORD002789,2024-07-14,GO,Centro-Oeste,Moda,Calçados,1,193.46,0.0,29.14,222.6,Cartão de Crédito,Cancelado,Standard,2024-07-22,
ORD002790,2024-08-21,RJ,Sudeste,Casa e Decoração,Iluminação,1,1117.76,0.0,38.58,1156.34,Cartão de Crédito,Cancelado,Standard,2024-09-02,
ORD002791,2024-03-14,CE,Nordeste,Moda,Camisetas,1,282.8,0.0,51.98,334.78,PIX,Confirmado,Same-Day,2024-03-14,2024-03-27
ORD002792,2024-05-17,GO,Centro-Oeste,Moda,Vestidos,2,449.75,0.1,18.86,423.64,Cartão de Crédito,Cancelado,Standard,2024-05-24,
ORD002793,2024-10-15,GO,Centro-Oeste,Esportes,Calçados,3,1036.98,0.0,32.04,1069.02,Cartão de Débito,Cancelado,Standard,2024-10-26,
ORD002794,2024-03-24,BA,Nordeste,Moda,Vestidos,2,285.79,0.0,46.96,332.75,Cartão de Crédito,Confirmado,Standard,2024-03-29,2024-04-01
ORD002795,2024-08-10,BA,Nordeste,Eletrônicos,Smartwatches,1,2100.28,0.0,32.44,2132.72,Cartão de Débito,Confirmado,Standard,2024-08-23,2024-08-23
ORD002796,2024-05-06,RJ,Sudeste,Casa e Decoração,Móveis,1,1811.66,0.0,38.54,1850.2,Cartão de Crédito,Confirmado,Standard,2024-05-13,2024-05-12
ORD002797,2024-09-29,RJ,Sudeste,Esportes,Acessórios,1,480.37,0.2,28.87,413.17,Cartão de Crédito,Confirmado,Scheduled,2024-10-04,2024-10-04
ORD002798,2024-02-03,SC,Sul,Eletrônicos,Tablets,1,4444.2,0.0,24.79,4468.99,PIX,Confirmado,Standard,2024-02-17,2024-02-16
ORD002799,2024-06-19,PA,Norte,Casa e Decoração,Utensílios,1,620.27,0.0,14.39,634.66,Boleto,Confirmado,Standard,2024-07-02,2024-07-11
ORD002800,2024-04-25,PR,Sul,Eletrônicos,Smartphones,1,4512.69,0.05,15.05,4302.11,Cartão de Crédito,Confirmado,Standard,2024-05-02,2024-05-09
ORD002801,2024-07-12,RS,Sul,Livros,Ficção,1,39.98,0.0,35.32,75.3,Cartão de Débito,Confirmado,Standard,2024-07-25,2024-07-26
ORD002802,2024-03-04,MG,Sudeste,Esportes,Suplementos,1,138.48,,12.22,150.7,Cartão de Débito,Cancelado,Standard,2024-03-13,
ORD002803,2024-10-28,AM,Norte,Livros,Ficção,1,127.13,0.0,20.65,147.78,Cartão de Crédito,Confirmado,Scheduled,2024-11-02,2024-11-13
ORD002804,2024-09-27,SC,Sul,Esportes,Suplementos,2,1057.29,0.2,53.43,899.26,PIX,Confirmado,Same-Day,2024-09-27,2024-09-28
ORD002805,2024-10-09,PR,Sul,Esportes,Roupas Esportivas,3,1301.05,0.05,26.98,1262.98,Cartão de Crédito,Confirmado,Scheduled,2024-10-14,2024-10-19
ORD002806,2024-01-25,MG,Sudeste,Casa e Decoração,Iluminação,1,531.77,0.0,10.73,542.5,Cartão de Crédito,Confirmado,Standard,2024-02-07,2024-02-09
ORD002807,2024-04-02,SC,Sul,Esportes,Calçados,1,497.25,0.0,24.27,521.52,Cartão de Crédito,Confirmado,Standard,2024-04-11,2024-04-13
ORD002808,2024-10-31,MA,Nordeste,Livros,Infantis,1,20.95,0.0,17.2,38.15,Boleto,Confirmado,Standard,2024-11-11,2024-11-10
ORD002809,2024-10-30,MG,Sudeste,Casa e Decoração,Móveis,2,3793.7,0.0,59.7,3853.4,Cartão de Débito,Confirmado,Same-Day,2024-10-30,2024-11-03
ORD002810,2024-09-19,ES,Sudeste,Moda,Calças,1,198.21,0.0,33.16,231.37,PIX,Confirmado,Standard,2024-09-25,2024-09-24
ORD002811,2024-03-14,BA,Nordeste,Esportes,Suplementos,1,609.1,0.05,82.55,661.19,Cartão de Crédito,Cancelado,Same-Day,2024-03-14,
ORD002812,2024-01-28,MA,Nordeste,Casa e Decoração,Utensílios,1,1537.18,0.0,16.36,1553.54,Cartão de Crédito,Confirmado,Standard,2024-02-03,2024-02-01
ORD002813,2024-08-02,ES,Sudeste,Livros,Não-ficção,1,101.04,0.0,41.17,142.21,Boleto,Confirmado,Scheduled,2024-08-08,2024-08-06
ORD002814,2024-08-12,SC,Sul,Livros,HQs,1,65.95,0.05,15.68,78.33,PIX,Confirmado,Standard,2024-08-18,2024-08-16
ORD002815,2024-05-26,PR,Sul,Livros,HQs,1,104.28,0.15,32.21,120.85,Cartão de Crédito,Confirmado,Standard,2024-06-04,2024-06-05
ORD002816,2024-04-27,PR,Sul,Eletrônicos,Tablets,1,2623.01,0.0,31.0,2654.01,PIX,Confirmado,Standard,2024-05-05,2024-05-04
ORD002817,2024-07-27,PA,Norte,Casa e Decoração,Móveis,1,550.42,0.0,23.04,573.46,PIX,Confirmado,Standard,2024-08-10,2024-08-10
ORD002818,2024-02-10,RJ,Sudeste,Moda,Camisetas,2,514.78,0.0,37.95,552.73,Boleto,Cancelado,Same-Day,2024-02-10,
ORD002819,2024-03-25,DF,Centro-Oeste,Eletrônicos,Smartphones,1,2560.56,0.05,34.29,2466.82,Cartão de Débito,Confirmado,Standard,2024-04-05,2024-04-08
ORD002820,2024-05-26,CE,Nordeste,Livros,Ficção,1,53.77,0.0,21.71,75.48,Cartão de Crédito,Confirmado,Standard,2024-06-04,2024-06-05
ORD002821,2024-08-05,GO,Centro-Oeste,Esportes,Equipamentos,1,114.0,0.0,12.38,126.38,PIX,Confirmado,Standard,2024-08-10,2024-08-15
ORD002822,2024-09-02,PE,Nordeste,Esportes,Calçados,1,758.36,0.0,37.83,796.19,Boleto,Confirmado,Standard,2024-09-14,2024-09-14
ORD002823,2024-03-04,BA,Nordeste,Eletrônicos,Smartwatches,1,1855.68,0.0,38.99,1894.67,Cartão de Débito,Confirmado,Standard,2024-03-17,2024-03-17
ORD002824,2024-04-07,MA,Nordeste,Eletrônicos,Fones de Ouvido,1,810.15,0.0,21.6,831.75,Cartão de Crédito,Confirmado,Standard,2024-04-18,2024-04-22
ORD002825,2024-09-30,ES,Sudeste,Casa e Decoração,Utensílios,1,536.99,0.05,49.11,559.25,Cartão de Crédito,Confirmado,Same-Day,2024-09-30,2024-10-01
ORD002826,2024-09-27,GO,Centro-Oeste,Esportes,Roupas Esportivas,1,505.15,0.2,80.78,484.9,PIX,Confirmado,Same-Day,2024-09-27,2024-09-27
ORD002827,2024-08-17,MG,Sudeste,Esportes,Equipamentos,2,722.34,0.0,22.16,744.5,Cartão de Crédito,Confirmado,Standard,2024-08-25,2024-08-27
ORD002828,2024-03-30,RJ,Sudeste,Casa e Decoração,Utensílios,1,1439.42,0.0,27.17,1466.59,Cartão de Débito,Confirmado,Standard,2024-04-13,2024-04-17
ORD002829,2024-09-20,SC,Sul,Eletrônicos,Fones de Ouvido,1,3401.49,0.0,47.96,3449.45,Cartão de Crédito,Confirmado,Same-Day,2024-09-20,2024-09-20
ORD002830,2024-09-10,BA,Nordeste,Moda,Vestidos,1,124.8,0.0,52.07,176.87,Boleto,Confirmado,Same-Day,2024-09-10,2024-09-10
ORD002831,2024-02-27,SC,Sul,Moda,Acessórios,2,609.81,0.1,46.34,595.17,Cartão de Crédito,Cancelado,Scheduled,2024-03-01,
ORD002832,2024-03-01,PR,Sul,Casa e Decoração,Iluminação,1,175.86,0.0,22.07,197.93,Cartão de Crédito,Confirmado,Standard,2024-03-10,2024-03-12
ORD002833,2024-05-30,PR,Sul,Moda,Camisetas,1,175.83,0.0,27.97,203.8,Cartão de Crédito,Confirmado,Standard,2024-06-04,2024-06-07
ORD002834,2024-10-18,BA,Nordeste,Moda,Vestidos,1,487.58,0.05,39.36,502.56,Cartão de Débito,Confirmado,Same-Day,2024-10-18,2024-10-19
ORD002835,2024-09-20,AM,Norte,Eletrônicos,Fones de Ouvido,1,2149.8,0.0,34.66,2184.46,Cartão de Débito,Confirmado,Standard,2024-09-30,2024-09-29
ORD002836,2024-09-06,SP,Sudeste,Casa e Decoração,Móveis,1,903.24,0.05,26.89,884.97,PIX,Confirmado,Standard,2024-09-12,2024-09-11
ORD002837,2024-08-23,SC,Sul,Casa e Decoração,Decoração,1,705.19,0.05,35.78,705.71,Cartão de Crédito,Confirmado,Standard,2024-08-31,2024-09-01
ORD002838,2024-02-24,SP,Sudeste,Casa e Decoração,Utensílios,2,1013.11,0.0,23.03,1036.14,PIX,Confirmado,Standard,2024-03-07,2024-03-07
ORD002839,2024-07-24,SC,Sul,Eletrônicos,Smartphones,1,2427.78,0.0,18.27,2446.05,PIX,Confirmado,Standard,2024-07-29,2024-07-27
ORD002840,2024-08-08,PE,Nordeste,Moda,Camisetas,1,482.86,0.0,42.05,524.91,Cartão de Crédito,Confirmado,Standard,2024-08-19,2024-08-19
ORD002841,2024-09-27,CE,Nordeste,Moda,Calçados,1,395.32,0.0,48.94,444.26,Cartão de Crédito,Confirmado,Standard,2024-10-03,2024-10-07
ORD002842,2024-03-04,MA,Nordeste,Livros,Ficção,1,57.18,0.0,39.55,96.73,PIX,Confirmado,Standard,2024-03-18,2024-03-18
ORD002843,2024-03-20,PA,Norte,Casa e Decoração,Utensílios,1,851.99,0.05,20.82,830.21,Cartão de Crédito,Confirmado,Scheduled,2024-03-27,2024-03-28
ORD002844,2024-08-28,BA,Nordeste,Casa e Decoração,Decoração,1,1214.29,0.0,13.23,1227.52,Cartão de Crédito,Confirmado,Standard,2024-09-10,2024-09-11
ORD002845,2024-07-05,BA,Nordeste,Moda,Acessórios,1,391.73,0.0,48.05,439.78,PIX,Confirmado,Standard,2024-07-18,2024-07-18
ORD002846,2024-05-17,RJ,Sudeste,Livros,Infantis,1,62.12,0.0,33.72,95.84,Cartão de Crédito,Confirmado,Same-Day,2024-05-17,2024-05-17
ORD002847,2024-03-23,MG,Sudeste,Casa e Decoração,Iluminação,1,1756.76,0.0,49.04,1805.8,Boleto,Confirmado,Scheduled,2024-03-27,2024-03-27
ORD002848,2024-01-03,SC,Sul,Moda,Camisetas,3,542.3,0.05,35.82,551.01,Cartão de Crédito,Cancelado,Scheduled,2024-01-07,
ORD002849,2024-04-07,PR,Sul,Eletrônicos,Notebooks,1,1034.67,0.0,18.99,1053.66,Cartão de Crédito,Confirmado,Scheduled,2024-04-16,2024-04-15
ORD002850,2024-07-21,BA,Nordeste,Casa e Decoração,Móveis,1,1584.89,0.0,39.95,1624.84,Cartão de Crédito,Confirmado,Scheduled,2024-07-27,2024-07-27
ORD002851,2024-03-23,GO,Centro-Oeste,Moda,Calçados,1,106.72,0.0,35.0,141.72,PIX,Cancelado,Standard,2024-04-05,
ORD002852,2024-05-16,RJ,Sudeste,Livros,Infantis,1,121.33,0.0,24.35,145.68,Cartão de Crédito,Confirmado,Standard,2024-05-25,2024-05-24
ORD002853,2024-10-08,PE,Nordeste,Moda,Vestidos,1,106.82,0.05,74.51,175.99,Cartão de Crédito,Confirmado,Same-Day,2024-10-08,2024-10-09
ORD002854,2024-07-23,CE,Nordeste,Livros,Não-ficção,1,23.75,0.0,65.13,88.88,Cartão de Crédito,Confirmado,Same-Day,2024-07-23,2024-07-23
ORD002855,2024-02-26,RJ,Sudeste,Eletrônicos,Notebooks,3,8824.71,0.05,16.04,8399.51,Cartão de Crédito,Confirmado,Scheduled,2024-03-03,2024-03-03
ORD002856,2024-03-20,SC,Sul,Esportes,Roupas Esportivas,1,191.88,0.0,26.5,218.38,Cartão de Crédito,Confirmado,Standard,2024-03-27,2024-03-30
ORD002857,2024-05-01,SP,Sudeste,Casa e Decoração,Iluminação,1,1066.66,0.0,10.81,1077.47,PIX,Confirmado,Standard,2024-05-13,2024-05-11
ORD002858,2024-01-05,BA,Nordeste,Livros,Técnicos,1,100.73,0.0,51.63,152.36,Cartão de Crédito,Confirmado,Scheduled,2024-01-09,2024-01-10
ORD002859,2024-05-24,PE,Nordeste,Eletrônicos,Fones de Ouvido,1,4250.1,0.05,42.75,4080.34,Cartão de Crédito,Confirmado,Standard,2024-05-31,2024-06-01
ORD002860,2024-05-06,DF,Centro-Oeste,Moda,Acessórios,1,495.75,0.0,33.3,529.05,Cartão de Crédito,Confirmado,Same-Day,2024-05-06,2024-05-20
ORD002861,2024-04-05,RS,Sul,Casa e Decoração,Móveis,1,809.76,0.0,39.28,849.04,PIX,Confirmado,Standard,2024-04-12,2024-04-19
ORD002862,2024-05-14,ES,Sudeste,Moda,Calçados,1,57.36,0.0,27.12,84.48,Cartão de Crédito,Confirmado,Standard,2024-05-23,2024-05-22
ORD002863,2024-04-11,PE,Nordeste,Eletrônicos,Smartwatches,1,911.01,0.0,47.89,958.9,Cartão de Crédito,Confirmado,Standard,2024-04-22,2024-04-22
ORD002864,2024-04-02,RS,Sul,Esportes,Equipamentos,1,221.51,0.2,14.17,191.38,Cartão de Crédito,Confirmado,Standard,2024-04-09,2024-04-09
ORD002865,2024-04-27,RJ,Sudeste,Moda,Calçados,1,273.09,0.0,17.73,290.82,Cartão de Crédito,Confirmado,Standard,2024-05-03,2024-05-02
ORD002866,2024-01-20,PR,Sul,Moda,Calças,1,433.51,0.1,20.47,410.63,Boleto,Confirmado,Standard,2024-01-29,2024-02-02
ORD002867,2024-08-06,SP,Sudeste,Esportes,Equipamentos,1,780.67,0.1,38.08,740.68,Cartão de Crédito,Confirmado,Standard,2024-08-20,2024-08-22
ORD002868,2024-02-16,AM,Norte,Eletrônicos,Fones de Ouvido,2,9616.85,0.0,36.14,9652.99,Cartão de Débito,Confirmado,Standard,2024-02-26,2024-02-29
ORD002869,2024-07-27,CE,Nordeste,Casa e Decoração,Utensílios,1,1831.44,0.0,48.0,1879.44,Cartão de Crédito,Confirmado,Standard,2024-08-07,2024-08-07
ORD002870,2024-04-23,SC,Sul,Livros,Infantis,1,107.18,0.0,31.42,138.6,PIX,Confirmado,Standard,2024-05-02,2024-05-03
ORD002871,2024-02-01,CE,Nordeste,Livros,Ficção,1,59.13,0.15,26.15,76.41,Cartão de Débito,Cancelado,Standard,2024-02-10,
ORD002872,2024-06-04,RJ,Sudeste,Casa e Decoração,Decoração,1,1358.63,0.0,45.49,1404.12,Cartão de Crédito,Confirmado,Same-Day,2024-06-04,2024-06-06
ORD002873,2024-05-23,SC,Sul,Livros,Não-ficção,1,102.79,0.0,33.34,136.13,Cartão de Crédito,Confirmado,Standard,2024-06-01,2024-06-04
ORD002874,2024-06-12,MA,Nordeste,Eletrônicos,Notebooks,1,2636.4,0.0,39.49,2675.89,Cartão de Débito,Confirmado,Standard,2024-06-26,2024-06-24
ORD002875,2024-01-21,SP,Sudeste,Eletrônicos,Tablets,1,604.11,0.0,45.44,649.55,PIX,Cancelado,Same-Day,2024-01-21,
ORD002876,2024-04-18,PR,Sul,Livros,Técnicos,2,293.78,0.0,28.77,322.55,Boleto,Confirmado,Standard,2024-05-02,2024-05-07
ORD002877,2024-02-21,BA,Nordeste,Moda,Vestidos,1,251.48,0.0,73.76,325.24,Cartão de Débito,Confirmado,Same-Day,2024-02-21,2024-02-22
ORD002878,2024-09-08,SC,Sul,Casa e Decoração,Decoração,2,2979.67,0.05,16.89,2847.58,PIX,Confirmado,Standard,2024-09-20,2024-09-21
ORD002879,2024-02-27,RJ,Sudeste,Eletrônicos,Smartwatches,1,4159.58,0.0,19.71,4179.29,Cartão de Débito,Confirmado,Standard,2024-03-07,2024-03-21
ORD002880,2024-03-07,SC,Sul,Casa e Decoração,Decoração,1,564.57,0.0,58.98,623.55,Cartão de Débito,Confirmado,Same-Day,2024-03-07,2024-03-07
ORD002881,2024-10-28,CE,Nordeste,Esportes,Suplementos,2,1572.63,0.0,45.02,1617.65,Cartão de Crédito,Cancelado,Standard,2024-11-04,
ORD002882,2024-05-01,GO,Centro-Oeste,Casa e Decoração,Utensílios,1,1784.22,0.0,35.1,1819.32,Cartão de Crédito,Confirmado,Standard,2024-05-14,2024-05-14
ORD002883,2024-10-26,BA,Nordeste,Eletrônicos,Smartphones,2,3918.67,0.0,29.89,3948.56,Cartão de Crédito,Confirmado,Standard,2024-11-09,2024-11-10
ORD002884,2024-03-07,GO,Centro-Oeste,Esportes,Roupas Esportivas,1,184.88,0.0,33.62,218.5,Boleto,Confirmado,Same-Day,2024-03-07,2024-03-09
ORD002885,2024-01-22,DF,Centro-Oeste,Moda,Calças,1,427.28,0.0,53.74,481.02,PIX,Confirmado,Same-Day,2024-01-22,2024-02-02
ORD002886,2024-08-16,MA,Nordeste,Eletrônicos,Smartphones,1,3168.98,0.2,29.38,2564.57,Cartão de Débito,Confirmado,Standard,2024-08-28,2024-08-31
ORD002887,2024-10-06,DF,Centro-Oeste,Casa e Decoração,Decoração,1,282.11,0.0,43.72,325.83,Cartão de Crédito,Confirmado,Standard,2024-10-16,2024-10-14
ORD002888,2024-08-30,PA,Norte,Moda,Acessórios,1,377.45,0.0,34.03,411.48,Cartão de Crédito,Confirmado,Standard,2024-09-10,2024-09-15
ORD002889,2024-03-19,SP,Sudeste,Moda,Calças,2,760.93,0.05,16.91,739.8,Cartão de Crédito,Confirmado,Scheduled,2024-03-25,2024-03-24
ORD002890,2024-08-02,CE,Nordeste,Casa e Decoração,Têxtil,1,746.93,0.0,33.08,780.01,PIX,Confirmado,Standard,2024-08-10,2024-08-09
ORD002891,2024-06-26,MA,Nordeste,Casa e Decoração,Iluminação,1,890.69,0.0,22.49,913.18,PIX,Confirmado,Scheduled,2024-07-01,2024-07-09
ORD002892,2024-03-01,MA,Nordeste,Livros,Ficção,1,126.16,0.0,51.92,178.08,Boleto,Cancelado,Standard,2024-03-12,
ORD002893,2024-09-04,BA,Nordeste,Esportes,Calçados,1,112.51,0.0,43.42,155.93,Cartão de Débito,Cancelado,Standard,2024-09-14,
ORD002894,2024-01-12,MG,Sudeste,Esportes,Suplementos,3,769.59,0.0,47.77,817.36,Cartão de Crédito,Confirmado,Same-Day,2024-01-12,2024-01-13
ORD002895,2024-03-07,PR,Sul,Eletrônicos,Smartwatches,1,3098.66,0.0,23.27,3121.93,Cartão de Débito,Confirmado,Standard,2024-03-15,2024-03-15
ORD002896,2024-02-01,PA,Norte,Moda,Calçados,1,226.2,0.0,43.03,269.23,Cartão de Crédito,Confirmado,Same-Day,2024-02-01,2024-02-01
ORD002897,2024-09-10,GO,Centro-Oeste,Esportes,Calçados,1,479.33,0.0,41.08,520.41,Boleto,Confirmado,Standard,2024-09-21,2024-09-21
ORD002898,2024-02-08,MG,Sudeste,Livros,HQs,1,23.5,0.0,17.78,41.28,Cartão de Crédito,Confirmado,Standard,2024-02-22,2024-02-23
ORD002899,2024-07-15,CE,Nordeste,Livros,Infantis,1,133.9,0.0,45.06,178.96,Cartão de Crédito,Confirmado,Standard,2024-07-26,2024-07-25
ORD002900,2024-05-19,RS,Sul,Moda,Camisetas,1,187.82,0.0,21.58,209.4,Boleto,Confirmado,Standard,2024-05-29,2024-05-27
ORD002901,2024-03-22,DF,Centro-Oeste,Moda,Acessórios,2,921.14,0.0,37.54,958.68,PIX,Confirmado,Standard,2024-03-27,2024-03-27
ORD002902,2024-01-05,MA,Nordeste,Esportes,Acessórios,1,334.79,0.0,50.05,384.84,PIX,Confirmado,Standard,2024-01-12,2024-01-12
ORD002903,2024-09-14,ES,Sudeste,Esportes,Suplementos,2,1048.56,0.0,18.51,1067.07,Cartão de Crédito,Cancelado,Scheduled,2024-09-19,
ORD002904,2024-06-04,AM,Norte,Moda,Vestidos,1,237.24,0.0,45.34,282.58,Cartão de Crédito,Confirmado,Scheduled,2024-06-12,2024-06-14
ORD002905,2024-05-17,CE,Nordeste,Eletrônicos,Notebooks,1,2020.39,0.15,47.57,1764.9,Boleto,Confirmado,Same-Day,2024-05-17,2024-05-17
ORD002906,2024-04-24,SP,Sudeste,Esportes,Equipamentos,1,768.74,0.0,38.29,807.03,Cartão de Crédito,Confirmado,Standard,2024-05-04,2024-05-03
ORD002907,2024-05-29,SP,Sudeste,Moda,Vestidos,1,274.07,0.0,10.16,284.23,Cartão de Crédito,Confirmado,Standard,2024-06-05,2024-06-14
ORD002908,2024-03-09,PR,Sul,Eletrônicos,Notebooks,1,4669.99,0.05,11.73,4448.22,Cartão de Crédito,Confirmado,Standard,2024-03-16,2024-03-14
ORD002909,2024-04-17,CE,Nordeste,Eletrônicos,Smartphones,1,3415.46,0.0,19.59,3435.05,Cartão de Crédito,Confirmado,Standard,2024-04-25,2024-05-07
ORD002910,2024-06-26,GO,Centro-Oeste,Esportes,Suplementos,1,652.92,0.0,45.24,698.16,Cartão de Crédito,Confirmado,Same-Day,2024-06-26,2024-06-26
ORD002911,2024-06-15,RJ,Sudeste,Esportes,Suplementos,1,450.72,0.05,30.75,458.93,PIX,Confirmado,Standard,2024-06-25,2024-06-24
ORD002912,2024-03-09,BA,Nordeste,Esportes,Suplementos,1,274.51,0.0,32.35,306.86,Cartão de Crédito,Confirmado,Standard,2024-03-17,2024-03-16
ORD002913,2024-06-15,SP,Sudeste,Eletrônicos,Tablets,3,2323.87,0.0,20.73,2344.6,PIX,Confirmado,Standard,2024-06-22,2024-06-22
ORD002914,2024-04-22,ES,Sudeste,Casa e Decoração,Utensílios,1,1858.74,0.0,12.59,1871.33,Cartão de Crédito,Confirmado,Standard,2024-05-04,2024-05-06
ORD002915,2024-05-11,SP,Sudeste,Esportes,Calçados,1,643.02,0.0,32.29,675.31,Boleto,Confirmado,Standard,2024-05-22,2024-05-25
ORD002916,2024-02-24,ES,Sudeste,Livros,Técnicos,1,55.45,0.0,54.03,109.48,Boleto,Confirmado,Same-Day,2024-02-24,2024-02-25
ORD002917,2024-10-09,RS,Sul,Livros,Não-ficção,1,75.06,0.0,37.0,112.06,PIX,Confirmado,Standard,2024-10-20,2024-10-26
ORD002918,2024-06-15,PR,Sul,Moda,Acessórios,1,251.26,0.0,34.67,285.93,Cartão de Crédito,Confirmado,Standard,2024-06-23,2024-06-26
ORD002919,2024-07-21,MG,Sudeste,Livros,Não-ficção,1,62.02,0.05,20.72,79.64,Cartão de Crédito,Confirmado,Standard,2024-08-04,2024-08-03
ORD002920,2024-08-10,SC,Sul,Moda,Calçados,1,226.66,0.05,12.9,228.22,PIX,Confirmado,Standard,2024-08-15,2024-08-15
ORD002921,2024-02-17,PE,Nordeste,Moda,Calçados,1,418.04,0.05,63.05,460.19,PIX,Confirmado,Scheduled,2024-02-22,2024-02-20
ORD002922,2024-04-04,AM,Norte,Moda,Calças,1,433.04,0.0,43.08,476.12,Cartão de Crédito,Confirmado,Standard,2024-04-11,2024-04-11
ORD002923,2024-10-18,PE,Nordeste,Moda,Vestidos,1,52.72,0.0,50.79,103.51,PIX,Confirmado,Standard,2024-10-29,2024-10-30
ORD002924,2024-01-11,PR,Sul,Moda,Calças,1,302.69,0.05,26.93,314.48,PIX,Confirmado,Scheduled,2024-01-19,2024-01-22
ORD002925,2024-07-20,GO,Centro-Oeste,Esportes,Equipamentos,1,467.81,0.05,14.12,458.54,Cartão de Crédito,Confirmado,Standard,2024-07-27,2024-07-31
ORD002926,2024-02-05,MG,Sudeste,Eletrônicos,Fones de Ouvido,1,2690.64,0.05,21.7,2577.8,PIX,Confirmado,Standard,2024-02-11,2024-02-12
ORD002927,2024-05-05,PE,Nordeste,Livros,Ficção,1,96.6,0.0,13.05,109.65,Cartão de Crédito,Confirmado,Standard,2024-05-19,2024-05-17
ORD002928,2024-09-26,MG,Sudeste,Eletrônicos,Smartwatches,1,2257.04,0.05,10.58,2154.76,Cartão de Crédito,Confirmado,Standard,2024-10-09,2024-10-10
ORD002929,2024-02-21,BA,Nordeste,Livros,Ficção,1,112.65,0.0,20.54,133.19,Cartão de Crédito,Confirmado,Standard,2024-03-05,2024-03-06
ORD002930,2024-02-26,AM,Norte,Eletrônicos,Smartphones,1,2309.59,0.0,67.64,2377.23,PIX,Confirmado,Same-Day,2024-02-26,2024-02-29
ORD002931,2024-03-08,RS,Sul,Eletrônicos,Tablets,2,3550.23,0.0,28.11,3578.34,Cartão de Crédito,Confirmado,Standard,2024-03-21,2024-03-19
ORD002932,2024-03-14,GO,Centro-Oeste,Esportes,Roupas Esportivas,1,346.46,0.0,16.43,362.89,Cartão de Crédito,Confirmado,Standard,2024-03-28,2024-03-29
ORD002933,2024-01-05,PA,Norte,Eletrônicos,Smartwatches,1,4118.75,0.05,16.67,3929.49,Boleto,Confirmado,Standard,2024-01-13,2024-01-14
ORD002934,2024-06-22,AM,Norte,Eletrônicos,Notebooks,1,3039.04,0.0,27.25,3066.29,Cartão de Crédito,Confirmado,Scheduled,2024-06-28,2024-07-09
ORD002935,2024-03-12,PE,Nordeste,Esportes,Acessórios,1,390.19,0.05,25.89,396.57,PIX,Confirmado,Standard,2024-03-23,2024-03-22
ORD002936,2024-03-24,PR,Sul,Casa e Decoração,Iluminação,1,1314.4,0.0,38.28,1352.68,PIX,Confirmado,Same-Day,2024-03-24,2024-03-24
ORD002937,2024-03-20,RS,Sul,Eletrônicos,Smartwatches,1,4906.56,0.0,57.03,4963.59,Cartão de Crédito,Confirmado,Same-Day,2024-03-20,2024-03-20
ORD002938,2024-05-16,GO,Centro-Oeste,Esportes,Roupas Esportivas,1,486.73,0.0,11.83,498.56,Cartão de Crédito,Confirmado,Standard,2024-05-21,2024-05-21
ORD002939,2024-01-11,AM,Norte,Eletrônicos,Smartphones,1,2025.82,0.0,31.45,2057.27,Cartão de Crédito,Confirmado,Standard,2024-01-17,2024-01-15
ORD002940,2024-10-05,PR,Sul,Eletrônicos,Smartwatches,1,2009.5,0.0,49.87,2059.37,Cartão de Débito,Confirmado,Same-Day,2024-10-05,2024-10-06
ORD002941,2024-07-31,MG,Sudeste,Eletrônicos,Notebooks,1,2278.17,0.0,51.3,2329.47,PIX,Confirmado,Same-Day,2024-07-31,2024-07-31
ORD002942,2024-01-13,RS,Sul,Livros,Infantis,1,55.03,0.0,23.45,78.48,PIX,Confirmado,Standard,2024-01-18,2024-01-18
ORD002943,2024-03-16,SC,Sul,Casa e Decoração,Utensílios,1,609.58,0.1,34.45,583.07,Boleto,Confirmado,Standard,2024-03-28,2024-03-29
ORD002944,2024-07-15,GO,Centro-Oeste,Eletrônicos,Fones de Ouvido,1,912.88,0.05,54.26,921.5,Boleto,Confirmado,Scheduled,2024-07-23,2024-07-21
ORD002945,2024-03-27,RJ,Sudeste,Moda,Camisetas,1,245.27,0.1,31.89,252.63,Boleto,Confirmado,Standard,2024-04-09,2024-04-11
ORD002946,2024-05-24,SC,Sul,Eletrônicos,Smartwatches,1,3220.24,0.0,27.24,3247.48,Cartão de Crédito,Confirmado,Scheduled,2024-06-01,2024-06-05
ORD002947,2024-06-19,RJ,Sudeste,Casa e Decoração,Móveis,1,660.71,0.1,21.06,615.7,PIX,Confirmado,Standard,2024-06-24,2024-06-24
ORD002948,2024-01-23,DF,Centro-Oeste,Moda,Calças,1,465.08,0.05,43.08,484.91,Cartão de Crédito,Confirmado,Scheduled,2024-01-27,2024-01-29
ORD002949,2024-08-07,CE,Nordeste,Casa e Decoração,Têxtil,1,1919.33,0.0,73.08,1992.41,Cartão de Crédito,Confirmado,Same-Day,2024-08-07,2024-08-07
ORD002950,2024-04-02,GO,Centro-Oeste,Livros,Não-ficção,2,193.75,0.0,34.96,228.71,Boleto,Confirmado,Standard,2024-04-14,2024-04-12
ORD002951,2024-06-03,DF,Centro-Oeste,Casa e Decoração,Decoração,1,826.29,0.0,32.42,858.71,Cartão de Débito,Confirmado,Standard,2024-06-09,2024-06-07
ORD002952,2024-02-23,PR,Sul,Livros,Técnicos,2,143.67,0.0,44.66,188.33,Cartão de Crédito,Confirmado,Same-Day,2024-02-23,2024-02-23
ORD002953,2024-05-15,PA,Norte,Eletrônicos,Smartphones,1,3449.16,0.0,35.8,3484.96,Cartão de Débito,Cancelado,Standard,2024-05-24,
ORD002954,2024-03-17,PA,Norte,Moda,Vestidos,1,435.19,0.0,50.12,485.31,Boleto,Confirmado,Standard,2024-03-22,2024-03-21
ORD002955,2024-03-16,BA,Nordeste,Livros,Infantis,1,63.17,0.05,43.76,103.78,Boleto,Cancelado,Standard,2024-03-24,
ORD002956,2024-02-04,RJ,Sudeste,Esportes,Acessórios,2,833.05,0.05,36.65,828.04,PIX,Confirmado,Same-Day,2024-02-04,2024-02-04
ORD002957,2024-05-22,MG,Sudeste,Eletrônicos,Tablets,1,1330.1,0.0,41.61,1371.71,Cartão de Débito,Confirmado,Scheduled,2024-05-25,2024-05-23
ORD002958,2024-03-06,MG,Sudeste,Livros,Técnicos,2,151.95,0.0,27.71,179.66,Cartão de Crédito,Confirmado,Scheduled,2024-03-14,2024-03-15
ORD002959,2024-06-12,PE,Nordeste,Livros,Infantis,2,49.52,0.1,34.44,79.01,Boleto,Confirmado,Standard,2024-06-22,2024-06-21
ORD002960,2024-07-30,DF,Centro-Oeste,Casa e Decoração,Utensílios,1,1030.31,0.0,30.19,1060.5,Boleto,Confirmado,Standard,2024-08-07,2024-08-17
ORD002961,2024-05-05,BA,Nordeste,Livros,HQs,1,60.31,0.0,67.22,127.53,Cartão de Crédito,Confirmado,Same-Day,2024-05-05,2024-05-06
ORD002962,2024-09-11,CE,Nordeste,Esportes,Acessórios,1,741.37,0.1,50.61,717.85,PIX,Confirmado,Standard,2024-09-25,2024-09-26
ORD002963,2024-09-29,CE,Nordeste,Moda,Calçados,1,86.49,0.0,20.64,107.13,Cartão de Crédito,Confirmado,Standard,2024-10-12,2024-10-11
ORD002964,2024-02-12,DF,Centro-Oeste,Livros,HQs,1,26.92,0.0,44.99,71.91,PIX,Confirmado,Same-Day,2024-02-12,2024-02-12
ORD002965,2024-10-22,PA,Norte,Moda,Camisetas,1,270.05,0.0,18.98,289.03,Cartão de Crédito,Confirmado,Standard,2024-10-29,2024-10-29
ORD002966,2024-04-30,SC,Sul,Eletrônicos,Notebooks,1,1296.39,0.05,65.94,1297.51,Cartão de Crédito,Confirmado,Same-Day,2024-04-30,2024-05-01
ORD002967,2024-01-09,SC,Sul,Esportes,Acessórios,1,717.34,0.0,71.22,788.56,Cartão de Crédito,Confirmado,Same-Day,2024-01-09,2024-01-10
ORD002968,2024-03-09,MA,Nordeste,Eletrônicos,Smartphones,1,3793.19,0.05,38.85,3642.38,Cartão de Crédito,Confirmado,Scheduled,2024-03-18,2024-03-18
ORD002969,2024-06-27,SC,Sul,Moda,Vestidos,1,310.67,0.0,32.25,342.92,Cartão de Débito,Confirmado,Standard,2024-07-10,2024-07-09
ORD002970,2024-08-23,MG,Sudeste,Esportes,Acessórios,1,554.93,0.2,10.24,454.18,Cartão de Crédito,Confirmado,Standard,2024-09-01,2024-09-01
ORD002971,2024-05-04,RS,Sul,Moda,Camisetas,1,238.67,0.0,20.64,259.31,Cartão de Débito,Cancelado,Standard,2024-05-16,
ORD002972,2024-03-11,RJ,Sudeste,Moda,Calçados,1,496.61,0.0,58.92,555.53,Cartão de Crédito,Confirmado,Same-Day,2024-03-11,2024-03-11
ORD002973,2024-01-14,ES,Sudeste,Livros,Técnicos,1,100.16,0.05,32.39,127.54,PIX,Confirmado,Standard,2024-01-27,2024-01-26
ORD002974,2024-01-28,ES,Sudeste,Eletrônicos,Smartwatches,1,3100.55,0.1,33.52,2824.01,Boleto,Cancelado,Scheduled,2024-02-02,
ORD002975,2024-02-07,PE,Nordeste,Esportes,Equipamentos,1,452.76,0.0,48.15,500.91,Cartão de Crédito,Confirmado,Same-Day,2024-02-07,2024-02-07
ORD002976,2024-01-16,MG,Sudeste,Casa e Decoração,Utensílios,1,1737.05,0.0,28.31,1765.36,Cartão de Crédito,Confirmado,Standard,2024-01-28,2024-01-29
ORD002977,2024-02-10,RS,Sul,Eletrônicos,Smartphones,1,4649.45,0.0,15.84,4665.29,Cartão de Crédito,Confirmado,Standard,2024-02-18,2024-02-25
ORD002978,2024-10-18,AM,Norte,Livros,Não-ficção,1,109.87,0.0,41.97,151.84,Cartão de Crédito,Confirmado,Standard,2024-10-23,2024-10-21
ORD002979,2024-04-03,PE,Nordeste,Moda,Acessórios,1,181.8,0.0,26.61,208.41,Cartão de Crédito,Confirmado,Standard,2024-04-15,2024-04-16
ORD002980,2024-06-02,PE,Nordeste,Livros,Técnicos,1,121.48,0.15,23.19,126.45,Boleto,Confirmado,Standard,2024-06-13,2024-06-12
ORD002981,2024-08-15,PA,Norte,Eletrônicos,Tablets,1,1239.57,0.15,50.34,1103.97,Cartão de Crédito,Confirmado,Standard,2024-08-23,2024-08-22
ORD002982,2024-02-26,MG,Sudeste,Eletrônicos,Smartphones,1,2714.39,0.0,35.48,2749.87,Cartão de Crédito,Confirmado,Standard,2024-03-03,2024-03-04
ORD002983,2024-03-29,CE,Nordeste,Moda,Camisetas,1,405.3,0.05,26.98,412.02,Cartão de Crédito,Confirmado,Standard,2024-04-10,2024-04-11
ORD002984,2024-07-21,AM,Norte,Livros,Infantis,1,39.14,0.0,51.75,90.89,Cartão de Crédito,Confirmado,Standard,2024-07-31,2024-08-14
ORD002985,2024-10-10,ES,Sudeste,Casa e Decoração,Têxtil,3,3437.01,0.0,32.87,3469.88,Boleto,Confirmado,Standard,2024-10-21,2024-10-22
ORD002986,2024-09-13,PR,Sul,Moda,Calçados,1,182.65,0.0,39.67,222.32,Cartão de Crédito,Confirmado,Same-Day,2024-09-13,2024-09-13
ORD002987,2024-03-21,PR,Sul,Eletrônicos,Smartwatches,1,4618.62,0.05,13.8,4401.49,Cartão de Crédito,Cancelado,Standard,2024-03-30,
ORD002988,2024-07-12,MG,Sudeste,Moda,Calçados,1,228.81,0.0,41.95,270.76,Cartão de Débito,Confirmado,Scheduled,2024-07-20,2024-07-20
ORD002989,2024-01-29,RS,Sul,Livros,Não-ficção,1,147.86,0.1,37.66,170.74,Cartão de Débito,Cancelado,Standard,2024-02-10,
ORD002990,2024-10-13,DF,Centro-Oeste,Eletrônicos,Fones de Ouvido,1,4574.37,0.0,20.85,4595.22,Cartão de Crédito,Confirmado,Standard,2024-10-27,2024-10-30
ORD002991,2024-09-01,SC,Sul,Livros,Infantis,1,58.42,0.0,,115.83,PIX,Confirmado,Same-Day,2024-09-01,2024-09-01
ORD002992,2024-03-25,SP,Sudeste,Casa e Decoração,Iluminação,1,1425.45,0.0,49.48,1474.93,Cartão de Crédito,Confirmado,Same-Day,2024-03-25,2024-03-27
ORD002993,2024-04-09,PR,Sul,Eletrônicos,Smartphones,1,4213.02,0.0,16.65,4229.67,Cartão de Crédito,Confirmado,Standard,2024-04-22,2024-04-21
ORD002994,2024-02-09,SC,Sul,Esportes,Suplementos,1,720.02,0.1,30.81,678.83,Cartão de Crédito,Confirmado,Scheduled,2024-02-12,2024-02-22
ORD002995,2024-01-15,RS,Sul,Casa e Decoração,Utensílios,1,1296.7,0.0,33.35,1330.05,Cartão de Crédito,Confirmado,Standard,2024-01-20,2024-01-19
ORD002996,2024-10-04,RJ,Sudeste,Eletrônicos,Notebooks,1,3577.62,0.0,19.55,3597.17,PIX,Confirmado,Standard,2024-10-11,2024-10-15
ORD002997,2024-01-06,PA,Norte,Casa e Decoração,Utensílios,1,1794.3,0.05,43.63,1748.21,Cartão de Crédito,Confirmado,Standard,2024-01-15,2024-01-19
ORD002998,2024-10-09,RS,Sul,Eletrônicos,Notebooks,2,2582.93,0.05,22.28,2476.07,Cartão de Crédito,Confirmado,Scheduled,2024-10-18,2024-10-16
ORD002999,2024-05-17,RJ,Sudeste,Esportes,Calçados,1,366.36,0.0,46.81,413.17,Cartão de Débito,Confirmado,Same-Day,2024-05-17,2024-05-21
ORD003000,2024-01-23,DF,Centro-Oeste,Livros,Ficção,2,163.3,0.0,,178.74,PIX,Confirmado,Standard,2024-02-03,2024-02-01
ORD003001,2024-01-25,SC,Sul,Eletrônicos,Tablets,1,846.87,0.0,30.91,877.78,Boleto,Confirmado,Standard,2024-02-02,2024-02-04
ORD003002,2024-01-05,SC,Sul,Casa e Decoração,Iluminação,1,1053.46,0.0,39.11,1092.57,Boleto,Confirmado,Standard,2024-01-19,2024-01-22
ORD003003,2024-09-13,RS,Sul,Casa e Decoração,Iluminação,2,1013.53,0.1,20.56,932.74,PIX,Confirmado,Standard,2024-09-22,2024-09-24
ORD003004,2024-07-01,MG,Sudeste,Eletrônicos,Tablets,1,3442.88,0.05,27.13,3297.86,PIX,Confirmado,Scheduled,2024-07-10,2024-07-19
ORD003005,2024-07-27,MA,Nordeste,Esportes,Roupas Esportivas,1,548.87,0.05,14.12,535.54,PIX,Confirmado,Standard,2024-08-10,2024-08-10
ORD003006,2024-09-14,PA,Norte,Moda,Camisetas,1,436.06,0.0,31.71,467.77,PIX,Confirmado,Standard,2024-09-28,2024-10-02
ORD003007,2024-10-27,PA,Norte,Livros,Infantis,1,122.21,0.0,42.52,164.73,Cartão de Crédito,Confirmado,Standard,2024-11-10,2024-11-08
ORD003008,2024-10-27,AM,Norte,Eletrônicos,Tablets,1,905.42,0.0,42.77,948.19,Cartão de Crédito,Confirmado,Standard,2024-11-02,2024-11-02
ORD003009,2024-03-23,MG,Sudeste,Livros,Ficção,2,281.75,0.05,48.72,316.38,PIX,Confirmado,Scheduled,2024-03-31,2024-03-30
ORD003010,2024-02-17,ES,Sudeste,Moda,Calças,2,703.01,0.0,20.32,723.33,Cartão de Crédito,Confirmado,Standard,2024-03-01,2024-02-29
ORD003011,2024-03-13,PA,Norte,Moda,Acessórios,1,88.45,0.0,55.77,144.22,PIX,Confirmado,Scheduled,2024-03-16,2024-03-17
ORD003012,2024-09-21,ES,Sudeste,Esportes,Calçados,1,315.94,0.0,20.65,336.59,Cartão de Crédito,Confirmado,Standard,2024-10-02,2024-10-03
ORD003013,2024-06-23,PE,Nordeste,Moda,Vestidos,1,411.15,0.0,24.3,435.45,Cartão de Crédito,Confirmado,Standard,2024-06-29,2024-06-28
ORD003014,2024-05-28,SC,Sul,Esportes,Acessórios,2,866.4,0.05,67.88,890.96,PIX,Confirmado,Same-Day,2024-05-28,2024-06-10
ORD003015,2024-01-21,MA,Nordeste,Livros,Não-ficção,1,107.1,0.0,14.13,121.23,Cartão de Crédito,Confirmado,Standard,2024-02-02,2024-02-02
ORD003016,2024-04-16,DF,Centro-Oeste,Esportes,Roupas Esportivas,1,282.13,0.0,36.57,318.7,Cartão de Crédito,Confirmado,Standard,2024-04-26,2024-04-29
ORD003017,2024-03-19,DF,Centro-Oeste,Livros,Ficção,2,243.28,0.05,28.05,259.16,Cartão de Crédito,Confirmado,Standard,2024-03-30,2024-03-29
ORD003018,2024-01-08,MG,Sudeste,Casa e Decoração,Têxtil,1,622.43,0.1,26.81,587.0,Boleto,Confirmado,Standard,2024-01-15,2024-01-16
ORD003019,2024-02-14,PE,Nordeste,Eletrônicos,Fones de Ouvido,3,14687.26,0.0,37.9,14725.16,PIX,Confirmado,Scheduled,2024-02-17,2024-03-01
ORD003020,2024-06-09,MG,Sudeste,Casa e Decoração,Utensílios,1,1396.17,0.0,16.44,1412.61,Cartão de Débito,Confirmado,Standard,2024-06-15,2024-06-13
ORD003021,2024-02-04,PR,Sul,Esportes,Suplementos,2,1057.1,0.0,17.48,1074.58,Cartão de Crédito,Confirmado,Standard,2024-02-17,2024-02-16
ORD003022,2024-06-29,RJ,Sudeste,Eletrônicos,Notebooks,1,1787.91,0.0,64.9,1852.81,PIX,Confirmado,Same-Day,2024-06-29,2024-06-29
ORD003023,2024-08-23,PR,Sul,Livros,Técnicos,1,134.88,0.0,14.0,148.88,Boleto,Confirmado,Standard,2024-09-05,2024-09-04
ORD003024,2024-08-14,GO,Centro-Oeste,Moda,Camisetas,3,1341.09,0.0,32.94,1374.03,Cartão de Crédito,Confirmado,Standard,2024-08-25,2024-08-26
ORD003025,2024-10-18,PE,Nordeste,Eletrônicos,Tablets,1,2491.3,0.0,20.93,2512.23,Cartão de Débito,Confirmado,Standard,2024-10-29,2024-10-27
ORD003026,2024-05-26,BA,Nordeste,Livros,HQs,1,56.97,0.05,45.82,99.94,Cartão de Crédito,Confirmado,Scheduled,2024-05-29,2024-05-31
ORD003027,2024-03-07,PE,Nordeste,Casa e Decoração,Têxtil,2,1254.62,0.0,33.11,1287.73,Cartão de Crédito,Cancelado,Scheduled,2024-03-16,
ORD003028,2024-06-09,SC,Sul,Eletrônicos,Fones de Ouvido,1,1479.25,0.0,15.32,1494.57,PIX,Confirmado,Standard,2024-06-20,2024-06-19
ORD003029,2024-09-16,PE,Nordeste,Casa e Decoração,Móveis,1,1432.61,0.0,47.09,1479.7,Boleto,Confirmado,Standard,2024-09-25,2024-09-23
ORD003030,2024-01-30,ES,Sudeste,Moda,Acessórios,1,258.89,0.0,62.83,321.72,Cartão de Crédito,Confirmado,Same-Day,2024-01-30,2024-02-13
ORD003031,2024-01-05,MG,Sudeste,Eletrônicos,Tablets,1,2540.64,0.05,72.64,2486.25,Cartão de Crédito,Confirmado,Same-Day,2024-01-05,2024-01-07
ORD003032,2024-07-11,MG,Sudeste,Esportes,Acessórios,1,798.07,0.0,14.02,812.09,Cartão de Crédito,Confirmado,Standard,2024-07-17,2024-07-18
ORD003033,2024-02-07,RS,Sul,Livros,Infantis,1,84.52,0.0,17.86,102.38,Cartão de Débito,Confirmado,Scheduled,2024-02-12,2024-02-12
ORD003034,2024-02-17,SC,Sul,Livros,Infantis,1,38.0,0.05,30.69,66.79,Cartão de Crédito,Confirmado,Standard,2024-02-27,2024-03-01
ORD003035,2024-09-30,MA,Nordeste,Livros,Ficção,1,43.46,0.0,28.82,72.28,Cartão de Crédito,Confirmado,Standard,2024-10-13,2024-10-13
ORD003036,2024-02-13,MG,Sudeste,Eletrônicos,Fones de Ouvido,1,1272.09,0.05,10.78,1219.26,Cartão de Crédito,Confirmado,Standard,2024-02-27,2024-02-25
ORD003037,2024-08-09,RS,Sul,Livros,Técnicos,1,88.7,0.0,42.38,131.08,Cartão de Crédito,Cancelado,Scheduled,2024-08-12,
ORD003038,2024-02-03,SC,Sul,Casa e Decoração,Têxtil,1,1641.4,0.0,17.9,1659.3,Boleto,Cancelado,Scheduled,2024-02-06,
ORD003039,2024-09-05,RS,Sul,Livros,Ficção,1,22.22,0.0,11.96,34.18,Cartão de Crédito,Confirmado,Standard,2024-09-13,2024-09-11
ORD003040,2024-05-22,PE,Nordeste,Eletrônicos,Smartwatches,1,4941.16,0.0,42.27,4983.43,PIX,Confirmado,Scheduled,2024-05-28,2024-06-03
ORD003041,2024-03-20,PE,Nordeste,Moda,Calças,1,418.95,0.0,18.24,437.19,Cartão de Crédito,Confirmado,Standard,2024-03-29,2024-03-30
ORD003042,2024-06-12,DF,Centro-Oeste,Eletrônicos,Smartwatches,1,1904.33,0.0,40.19,1944.52,Cartão de Crédito,Confirmado,Standard,2024-06-19,2024-06-28
ORD003043,2024-07-13,SP,Sudeste,Casa e Decoração,Iluminação,1,1650.88,0.15,26.02,1429.27,Cartão de Débito,Cancelado,Standard,2024-07-21,
ORD003044,2024-08-30,RS,Sul,Eletrônicos,Notebooks,1,3407.72,0.1,48.61,3115.56,Cartão de Crédito,Confirmado,Scheduled,2024-09-05,2024-09-03
ORD003045,2024-01-12,PA,Norte,Livros,Técnicos,1,59.73,0.05,22.59,79.33,Cartão de Crédito,Confirmado,Scheduled,2024-01-21,2024-01-20
ORD003046,2024-05-09,GO,Centro-Oeste,Moda,Camisetas,1,380.48,0.05,11.4,372.85,Cartão de Crédito,Confirmado,Standard,2024-05-14,2024-05-14
ORD003047,2024-03-13,RJ,Sudeste,Casa e Decoração,Iluminação,1,184.35,0.15,56.39,213.09,Cartão de Débito,Confirmado,Same-Day,2024-03-13,2024-03-15
ORD003048,2024-02-11,PR,Sul,Livros,Infantis,2,272.68,0.05,74.88,333.93,PIX,Confirmado,Same-Day,2024-02-11,2024-02-11
ORD003049,2024-09-25,RS,Sul,Casa e Decoração,Utensílios,2,1636.15,0.0,17.11,1653.26,Cartão de Débito,Confirmado,Standard,2024-10-04,2024-10-09
ORD003050,2024-01-28,RJ,Sudeste,Livros,Técnicos,1,51.24,0.1,77.07,123.19,Cartão de Crédito,Confirmado,Same-Day,2024-01-28,2024-01-28
ORD003051,2024-06-01,MG,Sudeste,Moda,Vestidos,1,459.02,0.1,35.96,449.08,Boleto,Confirmado,Standard,2024-06-08,2024-06-13
ORD003052,2024-08-02,PE,Nordeste,Livros,HQs,1,53.17,0.0,14.66,67.83,Boleto,Confirmado,Standard,2024-08-09,2024-08-11
ORD003053,2024-03-23,ES,Sudeste,Livros,Técnicos,1,121.51,0.0,20.6,142.11,Boleto,Confirmado,Scheduled,2024-03-28,2024-03-28
ORD003054,2024-10-19,BA,Nordeste,Eletrônicos,Smartwatches,1,3547.23,0.05,14.67,3384.54,PIX,Confirmado,Standard,2024-10-27,2024-10-26
ORD003055,2024-04-11,RJ,Sudeste,Esportes,Calçados,1,92.69,0.0,45.07,137.76,Cartão de Débito,Confirmado,Same-Day,2024-04-11,2024-04-12
ORD003056,2024-03-15,SC,Sul,Casa e Decoração,Móveis,1,1420.23,0.0,25.35,1445.58,Cartão de Crédito,Confirmado,Scheduled,2024-03-22,2024-04-03
ORD003057,2024-03-18,MA,Nordeste,Livros,Não-ficção,1,127.36,0.0,71.77,199.13,Boleto,Confirmado,Same-Day,2024-03-18,2024-03-22
ORD003058,2024-09-12,AM,Norte,Casa e Decoração,Móveis,1,1019.39,0.05,45.01,1013.43,Cartão de Crédito,Confirmado,Standard,2024-09-18,2024-09-18
ORD003059,2024-07-27,PR,Sul,Esportes,Roupas Esportivas,2,756.77,0.15,37.66,680.92,Cartão de Crédito,Cancelado,Standard,2024-08-10,
ORD003060,2024-08-18,AM,Norte,Moda,Calçados,1,136.97,0.05,14.6,144.72,Cartão de Crédito,Confirmado,Standard,2024-08-28,2024-08-28
ORD003061,2024-10-23,RJ,Sudeste,Eletrônicos,Notebooks,1,4099.36,0.0,36.41,4135.77,Cartão de Crédito,Confirmado,Standard,2024-10-31,2024-10-30
ORD003062,2024-04-06,BA,Nordeste,Esportes,Equipamentos,1,211.87,0.0,30.03,241.9,Boleto,Cancelado,Standard,2024-04-19,
ORD003063,2024-07-12,RS,Sul,Casa e Decoração,Utensílios,1,1067.47,0.0,48.88,1116.35,Cartão de Crédito,Confirmado,Same-Day,2024-07-12,2024-07-23
ORD003064,2024-04-07,GO,Centro-Oeste,Esportes,Roupas Esportivas,1,253.68,0.0,30.39,284.07,Cartão de Crédito,Confirmado,Standard,2024-04-13,2024-04-14
ORD003065,2024-07-08,AM,Norte,Casa e Decoração,Móveis,3,4679.37,0.1,32.05,4243.48,Cartão de Crédito,Confirmado,Standard,2024-07-21,2024-07-19
ORD003066,2024-06-03,MA,Nordeste,Casa e Decoração,Têxtil,1,1423.07,0.0,38.13,1461.2,PIX,Confirmado,Standard,2024-06-14,2024-06-18
ORD003067,2024-03-04,ES,Sudeste,Livros,Infantis,1,48.06,0.0,34.34,82.4,Boleto,Confirmado,Scheduled,2024-03-12,2024-03-14
ORD003068,2024-07-30,BA,Nordeste,Casa e Decoração,Decoração,1,109.46,0.0,29.83,139.29,PIX,Confirmado,Standard,2024-08-09,2024-08-10
ORD003069,2024-10-04,BA,Nordeste,Esportes,Suplementos,1,240.9,0.05,23.09,251.94,Boleto,Confirmado,Standard,2024-10-10,2024-10-14
ORD003070,2024-02-28,MA,Nordeste,Moda,Calçados,1,162.7,0.0,49.27,211.97,PIX,Confirmado,Standard,2024-03-06,2024-03-07
ORD003071,2024-08-07,SC,Sul,Moda,Acessórios,1,80.14,0.15,21.53,89.65,Boleto,Cancelado,Standard,2024-08-16,
ORD003072,2024-10-31,MG,Sudeste,Esportes,Acessórios,2,1226.92,0.1,21.39,1125.62,Cartão de Crédito,Confirmado,Scheduled,2024-11-08,2024-11-11
ORD003073,2024-07-14,PR,Sul,Livros,Técnicos,2,59.22,0.15,16.74,67.08,Cartão de Crédito,Confirmado,Standard,2024-07-27,2024-07-30
ORD003074,2024-02-20,RJ,Sudeste,Eletrônicos,Smartphones,1,920.81,0.0,27.1,947.91,PIX,Confirmado,Standard,2024-03-05,2024-03-06
ORD003075,2024-01-09,DF,Centro-Oeste,Livros,Ficção,1,59.23,0.0,12.18,71.41,Cartão de Crédito,Confirmado,Standard,2024-01-22,2024-01-23
ORD003076,2024-09-11,ES,Sudeste,Esportes,Calçados,1,286.94,0.0,31.38,318.32,Cartão de Crédito,Confirmado,Standard,2024-09-16,2024-09-15
ORD003077,2024-02-21,GO,Centro-Oeste,Livros,HQs,1,144.68,0.0,35.61,180.29,Cartão de Crédito,Confirmado,Same-Day,2024-02-21,2024-02-23
ORD003078,2024-10-24,PA,Norte,Eletrônicos,Tablets,1,1507.63,0.0,33.78,1541.41,Cartão de Crédito,Confirmado,Standard,2024-10-29,2024-10-30
ORD003079,2024-08-03,RS,Sul,Moda,Calçados,1,78.44,0.0,46.6,125.04,PIX,Confirmado,Scheduled,2024-08-07,2024-08-14
ORD003080,2024-10-09,BA,Nordeste,Eletrônicos,Notebooks,1,1792.96,0.0,22.25,1815.21,Boleto,Confirmado,Standard,2024-10-22,2024-10-22
ORD003081,2024-08-28,RJ,Sudeste,Casa e Decoração,Iluminação,2,2794.5,0.05,37.49,2692.26,Cartão de Crédito,Confirmado,Standard,2024-09-09,2024-09-09
ORD003082,2024-07-30,MA,Nordeste,Livros,Ficção,1,74.35,0.0,49.19,123.54,Cartão de Crédito,Confirmado,Standard,2024-08-07,2024-08-06
ORD003083,2024-07-10,PA,Norte,Moda,Acessórios,1,160.29,0.05,77.22,229.5,Cartão de Crédito,Confirmado,Same-Day,2024-07-10,2024-07-10
ORD003084,2024-05-25,PR,Sul,Casa e Decoração,Decoração,1,544.88,0.0,29.88,574.76,Cartão de Crédito,Confirmado,Standard,2024-05-31,2024-06-01
ORD003085,2024-07-31,GO,Centro-Oeste,Moda,Camisetas,2,845.93,0.05,43.98,847.61,PIX,Confirmado,Standard,2024-08-12,2024-08-12
ORD003086,2024-07-31,SP,Sudeste,Eletrônicos,Smartphones,2,7225.69,0.0,15.72,7241.41,Cartão de Débito,Confirmado,Standard,2024-08-06,2024-08-07
ORD003087,2024-03-19,PA,Norte,Casa e Decoração,Têxtil,1,1221.01,0.0,34.25,1255.26,Cartão de Crédito,Confirmado,Standard,2024-04-02,2024-04-01
ORD003088,2024-06-11,SC,Sul,Moda,Acessórios,1,353.77,0.0,13.85,367.62,Cartão de Débito,Confirmado,Standard,2024-06-18,2024-06-16
ORD003089,2024-08-08,RS,Sul,Esportes,Acessórios,1,137.44,0.0,73.12,210.56,Boleto,Confirmado,Same-Day,2024-08-08,2024-08-09
ORD003090,2024-04-08,DF,Centro-Oeste,Livros,Ficção,1,48.93,0.0,11.14,60.07,PIX,Confirmado,Standard,2024-04-17,2024-04-15
ORD003091,2024-10-22,BA,Nordeste,Moda,Calçados,3,394.9,0.0,71.25,466.15,PIX,Cancelado,Same-Day,2024-10-22,
ORD003092,2024-03-29,BA,Nordeste,Casa e Decoração,Têxtil,1,761.97,0.0,30.11,792.08,PIX,Confirmado,Scheduled,2024-04-05,2024-04-05
ORD003093,2024-03-22,BA,Nordeste,Moda,Camisetas,2,873.47,0.0,40.25,913.72,Cartão de Crédito,Confirmado,Standard,2024-03-31,2024-04-01
ORD003094,2024-03-05,CE,Nordeste,Eletrônicos,Smartwatches,1,4958.41,0.05,31.23,4741.72,Cartão de Crédito,Confirmado,Standard,2024-03-18,2024-03-18
ORD003095,2024-07-19,AM,Norte,Casa e Decoração,Têxtil,1,1214.37,0.0,55.13,1269.5,Cartão de Crédito,Confirmado,Scheduled,2024-07-23,2024-07-24
ORD003096,2024-03-22,SC,Sul,Moda,Camisetas,2,558.58,0.0,43.4,601.98,Cartão de Crédito,Confirmado,Same-Day,2024-03-22,2024-03-22
ORD003097,2024-02-17,SP,Sudeste,Livros,Ficção,1,126.66,0.05,11.67,131.99,PIX,Confirmado,Standard,2024-02-23,2024-02-21
ORD003098,2024-10-30,MG,Sudeste,Eletrônicos,Smartwatches,2,2412.02,0.0,68.71,2480.73,Cartão de Crédito,Confirmado,Same-Day,2024-10-30,2024-10-30
ORD003099,2024-10-05,MA,Nordeste,Eletrônicos,Smartwatches,1,2877.35,0.0,20.53,2897.88,Boleto,Confirmado,Standard,2024-10-15,2024-10-14
ORD003100,2024-07-14,SP,Sudeste,Moda,Calçados,1,221.04,0.0,12.64,233.68,Cartão de Débito,Confirmado,Standard,2024-07-24,2024-07-24
ORD003101,2024-07-02,MG,Sudeste,Moda,Calças,1,460.93,0.0,60.3,521.23,Cartão de Crédito,Confirmado,Same-Day,2024-07-02,2024-07-02
ORD003102,2024-06-01,RS,Sul,Esportes,Equipamentos,1,580.23,0.0,34.61,614.84,PIX,Confirmado,Standard,2024-06-11,2024-06-09
ORD003103,2024-07-12,PA,Norte,Casa e Decoração,Móveis,1,721.64,0.0,24.45,746.09,Boleto,Confirmado,Scheduled,2024-07-15,2024-07-15
ORD003104,2024-05-20,RJ,Sudeste,Moda,Camisetas,3,742.36,0.0,26.68,769.04,Cartão de Crédito,Confirmado,Standard,2024-05-27,2024-05-28
ORD003105,2024-10-23,AM,Norte,Eletrônicos,Smartphones,1,1729.24,0.0,16.61,1745.85,Cartão de Crédito,Confirmado,Standard,2024-11-04,2024-11-07
ORD003106,2024-08-23,MA,Nordeste,Esportes,Roupas Esportivas,1,324.77,0.0,24.67,349.44,Boleto,Cancelado,Standard,2024-08-29,
ORD003107,2024-02-24,MG,Sudeste,Casa e Decoração,Decoração,1,812.91,0.05,17.38,789.64,Cartão de Crédito,Confirmado,Scheduled,2024-03-04,2024-03-02
ORD003108,2024-04-02,RJ,Sudeste,Eletrônicos,Fones de Ouvido,1,4596.51,0.0,32.7,4629.21,Cartão de Crédito,Confirmado,Standard,2024-04-14,2024-04-13
ORD003109,2024-07-04,MA,Nordeste,Moda,Calçados,1,58.38,0.0,88.6,146.98,PIX,Confirmado,Same-Day,2024-07-04,2024-07-04
ORD003110,2024-02-21,PE,Nordeste,Eletrônicos,Fones de Ouvido,2,4406.71,0.0,20.3,4427.01,Boleto,Cancelado,Standard,2024-02-26,
ORD003111,2024-02-07,PE,Nordeste,Eletrônicos,Notebooks,2,8175.65,0.0,39.06,8214.71,PIX,Confirmado,Standard,2024-02-21,2024-02-20
ORD003112,2024-08-02,BA,Nordeste,Casa e Decoração,Iluminação,1,1927.63,0.1,45.89,1780.75,Cartão de Crédito,Confirmado,Standard,2024-08-08,2024-08-08
ORD003113,2024-03-23,MG,Sudeste,Casa e Decoração,Móveis,1,727.5,0.1,16.4,671.15,Cartão de Débito,Confirmado,Standard,2024-04-04,2024-04-02
ORD003114,2024-04-01,GO,Centro-Oeste,Esportes,Calçados,1,792.68,0.05,27.05,780.1,Boleto,Confirmado,Standard,2024-04-09,2024-04-09
ORD003115,2024-01-17,RJ,Sudeste,Casa e Decoração,Decoração,1,1851.4,0.05,28.75,1787.58,Cartão de Crédito,Cancelado,Scheduled,2024-01-25,
ORD003116,2024-09-04,DF,Centro-Oeste,Esportes,Calçados,3,1116.33,0.0,24.34,1140.67,Boleto,Confirmado,Standard,2024-09-15,2024-09-16
ORD003117,2024-01-03,MG,Sudeste,Esportes,Suplementos,1,304.15,0.0,35.73,339.88,Cartão de Crédito,Confirmado,Standard,2024-01-10,2024-01-11
ORD003118,2024-03-03,RS,Sul,Esportes,Roupas Esportivas,2,479.23,0.0,14.45,493.68,Cartão de Crédito,Confirmado,Standard,2024-03-17,2024-03-24
ORD003119,2024-10-01,SP,Sudeste,Esportes,Calçados,1,354.33,0.05,36.77,373.38,Cartão de Crédito,Confirmado,Standard,2024-10-13,2024-10-14
ORD003120,2024-03-19,RS,Sul,Casa e Decoração,Móveis,1,1617.79,0.2,35.37,1329.61,Cartão de Débito,Confirmado,Standard,2024-03-26,2024-03-30
ORD003121,2024-04-21,SP,Sudeste,Casa e Decoração,Utensílios,1,1391.53,0.0,28.5,1420.03,PIX,Cancelado,Standard,2024-05-01,
ORD003122,2024-04-22,RJ,Sudeste,Moda,Vestidos,1,363.87,0.0,24.42,388.29,Cartão de Débito,Confirmado,Standard,2024-04-28,2024-04-27
ORD003123,2024-05-20,PE,Nordeste,Moda,Camisetas,3,869.66,0.0,23.38,893.04,PIX,Confirmado,Standard,2024-06-01,2024-06-02
ORD003124,2024-06-27,ES,Sudeste,Esportes,Suplementos,1,647.54,0.0,15.81,663.35,PIX,Confirmado,Standard,2024-07-07,2024-07-07
ORD003125,2024-08-27,ES,Sudeste,Livros,Infantis,1,85.53,0.0,25.53,111.06,Boleto,Confirmado,Standard,2024-09-07,2024-09-10
ORD003126,2024-09-19,BA,Nordeste,Moda,Vestidos,1,457.54,0.0,47.28,504.82,PIX,Confirmado,Standard,2024-10-03,2024-10-02
ORD003127,2024-03-29,RS,Sul,Casa e Decoração,Iluminação,1,1340.79,0.0,35.49,1376.28,Cartão de Débito,Confirmado,Standard,2024-04-10,2024-04-14
ORD003128,2024-02-22,DF,Centro-Oeste,Esportes,Suplementos,1,177.01,0.0,40.84,217.85,Cartão de Crédito,Confirmado,Standard,2024-03-07,2024-03-05
ORD003129,2024-03-25,PA,Norte,Moda,Calçados,1,450.72,0.0,41.89,492.61,Cartão de Crédito,Confirmado,Scheduled,2024-04-01,2024-04-01
ORD003130,2024-08-09,MA,Nordeste,Livros,Infantis,1,101.83,0.05,40.99,137.73,Cartão de Crédito,Confirmado,Standard,2024-08-22,2024-08-21
ORD003131,2024-05-19,AM,Norte,Casa e Decoração,Têxtil,2,1219.44,0.0,29.62,1249.06,PIX,Confirmado,Standard,2024-05-25,2024-05-26
ORD003132,2024-02-25,DF,Centro-Oeste,Livros,Infantis,1,75.93,0.05,27.83,99.96,Cartão de Crédito,Confirmado,Standard,2024-03-04,2024-03-02
ORD003133,2024-04-12,DF,Centro-Oeste,Casa e Decoração,Decoração,1,875.92,0.0,14.48,890.4,Cartão de Crédito,Confirmado,Standard,2024-04-17,2024-04-17
ORD003134,2024-02-02,PE,Nordeste,Moda,Camisetas,1,133.5,0.0,46.23,179.73,Cartão de Crédito,Cancelado,Scheduled,2024-02-09,
ORD003135,2024-09-18,PR,Sul,Esportes,Acessórios,1,233.87,0.0,32.79,266.66,PIX,Confirmado,Standard,2024-09-30,2024-09-28
ORD003136,2024-05-30,DF,Centro-Oeste,Esportes,Suplementos,2,879.18,0.0,38.52,917.7,Cartão de Crédito,Confirmado,Standard,2024-06-12,2024-06-13
ORD003137,2024-07-22,SP,Sudeste,Eletrônicos,Notebooks,1,778.17,0.0,49.51,827.68,Cartão de Crédito,Confirmado,Scheduled,2024-07-28,2024-07-30
ORD003138,2024-06-14,BA,Nordeste,Moda,Vestidos,1,134.46,0.0,60.59,195.05,Cartão de Crédito,Confirmado,Scheduled,2024-06-20,2024-06-18
ORD003139,2024-05-05,RJ,Sudeste,Moda,Vestidos,1,325.33,0.0,24.33,349.66,Cartão de Débito,Confirmado,Standard,2024-05-11,2024-05-09
ORD003140,2024-07-09,MG,Sudeste,Casa e Decoração,Móveis,1,1125.84,0.0,28.64,1154.48,Boleto,Confirmado,Scheduled,2024-07-14,2024-07-15
ORD003141,2024-01-05,SC,Sul,Eletrônicos,Tablets,1,4174.5,0.0,39.57,4214.07,Cartão de Crédito,Confirmado,Standard,2024-01-19,2024-01-22
ORD003142,2024-04-19,PE,Nordeste,Esportes,Suplementos,1,107.1,0.0,18.49,125.59,Cartão de Crédito,Confirmado,Standard,2024-04-24,2024-04-28
ORD003143,2024-04-29,CE,Nordeste,Eletrônicos,Fones de Ouvido,1,1861.36,0.0,37.6,1898.96,Cartão de Crédito,Confirmado,Standard,2024-05-11,2024-05-12
ORD003144,2024-05-25,DF,Centro-Oeste,Moda,Acessórios,1,169.01,0.05,30.78,191.34,Cartão de Crédito,Confirmado,Standard,2024-06-01,2024-06-04
ORD003145,2024-04-21,RJ,Sudeste,Esportes,Suplementos,1,88.41,0.1,37.8,117.37,Cartão de Crédito,Confirmado,Standard,2024-05-04,2024-05-03
ORD003146,2024-02-08,DF,Centro-Oeste,Livros,Infantis,1,74.16,0.0,51.12,125.28,Cartão de Crédito,Confirmado,Scheduled,2024-02-13,2024-02-14
ORD003147,2024-06-11,AM,Norte,Casa e Decoração,Utensílios,1,1093.83,0.0,42.26,1136.09,PIX,Confirmado,Scheduled,2024-06-17,2024-06-15
ORD003148,2024-04-10,SP,Sudeste,Livros,Infantis,1,96.13,0.05,22.05,113.37,Boleto,Confirmado,Standard,2024-04-24,2024-04-25
ORD003149,2024-01-24,PR,Sul,Livros,Ficção,1,104.38,0.0,24.76,129.14,Cartão de Crédito,Cancelado,Standard,2024-02-02,
ORD003150,2024-03-04,PE,Nordeste,Moda,Acessórios,1,420.29,0.0,41.6,461.89,PIX,Confirmado,Standard,2024-03-12,2024-03-10
ORD003151,2024-06-16,DF,Centro-Oeste,Livros,Não-ficção,1,69.77,0.0,38.42,108.19,Cartão de Crédito,Confirmado,Standard,2024-06-24,2024-06-27
ORD003152,2024-10-22,SP,Sudeste,Casa e Decoração,Móveis,1,151.12,0.05,27.85,171.41,Boleto,Confirmado,Standard,2024-11-05,2024-11-04
ORD003153,2024-10-21,SP,Sudeste,Livros,Técnicos,1,107.98,0.0,32.11,140.09,Cartão de Débito,Confirmado,Standard,2024-11-04,2024-11-03
ORD003154,2024-03-08,AM,Norte,Livros,Ficção,2,202.19,0.0,18.22,220.41,PIX,Confirmado,Standard,2024-03-14,2024-03-15
ORD003155,2024-09-30,MA,Nordeste,Esportes,Roupas Esportivas,1,503.48,0.0,28.69,532.17,Cartão de Crédito,Confirmado,Standard,2024-10-07,2024-10-08
ORD003156,2024-06-21,GO,Centro-Oeste,Eletrônicos,Smartphones,1,3388.04,0.0,17.13,3405.17,Cartão de Crédito,Cancelado,Scheduled,2024-06-29,
ORD003157,2024-08-28,RJ,Sudeste,Livros,Técnicos,1,50.43,0.0,42.05,92.48,Cartão de Débito,Confirmado,Same-Day,2024-08-28,2024-08-28
ORD003158,2024-05-20,SC,Sul,Casa e Decoração,Iluminação,1,1243.86,0.15,10.18,1067.46,Boleto,Confirmado,Standard,2024-05-30,2024-05-29
ORD003159,2024-02-10,CE,Nordeste,Casa e Decoração,Iluminação,1,963.43,0.0,25.97,989.4,Cartão de Crédito,Confirmado,Standard,2024-02-17,2024-02-22
ORD003160,2024-01-25,BA,Nordeste,Casa e Decoração,Iluminação,1,615.43,0.1,49.0,602.89,PIX,Confirmado,Standard,2024-02-04,2024-02-03
ORD003161,2024-09-09,AM,Norte,Eletrônicos,Tablets,1,2027.11,0.0,47.35,2074.46,Cartão de Crédito,Confirmado,Standard,2024-09-14,2024-09-21
ORD003162,2024-02-22,SP,Sudeste,Moda,Camisetas,1,496.81,0.0,26.9,523.71,Cartão de Crédito,Confirmado,Standard,2024-03-05,2024-03-06
ORD003163,2024-01-06,MG,Sudeste,Eletrônicos,Tablets,1,2809.44,0.1,32.19,2560.68,Cartão de Crédito,Confirmado,Standard,2024-01-11,2024-01-12
ORD003164,2024-08-11,RS,Sul,Moda,Camisetas,1,93.82,0.0,36.43,130.25,PIX,Confirmado,Standard,2024-08-20,2024-08-24
ORD003165,2024-04-07,ES,Sudeste,Casa e Decoração,Têxtil,1,1528.07,0.0,31.49,1559.56,Cartão de Crédito,Confirmado,Standard,2024-04-18,2024-04-20
ORD003166,2024-01-03,MA,Nordeste,Eletrônicos,Tablets,1,4327.05,0.0,19.09,4346.14,Cartão de Crédito,Cancelado,Standard,2024-01-17,
ORD003167,2024-01-23,RJ,Sudeste,Eletrônicos,Tablets,1,3642.36,0.1,20.4,3298.52,Boleto,Confirmado,Standard,2024-02-05,2024-02-05
ORD003168,2024-02-08,PR,Sul,Casa e Decoração,Têxtil,1,693.16,0.0,17.59,710.75,PIX,Cancelado,Standard,2024-02-20,
ORD003169,2024-07-13,PR,Sul,Moda,Calças,1,198.98,0.0,10.11,209.09,PIX,Confirmado,Standard,2024-07-24,2024-07-23
ORD003170,2024-10-25,PE,Nordeste,Eletrônicos,Notebooks,1,4220.43,0.0,84.4,4304.83,PIX,Confirmado,Same-Day,2024-10-25,2024-10-26
ORD003171,2024-06-12,AM,Norte,Moda,Acessórios,1,154.7,0.0,47.49,202.19,Cartão de Crédito,Confirmado,Same-Day,2024-06-12,2024-06-26
ORD003172,2024-07-30,GO,Centro-Oeste,Livros,Ficção,1,73.26,0.0,25.94,99.2,Cartão de Débito,Confirmado,Standard,2024-08-04,2024-08-02
ORD003173,2024-09-24,CE,Nordeste,Moda,Acessórios,1,226.53,0.0,18.98,245.51,Cartão de Crédito,Confirmado,Standard,2024-10-07,2024-10-08
ORD003174,2024-09-01,GO,Centro-Oeste,Livros,Técnicos,1,72.76,0.0,49.11,121.87,Boleto,Confirmado,Scheduled,2024-09-06,2024-09-04
ORD003175,2024-06-13,PA,Norte,Livros,Não-ficção,1,89.31,0.1,21.05,101.43,Cartão de Crédito,Confirmado,Standard,2024-06-20,2024-06-22
ORD003176,2024-02-17,PR,Sul,Casa e Decoração,Móveis,1,1449.3,0.0,15.97,1465.27,Cartão de Crédito,Confirmado,Standard,2024-02-28,2024-02-29
ORD003177,2024-06-29,CE,Nordeste,Moda,Calças,3,574.16,0.05,32.85,578.3,Boleto,Confirmado,Standard,2024-07-13,2024-07-12
ORD003178,2024-02-09,RJ,Sudeste,Livros,Ficção,1,44.27,0.0,29.11,73.38,Cartão de Crédito,Confirmado,Standard,2024-02-18,2024-02-19
ORD003179,2024-04-18,SP,Sudeste,Moda,Calçados,2,529.95,0.1,34.3,511.25,PIX,Confirmado,Standard,2024-04-27,2024-04-28
ORD003180,2024-07-16,RS,Sul,Livros,Ficção,1,97.31,0.0,43.02,140.33,Cartão de Débito,Confirmado,Scheduled,2024-07-19,2024-07-19
ORD003181,2024-06-23,RS,Sul,Esportes,Calçados,1,240.54,0.05,19.36,247.88,Cartão de Crédito,Confirmado,Standard,2024-06-30,2024-07-04
ORD003182,2024-09-20,AM,Norte,Casa e Decoração,Decoração,1,1681.85,0.0,38.35,1720.2,Cartão de Débito,Confirmado,Standard,2024-09-30,2024-09-29
ORD003183,2024-08-20,GO,Centro-Oeste,Moda,Acessórios,2,463.04,0.05,40.81,480.7,Cartão de Crédito,Confirmado,Standard,2024-08-28,2024-08-26
ORD003184,2024-02-24,MA,Nordeste,Moda,Calças,2,729.65,0.05,18.51,711.67,Cartão de Crédito,Confirmado,Standard,2024-03-04,2024-03-16
ORD003185,2024-07-05,BA,Nordeste,Livros,HQs,1,93.54,0.0,51.3,144.84,PIX,Confirmado,Standard,2024-07-17,2024-07-16
ORD003186,2024-09-19,RS,Sul,Livros,Não-ficção,2,81.58,0.0,56.56,138.14,Cartão de Crédito,Confirmado,Same-Day,2024-09-19,2024-09-20
ORD003187,2024-02-05,PR,Sul,Livros,Não-ficção,1,142.9,0.15,32.83,154.29,PIX,Confirmado,Standard,2024-02-19,2024-02-17
ORD003188,2024-06-06,AM,Norte,Esportes,Roupas Esportivas,1,747.69,0.0,45.32,793.01,Boleto,Cancelado,Standard,2024-06-11,
ORD003189,2024-03-16,PE,Nordeste,Eletrônicos,Smartphones,2,8813.58,0.0,66.79,8880.37,PIX,Confirmado,Same-Day,2024-03-16,2024-03-20
ORD003190,2024-05-03,SP,Sudeste,Livros,Não-ficção,1,53.87,0.0,35.83,89.7,Cartão de Crédito,Cancelado,Same-Day,2024-05-03,
ORD003191,2024-05-16,SP,Sudeste,Livros,HQs,2,90.15,0.15,25.78,102.41,Cartão de Crédito,Confirmado,Standard,2024-05-21,2024-05-20
ORD003192,2024-08-19,SC,Sul,Casa e Decoração,Móveis,3,2611.0,0.0,12.5,2623.5,Cartão de Crédito,Confirmado,Standard,2024-08-25,2024-08-23
ORD003193,2024-10-08,RJ,Sudeste,Casa e Decoração,Iluminação,2,2728.74,0.0,11.87,2740.61,Cartão de Crédito,Confirmado,Standard,2024-10-20,2024-11-01
ORD003194,2024-04-18,MG,Sudeste,Livros,HQs,1,87.75,0.0,24.45,112.2,Boleto,Confirmado,Standard,2024-04-25,2024-04-26
ORD003195,2024-08-08,CE,Nordeste,Casa e Decoração,Móveis,1,919.21,0.0,59.17,978.38,Cartão de Crédito,Confirmado,Scheduled,2024-08-15,2024-08-14
ORD003196,2024-08-13,PR,Sul,Casa e Decoração,Móveis,1,1825.21,0.0,31.75,1856.96,Cartão de Débito,Confirmado,Standard,2024-08-22,2024-08-25
ORD003197,2024-01-26,GO,Centro-Oeste,Livros,Infantis,1,30.18,0.0,31.13,61.31,Cartão de Débito,Cancelado,Standard,2024-02-09,
ORD003198,2024-04-09,PR,Sul,Moda,Calçados,1,243.75,0.05,24.54,256.11,PIX,Confirmado,Standard,2024-04-15,2024-04-15
ORD003199,2024-03-31,DF,Centro-Oeste,Casa e Decoração,Têxtil,1,1582.08,0.0,22.6,1604.68,Cartão de Crédito,Confirmado,Standard,2024-04-06,2024-04-06
ORD003200,2024-09-09,CE,Nordeste,Livros,Ficção,1,93.19,0.0,47.85,141.04,Cartão de Crédito,Confirmado,Standard,2024-09-19,2024-09-20
ORD003201,2024-01-26,GO,Centro-Oeste,Moda,Camisetas,1,123.31,0.0,43.92,167.23,Cartão de Crédito,Confirmado,Standard,2024-02-02,2024-01-31
ORD003202,2024-04-22,RJ,Sudeste,Eletrônicos,Smartphones,1,2723.39,0.0,40.83,2764.22,Cartão de Débito,Confirmado,Same-Day,2024-04-22,2024-04-22
ORD003203,2024-10-21,PR,Sul,Moda,Camisetas,2,157.62,0.0,18.09,175.71,Cartão de Débito,Confirmado,Standard,2024-11-04,2024-11-02
ORD003204,2024-09-29,RJ,Sudeste,Casa e Decoração,Utensílios,1,1269.66,0.05,41.71,1247.89,Cartão de Crédito,Confirmado,Same-Day,2024-09-29,2024-10-06
ORD003205,2024-07-26,BA,Nordeste,Livros,Ficção,1,48.84,0.0,40.89,89.73,Cartão de Crédito,Confirmado,Standard,2024-07-31,2024-07-30
ORD003206,2024-04-22,ES,Sudeste,Casa e Decoração,Iluminação,1,1897.37,0.0,19.52,1916.89,Cartão de Crédito,Confirmado,Scheduled,2024-04-30,2024-04-28
ORD003207,2024-04-15,MG,Sudeste,Moda,Vestidos,1,323.85,0.0,16.51,340.36,Cartão de Crédito,Confirmado,Standard,2024-04-26,2024-05-05
ORD003208,2024-05-27,ES,Sudeste,Esportes,Suplementos,1,411.5,0.05,46.75,437.67,Cartão de Crédito,Confirmado,Scheduled,2024-06-04,2024-06-03
ORD003209,2024-01-02,RJ,Sudeste,Moda,Acessórios,1,373.48,0.0,24.8,398.28,PIX,Confirmado,Scheduled,2024-01-06,2024-01-15
ORD003210,2024-09-01,ES,Sudeste,Casa e Decoração,Utensílios,1,363.2,0.0,36.34,399.54,PIX,Confirmado,Same-Day,2024-09-01,2024-09-03
ORD003211,2024-03-28,SC,Sul,Eletrônicos,Notebooks,1,4142.4,0.0,29.17,4171.57,Cartão de Crédito,Confirmado,Standard,2024-04-07,2024-04-07
ORD003212,2024-04-05,SC,Sul,Livros,Não-ficção,1,70.93,0.0,20.06,90.99,Cartão de Crédito,Confirmado,Standard,2024-04-14,2024-04-12
ORD003213,2024-01-07,GO,Centro-Oeste,Livros,Infantis,1,104.68,0.0,20.35,125.03,Cartão de Crédito,Confirmado,Standard,2024-01-19,2024-01-17
ORD003214,2024-06-20,SP,Sudeste,Moda,Vestidos,2,676.87,0.0,26.59,703.46,Cartão de Crédito,Confirmado,Standard,2024-07-02,2024-07-05
ORD003215,2024-02-09,MG,Sudeste,Eletrônicos,Smartwatches,1,3902.49,0.1,30.38,3542.62,Cartão de Crédito,Confirmado,Standard,2024-02-22,2024-02-25
ORD003216,2024-06-29,PE,Nordeste,Esportes,Roupas Esportivas,1,198.84,0.0,,247.44,Cartão de Crédito,Confirmado,Same-Day,2024-06-29,2024-06-29
ORD003217,2024-09-07,AM,Norte,Moda,Calçados,1,237.16,0.0,38.21,275.37,Cartão de Crédito,Confirmado,Standard,2024-09-13,2024-09-11
ORD003218,2024-02-26,SP,Sudeste,Eletrônicos,Smartwatches,2,7704.42,0.0,15.45,7719.87,Cartão de Crédito,Cancelado,Standard,2024-03-08,
ORD003219,2024-05-28,AM,Norte,Moda,Acessórios,1,64.64,0.05,31.0,92.41,Cartão de Crédito,Confirmado,Standard,2024-06-03,2024-06-02
ORD003220,2024-09-14,MG,Sudeste,Moda,Camisetas,2,336.76,0.0,27.14,363.9,Cartão de Crédito,Confirmado,Standard,2024-09-20,2024-09-19
ORD003221,2024-02-21,PR,Sul,Casa e Decoração,Iluminação,1,389.98,0.0,31.58,421.56,Boleto,Confirmado,Standard,2024-03-04,2024-03-12
ORD003222,2024-09-08,ES,Sudeste,Casa e Decoração,Têxtil,1,407.39,0.0,59.41,466.8,Cartão de Crédito,Confirmado,Same-Day,2024-09-08,2024-09-08
ORD003223,2024-05-11,GO,Centro-Oeste,Livros,Técnicos,2,206.4,0.0,18.71,225.11,Cartão de Crédito,Confirmado,Standard,2024-05-23,2024-05-22
ORD003224,2024-07-05,PE,Nordeste,Eletrônicos,Tablets,1,4055.35,0.1,16.26,3666.07,PIX,Confirmado,Standard,2024-07-13,2024-07-12
ORD003225,2024-06-03,ES,Sudeste,Casa e Decoração,Têxtil,1,1330.2,0.1,28.5,1225.68,Boleto,Confirmado,Standard,2024-06-13,2024-06-12
ORD003226,2024-09-04,RJ,Sudeste,Casa e Decoração,Têxtil,1,1226.62,0.1,12.04,1116.0,Cartão de Crédito,Confirmado,Standard,2024-09-17,2024-09-18
ORD003227,2024-01-11,MG,Sudeste,Livros,Não-ficção,1,50.51,0.15,13.65,56.59,PIX,Confirmado,Standard,2024-01-22,2024-01-23
ORD003228,2024-03-13,SC,Sul,Livros,Ficção,2,73.48,0.0,20.19,93.67,Cartão de Crédito,Confirmado,Standard,2024-03-21,2024-03-22
ORD003229,2024-05-05,DF,Centro-Oeste,Livros,Técnicos,1,105.88,0.0,48.05,153.93,Cartão de Crédito,Confirmado,Scheduled,2024-05-10,2024-05-08
ORD003230,2024-04-15,ES,Sudeste,Eletrônicos,Notebooks,1,1521.44,0.0,20.26,1541.7,PIX,Cancelado,Scheduled,2024-04-19,
ORD003231,2024-07-12,GO,Centro-Oeste,Eletrônicos,Tablets,1,3812.31,0.1,22.41,3453.49,Cartão de Crédito,Confirmado,Standard,2024-07-19,2024-07-20
ORD003232,2024-10-05,MA,Nordeste,Livros,HQs,1,104.96,0.0,20.77,125.73,Cartão de Crédito,Confirmado,Standard,2024-10-18,2024-10-17
ORD003233,2024-03-30,PR,Sul,Casa e Decoração,Decoração,1,951.63,0.0,11.69,963.32,PIX,Confirmado,Standard,2024-04-13,2024-04-12
ORD003234,2024-07-19,DF,Centro-Oeste,Livros,Técnicos,2,217.67,0.05,29.66,236.45,Cartão de Crédito,Confirmado,Standard,2024-08-01,2024-08-03
ORD003235,2024-06-07,RS,Sul,Eletrônicos,Smartwatches,1,1174.74,0.0,24.64,1199.38,Cartão de Crédito,Cancelado,Standard,2024-06-18,
ORD003236,2024-09-23,ES,Sudeste,Casa e Decoração,Têxtil,1,991.44,0.0,45.31,1036.75,Cartão de Crédito,Confirmado,Scheduled,2024-10-01,2024-09-30
ORD003237,2024-03-03,BA,Nordeste,Livros,HQs,1,138.45,0.0,16.31,154.76,Cartão de Crédito,Confirmado,Standard,2024-03-10,2024-03-11
ORD003238,2024-06-26,PR,Sul,Eletrônicos,Smartphones,2,4688.31,0.05,40.79,4494.69,Cartão de Crédito,Confirmado,Same-Day,2024-06-26,2024-07-09
ORD003239,2024-09-12,MA,Nordeste,Moda,Calçados,2,241.17,0.0,32.03,273.2,PIX,Confirmado,Standard,2024-09-21,2024-09-22
ORD003240,2024-03-17,CE,Nordeste,Casa e Decoração,Têxtil,1,1747.2,0.0,66.65,1813.85,Cartão de Crédito,Confirmado,Same-Day,2024-03-17,2024-03-17
ORD003241,2024-10-12,GO,Centro-Oeste,Moda,Vestidos,1,353.24,0.05,21.71,357.29,Cartão de Crédito,Confirmado,Standard,2024-10-18,2024-10-20
ORD003242,2024-09-06,PR,Sul,Eletrônicos,Tablets,1,1936.46,0.0,43.3,1979.76,PIX,Confirmado,Same-Day,2024-09-06,2024-09-06
ORD003243,2024-01-08,PE,Nordeste,Eletrônicos,Notebooks,3,13601.84,0.15,58.03,11619.59,PIX,Confirmado,Scheduled,2024-01-13,2024-01-14
ORD003244,2024-05-24,AM,Norte,Esportes,Roupas Esportivas,2,1082.8,0.0,69.81,1152.61,PIX,Cancelado,Same-Day,2024-05-24,
ORD003245,2024-01-28,PE,Nordeste,Casa e Decoração,Móveis,2,783.26,0.0,47.24,830.5,Cartão de Crédito,Confirmado,Standard,2024-02-11,2024-02-12
ORD003246,2024-08-08,SC,Sul,Eletrônicos,Smartphones,1,2212.94,0.0,35.09,2248.03,Cartão de Crédito,Confirmado,Standard,2024-08-16,2024-08-14
ORD003247,2024-05-08,MG,Sudeste,Casa e Decoração,Decoração,2,2332.87,0.05,22.48,2238.7,Cartão de Crédito,Confirmado,Standard,2024-05-22,2024-05-20
ORD003248,2024-09-14,GO,Centro-Oeste,Esportes,Equipamentos,1,400.77,0.0,38.81,439.58,Cartão de Crédito,Confirmado,Standard,2024-09-23,2024-09-27
ORD003249,2024-02-14,ES,Sudeste,Casa e Decoração,Utensílios,1,976.34,0.0,25.53,1001.87,PIX,Confirmado,Standard,2024-02-19,2024-02-18
ORD003250,2024-04-10,BA,Nordeste,Esportes,Roupas Esportivas,2,488.01,0.0,18.01,506.02,Cartão de Crédito,Cancelado,Standard,2024-04-20,
ORD003251,2024-05-28,RS,Sul,Eletrônicos,Fones de Ouvido,1,2881.18,0.1,26.41,2619.47,Cartão de Crédito,Confirmado,Scheduled,2024-06-01,2024-05-31
ORD003252,2024-06-30,RS,Sul,Livros,Infantis,1,78.95,0.0,20.74,99.69,PIX,Confirmado,Standard,2024-07-14,2024-07-14
ORD003253,2024-07-23,MA,Nordeste,Eletrônicos,Tablets,1,2546.63,0.2,84.01,2121.31,PIX,Confirmado,Same-Day,2024-07-23,2024-07-24
ORD003254,2024-06-03,DF,Centro-Oeste,Casa e Decoração,Utensílios,1,1523.17,0.05,25.62,1472.63,Boleto,Cancelado,Standard,2024-06-12,
ORD003255,2024-10-15,BA,Nordeste,Casa e Decoração,Têxtil,1,1455.32,0.0,20.31,1475.63,Boleto,Confirmado,Standard,2024-10-23,2024-10-21
ORD003256,2024-03-12,GO,Centro-Oeste,Moda,Vestidos,1,356.61,0.05,33.68,372.46,Cartão de Crédito,Cancelado,Standard,2024-03-26,
ORD003257,2024-03-10,BA,Nordeste,Esportes,Equipamentos,2,216.31,0.15,40.93,224.79,Cartão de Crédito,Confirmado,Standard,2024-03-21,2024-03-19
ORD003258,2024-06-03,PR,Sul,Eletrônicos,Tablets,1,1574.45,0.0,34.02,1608.47,Cartão de Crédito,Confirmado,Standard,2024-06-11,2024-06-11
ORD003259,2024-10-17,MA,Nordeste,Livros,HQs,1,70.96,0.0,36.33,107.29,PIX,Confirmado,Standard,2024-10-31,2024-10-29
ORD003260,2024-04-03,BA,Nordeste,Livros,Ficção,1,141.77,0.0,30.27,172.04,Cartão de Crédito,Cancelado,Standard,2024-04-16,
ORD003261,2024-03-11,CE,Nordeste,Livros,Técnicos,1,104.95,0.0,44.74,149.69,Cartão de Débito,Confirmado,Standard,2024-03-16,2024-03-17
ORD003262,2024-09-14,MA,Nordeste,Casa e Decoração,Iluminação,1,118.6,0.0,23.19,141.79,Cartão de Crédito,Confirmado,Standard,2024-09-26,2024-09-24
ORD003263,2024-06-30,BA,Nordeste,Livros,Infantis,1,51.02,0.1,32.81,78.73,Boleto,Confirmado,Standard,2024-07-14,2024-07-26
ORD003264,2024-07-29,PE,Nordeste,Eletrônicos,Smartwatches,1,3299.61,0.0,34.14,3333.75,Cartão de Crédito,Confirmado,Standard,2024-08-10,2024-08-18
ORD003265,2024-01-14,PA,Norte,Livros,Ficção,1,67.22,0.0,43.19,110.41,PIX,Confirmado,Scheduled,2024-01-19,2024-01-18
ORD003266,2024-03-12,DF,Centro-Oeste,Casa e Decoração,Utensílios,1,1440.71,0.0,39.18,1479.89,PIX,Confirmado,Standard,2024-03-18,2024-04-01
ORD003267,2024-10-24,CE,Nordeste,Casa e Decoração,Utensílios,1,194.53,0.0,38.79,233.32,Boleto,Confirmado,Standard,2024-11-05,2024-11-09
ORD003268,2024-10-05,MA,Nordeste,Esportes,Suplementos,1,229.17,0.0,30.07,259.24,Cartão de Crédito,Confirmado,Scheduled,2024-10-14,2024-10-19
ORD003269,2024-01-28,PA,Norte,Livros,Não-ficção,1,78.51,,64.29,142.8,Boleto,Confirmado,Same-Day,2024-01-28,2024-01-28
ORD003270,2024-07-25,GO,Centro-Oeste,Eletrônicos,Fones de Ouvido,1,1670.99,0.0,20.67,1691.66,Cartão de Crédito,Confirmado,Standard,2024-08-07,2024-08-10
ORD003271,2024-09-22,PE,Nordeste,Eletrônicos,Smartphones,2,8610.69,0.0,74.68,8685.37,Boleto,Confirmado,Same-Day,2024-09-22,2024-09-26
ORD003272,2024-01-29,PR,Sul,Eletrônicos,Tablets,1,4697.94,0.0,34.18,4732.12,Cartão de Crédito,Confirmado,Standard,2024-02-11,2024-02-09
ORD003273,2024-10-31,RJ,Sudeste,Casa e Decoração,Têxtil,1,880.51,0.0,38.78,919.29,Cartão de Débito,Confirmado,Standard,2024-11-14,2024-11-19
ORD003274,2024-09-03,ES,Sudeste,Casa e Decoração,Móveis,1,1994.52,0.0,20.48,2015.0,Cartão de Crédito,Confirmado,Standard,2024-09-09,2024-09-09
ORD003275,2024-03-03,ES,Sudeste,Esportes,Calçados,2,572.58,0.0,29.78,602.36,Cartão de Débito,Confirmado,Standard,2024-03-12,2024-03-12
ORD003276,2024-01-28,ES,Sudeste,Moda,Acessórios,1,360.0,0.0,30.7,390.7,PIX,Confirmado,Standard,2024-02-08,2024-02-08
ORD003277,2024-03-14,CE,Nordeste,Livros,Não-ficção,1,141.07,0.0,25.42,166.49,Cartão de Crédito,Confirmado,Standard,2024-03-26,2024-03-27
ORD003278,2024-04-24,MA,Nordeste,Moda,Vestidos,1,245.3,0.05,14.0,247.04,PIX,Confirmado,Standard,2024-05-08,2024-05-11
ORD003279,2024-06-08,ES,Sudeste,Eletrônicos,Fones de Ouvido,1,3552.5,0.0,38.8,3591.3,Cartão de Crédito,Confirmado,Scheduled,2024-06-17,2024-06-16
ORD003280,2024-04-12,RJ,Sudeste,Eletrônicos,Smartphones,1,1260.43,0.0,29.01,1289.44,PIX,Confirmado,Standard,2024-04-26,2024-04-25
ORD003281,2024-03-19,DF,Centro-Oeste,Eletrônicos,Smartwatches,1,509.26,0.0,79.12,588.38,PIX,Confirmado,Same-Day,2024-03-19,2024-03-23
ORD003282,2024-02-19,RS,Sul,Moda,Camisetas,2,101.79,0.1,24.61,116.22,Cartão de Crédito,Cancelado,Standard,2024-03-02,
ORD003283,2024-08-30,SP,Sudeste,Esportes,Acessórios,1,515.2,0.05,58.98,548.42,Cartão de Crédito,Confirmado,Same-Day,2024-08-30,2024-08-30
ORD003284,2024-07-19,SP,Sudeste,Eletrônicos,Tablets,2,5360.38,0.05,48.3,5140.66,PIX,Confirmado,Same-Day,2024-07-19,2024-07-19
ORD003285,2024-07-26,PE,Nordeste,Moda,Calças,1,212.46,0.05,48.22,250.06,PIX,Confirmado,Scheduled,2024-08-01,2024-08-03
ORD003286,2024-10-06,PR,Sul,Esportes,Acessórios,1,494.12,0.0,35.57,529.69,Boleto,Confirmado,Standard,2024-10-18,2024-10-21
ORD003287,2024-03-04,BA,Nordeste,Moda,Camisetas,1,189.62,0.0,21.29,210.91,Boleto,Confirmado,Scheduled,2024-03-09,2024-03-09
ORD003288,2024-04-04,MG,Sudeste,Moda,Calças,1,235.09,0.15,34.7,234.52,PIX,Confirmado,Standard,2024-04-11,2024-04-10
ORD003289,2024-09-18,ES,Sudeste,Esportes,Equipamentos,1,670.96,0.05,35.73,673.14,PIX,Confirmado,Standard,2024-09-25,2024-09-28
ORD003290,2024-08-31,PE,Nordeste,Casa e Decoração,Decoração,1,607.27,0.0,24.59,631.86,Cartão de Crédito,Confirmado,Standard,2024-09-13,2024-09-17
ORD003291,2024-02-21,DF,Centro-Oeste,Livros,Técnicos,1,59.13,0.0,42.05,101.18,Boleto,Confirmado,Standard,2024-03-03,2024-03-03
ORD003292,2024-05-20,BA,Nordeste,Livros,Ficção,2,43.55,0.0,51.55,95.1,Boleto,Cancelado,Standard,2024-05-28,
ORD003293,2024-08-25,BA,Nordeste,Livros,Não-ficção,1,144.37,0.0,51.72,196.09,Cartão de Crédito,Confirmado,Standard,2024-08-31,2024-08-29
ORD003294,2024-01-15,PR,Sul,Livros,Ficção,1,67.59,0.1,29.13,89.96,Boleto,Confirmado,Standard,2024-01-23,2024-01-27
ORD003295,2024-10-15,BA,Nordeste,Eletrônicos,Smartwatches,1,534.49,0.0,33.43,567.92,Cartão de Crédito,Confirmado,Standard,2024-10-22,2024-10-21
ORD003296,2024-06-04,SP,Sudeste,Esportes,Acessórios,1,624.13,0.05,35.54,628.46,Cartão de Crédito,Cancelado,Standard,2024-06-14,
ORD003297,2024-01-22,MA,Nordeste,Casa e Decoração,Utensílios,1,1069.64,0.05,25.88,1042.04,Cartão de Crédito,Confirmado,Standard,2024-02-03,2024-02-01
ORD003298,2024-08-27,MA,Nordeste,Livros,Técnicos,2,266.69,0.0,103.13,369.82,Boleto,Cancelado,Same-Day,2024-08-27,
ORD003299,2024-01-05,MG,Sudeste,Casa e Decoração,Têxtil,1,782.58,0.0,71.49,854.07,Cartão de Crédito,Confirmado,Same-Day,2024-01-05,2024-01-06
ORD003300,2024-09-14,RS,Sul,Casa e Decoração,Têxtil,1,637.04,0.0,15.56,652.6,Cartão de Débito,Confirmado,Standard,2024-09-23,2024-09-24
ORD003301,2024-07-18,CE,Nordeste,Eletrônicos,Notebooks,2,1906.33,0.2,69.79,1594.86,Boleto,Confirmado,Same-Day,2024-07-18,2024-07-18
ORD003302,2024-03-18,SC,Sul,Esportes,Suplementos,1,442.54,0.1,48.93,447.22,Boleto,Confirmado,Same-Day,2024-03-18,2024-03-22
ORD003303,2024-08-23,ES,Sudeste,Moda,Vestidos,2,718.12,0.0,11.64,729.76,PIX,Confirmado,Standard,2024-09-04,2024-09-04
ORD003304,2024-06-04,MA,Nordeste,Livros,Ficção,2,107.84,0.0,20.75,128.59,Boleto,Cancelado,Standard,2024-06-16,
ORD003305,2024-09-04,BA,Nordeste,Livros,HQs,1,36.05,0.0,35.5,71.55,Cartão de Crédito,Confirmado,Standard,2024-09-17,2024-09-20
ORD003306,2024-04-02,DF,Centro-Oeste,Esportes,Calçados,1,582.52,0.0,16.7,599.22,Boleto,Confirmado,Standard,2024-04-08,2024-04-10
ORD003307,2024-05-12,MG,Sudeste,Casa e Decoração,Têxtil,1,1600.53,0.0,23.9,1624.43,Cartão de Débito,Confirmado,Standard,2024-05-19,2024-05-19
ORD003308,2024-10-24,SC,Sul,Esportes,Calçados,1,304.79,0.0,39.8,344.59,PIX,Confirmado,Scheduled,2024-11-01,2024-11-02
ORD003309,2024-07-25,RJ,Sudeste,Eletrônicos,Smartphones,1,1367.43,0.0,40.01,1407.44,Boleto,Confirmado,Scheduled,2024-07-28,2024-07-31
ORD003310,2024-03-22,RS,Sul,Eletrônicos,Smartphones,1,1591.19,0.0,28.85,1620.04,PIX,Confirmado,Standard,2024-04-05,2024-04-04
ORD003311,2024-09-12,MA,Nordeste,Livros,Técnicos,1,33.17,0.0,39.3,72.47,PIX,Confirmado,Standard,2024-09-19,2024-09-24
ORD003312,2024-04-28,PA,Norte,Moda,Camisetas,1,455.26,0.0,52.89,508.15,Cartão de Débito,Confirmado,Same-Day,2024-04-28,2024-05-07
ORD003313,2024-03-30,ES,Sudeste,Livros,Infantis,1,103.8,0.0,28.33,132.13,PIX,Confirmado,Standard,2024-04-06,2024-04-04
ORD003314,2024-02-02,SP,Sudeste,Esportes,Suplementos,1,684.04,0.15,15.3,596.73,Cartão de Crédito,Confirmado,Standard,2024-02-10,2024-02-09
ORD003315,2024-02-28,SP,Sudeste,Eletrônicos,Fones de Ouvido,1,3450.13,0.05,27.35,3304.97,PIX,Confirmado,Standard,2024-03-11,2024-03-09
ORD003316,2024-07-10,DF,Centro-Oeste,Eletrônicos,Notebooks,1,4852.29,0.0,21.6,4873.89,Boleto,Cancelado,Standard,2024-07-15,
ORD003317,2024-06-13,RJ,Sudeste,Livros,Infantis,2,160.34,0.0,53.7,214.04,PIX,Confirmado,Same-Day,2024-06-13,2024-06-25
ORD003318,2024-03-09,GO,Centro-Oeste,Esportes,Calçados,3,1350.01,0.05,30.85,1313.36,Boleto,Cancelado,Scheduled,2024-03-18,
ORD003319,2024-04-12,RS,Sul,Casa e Decoração,Iluminação,2,3437.74,0.0,21.39,3459.13,Cartão de Crédito,Confirmado,Scheduled,2024-04-16,2024-04-15
ORD003320,2024-08-12,GO,Centro-Oeste,Casa e Decoração,Utensílios,1,771.7,0.0,23.44,795.14,Cartão de Crédito,Confirmado,Standard,2024-08-18,2024-08-17
ORD003321,2024-04-13,ES,Sudeste,Moda,Calçados,1,158.95,0.0,18.33,177.28,PIX,Confirmado,Standard,2024-04-18,2024-04-16
ORD003322,2024-09-27,PA,Norte,Moda,Camisetas,1,168.26,0.0,21.48,189.74,Cartão de Crédito,Confirmado,Standard,2024-10-07,2024-10-06
ORD003323,2024-10-25,SP,Sudeste,Eletrônicos,Notebooks,1,2556.96,0.0,99.65,2576.89,Cartão de Crédito,Confirmado,Standard,2024-11-04,2024-11-02
ORD003324,2024-01-18,PA,Norte,Moda,Camisetas,1,215.19,0.0,23.2,238.39,Cartão de Crédito,Confirmado,Standard,2024-01-28,2024-01-29
ORD003325,2024-07-03,PA,Norte,Livros,HQs,1,70.19,0.0,22.08,92.27,Cartão de Débito,Cancelado,Standard,2024-07-13,
ORD003326,2024-10-06,AM,Norte,Eletrônicos,Tablets,1,3920.95,0.0,45.83,3966.78,Cartão de Crédito,Confirmado,Standard,2024-10-19,2024-10-26
ORD003327,2024-04-04,GO,Centro-Oeste,Esportes,Acessórios,3,944.35,0.1,31.85,881.77,Cartão de Débito,Confirmado,Scheduled,2024-04-11,2024-04-10
ORD003328,2024-04-07,AM,Norte,Moda,Acessórios,2,244.56,0.0,31.1,275.66,Cartão de Débito,Confirmado,Scheduled,2024-04-13,2024-04-11
ORD003329,2024-08-30,CE,Nordeste,Casa e Decoração,Decoração,1,1570.13,0.0,48.18,1618.31,Boleto,Confirmado,Standard,2024-09-11,2024-09-10
ORD003330,2024-10-13,AM,Norte,Moda,Camisetas,1,422.26,0.0,22.6,444.86,Cartão de Crédito,Confirmado,Standard,2024-10-23,2024-10-23
ORD003331,2024-08-12,BA,Nordeste,Livros,Ficção,1,135.44,0.0,41.85,177.29,Boleto,Confirmado,Standard,2024-08-24,2024-08-24
ORD003332,2024-10-18,RJ,Sudeste,Moda,Acessórios,1,384.16,0.0,30.3,414.46,Cartão de Débito,Confirmado,Scheduled,2024-10-25,2024-10-24
ORD003333,2024-06-01,RJ,Sudeste,Eletrônicos,Fones de Ouvido,1,3472.37,0.0,45.98,3518.35,Cartão de Crédito,Confirmado,Scheduled,2024-06-09,2024-06-07
ORD003334,2024-04-28,SP,Sudeste,Esportes,Calçados,2,1380.11,0.1,14.36,1256.46,Cartão de Crédito,Cancelado,Standard,2024-05-10,
ORD003335,2024-06-18,SP,Sudeste,Moda,Vestidos,1,78.95,0.0,66.77,145.72,PIX,Confirmado,Same-Day,2024-06-18,2024-06-29
ORD003336,2024-05-08,BA,Nordeste,Casa e Decoração,Móveis,1,217.46,0.0,37.55,255.01,Cartão de Crédito,Confirmado,Standard,2024-05-13,2024-05-23
ORD003337,2024-03-21,PR,Sul,Eletrônicos,Smartwatches,1,1474.46,0.05,39.91,1440.65,Cartão de Crédito,Confirmado,Standard,2024-04-03,2024-04-02
ORD003338,2024-10-21,RS,Sul,Esportes,Calçados,1,255.29,0.0,35.7,290.99,PIX,Confirmado,Standard,2024-10-30,2024-10-31
ORD003339,2024-09-13,PR,Sul,Livros,HQs,1,31.77,0.0,33.31,65.08,Cartão de Crédito,Confirmado,Standard,2024-09-24,2024-09-27
ORD003340,2024-01-30,CE,Nordeste,Eletrônicos,Smartwatches,2,7329.23,0.1,36.44,6632.75,PIX,Confirmado,Standard,2024-02-07,2024-02-08
ORD003341,2024-08-29,MA,Nordeste,Casa e Decoração,Móveis,1,247.09,0.05,40.89,275.63,PIX,Confirmado,Standard,2024-09-04,2024-09-04
ORD003342,2024-01-17,SC,Sul,Livros,Técnicos,2,143.77,0.0,11.68,155.45,PIX,Confirmado,Standard,2024-01-22,2024-01-23
ORD003343,2024-04-12,SC,Sul,Eletrônicos,Notebooks,1,2826.33,0.05,18.26,2703.28,Boleto,Confirmado,Standard,2024-04-23,2024-04-29
ORD003344,2024-04-14,CE,Nordeste,Casa e Decoração,Móveis,3,2231.69,0.0,14.29,2245.98,Cartão de Crédito,Confirmado,Standard,2024-04-28,2024-04-28
ORD003345,2024-04-30,PE,Nordeste,Eletrônicos,Smartwatches,2,4713.87,0.05,25.86,4504.04,Boleto,Confirmado,Standard,2024-05-14,2024-05-21
ORD003346,2024-01-19,SC,Sul,Eletrônicos,Fones de Ouvido,1,2769.79,0.0,,2844.05,Boleto,Confirmado,Same-Day,2024-01-19,2024-01-20
ORD003347,2024-02-11,MA,Nordeste,Esportes,Acessórios,2,247.26,0.0,23.73,270.99,Boleto,Cancelado,Standard,2024-02-18,
ORD003348,2024-03-07,PR,Sul,Eletrônicos,Smartphones,1,3133.07,0.0,76.47,3209.54,Cartão de Crédito,Confirmado,Same-Day,2024-03-07,2024-03-07
ORD003349,2024-01-19,PE,Nordeste,Esportes,Equipamentos,2,638.95,0.1,67.54,642.6,Boleto,Confirmado,Same-Day,2024-01-19,2024-01-23
ORD003350,2024-06-28,BA,Nordeste,Livros,Técnicos,2,168.87,0.1,58.72,210.7,Boleto,Confirmado,Scheduled,2024-07-01,2024-07-10
ORD003351,2024-04-26,SP,Sudeste,Eletrônicos,Smartphones,2,1432.66,0.0,15.62,1448.28,Cartão de Crédito,Confirmado,Standard,2024-05-08,2024-05-09
ORD003352,2024-04-10,CE,Nordeste,Esportes,Acessórios,1,97.46,0.0,14.72,112.18,Cartão de Crédito,Confirmado,Standard,2024-04-15,2024-04-15
ORD003353,2024-01-10,CE,Nordeste,Livros,Ficção,1,39.03,0.0,19.75,58.78,Cartão de Crédito,Confirmado,Standard,2024-01-18,2024-01-19
ORD003354,2024-07-17,PA,Norte,Livros,Não-ficção,2,263.72,0.05,45.09,295.62,Cartão de Crédito,Confirmado,Standard,2024-07-26,2024-08-04
ORD003355,2024-08-08,ES,Sudeste,Livros,HQs,2,120.08,0.0,46.64,166.72,Cartão de Débito,Confirmado,Scheduled,2024-08-16,2024-08-16
ORD003356,2024-03-11,RJ,Sudeste,Livros,Ficção,1,62.2,0.05,32.61,91.7,Cartão de Crédito,Confirmado,Standard,2024-03-21,2024-03-22
ORD003357,2024-07-07,SC,Sul,Moda,Vestidos,1,427.52,0.05,54.94,461.08,Cartão de Crédito,Confirmado,Same-Day,2024-07-07,2024-07-07
ORD003358,2024-08-11,MA,Nordeste,Eletrônicos,Notebooks,1,4812.32,0.0,39.25,4851.57,Cartão de Crédito,Confirmado,Standard,2024-08-20,2024-08-19
ORD003359,2024-04-28,RJ,Sudeste,Esportes,Roupas Esportivas,2,1442.49,0.0,22.43,1464.92,Cartão de Crédito,Confirmado,Standard,2024-05-08,2024-05-08
ORD003360,2024-04-26,BA,Nordeste,Esportes,Calçados,1,413.06,0.05,17.47,409.88,Boleto,Confirmado,Standard,2024-05-01,2024-05-01
ORD003361,2024-01-24,PA,Norte,Eletrônicos,Notebooks,1,3973.01,0.0,37.64,4010.65,PIX,Confirmado,Standard,2024-02-02,2024-02-01
ORD003362,2024-01-30,RJ,Sudeste,Eletrônicos,Notebooks,2,7461.74,0.05,30.09,7118.74,Cartão de Débito,Confirmado,Scheduled,2024-02-06,2024-02-06
ORD003363,2024-08-12,MG,Sudeste,Casa e Decoração,Móveis,2,2699.84,0.0,34.75,2734.59,Cartão de Crédito,Confirmado,Standard,2024-08-24,2024-08-23
ORD003364,2024-06-09,SC,Sul,Esportes,Equipamentos,2,585.01,0.0,28.51,613.52,Cartão de Crédito,Confirmado,Standard,2024-06-22,2024-06-23
ORD003365,2024-05-29,MG,Sudeste,Esportes,Acessórios,1,473.62,0.0,39.97,513.59,PIX,Confirmado,Standard,2024-06-10,2024-06-13
ORD003366,2024-09-02,GO,Centro-Oeste,Eletrônicos,Smartphones,1,1603.41,0.0,28.49,1631.9,Cartão de Crédito,Confirmado,Standard,2024-09-13,2024-09-14
ORD003367,2024-02-09,PR,Sul,Esportes,Equipamentos,3,2335.42,0.0,34.26,2369.68,Boleto,Confirmado,Same-Day,2024-02-09,2024-02-09
ORD003368,2024-09-10,ES,Sudeste,Casa e Decoração,Utensílios,1,1387.33,0.1,27.22,1275.82,Cartão de Crédito,Confirmado,Standard,2024-09-15,2024-09-24
ORD003369,2024-08-15,ES,Sudeste,Casa e Decoração,Decoração,1,947.82,0.0,18.62,966.44,Cartão de Crédito,Confirmado,Standard,2024-08-26,2024-08-27
ORD003370,2024-10-09,PR,Sul,Moda,Acessórios,1,167.1,0.0,27.94,195.04,Cartão de Crédito,Confirmado,Standard,2024-10-17,2024-10-17
ORD003371,2024-05-16,SC,Sul,Esportes,Calçados,1,102.85,0.0,34.56,137.41,Cartão de Crédito,Confirmado,Standard,2024-05-30,2024-05-31
ORD003372,2024-02-23,SP,Sudeste,Casa e Decoração,Iluminação,1,1672.56,0.0,37.49,1710.05,PIX,Cancelado,Standard,2024-03-04,
ORD003373,2024-09-05,PR,Sul,Eletrônicos,Notebooks,1,3153.64,0.0,30.55,3184.19,Cartão de Crédito,Confirmado,Same-Day,2024-09-05,2024-09-11
ORD003374,2024-03-11,AM,Norte,Esportes,Equipamentos,3,1013.64,0.0,37.31,1050.95,PIX,Confirmado,Standard,2024-03-16,2024-03-16
ORD003375,2024-06-05,ES,Sudeste,Esportes,Equipamentos,1,458.96,0.0,37.81,496.77,PIX,Cancelado,Standard,2024-06-15,
ORD003376,2024-03-03,SC,Sul,Moda,Camisetas,1,399.98,0.05,37.48,417.47,PIX,Confirmado,Standard,2024-03-16,2024-03-17
ORD003377,2024-04-30,ES,Sudeste,Livros,Infantis,1,73.96,0.05,30.71,100.97,Boleto,Cancelado,Same-Day,2024-04-30,
ORD003378,2024-02-28,SP,Sudeste,Livros,Ficção,1,50.08,0.0,11.53,61.61,PIX,Confirmado,Standard,2024-03-13,2024-03-13
ORD003379,2024-05-18,PR,Sul,Esportes,Acessórios,1,445.18,0.0,14.27,459.45,Boleto,Confirmado,Standard,2024-06-01,2024-06-09
ORD003380,2024-06-02,AM,Norte,Eletrônicos,Smartphones,2,1959.32,0.0,50.63,2009.95,Cartão de Crédito,Confirmado,Same-Day,2024-06-02,2024-06-03
ORD003381,2024-05-22,AM,Norte,Esportes,Acessórios,1,723.03,0.05,33.29,720.17,PIX,Confirmado,Standard,2024-05-29,2024-05-27
ORD003382,2024-09-10,SP,Sudeste,Livros,Infantis,1,129.01,0.0,24.86,153.87,Cartão de Crédito,Cancelado,Standard,2024-09-15,
ORD003383,2024-08-15,SP,Sudeste,Moda,Calças,1,495.92,0.0,34.71,530.63,Cartão de Crédito,Cancelado,Standard,2024-08-22,
ORD003384,2024-07-13,MG,Sudeste,Livros,HQs,2,207.82,0.1,45.15,232.19,PIX,Confirmado,Scheduled,2024-07-18,2024-07-17
ORD003385,2024-01-27,GO,Centro-Oeste,Casa e Decoração,Móveis,2,2279.08,0.05,11.73,2176.86,Cartão de Crédito,Confirmado,Standard,2024-02-02,2024-02-03
ORD003386,2024-10-04,PA,Norte,Casa e Decoração,Móveis,1,226.28,0.0,41.0,267.28,PIX,Confirmado,Same-Day,2024-10-04,2024-10-04
ORD003387,2024-06-21,MA,Nordeste,Casa e Decoração,Têxtil,1,1628.44,0.05,29.39,1576.41,Cartão de Crédito,Confirmado,Scheduled,2024-06-26,2024-07-05
ORD003388,2024-04-20,PA,Norte,Eletrônicos,Tablets,1,4833.49,0.05,17.2,4609.01,PIX,Confirmado,Standard,2024-04-25,2024-05-02
ORD003389,2024-08-10,AM,Norte,Livros,Ficção,1,136.45,0.0,30.74,167.19,Cartão de Débito,Confirmado,Standard,2024-08-21,2024-08-22
ORD003390,2024-02-25,CE,Nordeste,Livros,Técnicos,1,107.23,0.0,38.03,145.26,PIX,Confirmado,Standard,2024-03-10,2024-03-10
ORD003391,2024-09-30,PE,Nordeste,Livros,HQs,1,58.47,0.0,52.95,111.42,Boleto,Confirmado,Scheduled,2024-10-06,2024-10-04
ORD003392,2024-10-17,PA,Norte,Esportes,Suplementos,1,604.67,0.0,27.99,632.66,Cartão de Débito,Confirmado,Standard,2024-10-28,2024-10-29
ORD003393,2024-03-24,BA,Nordeste,Livros,Não-ficção,1,37.17,0.05,42.32,77.63,Cartão de Crédito,Confirmado,Scheduled,2024-03-29,2024-03-28
ORD003394,2024-03-08,MA,Nordeste,Eletrônicos,Tablets,2,8651.25,0.0,40.82,8692.07,PIX,Confirmado,Standard,2024-03-18,2024-03-17
ORD003395,2024-05-20,RJ,Sudeste,Moda,Acessórios,1,390.05,0.0,47.05,437.1,PIX,Confirmado,Same-Day,2024-05-20,2024-05-21
ORD003396,2024-05-31,SC,Sul,Esportes,Acessórios,1,742.95,0.0,20.57,763.52,Cartão de Crédito,Confirmado,Standard,2024-06-08,2024-06-08
ORD003397,2024-01-20,DF,Centro-Oeste,Casa e Decoração,Decoração,2,2967.9,0.0,20.42,2988.32,Cartão de Crédito,Confirmado,Standard,2024-02-02,2024-01-31
ORD003398,2024-05-17,GO,Centro-Oeste,Casa e Decoração,Têxtil,1,778.96,0.0,18.57,797.53,PIX,Confirmado,Standard,2024-05-23,2024-05-22
ORD003399,2024-01-07,RJ,Sudeste,Casa e Decoração,Têxtil,1,1262.11,0.05,18.07,1217.07,Boleto,Cancelado,Standard,2024-01-21,
ORD003400,2024-06-13,AM,Norte,Casa e Decoração,Utensílios,1,1021.72,0.0,52.18,1073.9,PIX,Confirmado,Scheduled,2024-06-17,2024-06-18
ORD003401,2024-08-15,PE,Nordeste,Eletrônicos,Fones de Ouvido,3,10670.51,0.0,24.12,10694.63,Cartão de Débito,Confirmado,Standard,2024-08-20,2024-08-19
ORD003402,2024-01-05,PE,Nordeste,Eletrônicos,Tablets,1,2496.92,0.0,14.4,2511.32,PIX,Confirmado,Standard,2024-01-19,2024-01-20
ORD003403,2024-09-02,GO,Centro-Oeste,Esportes,Equipamentos,1,661.11,0.0,17.72,678.83,Boleto,Confirmado,Scheduled,2024-09-07,2024-09-05
ORD003404,2024-07-28,SP,Sudeste,Esportes,Roupas Esportivas,1,603.05,0.0,34.7,637.75,Cartão de Crédito,Confirmado,Same-Day,2024-07-28,2024-07-30
ORD003405,2024-05-21,MA,Nordeste,Esportes,Calçados,1,616.6,0.0,41.56,658.16,PIX,Confirmado,Standard,2024-06-02,2024-06-01
ORD003406,2024-06-09,RJ,Sudeste,Livros,Não-ficção,1,39.92,0.0,70.54,110.46,Cartão de Crédito,Confirmado,Same-Day,2024-06-09,2024-06-12
ORD003407,2024-05-12,PA,Norte,Casa e Decoração,Decoração,1,1753.58,0.0,14.64,1768.22,Cartão de Crédito,Confirmado,Standard,2024-05-17,2024-05-21
ORD003408,2024-09-10,MG,Sudeste,Moda,Calças,1,421.88,0.05,55.27,456.06,Cartão de Crédito,Confirmado,Same-Day,2024-09-10,2024-09-14
ORD003409,2024-03-16,AM,Norte,Esportes,Roupas Esportivas,1,529.86,0.0,35.79,565.65,Cartão de Crédito,Confirmado,Standard,2024-03-24,2024-03-25
ORD003410,2024-04-29,RJ,Sudeste,Eletrônicos,Notebooks,1,2804.06,0.0,30.55,2834.61,PIX,Confirmado,Scheduled,2024-05-05,2024-05-06
ORD003411,2024-09-16,AM,Norte,Livros,HQs,2,183.18,0.1,16.19,181.05,Cartão de Crédito,Cancelado,Standard,2024-09-26,
ORD003412,2024-06-11,SP,Sudeste,Esportes,Equipamentos,1,564.48,0.0,16.8,581.28,Cartão de Crédito,Confirmado,Standard,2024-06-25,2024-06-23
ORD003413,2024-02-01,ES,Sudeste,Casa e Decoração,Decoração,1,1188.66,0.0,16.22,1204.88,Cartão de Crédito,Confirmado,Standard,2024-02-11,2024-02-22
ORD003414,2024-01-09,GO,Centro-Oeste,Casa e Decoração,Têxtil,2,2206.03,0.0,16.31,2222.34,Cartão de Crédito,Confirmado,Standard,2024-01-22,2024-01-22
ORD003415,2024-01-23,DF,Centro-Oeste,Moda,Vestidos,1,446.54,0.0,28.4,474.94,Cartão de Débito,Confirmado,Scheduled,2024-01-27,2024-01-30
ORD003416,2024-02-25,RJ,Sudeste,Esportes,Acessórios,2,311.9,0.0,25.01,336.91,PIX,Confirmado,Standard,2024-03-09,2024-03-13
ORD003417,2024-02-27,CE,Nordeste,Eletrônicos,Notebooks,1,4312.51,0.1,93.53,3974.79,Cartão de Débito,Confirmado,Same-Day,2024-02-27,2024-02-28
ORD003418,2024-04-14,SC,Sul,Esportes,Suplementos,2,1087.88,0.15,39.98,964.68,Cartão de Débito,Cancelado,Same-Day,2024-04-14,
ORD003419,2024-07-31,RJ,Sudeste,Livros,Técnicos,1,41.21,0.0,39.53,80.74,Cartão de Crédito,Confirmado,Standard,2024-08-12,2024-08-13
ORD003420,2024-03-14,SP,Sudeste,Casa e Decoração,Têxtil,3,4964.24,0.0,56.63,5020.87,Boleto,Confirmado,Same-Day,2024-03-14,2024-03-14
ORD003421,2024-07-03,SC,Sul,Livros,Técnicos,1,126.67,0.0,10.7,137.37,Boleto,Confirmado,Standard,2024-07-14,2024-07-17
ORD003422,2024-08-28,PR,Sul,Esportes,Roupas Esportivas,1,693.47,0.0,46.44,739.91,Cartão de Crédito,Confirmado,Scheduled,2024-09-04,2024-09-06
ORD003423,2024-03-23,SC,Sul,Eletrônicos,Tablets,3,1568.83,0.05,30.51,1520.9,Cartão de Crédito,Confirmado,Standard,2024-04-02,2024-03-31
ORD003424,2024-03-17,MA,Nordeste,Esportes,Roupas Esportivas,1,144.64,0.0,22.54,167.18,Cartão de Crédito,Confirmado,Standard,2024-03-31,2024-03-31
ORD003425,2024-02-24,DF,Centro-Oeste,Moda,Vestidos,1,51.85,0.0,84.59,136.44,Cartão de Crédito,Confirmado,Same-Day,2024-02-24,2024-02-24
ORD003426,2024-09-18,ES,Sudeste,Esportes,Calçados,1,91.05,0.05,38.97,125.47,Cartão de Crédito,Confirmado,Standard,2024-09-25,2024-09-28
ORD003427,2024-06-25,RS,Sul,Livros,HQs,1,110.15,0.2,14.71,102.83,PIX,Confirmado,Standard,2024-07-03,2024-07-02
ORD003428,2024-01-17,GO,Centro-Oeste,Moda,Calçados,3,1218.51,0.05,85.22,1242.81,Boleto,Confirmado,Same-Day,2024-01-17,2024-01-19
ORD003429,2024-02-10,RJ,Sudeste,Moda,Acessórios,1,123.36,0.0,65.7,189.06,Cartão de Crédito,Confirmado,Same-Day,2024-02-10,2024-02-11
ORD003430,2024-09-14,DF,Centro-Oeste,Esportes,Acessórios,1,532.22,0.0,44.59,576.81,Cartão de Crédito,Confirmado,Scheduled,2024-09-21,2024-09-20
ORD003431,2024-10-02,ES,Sudeste,Eletrônicos,Smartwatches,2,3201.77,0.05,20.09,3061.77,PIX,Confirmado,Standard,2024-10-16,2024-10-15
ORD003432,2024-01-27,DF,Centro-Oeste,Livros,HQs,3,182.59,0.0,38.27,220.86,Cartão de Crédito,Confirmado,Same-Day,2024-01-27,2024-02-09
ORD003433,2024-09-23,PE,Nordeste,Casa e Decoração,Decoração,1,1471.17,0.05,20.3,1417.91,PIX,Confirmado,Standard,2024-09-29,2024-10-03
ORD003434,2024-04-09,AM,Norte,Esportes,Suplementos,1,601.71,0.0,45.72,647.43,Boleto,Confirmado,Same-Day,2024-04-09,2024-04-22
ORD003435,2024-05-04,SC,Sul,Moda,Vestidos,1,269.17,0.1,33.21,275.46,Cartão de Crédito,Confirmado,Standard,2024-05-15,2024-05-16
ORD003436,2024-04-28,PE,Nordeste,Casa e Decoração,Móveis,1,1120.74,0.0,15.59,1136.33,Cartão de Crédito,Confirmado,Standard,2024-05-05,2024-05-07
ORD003437,2024-05-03,PE,Nordeste,Livros,Técnicos,1,64.56,0.0,39.38,103.94,PIX,Confirmado,Standard,2024-05-11,2024-05-09
ORD003438,2024-02-10,SC,Sul,Esportes,Calçados,2,522.78,0.05,38.96,535.6,Boleto,Confirmado,Standard,2024-02-20,2024-02-21
ORD003439,2024-02-09,MA,Nordeste,Casa e Decoração,Iluminação,1,1505.82,0.0,51.95,1557.77,PIX,Confirmado,Standard,2024-02-16,2024-02-15
ORD003440,2024-04-27,PE,Nordeste,Livros,Não-ficção,1,122.83,0.0,57.44,180.27,Cartão de Crédito,Confirmado,Scheduled,2024-05-02,2024-05-01
ORD003441,2024-10-18,AM,Norte,Moda,Acessórios,1,402.39,0.05,47.86,430.13,Cartão de Crédito,Confirmado,Standard,2024-10-26,2024-10-28
ORD003442,2024-05-05,PA,Norte,Livros,HQs,1,91.71,0.05,25.49,112.61,Cartão de Débito,Confirmado,Standard,2024-05-17,2024-05-15
ORD003443,2024-03-11,DF,Centro-Oeste,Casa e Decoração,Decoração,1,1528.94,0.2,34.3,1257.45,PIX,Confirmado,Standard,2024-03-20,2024-03-18
ORD003444,2024-06-23,SC,Sul,Eletrônicos,Smartphones,1,2008.83,0.0,25.02,2033.85,Cartão de Crédito,Confirmado,Scheduled,2024-06-28,2024-06-29
ORD003445,2024-07-28,BA,Nordeste,Esportes,Equipamentos,1,671.48,0.05,16.11,654.02,Cartão de Crédito,Confirmado,Standard,2024-08-02,2024-08-03
ORD003446,2024-10-21,PE,Nordeste,Moda,Calças,1,300.66,0.0,20.61,321.27,Boleto,Confirmado,Standard,2024-10-30,2024-11-02
ORD003447,2024-08-20,SP,Sudeste,Moda,Camisetas,1,367.01,0.0,34.38,401.39,Cartão de Crédito,Confirmado,Standard,2024-08-28,2024-08-27
ORD003448,2024-08-02,PR,Sul,Esportes,Acessórios,1,638.3,0.0,30.34,668.64,PIX,Confirmado,Standard,2024-08-10,2024-08-10
ORD003449,2024-02-21,MG,Sudeste,Eletrônicos,Fones de Ouvido,1,2144.79,0.0,31.63,2176.42,PIX,Confirmado,Standard,2024-03-01,2024-02-29
ORD003450,2024-01-13,ES,Sudeste,Moda,Camisetas,1,247.12,0.0,20.75,267.87,Cartão de Crédito,Confirmado,Scheduled,2024-01-20,2024-01-24
ORD003451,2024-03-08,CE,Nordeste,Esportes,Acessórios,1,114.01,0.0,45.87,159.88,Boleto,Confirmado,Standard,2024-03-17,2024-03-17
ORD003452,2024-08-04,SC,Sul,Moda,Calçados,2,322.94,0.0,34.43,357.37,Cartão de Crédito,Confirmado,Same-Day,2024-08-04,2024-08-04
ORD003453,2024-10-12,RS,Sul,Casa e Decoração,Móveis,1,630.52,0.0,27.07,657.59,Boleto,Cancelado,Standard,2024-10-19,
ORD003454,2024-06-21,MA,Nordeste,Casa e Decoração,Têxtil,2,438.84,0.05,33.68,450.58,Cartão de Débito,Confirmado,Scheduled,2024-06-25,2024-06-24
ORD003455,2024-02-25,ES,Sudeste,Eletrônicos,Smartphones,1,2424.42,0.0,61.68,2486.1,PIX,Confirmado,Same-Day,2024-02-25,2024-03-09
ORD003456,2024-06-30,PE,Nordeste,Livros,Infantis,2,279.98,0.0,43.06,323.04,Cartão de Crédito,Confirmado,Standard,2024-07-11,2024-07-11
ORD003457,2024-08-11,PR,Sul,Livros,Não-ficção,1,30.16,0.0,23.92,54.08,Cartão de Crédito,Confirmado,Scheduled,2024-08-17,2024-08-15
ORD003458,2024-04-03,ES,Sudeste,Esportes,Calçados,1,601.79,0.05,39.87,611.57,Boleto,Confirmado,Same-Day,2024-04-03,2024-04-03
ORD003459,2024-02-12,MG,Sudeste,Eletrônicos,Smartwatches,1,2187.72,0.0,26.4,2214.12,Cartão de Crédito,Confirmado,Standard,2024-02-21,2024-02-23
ORD003460,2024-10-30,SC,Sul,Livros,Infantis,2,165.06,0.0,26.43,191.49,Cartão de Crédito,Confirmado,Standard,2024-11-08,2024-11-08
ORD003461,2024-06-13,PE,Nordeste,Moda,Acessórios,1,381.64,0.0,26.36,408.0,Cartão de Crédito,Confirmado,Standard,2024-06-27,2024-06-28
ORD003462,2024-10-28,PR,Sul,Eletrônicos,Notebooks,1,3274.02,0.0,53.86,3327.88,Cartão de Débito,Confirmado,Same-Day,2024-10-28,2024-11-03
ORD003463,2024-06-01,PE,Nordeste,Casa e Decoração,Móveis,1,536.08,0.0,83.2,619.28,PIX,Confirmado,Same-Day,2024-06-01,2024-06-03
ORD003464,2024-10-15,CE,Nordeste,Esportes,Calçados,1,631.66,0.05,23.71,623.78,Cartão de Débito,Confirmado,Standard,2024-10-24,2024-10-24
ORD003465,2024-09-17,AM,Norte,Livros,Técnicos,1,104.4,0.0,24.38,128.78,Cartão de Débito,Confirmado,Standard,2024-09-26,2024-09-25
ORD003466,2024-06-14,BA,Nordeste,Casa e Decoração,Utensílios,1,1995.11,0.05,48.37,1943.72,Boleto,Confirmado,Standard,2024-06-28,2024-07-01
ORD003467,2024-03-14,SP,Sudeste,Moda,Calçados,1,445.59,0.05,37.79,461.1,Cartão de Débito,Confirmado,Standard,2024-03-22,2024-03-22
ORD003468,2024-09-22,PR,Sul,Esportes,Calçados,1,587.5,0.0,11.99,599.49,Cartão de Débito,Confirmado,Standard,2024-10-02,2024-10-05
ORD003469,2024-06-09,RJ,Sudeste,Casa e Decoração,Decoração,2,2657.24,0.0,63.13,2720.37,Cartão de Crédito,Confirmado,Same-Day,2024-06-09,2024-06-10
ORD003470,2024-03-25,RJ,Sudeste,Casa e Decoração,Decoração,1,1724.81,0.1,31.49,1583.82,Cartão de Crédito,Confirmado,Standard,2024-04-06,2024-04-04
ORD003471,2024-09-06,PE,Nordeste,Moda,Calças,1,376.78,0.0,28.54,405.32,PIX,Confirmado,Standard,2024-09-16,2024-09-28
ORD003472,2024-05-27,MA,Nordeste,Casa e Decoração,Têxtil,1,1899.82,0.0,17.08,1916.9,Boleto,Confirmado,Standard,2024-06-07,2024-06-09
ORD003473,2024-02-24,MA,Nordeste,Moda,Vestidos,2,340.0,0.0,51.5,391.5,Cartão de Débito,Confirmado,Standard,2024-03-01,2024-02-28
ORD003474,2024-03-13,RJ,Sudeste,Moda,Acessórios,1,252.08,0.0,30.31,282.39,PIX,Confirmado,Standard,2024-03-20,2024-03-21
ORD003475,2024-09-17,PA,Norte,Moda,Camisetas,1,193.88,0.0,28.73,222.61,Cartão de Débito,Confirmado,Standard,2024-09-30,2024-09-30
ORD003476,2024-01-21,MA,Nordeste,Esportes,Calçados,1,799.14,0.0,22.19,821.33,Cartão de Crédito,Confirmado,Standard,2024-02-01,2024-02-03
ORD003477,2024-04-09,SP,Sudeste,Livros,Ficção,1,63.63,0.0,28.87,92.5,Cartão de Crédito,Cancelado,Standard,2024-04-23,
ORD003478,2024-07-08,RS,Sul,Casa e Decoração,Têxtil,2,335.03,0.05,11.02,329.3,Boleto,Confirmado,Standard,2024-07-20,2024-07-21
ORD003479,2024-08-06,ES,Sudeste,Livros,HQs,1,143.94,0.0,29.85,173.79,PIX,Confirmado,Standard,2024-08-20,2024-08-23
ORD003480,2024-03-05,AM,Norte,Livros,Técnicos,3,275.33,0.0,22.65,297.98,Cartão de Crédito,Confirmado,Standard,2024-03-16,2024-03-16
ORD003481,2024-02-26,ES,Sudeste,Eletrônicos,Fones de Ouvido,1,2217.09,0.0,30.34,2247.43,PIX,Confirmado,Standard,2024-03-11,2024-03-11
ORD003482,2024-08-09,PE,Nordeste,Casa e Decoração,Móveis,1,1439.2,0.0,66.36,1505.56,Cartão de Crédito,Confirmado,Same-Day,2024-08-09,2024-08-10
ORD003483,2024-03-11,PR,Sul,Eletrônicos,Tablets,2,1240.19,0.0,14.96,1255.15,Boleto,Confirmado,Standard,2024-03-22,2024-03-20
ORD003484,2024-02-10,ES,Sudeste,Moda,Camisetas,1,254.73,0.05,32.49,274.48,Cartão de Crédito,Confirmado,Same-Day,2024-02-10,2024-02-11
ORD003485,2024-06-16,MG,Sudeste,Esportes,Suplementos,2,1366.6,0.0,38.36,1404.96,PIX,Confirmado,Standard,2024-06-23,2024-06-27
ORD003486,2024-05-21,PE,Nordeste,Esportes,Roupas Esportivas,1,128.69,0.0,19.14,147.83,PIX,Confirmado,Standard,2024-06-04,2024-06-02
ORD003487,2024-06-10,MA,Nordeste,Eletrônicos,Fones de Ouvido,1,2377.88,0.1,46.39,2186.48,Cartão de Crédito,Confirmado,Standard,2024-06-23,2024-06-23
ORD003488,2024-02-21,MA,Nordeste,Esportes,Suplementos,1,271.63,0.1,48.94,293.41,PIX,Cancelado,Standard,2024-03-03,
ORD003489,2024-04-07,AM,Norte,Esportes,Roupas Esportivas,1,666.73,0.1,14.0,614.06,PIX,Confirmado,Standard,2024-04-12,2024-04-15
ORD003490,2024-01-05,RS,Sul,Moda,Acessórios,1,185.04,0.0,33.72,218.76,Cartão de Crédito,Confirmado,Scheduled,2024-01-09,2024-01-10
ORD003491,2024-07-11,AM,Norte,Moda,Calças,1,492.35,0.0,33.1,525.45,PIX,Confirmado,Standard,2024-07-18,2024-07-17
ORD003492,2024-05-15,PE,Nordeste,Moda,Calçados,2,556.27,0.0,40.04,596.31,PIX,Confirmado,Standard,2024-05-27,2024-05-26
ORD003493,2024-04-05,ES,Sudeste,Livros,Técnicos,1,59.7,0.05,71.03,127.75,Cartão de Crédito,Confirmado,Same-Day,2024-04-05,2024-04-06
ORD003494,2024-03-08,RS,Sul,Eletrônicos,Smartwatches,2,7274.85,0.0,15.07,7289.92,Cartão de Débito,Confirmado,Standard,2024-03-22,2024-03-26
ORD003495,2024-04-19,SP,Sudeste,Livros,Ficção,1,128.71,0.0,39.92,168.63,Cartão de Crédito,Confirmado,Standard,2024-04-28,2024-04-28
ORD003496,2024-09-08,CE,Nordeste,Esportes,Equipamentos,2,696.7,0.0,44.9,741.6,Cartão de Crédito,Confirmado,Standard,2024-09-21,2024-09-19
ORD003497,2024-04-01,SP,Sudeste,Livros,Técnicos,1,113.46,0.0,13.7,127.16,Cartão de Crédito,Confirmado,Standard,2024-04-14,2024-04-21
ORD003498,2024-07-13,GO,Centro-Oeste,Esportes,Equipamentos,1,341.8,0.0,81.19,422.99,Cartão de Crédito,Confirmado,Same-Day,2024-07-13,2024-07-13
ORD003499,2024-06-27,PE,Nordeste,Esportes,Equipamentos,1,497.37,0.0,18.37,515.74,Cartão de Crédito,Confirmado,Standard,2024-07-02,2024-07-06
ORD003500,2024-06-02,AM,Norte,Moda,Vestidos,2,183.75,0.05,24.52,199.08,PIX,Confirmado,Standard,2024-06-12,2024-06-13
ORD003501,2024-09-05,PE,Nordeste,Livros,HQs,1,71.53,0.0,43.3,114.83,PIX,Confirmado,Scheduled,2024-09-11,2024-09-11
ORD003502,2024-07-01,CE,Nordeste,Livros,Técnicos,1,82.78,0.0,32.44,115.22,PIX,Confirmado,Standard,2024-07-10,2024-07-09
ORD003503,2024-02-19,RS,Sul,Eletrônicos,Tablets,1,1610.08,0.15,38.47,1407.04,PIX,Confirmado,Standard,2024-03-04,2024-03-04
ORD003504,2024-08-02,PE,Nordeste,Casa e Decoração,Utensílios,1,1087.46,0.2,22.0,891.97,Boleto,Confirmado,Standard,2024-08-12,2024-08-10
ORD003505,2024-08-05,RJ,Sudeste,Moda,Calçados,1,414.97,0.0,17.59,432.56,Cartão de Crédito,Cancelado,Standard,2024-08-17,
ORD003506,2024-06-12,GO,Centro-Oeste,Eletrônicos,Tablets,1,2638.04,0.0,54.23,2692.27,Cartão de Crédito,Confirmado,Scheduled,2024-06-18,2024-06-19
ORD003507,2024-07-22,ES,Sudeste,Moda,Calçados,1,433.21,0.0,20.7,453.91,Cartão de Crédito,Confirmado,Standard,2024-08-01,2024-07-31
ORD003508,2024-09-07,DF,Centro-Oeste,Livros,Não-ficção,1,73.4,0.0,38.27,111.67,PIX,Confirmado,Standard,2024-09-20,2024-09-21
ORD003509,2024-01-15,PR,Sul,Casa e Decoração,Têxtil,1,756.56,0.0,46.4,802.96,Cartão de Crédito,Confirmado,Scheduled,2024-01-19,2024-01-20
ORD003510,2024-04-20,MA,Nordeste,Livros,Ficção,1,88.11,0.0,51.75,139.86,Cartão de Crédito,Confirmado,Standard,2024-05-02,2024-05-06
ORD003511,2024-10-14,PA,Norte,Casa e Decoração,Decoração,3,719.14,0.0,44.13,763.27,PIX,Confirmado,Scheduled,2024-10-23,2024-10-22
ORD003512,2024-06-11,BA,Nordeste,Livros,Infantis,1,21.35,0.2,49.5,66.58,PIX,Confirmado,Standard,2024-06-19,2024-06-27
ORD003513,2024-08-05,BA,Nordeste,Casa e Decoração,Móveis,1,465.48,0.0,23.6,489.08,Cartão de Crédito,Confirmado,Scheduled,2024-08-08,2024-08-08
ORD003514,2024-05-17,PE,Nordeste,Moda,Vestidos,1,359.15,0.0,34.73,393.88,Cartão de Débito,Confirmado,Standard,2024-05-26,2024-06-05
ORD003515,2024-01-24,PR,Sul,Livros,Infantis,1,58.65,0.05,32.58,88.3,PIX,Confirmado,Scheduled,2024-01-27,2024-02-03
ORD003516,2024-04-23,DF,Centro-Oeste,Moda,Acessórios,1,416.92,0.0,34.42,451.34,Cartão de Crédito,Confirmado,Standard,2024-05-03,2024-05-03
ORD003517,2024-04-15,PA,Norte,Eletrônicos,Smartwatches,2,8896.61,0.0,28.86,8925.47,Cartão de Crédito,Confirmado,Standard,2024-04-29,2024-04-30
ORD003518,2024-06-17,MG,Sudeste,Esportes,Calçados,1,396.1,0.0,16.18,412.28,Cartão de Crédito,Confirmado,Standard,2024-06-26,2024-07-10
ORD003519,2024-01-11,ES,Sudeste,Eletrônicos,Fones de Ouvido,1,891.48,0.0,25.96,917.44,PIX,Confirmado,Standard,2024-01-25,2024-01-25
ORD003520,2024-02-16,PA,Norte,Casa e Decoração,Decoração,1,478.79,0.05,32.98,487.83,PIX,Confirmado,Standard,2024-02-21,2024-02-20
ORD003521,2024-10-10,RJ,Sudeste,Eletrônicos,Smartwatches,1,4177.22,0.0,17.79,4195.01,Cartão de Crédito,Confirmado,Standard,2024-10-24,2024-10-23
ORD003522,2024-04-17,SC,Sul,Esportes,Equipamentos,1,786.43,0.15,14.38,682.85,Cartão de Crédito,Confirmado,Standard,2024-05-01,2024-04-30
ORD003523,2024-03-21,AM,Norte,Esportes,Acessórios,1,552.05,0.0,16.97,569.02,PIX,Confirmado,Standard,2024-03-31,2024-03-31
ORD003524,2024-04-27,PR,Sul,Moda,Vestidos,1,139.48,0.0,15.82,155.3,Cartão de Crédito,Confirmado,Standard,2024-05-05,2024-05-13
ORD003525,2024-06-18,BA,Nordeste,Moda,Acessórios,3,660.3,0.05,44.86,672.14,PIX,Confirmado,Scheduled,2024-06-24,2024-06-22
ORD003526,2024-05-07,SP,Sudeste,Eletrônicos,Smartphones,1,1156.25,0.0,39.6,1195.85,Cartão de Crédito,Confirmado,Standard,2024-05-13,2024-05-15
ORD003527,2024-09-26,RJ,Sudeste,Esportes,Acessórios,1,424.23,0.1,34.89,416.7,Cartão de Crédito,Confirmado,Standard,2024-10-01,2024-10-01
ORD003528,2024-09-05,SP,Sudeste,Moda,Vestidos,3,853.33,0.0,21.58,874.91,Cartão de Crédito,Confirmado,Standard,2024-09-19,2024-09-20
ORD003529,2024-06-03,SP,Sudeste,Moda,Calças,1,398.71,0.0,19.14,417.85,Cartão de Crédito,Confirmado,Standard,2024-06-10,2024-06-11
ORD003530,2024-01-18,PR,Sul,Eletrônicos,Fones de Ouvido,3,12380.7,0.0,42.07,12422.77,PIX,Confirmado,Scheduled,2024-01-22,2024-01-24
ORD003531,2024-07-24,MG,Sudeste,Casa e Decoração,Móveis,1,300.77,0.05,21.93,307.66,Cartão de Crédito,Confirmado,Scheduled,2024-07-29,2024-08-12
ORD003532,2024-02-09,RJ,Sudeste,Esportes,Acessórios,1,633.68,0.0,19.5,653.18,Cartão de Crédito,Confirmado,Standard,2024-02-18,2024-02-17
ORD003533,2024-01-11,SP,Sudeste,Esportes,Calçados,1,87.5,0.05,19.91,103.04,PIX,Confirmado,Standard,2024-01-23,2024-01-21
ORD003534,2024-03-18,RJ,Sudeste,Esportes,Acessórios,1,737.01,0.0,10.79,747.8,PIX,Confirmado,Standard,2024-03-26,2024-03-26
ORD003535,2024-04-09,AM,Norte,Esportes,Suplementos,1,532.34,0.1,16.72,495.83,Cartão de Crédito,Confirmado,Standard,2024-04-14,2024-04-19
ORD003536,2024-06-14,BA,Nordeste,Esportes,Roupas Esportivas,1,282.17,0.0,50.35,332.52,Boleto,Confirmado,Standard,2024-06-23,2024-06-21
ORD003537,2024-06-03,PR,Sul,Livros,Não-ficção,1,113.35,0.0,15.33,128.68,PIX,Confirmado,Standard,2024-06-12,2024-06-11
ORD003538,2024-02-21,PR,Sul,Esportes,Acessórios,1,716.6,0.0,20.95,737.55,Boleto,Confirmado,Standard,2024-03-03,2024-03-05
ORD003539,2024-07-11,PR,Sul,Livros,Ficção,1,67.7,0.0,37.98,105.68,Boleto,Cancelado,Standard,2024-07-24,
ORD003540,2024-04-23,BA,Nordeste,Esportes,Suplementos,3,1591.61,0.0,25.51,1617.12,PIX,Confirmado,Standard,2024-05-06,2024-05-08
ORD003541,2024-09-04,PR,Sul,Esportes,Calçados,1,440.85,0.0,30.6,471.45,Cartão de Crédito,Confirmado,Standard,2024-09-17,2024-09-15
ORD003542,2024-05-05,BA,Nordeste,Eletrônicos,Fones de Ouvido,1,2719.86,0.0,52.98,2772.84,Cartão de Crédito,Confirmado,Scheduled,2024-05-10,2024-05-16
ORD003543,2024-07-20,SC,Sul,Esportes,Roupas Esportivas,1,208.67,0.0,30.58,239.25,Cartão de Crédito,Confirmado,Standard,2024-07-29,2024-07-27
ORD003544,2024-08-19,RS,Sul,Esportes,Roupas Esportivas,1,235.98,0.1,22.42,234.8,Cartão de Débito,Confirmado,Standard,2024-09-02,2024-09-02
ORD003545,2024-07-22,PA,Norte,Moda,Calçados,1,94.95,0.0,34.12,129.07,Cartão de Crédito,Confirmado,Standard,2024-07-27,2024-07-31
ORD003546,2024-07-08,PE,Nordeste,Esportes,Roupas Esportivas,2,853.27,0.05,13.17,823.78,Cartão de Débito,Confirmado,Standard,2024-07-20,2024-07-30
ORD003547,2024-06-08,SC,Sul,Moda,Camisetas,1,332.54,0.0,12.26,344.8,Cartão de Crédito,Confirmado,Standard,2024-06-16,2024-06-17
ORD003548,2024-02-18,CE,Nordeste,Moda,Calças,1,150.93,0.0,24.37,175.3,Cartão de Crédito,Confirmado,Standard,2024-02-29,2024-03-10
ORD003549,2024-09-07,DF,Centro-Oeste,Moda,Camisetas,1,106.96,0.0,47.47,154.43,Boleto,Confirmado,Same-Day,2024-09-07,2024-09-08
ORD003550,2024-03-13,BA,Nordeste,Esportes,Acessórios,1,380.41,0.1,65.19,407.56,Cartão de Crédito,Confirmado,Same-Day,2024-03-13,2024-03-14
ORD003551,2024-09-24,ES,Sudeste,Esportes,Equipamentos,1,514.57,0.0,78.48,593.05,Cartão de Crédito,Confirmado,Same-Day,2024-09-24,2024-09-25
ORD003552,2024-01-31,PA,Norte,Livros,Técnicos,1,91.08,0.15,16.88,94.3,Cartão de Crédito,Confirmado,Standard,2024-02-05,2024-02-05
ORD003553,2024-07-29,PR,Sul,Casa e Decoração,Utensílios,2,3911.16,0.05,36.68,3752.28,PIX,Confirmado,Scheduled,2024-08-03,2024-08-04
ORD003554,2024-01-19,SC,Sul,Esportes,Calçados,1,504.81,0.0,20.6,525.41,Boleto,Confirmado,Standard,2024-01-31,2024-01-31
ORD003555,2024-07-27,AM,Norte,Eletrônicos,Tablets,2,4983.27,0.15,15.63,4251.41,PIX,Confirmado,Standard,2024-08-01,2024-08-02
ORD003556,2024-04-17,PA,Norte,Esportes,Acessórios,1,638.22,0.0,49.89,688.11,Cartão de Crédito,Confirmado,Standard,2024-04-29,2024-04-27
ORD003557,2024-10-06,PE,Nordeste,Casa e Decoração,Utensílios,1,1992.52,0.1,51.27,1844.54,Cartão de Crédito,Confirmado,Scheduled,2024-10-15,2024-10-14
ORD003558,2024-06-13,PE,Nordeste,Livros,HQs,1,129.11,0.0,26.77,155.88,Boleto,Confirmado,Standard,2024-06-21,2024-06-24
ORD003559,2024-10-11,AM,Norte,Eletrônicos,Smartphones,1,1293.69,0.0,30.28,1323.97,Cartão de Débito,Confirmado,Standard,2024-10-25,2024-10-27
ORD003560,2024-08-05,ES,Sudeste,Eletrônicos,Fones de Ouvido,1,3258.84,0.0,20.38,3279.22,PIX,Confirmado,Standard,2024-08-13,2024-08-13
ORD003561,2024-03-06,PA,Norte,Eletrônicos,Notebooks,1,722.02,0.05,40.23,726.15,Boleto,Confirmado,Same-Day,2024-03-06,2024-03-16
ORD003562,2024-09-23,ES,Sudeste,Eletrônicos,Notebooks,2,3774.55,0.0,15.01,3789.56,Cartão de Crédito,Confirmado,Scheduled,2024-09-27,2024-10-01
ORD003563,2024-04-11,PE,Nordeste,Eletrônicos,Smartphones,1,737.47,0.0,45.81,783.28,Cartão de Débito,Confirmado,Standard,2024-04-18,2024-04-19
ORD003564,2024-08-05,PE,Nordeste,Moda,Acessórios,2,474.25,0.0,38.61,512.86,Cartão de Crédito,Confirmado,Standard,2024-08-13,2024-08-15
ORD003565,2024-09-06,MG,Sudeste,Esportes,Acessórios,1,622.4,0.15,49.44,578.48,PIX,Confirmado,Same-Day,2024-09-06,2024-09-10
ORD003566,2024-07-23,SP,Sudeste,Casa e Decoração,Móveis,1,885.96,0.0,16.29,902.25,Cartão de Crédito,Confirmado,Standard,2024-08-02,2024-08-06
ORD003567,2024-08-10,PR,Sul,Casa e Decoração,Têxtil,1,472.46,0.0,11.7,484.16,Boleto,Cancelado,Standard,2024-08-17,
ORD003568,2024-06-14,DF,Centro-Oeste,Casa e Decoração,Têxtil,1,763.8,0.0,28.67,792.47,Cartão de Débito,Confirmado,Standard,2024-06-19,2024-06-22
ORD003569,2024-03-25,MG,Sudeste,Casa e Decoração,Têxtil,1,1805.05,0.0,79.41,1884.46,PIX,Confirmado,Same-Day,2024-03-25,2024-03-25
ORD003570,2024-04-14,PA,Norte,Esportes,Suplementos,2,897.09,0.0,39.6,936.69,PIX,Confirmado,Standard,2024-04-27,2024-04-25
ORD003571,2024-09-22,DF,Centro-Oeste,Casa e Decoração,Iluminação,1,1109.9,0.0,16.26,1126.16,Boleto,Confirmado,Standard,2024-09-30,2024-09-28
ORD003572,2024-08-24,RS,Sul,Casa e Decoração,Utensílios,1,209.68,0.0,27.06,236.74,Cartão de Crédito,Confirmado,Scheduled,2024-08-30,2024-08-30
ORD003573,2024-03-25,CE,Nordeste,Livros,Ficção,2,85.62,0.05,31.95,113.29,Cartão de Crédito,Confirmado,Standard,2024-04-07,2024-04-06
ORD003574,2024-06-11,BA,Nordeste,Moda,Calças,2,736.07,0.0,21.54,757.61,Cartão de Crédito,Confirmado,Standard,2024-06-21,2024-07-02
ORD003575,2024-08-28,RJ,Sudeste,Eletrônicos,Tablets,1,1668.7,0.0,38.99,1707.69,Cartão de Crédito,Confirmado,Standard,2024-09-09,2024-09-08
ORD003576,2024-04-06,RS,Sul,Eletrônicos,Smartwatches,2,7738.65,0.0,15.72,7754.37,Cartão de Crédito,Confirmado,Scheduled,2024-04-09,2024-04-07
ORD003577,2024-08-22,SC,Sul,Eletrônicos,Smartphones,3,13049.66,0.0,29.41,13079.07,Cartão de Crédito,Confirmado,Scheduled,2024-08-28,2024-08-27
ORD003578,2024-08-27,DF,Centro-Oeste,Moda,Camisetas,1,305.14,0.0,35.74,340.88,Cartão de Crédito,Confirmado,Scheduled,2024-09-03,2024-09-14
ORD003579,2024-06-28,GO,Centro-Oeste,Esportes,Equipamentos,1,523.82,0.0,36.44,560.26,Boleto,Confirmado,Standard,2024-07-03,2024-07-01
ORD003580,2024-06-25,GO,Centro-Oeste,Eletrônicos,Notebooks,1,3572.3,0.0,23.82,3596.12,Cartão de Crédito,Confirmado,Standard,2024-07-01,2024-06-29
ORD003581,2024-05-20,PR,Sul,Livros,HQs,1,99.55,0.0,27.91,127.46,Cartão de Crédito,Confirmado,Standard,2024-05-27,2024-05-25
ORD003582,2024-06-05,SC,Sul,Esportes,Acessórios,2,707.83,0.0,39.44,747.27,Cartão de Crédito,Cancelado,Standard,2024-06-17,
ORD003583,2024-05-10,CE,Nordeste,Esportes,Equipamentos,1,730.35,0.0,23.19,753.54,PIX,Confirmado,Standard,2024-05-16,2024-05-17
ORD003584,2024-02-09,DF,Centro-Oeste,Moda,Camisetas,1,365.89,0.2,39.83,332.54,PIX,Confirmado,Standard,2024-02-14,2024-02-13
ORD003585,2024-04-20,PR,Sul,Moda,Vestidos,1,197.67,0.0,16.92,214.59,Cartão de Crédito,Confirmado,Standard,2024-05-01,2024-05-02
ORD003586,2024-10-15,RJ,Sudeste,Moda,Acessórios,3,985.44,0.0,22.11,1007.55,Cartão de Débito,Confirmado,Standard,2024-10-24,2024-10-22
ORD003587,2024-10-27,GO,Centro-Oeste,Livros,Técnicos,1,20.15,0.05,21.64,40.78,Cartão de Crédito,Confirmado,Standard,2024-11-07,2024-11-07
ORD003588,2024-10-21,PA,Norte,Esportes,Calçados,1,727.36,0.0,49.1,776.46,Cartão de Crédito,Confirmado,Scheduled,2024-10-25,2024-10-23
ORD003589,2024-05-21,PA,Norte,Esportes,Acessórios,1,154.87,0.05,29.65,176.78,PIX,Confirmado,Scheduled,2024-05-28,2024-05-28
ORD003590,2024-04-17,MG,Sudeste,Eletrônicos,Notebooks,1,2114.58,0.0,31.99,2146.57,Cartão de Crédito,Confirmado,Standard,2024-04-24,2024-04-24
ORD003591,2024-04-20,RJ,Sudeste,Esportes,Equipamentos,1,227.47,0.0,26.32,253.79,Cartão de Crédito,Confirmado,Standard,2024-04-27,2024-04-27
ORD003592,2024-03-14,MG,Sudeste,Livros,Ficção,1,114.06,0.0,24.16,138.22,Cartão de Crédito,Confirmado,Standard,2024-03-19,2024-03-18
ORD003593,2024-06-14,RJ,Sudeste,Eletrônicos,Notebooks,1,3281.57,0.05,28.5,3145.99,PIX,Confirmado,Standard,2024-06-26,2024-06-26
ORD003594,2024-09-18,PA,Norte,Livros,Infantis,1,104.54,0.0,29.09,133.63,Cartão de Crédito,Confirmado,Standard,2024-10-02,2024-10-03
ORD003595,2024-08-29,SC,Sul,Casa e Decoração,Têxtil,1,666.56,0.0,17.68,684.24,PIX,Confirmado,Standard,2024-09-03,2024-09-04
ORD003596,2024-03-01,RS,Sul,Esportes,Acessórios,1,528.01,0.0,59.9,587.91,PIX,Confirmado,Same-Day,2024-03-01,2024-03-02
ORD003597,2024-07-12,PA,Norte,Livros,Infantis,1,137.63,0.05,45.9,176.65,Cartão de Crédito,Confirmado,Same-Day,2024-07-12,2024-07-12
ORD003598,2024-06-30,PR,Sul,Esportes,Suplementos,1,282.86,0.0,12.44,295.3,Cartão de Crédito,Confirmado,Standard,2024-07-08,2024-07-07
ORD003599,2024-09-28,RJ,Sudeste,Esportes,Equipamentos,1,631.97,0.0,27.73,659.7,PIX,Confirmado,Standard,2024-10-08,2024-10-09
ORD003600,2024-03-26,GO,Centro-Oeste,Casa e Decoração,Utensílios,1,1894.02,0.0,18.69,1912.71,Cartão de Crédito,Confirmado,Standard,2024-04-03,2024-04-05
ORD003601,2024-08-11,CE,Nordeste,Livros,Infantis,1,135.62,0.0,48.08,183.7,Cartão de Débito,Confirmado,Scheduled,2024-08-16,2024-08-14
ORD003602,2024-05-08,GO,Centro-Oeste,Eletrônicos,Smartwatches,1,2788.74,0.0,33.79,2822.53,Cartão de Crédito,Confirmado,Standard,2024-05-14,2024-05-14
ORD003603,2024-08-10,GO,Centro-Oeste,Casa e Decoração,Utensílios,2,955.24,0.0,24.27,979.51,PIX,Confirmado,Scheduled,2024-08-14,2024-08-16
ORD003604,2024-01-13,AM,Norte,Casa e Decoração,Iluminação,1,1302.44,0.0,81.27,1383.71,PIX,Confirmado,Same-Day,2024-01-13,2024-01-13
ORD003605,2024-06-26,ES,Sudeste,Livros,Não-ficção,1,98.11,0.0,78.79,176.9,Boleto,Confirmado,Same-Day,2024-06-26,2024-06-27
ORD003606,2024-10-13,MA,Nordeste,Moda,Calçados,1,84.5,0.0,52.84,137.34,Cartão de Crédito,Confirmado,Same-Day,2024-10-13,2024-10-13
ORD003607,2024-07-10,MG,Sudeste,Eletrônicos,Notebooks,1,4965.24,0.1,62.61,4531.33,PIX,Confirmado,Same-Day,2024-07-10,2024-07-11
ORD003608,2024-08-14,SC,Sul,Esportes,Equipamentos,1,449.2,0.0,24.12,473.32,Cartão de Crédito,Confirmado,Scheduled,2024-08-18,2024-08-18
ORD003609,2024-01-03,DF,Centro-Oeste,Casa e Decoração,Decoração,1,1840.46,0.0,38.02,1878.48,Cartão de Crédito,Confirmado,Standard,2024-01-10,2024-01-17
ORD003610,2024-02-18,MA,Nordeste,Casa e Decoração,Decoração,1,1207.76,0.0,43.46,1251.22,PIX,Confirmado,Standard,2024-02-27,2024-02-27
ORD003611,2024-09-14,MA,Nordeste,Eletrônicos,Smartwatches,1,2172.5,0.05,35.02,2098.89,Cartão de Crédito,Confirmado,Standard,2024-09-24,2024-09-22
ORD003612,2024-05-19,SP,Sudeste,Casa e Decoração,Iluminação,1,1484.34,0.05,19.69,1429.81,Cartão de Crédito,Confirmado,Standard,2024-05-31,2024-05-30
ORD003613,2024-07-22,SP,Sudeste,Casa e Decoração,Decoração,1,1852.42,0.1,33.13,1700.3,Boleto,Confirmado,Standard,2024-07-29,2024-07-29
ORD003614,2024-01-30,DF,Centro-Oeste,Eletrônicos,Fones de Ouvido,2,7997.93,0.0,12.98,8010.91,PIX,Confirmado,Standard,2024-02-13,2024-02-16
ORD003615,2024-08-20,PE,Nordeste,Moda,Calçados,1,268.57,0.0,15.48,284.05,PIX,Confirmado,Standard,2024-09-03,2024-09-04
ORD003616,2024-10-06,PA,Norte,Eletrônicos,Smartphones,1,2859.92,0.0,38.85,2898.77,Cartão de Crédito,Confirmado,Standard,2024-10-13,2024-10-13
ORD003617,2024-07-08,SP,Sudeste,Esportes,Equipamentos,1,650.88,0.0,13.59,664.47,PIX,Confirmado,Standard,2024-07-21,2024-07-22
ORD003618,2024-03-31,AM,Norte,Moda,Camisetas,1,315.05,0.0,37.99,353.04,Cartão de Crédito,Confirmado,Standard,2024-04-05,2024-04-05
ORD003619,2024-08-02,AM,Norte,Eletrônicos,Smartphones,1,2960.92,0.0,61.73,3022.65,PIX,Confirmado,Scheduled,2024-08-09,2024-08-08
ORD003620,2024-08-15,GO,Centro-Oeste,Eletrônicos,Tablets,1,2838.1,0.0,11.58,2849.68,PIX,Confirmado,Standard,2024-08-24,2024-08-22
ORD003621,2024-02-19,AM,Norte,Esportes,Suplementos,1,323.81,0.2,29.49,288.53,Cartão de Crédito,Confirmado,Standard,2024-02-25,2024-02-26
ORD003622,2024-04-09,GO,Centro-Oeste,Esportes,Roupas Esportivas,1,764.39,0.15,20.24,669.97,Cartão de Crédito,Confirmado,Standard,2024-04-14,2024-04-13
ORD003623,2024-06-19,AM,Norte,Casa e Decoração,Utensílios,1,1727.71,0.0,13.24,1740.95,Cartão de Crédito,Confirmado,Standard,2024-06-28,2024-07-06
ORD003624,2024-10-27,ES,Sudeste,Casa e Decoração,Têxtil,2,416.04,0.1,25.78,400.21,Cartão de Crédito,Confirmado,Standard,2024-11-10,2024-11-11
ORD003625,2024-01-08,GO,Centro-Oeste,Livros,Infantis,1,144.93,0.0,53.76,198.69,PIX,Confirmado,Scheduled,2024-01-12,2024-01-11
ORD003626,2024-02-01,RJ,Sudeste,Moda,Acessórios,1,307.61,0.0,33.45,341.06,PIX,Confirmado,Scheduled,2024-02-06,2024-02-07
ORD003627,2024-03-16,ES,Sudeste,Casa e Decoração,Móveis,1,726.44,0.0,33.51,759.95,PIX,Confirmado,Standard,2024-03-23,2024-03-26
ORD003628,2024-03-29,PE,Nordeste,Eletrônicos,Tablets,1,4600.29,0.05,49.64,4419.92,Cartão de Débito,Confirmado,Standard,2024-04-06,2024-04-16
ORD003629,2024-04-11,ES,Sudeste,Esportes,Acessórios,1,235.0,0.0,27.26,262.26,Cartão de Crédito,Confirmado,Standard,2024-04-22,2024-04-23
ORD003630,2024-03-29,GO,Centro-Oeste,Eletrônicos,Tablets,1,3603.44,0.1,11.28,3254.38,Boleto,Confirmado,Standard,2024-04-12,2024-04-11
ORD003631,2024-05-20,CE,Nordeste,Casa e Decoração,Móveis,2,1575.0,0.0,49.5,1624.5,Cartão de Crédito,Confirmado,Standard,2024-05-27,2024-06-01
ORD003632,2024-06-23,PE,Nordeste,Esportes,Roupas Esportivas,1,335.34,0.15,14.55,299.59,Boleto,Confirmado,Standard,2024-07-02,2024-07-02
ORD003633,2024-10-16,MA,Nordeste,Livros,Ficção,2,57.96,0.0,26.14,84.1,PIX,Confirmado,Standard,2024-10-26,2024-10-26
ORD003634,2024-02-29,MA,Nordeste,Eletrônicos,Notebooks,1,4912.85,0.0,38.29,4951.14,Cartão de Débito,Confirmado,Standard,2024-03-11,2024-03-11
ORD003635,2024-02-14,MG,Sudeste,Casa e Decoração,Têxtil,1,1170.98,0.1,14.5,1068.38,Boleto,Confirmado,Standard,2024-02-22,2024-03-05
ORD003636,2024-01-11,PA,Norte,Moda,Camisetas,1,299.73,0.0,18.28,318.01,PIX,Confirmado,Standard,2024-01-23,2024-01-21
ORD003637,2024-04-21,GO,Centro-Oeste,Casa e Decoração,Iluminação,1,856.53,0.0,47.36,903.89,Cartão de Crédito,Confirmado,Scheduled,2024-04-30,2024-04-28
ORD003638,2024-02-11,MA,Nordeste,Moda,Vestidos,1,164.28,0.0,16.11,180.39,Boleto,Confirmado,Standard,2024-02-20,2024-02-19
ORD003639,2024-04-07,ES,Sudeste,Moda,Vestidos,1,272.15,0.0,22.33,294.48,Boleto,Confirmado,Standard,2024-04-12,2024-04-20
ORD003640,2024-01-28,BA,Nordeste,Casa e Decoração,Utensílios,1,1388.16,0.05,94.46,1413.21,Cartão de Crédito,Confirmado,Same-Day,2024-01-28,2024-02-01
ORD003641,2024-05-22,MG,Sudeste,Esportes,Suplementos,1,112.38,0.0,36.68,149.06,PIX,Confirmado,Standard,2024-06-02,2024-06-10
ORD003642,2024-07-30,RS,Sul,Moda,Vestidos,1,275.84,0.0,24.75,300.59,Cartão de Crédito,Confirmado,Standard,2024-08-07,2024-08-18
ORD003643,2024-04-12,MG,Sudeste,Casa e Decoração,Decoração,1,1751.51,0.0,12.73,1764.24,PIX,Confirmado,Standard,2024-04-17,2024-04-28
ORD003644,2024-08-13,PR,Sul,Eletrônicos,Fones de Ouvido,1,4049.69,0.0,37.02,4086.71,PIX,Confirmado,Standard,2024-08-27,2024-09-05
ORD003645,2024-06-30,DF,Centro-Oeste,Casa e Decoração,Decoração,1,332.57,0.0,35.89,368.46,Cartão de Crédito,Confirmado,Standard,2024-07-10,2024-07-10
ORD003646,2024-09-24,PE,Nordeste,Moda,Camisetas,2,464.97,0.0,43.22,508.19,Cartão de Crédito,Confirmado,Standard,2024-10-08,2024-10-17
ORD003647,2024-10-26,BA,Nordeste,Moda,Acessórios,1,220.47,0.0,35.3,255.77,Cartão de Crédito,Confirmado,Standard,2024-11-09,2024-11-09
ORD003648,2024-10-18,RS,Sul,Livros,Técnicos,1,92.05,0.0,27.49,119.54,Cartão de Crédito,Confirmado,Standard,2024-10-28,2024-10-26
ORD003649,2024-05-27,RS,Sul,Casa e Decoração,Têxtil,1,108.13,0.1,22.54,119.86,PIX,Confirmado,Standard,2024-06-01,2024-06-03
ORD003650,2024-10-09,AM,Norte,Casa e Decoração,Móveis,1,424.65,0.0,57.68,482.33,Boleto,Confirmado,Scheduled,2024-10-16,2024-10-17
ORD003651,2024-09-19,PA,Norte,Moda,Vestidos,2,340.16,0.1,16.91,323.06,Cartão de Débito,Confirmado,Standard,2024-10-01,2024-10-02
ORD003652,2024-04-21,PE,Nordeste,Casa e Decoração,Móveis,1,764.96,0.0,49.61,814.57,Cartão de Débito,Confirmado,Standard,2024-04-26,2024-04-27
ORD003653,2024-02-29,CE,Nordeste,Moda,Calçados,2,533.23,0.05,27.92,534.48,PIX,Confirmado,Standard,2024-03-08,2024-03-07
ORD003654,2024-03-12,PE,Nordeste,Esportes,Suplementos,1,176.8,0.0,47.6,224.4,Cartão de Crédito,Cancelado,Standard,2024-03-25,
ORD003655,2024-07-09,DF,Centro-Oeste,Livros,HQs,1,39.68,0.0,83.61,123.29,Cartão de Crédito,Confirmado,Same-Day,2024-07-09,2024-07-09
ORD003656,2024-01-18,SC,Sul,Eletrônicos,Tablets,1,1867.9,0.0,16.41,1884.31,PIX,Confirmado,Standard,2024-01-25,2024-01-26
ORD003657,2024-01-05,MG,Sudeste,Livros,Infantis,1,94.57,0.0,37.88,132.45,PIX,Confirmado,Standard,2024-01-10,2024-01-11
ORD003658,2024-06-20,SC,Sul,Eletrônicos,Notebooks,3,14702.17,0.0,27.98,14730.15,Cartão de Crédito,Confirmado,Standard,2024-07-01,2024-06-29
ORD003659,2024-07-02,PR,Sul,Moda,Calçados,1,222.66,0.0,31.14,253.8,Cartão de Crédito,Confirmado,Standard,2024-07-12,2024-07-11
ORD003660,2024-10-06,MG,Sudeste,Eletrônicos,Fones de Ouvido,1,906.48,0.0,10.57,917.05,PIX,Confirmado,Standard,2024-10-19,2024-10-18
ORD003661,2024-08-21,DF,Centro-Oeste,Esportes,Acessórios,1,505.66,0.0,51.05,556.71,Cartão de Crédito,Confirmado,Same-Day,2024-08-21,2024-08-22
ORD003662,2024-07-23,PE,Nordeste,Moda,Vestidos,2,631.46,0.0,100.88,732.34,Boleto,Confirmado,Same-Day,2024-07-23,2024-07-23
ORD003663,2024-07-10,DF,Centro-Oeste,Casa e Decoração,Iluminação,1,1947.09,0.15,21.1,1676.13,Cartão de Débito,Cancelado,Standard,2024-07-19,
ORD003664,2024-07-24,PR,Sul,Eletrônicos,Notebooks,2,4978.35,0.1,27.38,4507.89,PIX,Confirmado,Standard,2024-08-06,2024-08-07
ORD003665,2024-09-16,RJ,Sudeste,Livros,Infantis,1,114.11,0.05,51.55,159.95,Cartão de Débito,Confirmado,Same-Day,2024-09-16,2024-09-16
ORD003666,2024-05-17,DF,Centro-Oeste,Livros,HQs,1,116.57,0.05,18.14,128.88,PIX,Confirmado,Standard,2024-05-24,2024-05-24
ORD003667,2024-01-15,MG,Sudeste,Esportes,Equipamentos,1,127.77,0.05,31.48,152.87,Cartão de Crédito,Confirmado,Standard,2024-01-28,2024-01-29
ORD003668,2024-06-02,MA,Nordeste,Esportes,Calçados,1,500.83,0.0,33.44,534.27,PIX,Confirmado,Standard,2024-06-07,2024-06-09
ORD003669,2024-04-11,DF,Centro-Oeste,Moda,Calças,1,348.35,0.0,17.85,366.2,Boleto,Confirmado,Standard,2024-04-21,2024-04-21
ORD003670,2024-06-19,PA,Norte,Eletrônicos,Smartphones,1,3185.61,0.05,22.5,3048.83,PIX,Confirmado,Standard,2024-06-24,2024-06-23
ORD003671,2024-06-07,PA,Norte,Moda,Vestidos,2,649.1,0.05,38.49,655.13,Cartão de Débito,Confirmado,Standard,2024-06-14,2024-06-14
ORD003672,2024-08-22,BA,Nordeste,Moda,Calçados,1,142.18,0.0,32.62,174.8,Cartão de Débito,Confirmado,Standard,2024-08-27,2024-08-27
ORD003673,2024-01-01,GO,Centro-Oeste,Moda,Calças,2,721.22,0.05,22.66,707.82,Cartão de Crédito,Confirmado,Standard,2024-01-08,2024-01-09
ORD003674,2024-03-29,PR,Sul,Casa e Decoração,Móveis,1,1429.61,0.05,31.76,1389.89,Cartão de Crédito,Confirmado,Standard,2024-04-03,2024-04-01
ORD003675,2024-04-04,RS,Sul,Moda,Calçados,1,123.52,0.0,67.44,190.96,Cartão de Crédito,Confirmado,Same-Day,2024-04-04,2024-04-04
ORD003676,2024-02-16,ES,Sudeste,Moda,Calças,1,116.83,0.0,49.85,166.68,PIX,Confirmado,Scheduled,2024-02-21,2024-02-19
ORD003677,2024-10-11,AM,Norte,Casa e Decoração,Móveis,1,923.22,0.05,20.62,897.68,Cartão de Crédito,Cancelado,Scheduled,2024-10-17,
ORD003678,2024-09-01,MG,Sudeste,Casa e Decoração,Móveis,1,901.5,0.0,31.2,932.7,Cartão de Débito,Confirmado,Standard,2024-09-08,2024-09-08
ORD003679,2024-08-29,CE,Nordeste,Livros,Não-ficção,1,100.96,0.05,51.45,147.36,Cartão de Crédito,Confirmado,Standard,2024-09-04,2024-09-05
ORD003680,2024-08-29,GO,Centro-Oeste,Livros,Infantis,1,141.24,0.0,19.11,160.35,Cartão de Crédito,Confirmado,Standard,2024-09-12,2024-09-11
ORD003681,2024-05-04,PA,Norte,Eletrônicos,Fones de Ouvido,1,3011.41,0.0,41.91,3053.32,Cartão de Débito,Confirmado,Same-Day,2024-05-04,2024-05-04
ORD003682,2024-03-06,SC,Sul,Moda,Calçados,1,444.16,0.0,19.31,463.47,Cartão de Crédito,Confirmado,Scheduled,2024-03-11,2024-03-18
ORD003683,2024-06-16,MA,Nordeste,Casa e Decoração,Iluminação,1,738.74,0.0,47.68,786.42,Boleto,Confirmado,Standard,2024-06-29,2024-06-27
ORD003684,2024-07-20,CE,Nordeste,Eletrônicos,Tablets,1,3335.46,0.0,49.55,3385.01,Cartão de Crédito,Confirmado,Standard,2024-07-26,2024-07-27
ORD003685,2024-09-07,GO,Centro-Oeste,Esportes,Roupas Esportivas,1,609.76,0.0,30.71,640.47,Cartão de Crédito,Confirmado,Standard,2024-09-13,2024-09-14
ORD003686,2024-04-23,MA,Nordeste,Esportes,Equipamentos,1,395.37,0.0,34.59,429.96,Cartão de Débito,Confirmado,Standard,2024-04-29,2024-04-28
ORD003687,2024-04-30,SC,Sul,Casa e Decoração,Decoração,2,1555.62,0.0,26.0,1581.62,PIX,Confirmado,Standard,2024-05-13,2024-05-11
ORD003688,2024-09-13,AM,Norte,Eletrônicos,Smartwatches,2,9439.97,0.0,77.39,9517.36,Boleto,Confirmado,Same-Day,2024-09-13,2024-09-14
ORD003689,2024-07-22,MA,Nordeste,Eletrônicos,Notebooks,1,1434.87,0.0,16.78,1451.65,Boleto,Confirmado,Standard,2024-08-03,2024-08-02
ORD003690,2024-03-11,PE,Nordeste,Moda,Camisetas,1,496.98,0.0,28.94,525.92,Cartão de Crédito,Confirmado,Standard,2024-03-21,2024-03-20
ORD003691,2024-04-18,PR,Sul,Livros,Ficção,3,204.96,0.0,27.84,232.8,Cartão de Débito,Confirmado,Standard,2024-04-23,2024-04-23
ORD003692,2024-06-22,BA,Nordeste,Moda,Calçados,1,459.27,0.0,97.1,556.37,PIX,Cancelado,Same-Day,2024-06-22,
ORD003693,2024-03-18,PR,Sul,Casa e Decoração,Iluminação,1,271.41,0.0,69.67,341.08,Cartão de Débito,Confirmado,Same-Day,2024-03-18,2024-03-18
ORD003694,2024-09-03,SP,Sudeste,Casa e Decoração,Iluminação,1,657.85,0.0,16.32,674.17,Cartão de Crédito,Confirmado,Standard,2024-09-10,2024-09-13
ORD003695,2024-04-01,MG,Sudeste,Livros,HQs,1,42.32,0.05,37.38,77.59,Boleto,Confirmado,Standard,2024-04-13,2024-04-12
ORD003696,2024-02-24,PE,Nordeste,Eletrônicos,Tablets,1,3172.05,0.05,24.34,3037.79,Cartão de Crédito,Confirmado,Standard,2024-03-02,2024-03-15
ORD003697,2024-02-21,GO,Centro-Oeste,Livros,Ficção,1,121.77,0.0,19.46,141.23,Boleto,Confirmado,Standard,2024-03-05,2024-03-06
ORD003698,2024-03-23,SC,Sul,Moda,Acessórios,1,204.48,0.0,37.54,242.02,Cartão de Crédito,Confirmado,Standard,2024-03-30,2024-03-31
ORD003699,2024-09-16,BA,Nordeste,Livros,Ficção,1,32.81,0.1,57.06,86.59,PIX,Confirmado,Same-Day,2024-09-16,2024-09-16
ORD003700,2024-09-05,GO,Centro-Oeste,Livros,Infantis,2,233.4,0.05,23.93,245.66,Cartão de Crédito,Cancelado,Scheduled,2024-09-09,
ORD003701,2024-01-28,PR,Sul,Livros,Técnicos,1,34.98,0.15,14.19,43.93,Cartão de Crédito,Confirmado,Standard,2024-02-04,2024-02-10
ORD003702,2024-02-29,DF,Centro-Oeste,Livros,HQs,2,156.0,0.0,16.0,172.0,Cartão de Débito,Confirmado,Standard,2024-03-06,2024-03-04
ORD003703,2024-07-09,PA,Norte,Livros,Técnicos,1,72.72,0.05,57.95,127.04,Boleto,Confirmado,Same-Day,2024-07-09,2024-07-13
ORD003704,2024-09-30,SC,Sul,Eletrônicos,Notebooks,1,854.66,0.0,21.67,876.33,Cartão de Crédito,Confirmado,Standard,2024-10-05,2024-10-09
ORD003705,2024-08-05,CE,Nordeste,Livros,Ficção,1,92.75,0.0,33.02,125.77,Cartão de Débito,Cancelado,Standard,2024-08-10,
ORD003706,2024-03-17,SP,Sudeste,Casa e Decoração,Têxtil,1,1131.71,0.0,33.69,1165.4,Cartão de Crédito,Cancelado,Standard,2024-03-31,
ORD003707,2024-05-12,RS,Sul,Esportes,Calçados,2,845.67,0.0,16.88,862.55,Boleto,Confirmado,Standard,2024-05-26,2024-05-24
ORD003708,2024-08-20,BA,Nordeste,Eletrônicos,Fones de Ouvido,1,4168.43,0.0,35.92,4204.35,Cartão de Crédito,Confirmado,Standard,2024-08-28,2024-08-29
ORD003709,2024-05-24,SP,Sudeste,Eletrônicos,Fones de Ouvido,2,8419.1,0.0,27.82,8446.92,Cartão de Crédito,Confirmado,Standard,2024-06-07,2024-06-16
ORD003710,2024-08-23,SC,Sul,Eletrônicos,Smartwatches,1,3540.4,0.0,57.73,3598.13,Cartão de Crédito,Confirmado,Same-Day,2024-08-23,2024-08-27
ORD003711,2024-07-08,PR,Sul,Livros,Técnicos,1,149.52,0.05,20.84,162.89,Cartão de Crédito,Confirmado,Standard,2024-07-14,2024-07-13
ORD003712,2024-05-31,PA,Norte,Eletrônicos,Smartwatches,1,3513.6,0.1,64.11,3226.35,Cartão de Crédito,Confirmado,Same-Day,2024-05-31,2024-06-01
ORD003713,2024-05-16,MG,Sudeste,Casa e Decoração,Decoração,1,1471.48,0.05,19.45,1417.36,PIX,Confirmado,Standard,2024-05-28,2024-05-26
ORD003714,2024-08-01,SP,Sudeste,Livros,Técnicos,1,131.77,0.0,22.47,154.24,Cartão de Crédito,Confirmado,Standard,2024-08-15,2024-08-23
ORD003715,2024-06-01,GO,Centro-Oeste,Eletrônicos,Smartwatches,1,1535.46,0.2,41.8,1270.17,Cartão de Crédito,Confirmado,Standard,2024-06-08,2024-06-08
ORD003716,2024-02-27,SC,Sul,Eletrônicos,Smartwatches,1,2945.5,0.0,36.58,2982.08,PIX,Confirmado,Standard,2024-03-12,2024-03-10
ORD003717,2024-07-21,RS,Sul,Moda,Camisetas,1,267.66,0.05,35.94,290.22,Cartão de Débito,Confirmado,Standard,2024-07-29,2024-07-31
ORD003718,2024-09-30,RJ,Sudeste,Moda,Calças,1,220.54,0.0,18.25,238.79,PIX,Confirmado,Scheduled,2024-10-06,2024-10-05
ORD003719,2024-09-09,BA,Nordeste,Casa e Decoração,Decoração,1,1271.78,0.0,37.73,1309.51,Cartão de Crédito,Confirmado,Standard,2024-09-16,2024-09-18
ORD003720,2024-08-22,ES,Sudeste,Esportes,Equipamentos,1,414.62,0.0,34.58,449.2,Cartão de Crédito,Confirmado,Scheduled,2024-08-26,2024-08-30
ORD003721,2024-09-25,DF,Centro-Oeste,Livros,Ficção,2,243.85,0.2,29.53,224.61,Cartão de Crédito,Confirmado,Standard,2024-10-07,2024-10-11
ORD003722,2024-02-09,SC,Sul,Casa e Decoração,Móveis,1,287.3,0.0,12.24,299.54,Cartão de Crédito,Confirmado,Standard,2024-02-19,2024-02-19
ORD003723,2024-03-16,DF,Centro-Oeste,Eletrônicos,Fones de Ouvido,2,5713.23,0.0,16.71,5729.94,Cartão de Crédito,Cancelado,Standard,2024-03-21,
ORD003724,2024-09-19,ES,Sudeste,Eletrônicos,Tablets,3,1621.03,0.0,13.88,1634.91,Cartão de Crédito,Cancelado,Standard,2024-09-28,
ORD003725,2024-06-03,BA,Nordeste,Livros,Ficção,3,202.83,0.05,49.17,241.86,Cartão de Crédito,Confirmado,Standard,2024-06-14,2024-06-13
ORD003726,2024-04-04,ES,Sudeste,Casa e Decoração,Móveis,1,1114.71,0.15,64.93,1012.43,Cartão de Crédito,Confirmado,Same-Day,2024-04-04,2024-04-08
ORD003727,2024-08-09,RJ,Sudeste,Moda,Acessórios,1,201.98,0.1,13.16,194.94,Cartão de Crédito,Confirmado,Standard,2024-08-23,2024-08-23
ORD003728,2024-05-13,PR,Sul,Esportes,Calçados,1,654.6,0.05,28.65,650.52,PIX,Confirmado,Scheduled,2024-05-21,2024-05-20
ORD003729,2024-10-03,AM,Norte,Moda,Camisetas,1,61.67,0.0,37.54,99.21,Cartão de Crédito,Confirmado,Standard,2024-10-16,2024-10-16
ORD003730,2024-07-10,DF,Centro-Oeste,Livros,Não-ficção,1,93.06,0.0,36.23,129.29,Cartão de Crédito,Confirmado,Standard,2024-07-22,2024-07-21
ORD003731,2024-08-11,PR,Sul,Moda,Vestidos,1,272.06,0.0,39.83,311.89,Cartão de Crédito,Confirmado,Standard,2024-08-24,2024-08-23
ORD003732,2024-09-13,GO,Centro-Oeste,Eletrônicos,Smartwatches,1,3046.36,0.0,35.77,3082.13,PIX,Confirmado,Same-Day,2024-09-13,2024-09-14
ORD003733,2024-07-23,MA,Nordeste,Moda,Vestidos,2,930.94,0.1,13.66,851.5,Cartão de Débito,Confirmado,Standard,2024-07-30,2024-07-29
ORD003734,2024-05-19,SP,Sudeste,Livros,Não-ficção,1,92.86,0.0,28.53,121.39,Cartão de Crédito,Cancelado,Standard,2024-06-02,
ORD003735,2024-01-10,PA,Norte,Livros,Não-ficção,1,43.73,0.0,20.51,64.24,Cartão de Crédito,Confirmado,Standard,2024-01-21,2024-01-24
ORD003736,2024-05-20,PR,Sul,Livros,HQs,3,294.68,0.15,43.25,293.73,Cartão de Crédito,Confirmado,Scheduled,2024-05-23,2024-05-23
ORD003737,2024-06-11,RJ,Sudeste,Moda,Calças,1,432.81,0.0,23.37,456.18,Cartão de Crédito,Confirmado,Standard,2024-06-23,2024-07-03
ORD003738,2024-01-10,ES,Sudeste,Casa e Decoração,Utensílios,1,1112.21,0.0,16.07,1128.28,Cartão de Crédito,Confirmado,Standard,2024-01-22,2024-01-23
ORD003739,2024-02-02,DF,Centro-Oeste,Casa e Decoração,Têxtil,1,1807.51,0.0,21.38,1828.89,Cartão de Crédito,Confirmado,Scheduled,2024-02-11,2024-02-09
ORD003740,2024-08-23,DF,Centro-Oeste,Livros,HQs,1,64.22,0.0,18.67,82.89,PIX,Confirmado,Scheduled,2024-08-29,2024-08-30
ORD003741,2024-06-17,CE,Nordeste,Livros,Infantis,1,111.34,0.0,37.94,149.28,PIX,Confirmado,Standard,2024-07-01,2024-07-01
ORD003742,2024-10-12,SP,Sudeste,Casa e Decoração,Decoração,1,390.81,0.05,15.24,386.51,Cartão de Crédito,Confirmado,Standard,2024-10-23,2024-10-21
ORD003743,2024-06-12,SC,Sul,Livros,Não-ficção,2,235.04,0.0,22.9,257.94,Cartão de Crédito,Confirmado,Standard,2024-06-18,2024-06-25
ORD003744,2024-08-24,AM,Norte,Livros,Não-ficção,1,79.79,0.0,14.11,93.9,Cartão de Crédito,Confirmado,Standard,2024-09-07,2024-09-08
ORD003745,2024-09-29,ES,Sudeste,Moda,Calçados,1,388.92,0.0,39.71,428.63,PIX,Confirmado,Standard,2024-10-09,2024-10-10
ORD003746,2024-05-10,BA,Nordeste,Eletrônicos,Smartwatches,2,9907.71,0.0,35.22,9942.93,Boleto,Confirmado,Standard,2024-05-17,2024-05-16
ORD003747,2024-02-10,GO,Centro-Oeste,Livros,HQs,1,121.32,0.0,19.83,141.15,Boleto,Confirmado,Scheduled,2024-02-19,2024-02-27
ORD003748,2024-06-25,RJ,Sudeste,Moda,Acessórios,2,581.39,0.05,69.46,621.78,Cartão de Crédito,Confirmado,Same-Day,2024-06-25,2024-06-25
ORD003749,2024-07-08,PR,Sul,Casa e Decoração,Decoração,1,343.73,0.0,27.27,371.0,PIX,Confirmado,Standard,2024-07-13,2024-07-17
ORD003750,2024-08-19,GO,Centro-Oeste,Livros,Ficção,1,62.31,0.0,13.53,75.84,Boleto,Cancelado,Standard,2024-08-27,
ORD003751,2024-03-20,DF,Centro-Oeste,Esportes,Equipamentos,1,220.92,0.0,49.94,270.86,Cartão de Crédito,Confirmado,Same-Day,2024-03-20,2024-03-29
ORD003752,2024-06-29,DF,Centro-Oeste,Livros,Infantis,2,215.4,0.0,52.3,267.7,Cartão de Crédito,Confirmado,Same-Day,2024-06-29,2024-06-30
ORD003753,2024-01-12,PA,Norte,Casa e Decoração,Têxtil,1,1799.0,0.0,35.31,1834.31,Cartão de Crédito,Confirmado,Scheduled,2024-01-16,2024-01-20
ORD003754,2024-09-08,RS,Sul,Livros,HQs,1,65.84,0.1,26.94,86.2,Boleto,Confirmado,Standard,2024-09-13,2024-09-14
ORD003755,2024-03-08,BA,Nordeste,Esportes,Roupas Esportivas,1,609.68,0.0,33.99,643.67,Boleto,Confirmado,Standard,2024-03-15,2024-03-16
ORD003756,2024-02-19,BA,Nordeste,Moda,Calças,1,495.58,0.0,27.98,523.56,Boleto,Cancelado,Standard,2024-03-01,
ORD003757,2024-02-26,DF,Centro-Oeste,Casa e Decoração,Utensílios,3,4820.54,0.05,47.23,4626.74,Cartão de Crédito,Confirmado,Same-Day,2024-02-26,2024-02-28
ORD003758,2024-03-22,PA,Norte,Livros,HQs,1,114.72,0.0,27.09,141.81,Cartão de Crédito,Confirmado,Standard,2024-03-31,2024-03-31
ORD003759,2024-07-28,SC,Sul,Moda,Calçados,1,175.82,0.0,30.19,206.01,Cartão de Crédito,Confirmado,Standard,2024-08-04,2024-08-05
ORD003760,2024-05-22,SC,Sul,Casa e Decoração,Móveis,2,3532.83,0.0,26.98,3559.81,Cartão de Crédito,Confirmado,Standard,2024-06-01,2024-06-01
ORD003761,2024-06-11,CE,Nordeste,Esportes,Calçados,1,709.54,0.05,14.58,688.64,Boleto,Confirmado,Standard,2024-06-22,2024-06-22
ORD003762,2024-07-19,RS,Sul,Livros,Infantis,1,81.9,0.05,29.9,107.71,PIX,Confirmado,Standard,2024-08-01,2024-08-04
ORD003763,2024-08-25,PR,Sul,Livros,Não-ficção,2,210.85,0.0,19.28,230.13,Cartão de Crédito,Confirmado,Standard,2024-08-31,2024-08-29
ORD003764,2024-03-31,BA,Nordeste,Casa e Decoração,Móveis,1,1220.53,0.0,16.75,1237.28,PIX,Confirmado,Standard,2024-04-10,2024-04-10
ORD003765,2024-09-29,AM,Norte,Casa e Decoração,Iluminação,1,155.81,0.0,43.91,199.72,Cartão de Crédito,Confirmado,Standard,2024-10-07,2024-10-16
ORD003766,2024-03-29,GO,Centro-Oeste,Eletrônicos,Fones de Ouvido,1,1365.07,0.0,29.09,1394.16,Cartão de Crédito,Confirmado,Standard,2024-04-12,2024-04-13
ORD003767,2024-10-24,GO,Centro-Oeste,Livros,Infantis,1,74.24,0.0,17.95,92.19,Cartão de Crédito,Confirmado,Standard,2024-11-06,2024-11-05
ORD003768,2024-07-29,RS,Sul,Eletrônicos,Smartwatches,1,1998.55,0.05,26.45,1925.07,PIX,Confirmado,Standard,2024-08-09,2024-08-11
ORD003769,2024-04-24,MG,Sudeste,Esportes,Calçados,1,672.59,0.05,11.3,650.26,PIX,Cancelado,Standard,2024-05-03,
ORD003770,2024-09-14,RJ,Sudeste,Esportes,Calçados,1,601.17,0.0,23.97,625.14,Cartão de Crédito,Confirmado,Standard,2024-09-20,2024-09-21
ORD003771,2024-07-28,SP,Sudeste,Casa e Decoração,Têxtil,1,1575.76,0.0,39.57,1615.33,PIX,Cancelado,Standard,2024-08-05,
ORD003772,2024-05-07,MG,Sudeste,Esportes,Acessórios,1,651.87,0.0,24.74,676.61,PIX,Cancelado,Standard,2024-05-18,
ORD003773,2024-02-16,SC,Sul,Eletrônicos,Smartwatches,2,3601.66,0.0,66.45,3668.11,Boleto,Confirmado,Same-Day,2024-02-16,2024-02-16
ORD003774,2024-07-18,CE,Nordeste,Esportes,Equipamentos,2,716.58,0.0,38.76,755.34,PIX,Confirmado,Scheduled,2024-07-27,2024-07-25
ORD003775,2024-03-23,PE,Nordeste,Casa e Decoração,Utensílios,1,906.32,0.0,26.1,932.42,Boleto,Confirmado,Standard,2024-03-30,2024-04-06
ORD003776,2024-03-30,PE,Nordeste,Moda,Vestidos,1,101.64,0.0,20.09,121.73,Cartão de Crédito,Confirmado,Standard,2024-04-09,2024-04-10
ORD003777,2024-03-08,PR,Sul,Eletrônicos,Smartphones,2,9618.21,0.0,21.97,9640.18,Boleto,Confirmado,Standard,2024-03-18,2024-03-21
ORD003778,2024-04-15,DF,Centro-Oeste,Livros,Infantis,2,52.18,0.1,18.03,65.0,Cartão de Crédito,Confirmado,Standard,2024-04-25,2024-04-23
ORD003779,2024-05-05,GO,Centro-Oeste,Esportes,Acessórios,1,298.58,0.0,27.64,326.22,Cartão de Débito,Confirmado,Standard,2024-05-13,2024-05-14
ORD003780,2024-05-03,PA,Norte,Moda,Calçados,2,737.95,0.05,87.8,788.85,Cartão de Crédito,Confirmado,Same-Day,2024-05-03,2024-05-05
ORD003781,2024-09-13,GO,Centro-Oeste,Eletrônicos,Smartwatches,2,2369.65,0.0,15.0,2384.65,PIX,Cancelado,Standard,2024-09-18,
ORD003782,2024-06-18,AM,Norte,Moda,Calças,1,372.63,0.0,48.44,421.07,Cartão de Crédito,Confirmado,Standard,2024-07-01,2024-07-04
ORD003783,2024-08-24,ES,Sudeste,Eletrônicos,Smartphones,1,4365.78,0.0,21.44,4387.22,Cartão de Crédito,Confirmado,Standard,2024-09-03,2024-09-02
ORD003784,2024-01-17,GO,Centro-Oeste,Livros,HQs,1,134.27,0.1,24.17,145.01,Cartão de Crédito,Confirmado,Standard,2024-01-24,2024-01-23
ORD003785,2024-08-28,AM,Norte,Livros,Ficção,3,133.2,0.0,91.17,224.37,Cartão de Crédito,Confirmado,Same-Day,2024-08-28,2024-08-28
ORD003786,2024-08-01,PR,Sul,Esportes,Roupas Esportivas,1,738.13,0.0,31.33,769.46,Boleto,Cancelado,Standard,2024-08-07,
ORD003787,2024-09-30,ES,Sudeste,Eletrônicos,Fones de Ouvido,1,3895.21,0.05,31.36,3731.81,Cartão de Débito,Confirmado,Standard,2024-10-11,2024-10-10
ORD003788,2024-09-03,AM,Norte,Eletrônicos,Tablets,2,9803.2,0.0,49.15,9852.35,Cartão de Crédito,Confirmado,Standard,2024-09-17,2024-09-21
ORD003789,2024-07-22,AM,Norte,Eletrônicos,Tablets,1,3887.74,0.0,34.23,3921.97,PIX,Confirmado,Standard,2024-07-29,2024-07-28
ORD003790,2024-07-23,ES,Sudeste,Esportes,Acessórios,1,754.88,0.0,36.74,791.62,PIX,Confirmado,Standard,2024-08-02,2024-08-02
ORD003791,2024-08-07,PA,Norte,Eletrônicos,Smartphones,1,2105.61,0.15,46.4,1836.17,Cartão de Crédito,Cancelado,Standard,2024-08-18,
ORD003792,2024-03-15,AM,Norte,Casa e Decoração,Têxtil,2,958.61,0.0,72.87,1031.48,Cartão de Débito,Confirmado,Same-Day,2024-03-15,2024-03-16
ORD003793,2024-02-27,ES,Sudeste,Moda,Vestidos,1,471.87,0.0,57.43,529.3,PIX,Confirmado,Same-Day,2024-02-27,2024-02-28
ORD003794,2024-07-30,GO,Centro-Oeste,Casa e Decoração,Utensílios,1,1930.13,0.0,18.28,1948.41,Boleto,Confirmado,Standard,2024-08-12,2024-08-12
ORD003795,2024-05-04,PA,Norte,Livros,Não-ficção,1,40.45,0.05,24.52,62.95,Cartão de Crédito,Confirmado,Standard,2024-05-10,2024-05-09
ORD003796,2024-05-15,RJ,Sudeste,Casa e Decoração,Móveis,1,1963.05,0.0,26.62,1989.67,Cartão de Crédito,Confirmado,Standard,2024-05-28,2024-05-28
ORD003797,2024-08-22,MA,Nordeste,Livros,Não-ficção,1,119.23,0.0,75.72,194.95,Boleto,Confirmado,Same-Day,2024-08-22,2024-08-22
ORD003798,2024-05-13,SC,Sul,Casa e Decoração,Iluminação,1,1363.12,0.05,19.78,1314.74,Cartão de Crédito,Confirmado,Standard,2024-05-20,2024-05-19
ORD003799,2024-06-18,PA,Norte,Livros,Técnicos,2,149.64,0.1,35.32,169.99,Cartão de Crédito,Confirmado,Standard,2024-06-25,2024-06-25
ORD003800,2024-10-17,PR,Sul,Esportes,Roupas Esportivas,1,606.58,0.0,14.88,621.46,PIX,Confirmado,Standard,2024-10-30,2024-11-02
ORD003801,2024-03-12,MG,Sudeste,Esportes,Suplementos,1,244.3,0.0,27.63,271.93,PIX,Confirmado,Standard,2024-03-21,2024-03-28
ORD003802,2024-01-14,RS,Sul,Casa e Decoração,Têxtil,1,1993.45,0.05,36.17,1929.95,Cartão de Crédito,Confirmado,Standard,2024-01-22,2024-01-22
ORD003803,2024-07-04,ES,Sudeste,Casa e Decoração,Decoração,2,1821.21,0.0,18.9,1840.11,Boleto,Cancelado,Standard,2024-07-17,
ORD003804,2024-03-22,DF,Centro-Oeste,Casa e Decoração,Iluminação,1,1619.48,0.0,30.43,1649.91,PIX,Confirmado,Standard,2024-03-27,2024-04-03
ORD003805,2024-08-13,GO,Centro-Oeste,Casa e Decoração,Utensílios,1,1497.22,0.0,37.47,1534.69,Boleto,Confirmado,Standard,2024-08-18,2024-08-19
ORD003806,2024-03-06,MG,Sudeste,Esportes,Suplementos,1,184.07,0.0,51.88,235.95,Cartão de Crédito,Confirmado,Same-Day,2024-03-06,2024-03-07
ORD003807,2024-07-15,PR,Sul,Moda,Camisetas,1,461.0,0.1,73.39,488.29,Cartão de Débito,Confirmado,Same-Day,2024-07-15,2024-07-15
ORD003808,2024-04-18,DF,Centro-Oeste,Casa e Decoração,Utensílios,1,429.38,0.0,43.95,473.33,Cartão de Crédito,Confirmado,Standard,2024-04-26,2024-04-26
ORD003809,2024-10-26,SP,Sudeste,Casa e Decoração,Decoração,1,1836.97,0.05,14.2,1759.32,Cartão de Crédito,Confirmado,Standard,2024-11-03,2024-11-06
ORD003810,2024-09-17,ES,Sudeste,Esportes,Acessórios,1,376.02,0.0,24.69,400.71,Cartão de Crédito,Confirmado,Standard,2024-10-01,2024-09-30
ORD003811,2024-09-01,DF,Centro-Oeste,Moda,Vestidos,2,311.28,0.0,25.77,337.05,Cartão de Débito,Confirmado,Standard,2024-09-14,2024-09-15
ORD003812,2024-03-20,DF,Centro-Oeste,Esportes,Suplementos,1,429.16,0.0,19.75,448.91,Cartão de Crédito,Confirmado,Standard,2024-04-03,2024-04-04
ORD003813,2024-09-24,SC,Sul,Livros,Infantis,1,128.31,0.0,76.97,205.28,Cartão de Crédito,Confirmado,Same-Day,2024-09-24,2024-09-24
ORD003814,2024-03-27,AM,Norte,Esportes,Acessórios,2,662.09,0.0,32.33,694.42,Cartão de Crédito,Confirmado,Standard,2024-04-04,2024-04-05
ORD003815,2024-03-30,PE,Nordeste,Livros,Ficção,2,268.74,0.0,39.35,308.09,Cartão de Crédito,Confirmado,Standard,2024-04-13,2024-04-15
ORD003816,2024-02-03,SC,Sul,Moda,Vestidos,1,62.24,0.0,15.25,77.49,Cartão de Crédito,Confirmado,Standard,2024-02-12,2024-02-12
ORD003817,2024-04-15,RS,Sul,Moda,Vestidos,1,50.56,0.05,20.3,68.33,PIX,Confirmado,Standard,2024-04-29,2024-04-29
ORD003818,2024-03-02,GO,Centro-Oeste,Moda,Vestidos,1,458.07,0.0,25.55,483.62,Boleto,Confirmado,Standard,2024-03-13,2024-03-11
ORD003819,2024-09-12,PE,Nordeste,Esportes,Roupas Esportivas,1,202.58,0.0,31.83,234.41,Boleto,Confirmado,Standard,2024-09-18,2024-09-22
ORD003820,2024-09-25,MA,Nordeste,Moda,Calças,2,660.24,0.0,16.35,676.59,Cartão de Crédito,Confirmado,Standard,2024-10-04,2024-10-07
ORD003821,2024-07-05,GO,Centro-Oeste,Eletrônicos,Fones de Ouvido,1,2557.0,0.0,36.55,2593.55,Cartão de Débito,Confirmado,Same-Day,2024-07-05,2024-07-05
ORD003822,2024-02-20,SC,Sul,Esportes,Roupas Esportivas,2,329.95,0.1,28.65,325.6,Cartão de Crédito,Confirmado,Standard,2024-03-04,2024-03-05
ORD003823,2024-05-18,CE,Nordeste,Esportes,Calçados,1,187.96,0.0,39.1,227.06,Cartão de Crédito,Confirmado,Standard,2024-05-23,2024-05-22
ORD003824,2024-02-10,PA,Norte,Eletrônicos,Fones de Ouvido,1,4320.51,0.0,27.69,4348.2,PIX,Confirmado,Standard,2024-02-19,2024-02-20
ORD003825,2024-10-17,CE,Nordeste,Moda,Calças,3,398.83,0.0,64.31,463.14,PIX,Confirmado,Same-Day,2024-10-17,2024-10-18
ORD003826,2024-05-11,PA,Norte,Moda,Calças,1,174.35,0.0,43.08,217.43,Cartão de Crédito,Confirmado,Standard,2024-05-21,2024-05-28
ORD003827,2024-04-26,ES,Sudeste,Livros,Não-ficção,1,107.25,0.1,68.22,164.74,Cartão de Débito,Confirmado,Same-Day,2024-04-26,2024-04-26
ORD003828,2024-01-21,DF,Centro-Oeste,Casa e Decoração,Têxtil,1,1818.5,0.0,25.36,1843.86,Cartão de Crédito,Confirmado,Standard,2024-02-03,2024-02-03
ORD003829,2024-05-22,RJ,Sudeste,Moda,Camisetas,1,197.77,0.0,15.61,213.38,PIX,Confirmado,Standard,2024-05-29,2024-05-31
ORD003830,2024-03-08,CE,Nordeste,Casa e Decoração,Móveis,1,587.07,0.0,16.34,603.41,Boleto,Confirmado,Standard,2024-03-16,2024-03-17
ORD003831,2024-04-16,RS,Sul,Moda,Acessórios,1,175.99,0.0,15.68,191.67,PIX,Confirmado,Standard,2024-04-30,2024-05-01
ORD003832,2024-10-24,PE,Nordeste,Livros,Ficção,1,30.51,0.1,23.65,51.11,PIX,Confirmado,Standard,2024-11-04,2024-11-02
ORD003833,2024-10-01,MA,Nordeste,Eletrônicos,Tablets,1,1771.24,0.1,22.13,1616.24,Boleto,Confirmado,Standard,2024-10-15,2024-10-14
ORD003834,2024-02-07,RS,Sul,Livros,Ficção,1,25.48,0.0,16.67,42.15,PIX,Confirmado,Standard,2024-02-16,2024-02-18
ORD003835,2024-08-14,RJ,Sudeste,Livros,Não-ficção,1,64.38,0.0,22.27,86.65,Cartão de Crédito,Confirmado,Standard,2024-08-28,2024-08-29
ORD003836,2024-02-21,CE,Nordeste,Esportes,Equipamentos,1,785.14,0.05,17.56,763.45,Cartão de Crédito,Confirmado,Standard,2024-03-04,2024-03-04
ORD003837,2024-09-06,PR,Sul,Esportes,Roupas Esportivas,1,553.06,0.05,24.69,550.1,Boleto,Confirmado,Standard,2024-09-14,2024-09-13
ORD003838,2024-10-24,BA,Nordeste,Eletrônicos,Fones de Ouvido,1,2803.15,0.0,21.33,2824.48,PIX,Confirmado,Standard,2024-11-03,2024-11-04
ORD003839,2024-04-09,DF,Centro-Oeste,Esportes,Acessórios,1,509.64,0.1,48.7,507.38,Cartão de Crédito,Confirmado,Scheduled,2024-04-18,2024-04-30
ORD003840,2024-01-01,PR,Sul,Livros,HQs,1,144.49,0.0,24.84,169.33,PIX,Confirmado,Standard,2024-01-14,2024-01-15
ORD003841,2024-05-18,PE,Nordeste,Moda,Vestidos,1,161.11,0.0,96.79,257.9,Cartão de Crédito,Cancelado,Same-Day,2024-05-18,
ORD003842,2024-09-16,PE,Nordeste,Esportes,Suplementos,1,225.74,0.0,50.18,275.92,PIX,Confirmado,Standard,2024-09-26,2024-09-26
ORD003843,2024-06-02,PR,Sul,Esportes,Equipamentos,2,1237.53,0.05,32.98,1208.63,PIX,Confirmado,Standard,2024-06-12,2024-06-11
ORD003844,2024-06-23,PR,Sul,Esportes,Calçados,1,281.75,0.0,44.5,326.25,Cartão de Crédito,Confirmado,Scheduled,2024-06-27,2024-07-09
ORD003845,2024-06-07,GO,Centro-Oeste,Livros,Ficção,1,100.89,0.0,40.36,141.25,Cartão de Crédito,Confirmado,Scheduled,2024-06-16,2024-06-16
ORD003846,2024-04-03,PE,Nordeste,Eletrônicos,Tablets,2,6279.66,0.1,74.68,5726.38,PIX,Confirmado,Same-Day,2024-04-03,2024-04-03
ORD003847,2024-09-17,PE,Nordeste,Livros,Não-ficção,3,267.62,0.1,37.19,278.05,PIX,Confirmado,Scheduled,2024-09-24,2024-09-23
ORD003848,2024-04-01,RJ,Sudeste,Livros,Técnicos,1,108.74,0.0,30.4,139.14,Cartão de Débito,Confirmado,Standard,2024-04-13,2024-04-12
ORD003849,2024-02-18,MA,Nordeste,Livros,Técnicos,2,153.83,0.0,29.87,183.7,PIX,Cancelado,Standard,2024-03-01,
ORD003850,2024-10-02,AM,Norte,Moda,Calças,1,295.8,0.0,45.86,341.66,Cartão de Crédito,Confirmado,Standard,2024-10-08,2024-10-13
ORD003851,2024-02-25,PA,Norte,Moda,Calças,1,66.65,0.2,50.59,103.91,PIX,Confirmado,Scheduled,2024-03-05,2024-03-08
ORD003852,2024-06-06,CE,Nordeste,Casa e Decoração,Decoração,3,4330.95,0.1,43.76,3941.61,Cartão de Débito,Confirmado,Standard,2024-06-16,2024-06-14
ORD003853,2024-09-28,PE,Nordeste,Eletrônicos,Tablets,1,4446.26,0.0,50.36,4496.62,Cartão de Crédito,Confirmado,Same-Day,2024-09-28,2024-10-01
ORD003854,2024-04-17,DF,Centro-Oeste,Moda,Vestidos,2,876.13,0.0,37.71,913.84,Cartão de Crédito,Confirmado,Standard,2024-04-28,2024-04-26
ORD003855,2024-03-21,RS,Sul,Livros,Não-ficção,1,66.14,0.0,20.09,86.23,Cartão de Crédito,Confirmado,Scheduled,2024-03-30,2024-03-30
ORD003856,2024-03-21,DF,Centro-Oeste,Moda,Vestidos,1,277.69,0.0,25.23,302.92,Cartão de Crédito,Confirmado,Standard,2024-03-31,2024-04-02
ORD003857,2024-09-21,PE,Nordeste,Esportes,Acessórios,1,640.71,0.0,26.93,667.64,Cartão de Crédito,Confirmado,Standard,2024-09-26,2024-09-26
ORD003858,2024-05-17,RS,Sul,Casa e Decoração,Iluminação,2,3241.47,0.0,29.02,3270.49,PIX,Cancelado,Standard,2024-05-25,
ORD003859,2024-06-04,SC,Sul,Moda,Vestidos,1,453.88,0.0,25.56,479.44,Cartão de Crédito,Confirmado,Standard,2024-06-14,2024-06-13
ORD003860,2024-06-19,ES,Sudeste,Casa e Decoração,Decoração,1,1227.0,0.0,32.33,1259.33,Boleto,Confirmado,Standard,2024-06-27,2024-06-25
ORD003861,2024-08-18,PR,Sul,Livros,HQs,1,126.36,0.0,39.39,165.75,Boleto,Confirmado,Standard,2024-08-29,2024-08-29
ORD003862,2024-07-20,PA,Norte,Livros,Ficção,1,31.31,0.0,49.68,80.99,Boleto,Confirmado,Standard,2024-08-02,2024-08-03
ORD003863,2024-07-25,SP,Sudeste,Livros,Técnicos,1,95.23,0.0,26.64,121.87,Boleto,Confirmado,Scheduled,2024-07-30,2024-08-13
ORD003864,2024-03-12,PE,Nordeste,Casa e Decoração,Móveis,2,1480.84,0.0,38.6,1519.44,Cartão de Crédito,Confirmado,Standard,2024-03-20,2024-03-24
ORD003865,2024-04-13,RS,Sul,Casa e Decoração,Decoração,2,3133.65,0.0,42.94,3176.59,PIX,Confirmado,Same-Day,2024-04-13,2024-04-13
ORD003866,2024-07-10,SP,Sudeste,Casa e Decoração,Iluminação,1,504.73,0.0,32.57,537.3,PIX,Confirmado,Standard,2024-07-17,2024-07-20
ORD003867,2024-07-14,SC,Sul,Esportes,Calçados,3,522.96,0.0,41.0,563.96,PIX,Confirmado,Same-Day,2024-07-14,2024-07-21
ORD003868,2024-04-12,PA,Norte,Moda,Acessórios,1,168.95,0.0,42.27,211.22,Cartão de Débito,Confirmado,Standard,2024-04-23,2024-04-24
ORD003869,2024-09-14,PE,Nordeste,Casa e Decoração,Móveis,1,550.89,0.0,29.8,580.69,Cartão de Débito,Confirmado,Standard,2024-09-22,2024-09-23
ORD003870,2024-02-08,RS,Sul,Moda,Vestidos,1,171.46,0.1,12.91,167.23,Cartão de Crédito,Confirmado,Standard,2024-02-15,2024-02-29
ORD003871,2024-09-02,ES,Sudeste,Esportes,Acessórios,1,405.66,0.0,40.67,446.33,Cartão de Crédito,Confirmado,Scheduled,2024-09-08,2024-09-08
ORD003872,2024-01-24,PA,Norte,Livros,Infantis,1,54.63,0.0,24.36,78.99,Cartão de Crédito,Cancelado,Standard,2024-02-01,
ORD003873,2024-05-07,PR,Sul,Esportes,Calçados,1,82.08,0.15,34.49,104.26,Cartão de Crédito,Confirmado,Standard,2024-05-15,2024-05-13
ORD003874,2024-07-11,SP,Sudeste,Eletrônicos,Smartphones,1,4480.58,0.0,177.2,4516.02,PIX,Confirmado,Standard,2024-07-18,2024-07-19
ORD003875,2024-06-24,PR,Sul,Esportes,Suplementos,2,1041.18,0.0,40.12,1081.3,Boleto,Confirmado,Same-Day,2024-06-24,2024-06-24
ORD003876,2024-08-12,MA,Nordeste,Casa e Decoração,Móveis,1,558.16,0.15,43.49,517.92,Cartão de Crédito,Confirmado,Standard,2024-08-19,2024-08-17
ORD003877,2024-08-29,MG,Sudeste,Eletrônicos,Tablets,1,4772.15,0.0,20.28,4792.43,PIX,Confirmado,Scheduled,2024-09-03,2024-09-02
ORD003878,2024-07-30,AM,Norte,Moda,Calças,2,523.92,0.0,30.4,554.32,Cartão de Crédito,Confirmado,Standard,2024-08-12,2024-08-13
ORD003879,2024-10-28,PR,Sul,Esportes,Equipamentos,1,775.56,0.0,64.21,839.77,Boleto,Confirmado,Same-Day,2024-10-28,2024-10-29
ORD003880,2024-10-14,RJ,Sudeste,Livros,Não-ficção,1,95.9,0.1,30.29,116.6,Cartão de Crédito,Confirmado,Standard,2024-10-23,2024-10-21
ORD003881,2024-06-16,DF,Centro-Oeste,Esportes,Suplementos,3,1066.5,0.0,41.34,1107.84,Cartão de Débito,Confirmado,Standard,2024-06-28,2024-06-27
ORD003882,2024-10-12,CE,Nordeste,Casa e Decoração,Móveis,1,1745.8,0.0,30.17,1775.97,PIX,Confirmado,Standard,2024-10-21,2024-10-24
ORD003883,2024-03-12,PA,Norte,Eletrônicos,Tablets,1,1620.88,0.0,45.69,1666.57,PIX,Confirmado,Standard,2024-03-26,2024-03-27
ORD003884,2024-07-03,MA,Nordeste,Livros,Não-ficção,1,63.33,0.0,44.6,107.93,Cartão de Débito,Cancelado,Standard,2024-07-17,
ORD003885,2024-04-04,SC,Sul,Livros,Não-ficção,1,115.18,0.15,25.15,123.06,PIX,Confirmado,Scheduled,2024-04-07,2024-04-08
ORD003886,2024-08-23,SC,Sul,Casa e Decoração,Utensílios,1,1411.44,0.0,23.02,1434.46,PIX,Confirmado,Standard,2024-09-02,2024-09-01
ORD003887,2024-05-12,PR,Sul,Esportes,Roupas Esportivas,1,420.59,0.05,13.51,413.07,Cartão de Crédito,Confirmado,Standard,2024-05-24,2024-05-24
ORD003888,2024-03-12,RJ,Sudeste,Livros,Infantis,1,79.13,0.0,64.73,143.86,Cartão de Crédito,Confirmado,Same-Day,2024-03-12,2024-03-12
ORD003889,2024-07-21,PA,Norte,Livros,Ficção,1,74.15,0.0,95.59,169.74,Cartão de Crédito,Confirmado,Same-Day,2024-07-21,2024-07-28
ORD003890,2024-09-27,SP,Sudeste,Esportes,Suplementos,1,542.9,0.0,24.66,567.56,Cartão de Débito,Confirmado,Standard,2024-10-11,2024-10-09
ORD003891,2024-01-09,DF,Centro-Oeste,Livros,Ficção,1,82.88,0.0,51.33,134.21,PIX,Confirmado,Same-Day,2024-01-09,2024-01-09
ORD003892,2024-09-15,AM,Norte,Casa e Decoração,Têxtil,2,3876.76,0.0,36.88,3913.64,Cartão de Crédito,Confirmado,Standard,2024-09-25,2024-09-28
ORD003893,2024-09-08,PR,Sul,Esportes,Suplementos,1,708.59,0.0,11.27,719.86,Cartão de Débito,Confirmado,Standard,2024-09-22,2024-09-22
ORD003894,2024-02-04,ES,Sudeste,Eletrônicos,Smartwatches,1,3032.92,0.0,13.47,3046.39,Cartão de Crédito,Confirmado,Standard,2024-02-12,2024-02-13
ORD003895,2024-02-17,CE,Nordeste,Eletrônicos,Smartwatches,1,1446.23,0.0,38.11,1484.34,Boleto,Cancelado,Standard,2024-02-22,
ORD003896,2024-03-22,PA,Norte,Esportes,Roupas Esportivas,1,201.84,0.0,37.89,239.73,Cartão de Crédito,Confirmado,Standard,2024-04-05,2024-04-03
ORD003897,2024-10-20,MA,Nordeste,Livros,HQs,1,51.42,0.0,27.09,78.51,Cartão de Crédito,Cancelado,Standard,2024-10-31,
ORD003898,2024-04-07,PA,Norte,Eletrônicos,Fones de Ouvido,2,8740.15,0.0,42.58,8782.73,Cartão de Crédito,Confirmado,Standard,2024-04-20,2024-04-22
ORD003899,2024-05-21,PE,Nordeste,Livros,Não-ficção,2,235.52,0.0,23.65,259.17,Boleto,Confirmado,Standard,2024-06-02,2024-06-02
ORD003900,2024-06-18,RJ,Sudeste,Moda,Acessórios,1,268.46,0.0,11.96,280.42,Cartão de Crédito,Confirmado,Standard,2024-06-28,2024-06-28
ORD003901,2024-06-22,PE,Nordeste,Esportes,Acessórios,1,303.91,0.15,26.74,285.07,Cartão de Crédito,Confirmado,Standard,2024-06-27,2024-06-28
ORD003902,2024-01-11,BA,Nordeste,Esportes,Suplementos,1,415.9,0.0,27.19,443.09,Cartão de Crédito,Confirmado,Standard,2024-01-25,2024-01-23
ORD003903,2024-01-04,DF,Centro-Oeste,Livros,Ficção,1,41.84,0.0,29.25,71.09,Cartão de Crédito,Confirmado,Standard,2024-01-10,2024-01-13
ORD003904,2024-01-05,RS,Sul,Casa e Decoração,Iluminação,1,1985.56,0.0,33.59,2019.15,PIX,Confirmado,Standard,2024-01-10,2024-01-09
ORD003905,2024-03-18,PR,Sul,Moda,Acessórios,1,292.8,0.0,36.2,329.0,Boleto,Confirmado,Standard,2024-03-24,2024-03-28
ORD003906,2024-06-16,CE,Nordeste,Livros,Não-ficção,1,29.78,0.0,23.23,53.01,PIX,Confirmado,Standard,2024-06-23,2024-06-23
ORD003907,2024-10-21,MA,Nordeste,Casa e Decoração,Têxtil,1,609.06,0.1,44.11,592.26,Cartão de Crédito,Cancelado,Standard,2024-11-03,
ORD003908,2024-03-19,RS,Sul,Moda,Calças,1,219.73,0.1,47.02,244.78,Cartão de Crédito,Confirmado,Same-Day,2024-03-19,2024-03-22
ORD003909,2024-06-06,MG,Sudeste,Eletrônicos,Smartphones,1,4574.88,0.05,15.63,4361.77,Cartão de Débito,Confirmado,Standard,2024-06-20,2024-06-23
ORD003910,2024-09-30,DF,Centro-Oeste,Eletrônicos,Notebooks,1,1540.77,0.0,22.04,1562.81,Boleto,Cancelado,Standard,2024-10-09,
ORD003911,2024-10-03,SC,Sul,Eletrônicos,Tablets,1,4618.16,0.0,19.8,4637.96,Cartão de Crédito,Confirmado,Standard,2024-10-14,2024-10-13
ORD003912,2024-06-10,MA,Nordeste,Moda,Calças,1,497.53,0.05,61.0,533.65,Boleto,Confirmado,Scheduled,2024-06-13,2024-06-14
ORD003913,2024-04-13,PR,Sul,Moda,Calçados,1,235.52,0.0,10.22,245.74,Cartão de Crédito,Confirmado,Standard,2024-04-25,2024-04-25
ORD003914,2024-05-18,RS,Sul,Moda,Vestidos,1,291.94,0.0,77.91,369.85,Cartão de Crédito,Confirmado,Same-Day,2024-05-18,2024-05-18
ORD003915,2024-01-14,MG,Sudeste,Livros,Ficção,1,35.62,0.0,51.28,86.9,Cartão de Crédito,Confirmado,Same-Day,2024-01-14,2024-01-14
ORD003916,2024-07-11,SP,Sudeste,Livros,Não-ficção,1,149.15,0.05,17.76,159.45,Cartão de Crédito,Cancelado,Scheduled,2024-07-16,
ORD003917,2024-07-13,SP,Sudeste,Livros,Infantis,3,249.71,0.05,21.44,258.66,Cartão de Débito,Confirmado,Standard,2024-07-18,2024-07-18
ORD003918,2024-07-23,RS,Sul,Moda,Calçados,1,345.5,0.15,38.78,332.45,Cartão de Crédito,Cancelado,Standard,2024-08-04,
ORD003919,2024-10-29,AM,Norte,Eletrônicos,Smartphones,1,4262.13,0.0,81.78,4343.91,Cartão de Crédito,Confirmado,Same-Day,2024-10-29,2024-10-29
ORD003920,2024-03-30,CE,Nordeste,Esportes,Calçados,1,190.87,0.1,27.55,199.33,Cartão de Crédito,Confirmado,Standard,2024-04-11,2024-04-09
ORD003921,2024-03-03,MG,Sudeste,Moda,Camisetas,1,70.74,0.0,31.93,102.67,Cartão de Crédito,Confirmado,Standard,2024-03-08,2024-03-09
ORD003922,2024-09-07,ES,Sudeste,Esportes,Suplementos,1,798.67,0.0,25.13,823.8,Cartão de Crédito,Confirmado,Standard,2024-09-12,2024-09-12
ORD003923,2024-06-11,BA,Nordeste,Moda,Calças,1,341.45,0.0,47.92,389.37,Cartão de Crédito,Confirmado,Scheduled,2024-06-19,2024-06-21
ORD003924,2024-02-16,PA,Norte,Esportes,Suplementos,1,427.36,0.0,28.36,455.72,Cartão de Crédito,Confirmado,Standard,2024-02-27,2024-02-28
ORD003925,2024-09-01,PR,Sul,Esportes,Roupas Esportivas,2,911.58,0.1,21.42,841.84,Cartão de Crédito,Confirmado,Standard,2024-09-13,2024-09-14
ORD003926,2024-08-21,SP,Sudeste,Eletrônicos,Fones de Ouvido,1,1436.97,0.2,12.06,1161.63,Boleto,Confirmado,Standard,2024-09-02,2024-08-31
ORD003927,2024-08-03,BA,Nordeste,Eletrônicos,Tablets,1,1697.47,0.0,40.06,1737.53,Cartão de Crédito,Confirmado,Same-Day,2024-08-03,2024-08-03
ORD003928,2024-07-03,PR,Sul,Eletrônicos,Fones de Ouvido,1,4128.29,0.05,15.28,3937.15,PIX,Confirmado,Scheduled,2024-07-09,2024-07-11
ORD003929,2024-06-02,RS,Sul,Eletrônicos,Fones de Ouvido,2,5097.15,0.0,49.62,5146.77,Cartão de Crédito,Cancelado,Same-Day,2024-06-02,
ORD003930,2024-08-29,SP,Sudeste,Casa e Decoração,Decoração,1,323.87,0.0,67.51,391.38,Boleto,Cancelado,Same-Day,2024-08-29,
ORD003931,2024-01-24,MG,Sudeste,Moda,Calças,1,94.52,0.0,26.38,120.9,Boleto,Confirmado,Standard,2024-02-05,2024-02-04
ORD003932,2024-10-16,SP,Sudeste,Moda,Acessórios,1,95.93,0.0,23.11,119.04,PIX,Confirmado,Standard,2024-10-26,2024-11-06
ORD003933,2024-03-20,MG,Sudeste,Livros,Ficção,1,128.86,0.0,11.4,140.26,Cartão de Crédito,Confirmado,Standard,2024-03-30,2024-03-29
ORD003934,2024-02-01,DF,Centro-Oeste,Moda,Vestidos,1,329.75,0.0,36.32,366.07,Cartão de Crédito,Cancelado,Scheduled,2024-02-10,
ORD003935,2024-07-09,DF,Centro-Oeste,Livros,Não-ficção,2,262.07,0.0,43.2,305.27,Cartão de Crédito,Confirmado,Standard,2024-07-19,2024-07-21
ORD003936,2024-08-02,MG,Sudeste,Moda,Acessórios,2,798.48,0.1,16.12,734.75,PIX,Confirmado,Scheduled,2024-08-05,2024-08-04
ORD003937,2024-03-18,ES,Sudeste,Moda,Vestidos,2,475.42,0.0,36.84,512.26,Cartão de Crédito,Confirmado,Same-Day,2024-03-18,2024-03-18
ORD003938,2024-02-26,PA,Norte,Moda,Camisetas,1,205.3,0.0,33.23,238.53,PIX,Confirmado,Standard,2024-03-10,2024-03-08
ORD003939,2024-09-11,RS,Sul,Casa e Decoração,Iluminação,1,792.22,0.0,74.46,866.68,PIX,Confirmado,Same-Day,2024-09-11,2024-09-11
ORD003940,2024-07-10,MA,Nordeste,Casa e Decoração,Têxtil,1,1828.23,0.0,15.77,1844.0,Cartão de Crédito,Cancelado,Standard,2024-07-22,
ORD003941,2024-06-13,SP,Sudeste,Eletrônicos,Tablets,2,6450.49,0.0,47.36,6497.85,PIX,Confirmado,Same-Day,2024-06-13,2024-06-13
ORD003942,2024-01-15,MA,Nordeste,Livros,Ficção,2,259.96,0.0,41.5,301.46,Cartão de Débito,Confirmado,Standard,2024-01-29,2024-01-30
ORD003943,2024-03-14,MA,Nordeste,Livros,Ficção,1,109.78,0.05,36.88,141.17,Cartão de Crédito,Confirmado,Standard,2024-03-22,2024-03-22
ORD003944,2024-10-03,BA,Nordeste,Esportes,Calçados,1,323.37,0.0,51.02,374.39,PIX,Confirmado,Standard,2024-10-11,2024-10-11
ORD003945,2024-03-27,MG,Sudeste,Eletrônicos,Smartphones,1,1419.46,0.0,50.45,1469.91,Cartão de Crédito,Confirmado,Same-Day,2024-03-27,2024-03-31
ORD003946,2024-06-27,MA,Nordeste,Moda,Camisetas,3,1030.11,0.0,19.85,1049.96,PIX,Confirmado,Standard,2024-07-07,2024-07-05
ORD003947,2024-08-02,RJ,Sudeste,Eletrônicos,Fones de Ouvido,1,1234.07,0.0,52.96,1287.03,Cartão de Débito,Confirmado,Same-Day,2024-08-02,2024-08-02
ORD003948,2024-08-25,BA,Nordeste,Esportes,Acessórios,2,907.33,0.0,17.39,924.72,Boleto,Confirmado,Standard,2024-08-30,2024-09-03
ORD003949,2024-03-09,AM,Norte,Esportes,Roupas Esportivas,1,274.13,0.0,43.17,317.3,Cartão de Crédito,Confirmado,Same-Day,2024-03-09,2024-03-09
ORD003950,2024-06-08,PE,Nordeste,Livros,Técnicos,1,56.03,0.0,49.25,105.28,Boleto,Confirmado,Same-Day,2024-06-08,2024-06-08
ORD003951,2024-03-06,SC,Sul,Esportes,Suplementos,1,373.3,0.05,26.95,381.58,PIX,Confirmado,Standard,2024-03-11,2024-03-10
ORD003952,2024-02-19,PE,Nordeste,Livros,HQs,1,35.35,0.0,79.79,115.14,Boleto,Confirmado,Same-Day,2024-02-19,2024-02-24
ORD003953,2024-04-10,MG,Sudeste,Moda,Acessórios,1,128.24,0.0,33.07,161.31,Cartão de Crédito,Confirmado,Standard,2024-04-21,2024-04-20
ORD003954,2024-03-07,PA,Norte,Moda,Calças,1,467.45,0.0,34.3,501.75,Boleto,Confirmado,Standard,2024-03-21,2024-03-20
ORD003955,2024-02-12,ES,Sudeste,Eletrônicos,Fones de Ouvido,1,531.7,0.05,11.14,516.25,PIX,Cancelado,Standard,2024-02-18,
ORD003956,2024-05-24,MA,Nordeste,Esportes,Roupas Esportivas,1,122.94,0.0,64.17,187.11,Cartão de Crédito,Confirmado,Scheduled,2024-05-31,2024-05-31
ORD003957,2024-05-07,RS,Sul,Casa e Decoração,Utensílios,1,763.43,0.05,29.16,754.41,Boleto,Confirmado,Standard,2024-05-15,2024-05-15
ORD003958,2024-06-03,SC,Sul,Livros,HQs,1,135.64,0.0,25.91,161.55,Cartão de Crédito,Cancelado,Standard,2024-06-17,
ORD003959,2024-09-23,CE,Nordeste,Esportes,Suplementos,1,363.23,0.0,181.85,399.6,Cartão de Crédito,Confirmado,Standard,2024-10-07,2024-10-16
ORD003960,2024-03-08,SC,Sul,Livros,Técnicos,2,71.96,0.0,22.86,94.82,Cartão de Crédito,Confirmado,Standard,2024-03-20,2024-03-19
ORD003961,2024-03-15,DF,Centro-Oeste,Eletrônicos,Fones de Ouvido,1,2616.88,0.0,20.31,2637.19,Cartão de Crédito,Confirmado,Standard,2024-03-25,2024-03-31
ORD003962,2024-01-25,PA,Norte,Moda,Calças,2,640.52,0.0,21.54,662.06,Cartão de Débito,Confirmado,Standard,2024-01-30,2024-02-02
ORD003963,2024-01-08,MG,Sudeste,Eletrônicos,Notebooks,1,633.49,0.15,12.76,551.22,PIX,Confirmado,Standard,2024-01-20,2024-01-21
ORD003964,2024-03-23,BA,Nordeste,Casa e Decoração,Móveis,1,999.14,0.0,13.11,1012.25,Cartão de Crédito,Cancelado,Standard,2024-04-05,
ORD003965,2024-10-19,PE,Nordeste,Livros,Técnicos,1,69.71,0.0,28.85,98.56,Boleto,Confirmado,Standard,2024-10-28,2024-10-27
ORD003966,2024-04-06,GO,Centro-Oeste,Esportes,Acessórios,1,730.97,0.0,21.25,752.22,PIX,Confirmado,Standard,2024-04-11,2024-04-10
ORD003967,2024-08-19,RS,Sul,Livros,HQs,1,30.23,0.0,33.74,63.97,PIX,Confirmado,Standard,2024-09-02,2024-09-05
ORD003968,2024-05-14,CE,Nordeste,Livros,Ficção,2,263.49,0.0,15.67,279.16,PIX,Confirmado,Standard,2024-05-22,2024-05-21
ORD003969,2024-05-23,GO,Centro-Oeste,Esportes,Suplementos,1,177.33,0.0,49.98,227.31,Cartão de Crédito,Confirmado,Same-Day,2024-05-23,2024-05-24
ORD003970,2024-06-21,MA,Nordeste,Moda,Vestidos,1,240.17,0.0,13.66,253.83,Boleto,Cancelado,Standard,2024-07-04,
ORD003971,2024-06-23,PA,Norte,Livros,HQs,2,174.72,0.1,63.47,220.72,Cartão de Crédito,Confirmado,Scheduled,2024-06-28,2024-06-28
ORD003972,2024-08-21,GO,Centro-Oeste,Eletrônicos,Tablets,2,4957.25,0.05,13.34,4722.72,Cartão de Crédito,Confirmado,Standard,2024-08-26,2024-08-24
ORD003973,2024-09-22,PR,Sul,Eletrônicos,Tablets,3,5207.32,0.0,35.76,5243.08,Cartão de Crédito,Confirmado,Standard,2024-10-04,2024-10-02
ORD003974,2024-08-06,GO,Centro-Oeste,Eletrônicos,Smartwatches,1,1279.46,0.0,51.74,1331.2,Cartão de Crédito,Confirmado,Same-Day,2024-08-06,2024-08-07
ORD003975,2024-03-05,RJ,Sudeste,Moda,Calçados,1,144.9,0.0,20.64,165.54,Boleto,Confirmado,Standard,2024-03-19,2024-03-18
ORD003976,2024-02-26,RJ,Sudeste,Esportes,Suplementos,2,168.04,0.0,16.15,184.19,Cartão de Crédito,Confirmado,Standard,2024-03-09,2024-03-10
ORD003977,2024-03-05,AM,Norte,Casa e Decoração,Decoração,1,747.56,0.05,74.09,784.27,Cartão de Crédito,Confirmado,Same-Day,2024-03-05,2024-03-06
ORD003978,2024-08-19,BA,Nordeste,Esportes,Roupas Esportivas,1,309.04,0.0,21.56,330.6,Cartão de Crédito,Confirmado,Standard,2024-08-24,2024-08-22
ORD003979,2024-09-15,MG,Sudeste,Livros,HQs,1,52.98,0.1,31.65,79.33,Cartão de Crédito,Confirmado,Standard,2024-09-29,2024-09-30
ORD003980,2024-04-09,MG,Sudeste,Moda,Camisetas,1,229.77,0.0,38.81,268.58,Cartão de Crédito,Confirmado,Standard,2024-04-19,2024-04-17
ORD003981,2024-04-11,ES,Sudeste,Casa e Decoração,Têxtil,1,1041.01,0.0,35.42,1076.43,Cartão de Crédito,Confirmado,Standard,2024-04-24,2024-04-28
ORD003982,2024-03-18,DF,Centro-Oeste,Esportes,Calçados,3,1270.42,0.0,32.05,1302.47,PIX,Confirmado,Scheduled,2024-03-22,2024-03-22
ORD003983,2024-01-25,PA,Norte,Esportes,Suplementos,1,230.24,0.05,44.97,263.7,Boleto,Confirmado,Scheduled,2024-02-03,2024-02-12
ORD003984,2024-10-03,RS,Sul,Esportes,Equipamentos,2,702.94,0.0,17.81,720.75,Boleto,Confirmado,Standard,2024-10-08,2024-10-06
ORD003985,2024-07-10,MG,Sudeste,Eletrônicos,Notebooks,1,1549.86,0.0,34.29,1584.15,Cartão de Crédito,Cancelado,Standard,2024-07-16,
ORD003986,2024-04-25,AM,Norte,Moda,Acessórios,1,460.88,0.05,26.97,464.81,Cartão de Crédito,Confirmado,Standard,2024-05-09,2024-05-10
ORD003987,2024-08-05,AM,Norte,Moda,Vestidos,1,321.89,0.2,25.57,283.09,Cartão de Crédito,Confirmado,Standard,2024-08-10,2024-08-13
ORD003988,2024-01-26,BA,Nordeste,Casa e Decoração,Iluminação,1,1982.86,0.1,49.95,1834.52,Cartão de Crédito,Confirmado,Same-Day,2024-01-26,2024-01-27
ORD003989,2024-09-24,BA,Nordeste,Livros,Infantis,1,43.77,0.15,49.53,86.73,PIX,Confirmado,Scheduled,2024-10-03,2024-10-09
ORD003990,2024-06-13,MG,Sudeste,Casa e Decoração,Móveis,1,1125.04,0.0,23.05,1148.09,Cartão de Crédito,Confirmado,Standard,2024-06-22,2024-06-20
ORD003991,2024-02-08,PR,Sul,Esportes,Suplementos,1,393.81,0.1,10.96,365.39,Cartão de Crédito,Confirmado,Standard,2024-02-15,2024-02-15
ORD003992,2024-04-16,MA,Nordeste,Esportes,Calçados,1,394.75,0.0,28.22,422.97,Cartão de Crédito,Confirmado,Standard,2024-04-22,2024-04-21
ORD003993,2024-02-04,SP,Sudeste,Livros,Não-ficção,1,84.19,0.1,10.21,85.98,Boleto,Cancelado,Standard,2024-02-11,
ORD003994,2024-03-14,PE,Nordeste,Moda,Calças,2,630.2,0.0,27.52,657.72,Boleto,Cancelado,Standard,2024-03-28,
ORD003995,2024-07-19,PA,Norte,Moda,Calçados,1,67.67,0.0,102.48,170.15,Cartão de Crédito,Confirmado,Same-Day,2024-07-19,2024-07-20
ORD003996,2024-07-19,DF,Centro-Oeste,Moda,Calças,1,61.01,0.05,15.34,73.3,Cartão de Crédito,Confirmado,Standard,2024-07-25,2024-07-28
ORD003997,2024-06-28,RJ,Sudeste,Moda,Vestidos,1,424.23,0.0,42.25,466.48,PIX,Confirmado,Same-Day,2024-06-28,2024-06-28
ORD003998,2024-03-12,MA,Nordeste,Livros,Ficção,1,22.64,0.0,19.11,41.75,Boleto,Cancelado,Standard,2024-03-19,
ORD003999,2024-10-26,GO,Centro-Oeste,Moda,Calças,1,162.77,0.0,28.2,190.97,PIX,Confirmado,Standard,2024-11-08,2024-11-07
ORD004000,2024-08-15,MG,Sudeste,Casa e Decoração,Decoração,1,1990.42,0.0,37.32,2027.74,Cartão de Débito,Confirmado,Standard,2024-08-20,2024-08-21
ORD004001,2024-01-06,GO,Centro-Oeste,Eletrônicos,Smartwatches,1,2219.51,0.0,34.11,2253.62,Cartão de Crédito,Confirmado,Standard,2024-01-19,2024-01-18
ORD004002,2024-06-08,CE,Nordeste,Eletrônicos,Smartwatches,2,2098.0,0.1,41.13,1929.33,Boleto,Confirmado,Standard,2024-06-13,2024-06-14
ORD004003,2024-08-29,RS,Sul,Livros,Técnicos,1,111.04,0.05,20.94,126.43,Cartão de Crédito,Confirmado,Standard,2024-09-10,2024-09-12
ORD004004,2024-03-04,CE,Nordeste,Esportes,Acessórios,1,498.25,0.05,19.36,492.7,Cartão de Crédito,Confirmado,Standard,2024-03-12,2024-03-13
ORD004005,2024-03-19,RJ,Sudeste,Casa e Decoração,Decoração,1,616.82,0.0,38.37,655.19,Cartão de Crédito,Confirmado,Standard,2024-03-25,2024-03-24
ORD004006,2024-01-21,BA,Nordeste,Casa e Decoração,Móveis,2,2566.36,0.0,25.52,2591.88,Cartão de Crédito,Confirmado,Standard,2024-01-29,2024-01-30
ORD004007,2024-08-26,BA,Nordeste,Esportes,Equipamentos,1,500.1,0.0,45.22,545.32,Cartão de Crédito,Cancelado,Scheduled,2024-09-03,
ORD004008,2024-09-06,PA,Norte,Casa e Decoração,Utensílios,1,1069.83,0.0,40.72,1110.55,Boleto,Cancelado,Standard,2024-09-17,
ORD004009,2024-09-24,RJ,Sudeste,Eletrônicos,Smartwatches,1,1663.23,0.0,19.23,1682.46,Cartão de Crédito,Confirmado,Standard,2024-09-30,2024-10-04
ORD004010,2024-07-04,RS,Sul,Livros,Infantis,1,130.01,0.0,48.9,178.91,Cartão de Crédito,Confirmado,Scheduled,2024-07-08,2024-07-19
ORD004011,2024-08-03,SP,Sudeste,Eletrônicos,Tablets,1,3366.15,0.2,28.96,2721.88,PIX,Confirmado,Standard,2024-08-14,2024-08-14
ORD004012,2024-05-21,MA,Nordeste,Casa e Decoração,Têxtil,2,3170.93,0.0,29.51,3200.44,PIX,Confirmado,Standard,2024-06-03,2024-06-03
ORD004013,2024-06-17,BA,Nordeste,Casa e Decoração,Decoração,1,1001.34,0.0,37.39,1038.73,Cartão de Crédito,Confirmado,Standard,2024-06-30,2024-06-30
ORD004014,2024-02-12,SP,Sudeste,Eletrônicos,Fones de Ouvido,1,2973.45,0.15,21.01,2548.45,Cartão de Débito,Confirmado,Standard,2024-02-18,2024-02-23
ORD004015,2024-05-04,DF,Centro-Oeste,Livros,Não-ficção,1,30.21,0.0,18.11,48.32,Cartão de Crédito,Confirmado,Standard,2024-05-12,2024-05-10
ORD004016,2024-10-29,BA,Nordeste,Casa e Decoração,Móveis,1,1581.25,0.0,28.7,1609.95,PIX,Cancelado,Standard,2024-11-07,
ORD004017,2024-09-06,CE,Nordeste,Esportes,Calçados,1,486.33,0.05,37.96,499.97,Cartão de Crédito,Cancelado,Standard,2024-09-17,
ORD004018,2024-07-11,DF,Centro-Oeste,Esportes,Acessórios,1,331.93,0.0,42.35,374.28,Cartão de Débito,Cancelado,Standard,2024-07-17,
ORD004019,2024-01-22,DF,Centro-Oeste,Eletrônicos,Smartwatches,1,3571.03,0.1,49.85,3263.78,PIX,Confirmado,Same-Day,2024-01-22,2024-01-22
ORD004020,2024-02-20,DF,Centro-Oeste,Eletrônicos,Smartphones,1,4498.6,0.0,25.1,4523.7,Cartão de Crédito,Confirmado,Standard,2024-03-03,2024-03-02
ORD004021,2024-05-02,SC,Sul,Esportes,Calçados,1,95.98,0.0,39.73,135.71,PIX,Confirmado,Standard,2024-05-14,2024-05-15
ORD004022,2024-08-03,AM,Norte,Livros,Ficção,1,147.24,0.05,27.59,167.47,PIX,Cancelado,Standard,2024-08-17,
ORD004023,2024-06-26,GO,Centro-Oeste,Livros,Infantis,1,135.38,0.0,38.11,173.49,Cartão de Crédito,Confirmado,Standard,2024-07-08,2024-07-14
ORD004024,2024-10-20,AM,Norte,Esportes,Roupas Esportivas,1,167.39,0.0,38.08,205.47,Cartão de Crédito,Confirmado,Standard,2024-10-27,2024-10-26
ORD004025,2024-07-23,AM,Norte,Livros,Ficção,2,149.02,0.2,75.28,194.5,Cartão de Crédito,Cancelado,Same-Day,2024-07-23,
ORD004026,2024-04-20,DF,Centro-Oeste,Moda,Camisetas,2,874.04,0.0,14.95,888.99,Cartão de Débito,Cancelado,Standard,2024-04-27,
ORD004027,2024-06-17,RJ,Sudeste,Casa e Decoração,Iluminação,1,212.29,0.0,58.01,270.3,Cartão de Débito,Confirmado,Same-Day,2024-06-17,2024-06-19
ORD004028,2024-01-15,ES,Sudeste,Livros,Técnicos,1,125.91,0.05,19.84,139.45,Cartão de Crédito,Confirmado,Scheduled,2024-01-23,2024-01-21
ORD004029,2024-07-02,AM,Norte,Casa e Decoração,Decoração,1,1186.19,0.0,18.95,1205.14,Cartão de Crédito,Confirmado,Standard,2024-07-15,2024-07-15
ORD004030,2024-05-07,PR,Sul,Livros,Ficção,1,97.25,0.0,36.02,133.27,Cartão de Débito,Confirmado,Standard,2024-05-16,2024-05-16
ORD004031,2024-06-15,PE,Nordeste,Casa e Decoração,Utensílios,1,1124.25,0.0,32.91,1157.16,Cartão de Crédito,Confirmado,Standard,2024-06-20,2024-06-20
ORD004032,2024-04-17,CE,Nordeste,Esportes,Suplementos,1,482.19,0.0,25.12,507.31,Cartão de Crédito,Confirmado,Standard,2024-04-22,2024-05-03
ORD004033,2024-07-24,PA,Norte,Casa e Decoração,Utensílios,1,303.03,0.1,24.87,297.6,Boleto,Confirmado,Standard,2024-08-06,2024-08-05
ORD004034,2024-09-12,AM,Norte,Eletrônicos,Tablets,1,4830.07,0.05,25.67,4614.24,Cartão de Crédito,Cancelado,Standard,2024-09-26,
ORD004035,2024-06-29,DF,Centro-Oeste,Esportes,Equipamentos,3,1017.42,0.0,76.14,1093.56,PIX,Confirmado,Same-Day,2024-06-29,2024-06-29
ORD004036,2024-06-11,AM,Norte,Casa e Decoração,Móveis,2,1084.73,0.0,13.51,1098.24,Cartão de Crédito,Confirmado,Standard,2024-06-19,2024-06-18
ORD004037,2024-02-16,GO,Centro-Oeste,Livros,Técnicos,1,119.64,0.0,22.93,142.57,Cartão de Crédito,Confirmado,Standard,2024-02-21,2024-02-29
ORD004038,2024-09-11,GO,Centro-Oeste,Moda,Calçados,1,332.76,0.0,33.11,365.87,PIX,Confirmado,Standard,2024-09-23,2024-10-03
ORD004039,2024-04-13,PR,Sul,Livros,Técnicos,1,118.25,0.0,29.37,147.62,Cartão de Crédito,Confirmado,Standard,2024-04-25,2024-04-30
ORD004040,2024-06-21,PA,Norte,Livros,Técnicos,1,61.58,0.0,31.98,93.56,PIX,Cancelado,Standard,2024-06-28,
ORD004041,2024-03-22,MG,Sudeste,Casa e Decoração,Móveis,2,3218.91,0.1,38.27,2935.29,Cartão de Crédito,Confirmado,Same-Day,2024-03-22,2024-03-22
ORD004042,2024-02-27,RS,Sul,Esportes,Suplementos,1,364.54,0.2,10.71,302.34,Boleto,Confirmado,Standard,2024-03-08,2024-03-07
ORD004043,2024-09-16,ES,Sudeste,Esportes,Suplementos,1,708.77,0.0,18.42,727.19,Cartão de Crédito,Confirmado,Standard,2024-09-27,2024-09-28
ORD004044,2024-10-13,CE,Nordeste,Moda,Calçados,1,146.71,0.0,87.08,233.79,Cartão de Crédito,Confirmado,Same-Day,2024-10-13,2024-10-16
ORD004045,2024-02-08,RS,Sul,Eletrônicos,Smartphones,1,1533.68,0.0,17.84,1551.52,Cartão de Débito,Confirmado,Standard,2024-02-20,2024-02-20
ORD004046,2024-07-26,AM,Norte,Casa e Decoração,Utensílios,1,213.21,0.0,20.18,233.39,Cartão de Crédito,Confirmado,Standard,2024-08-01,2024-08-02
ORD004047,2024-06-23,CE,Nordeste,Casa e Decoração,Iluminação,1,623.55,0.0,88.35,711.9,Cartão de Crédito,Confirmado,Same-Day,2024-06-23,2024-06-25
ORD004048,2024-03-09,MA,Nordeste,Livros,Ficção,1,91.75,0.0,32.74,124.49,Cartão de Crédito,Cancelado,Standard,2024-03-16,
ORD004049,2024-05-30,DF,Centro-Oeste,Esportes,Roupas Esportivas,1,250.07,0.0,45.24,295.31,Cartão de Débito,Confirmado,Same-Day,2024-05-30,2024-05-30
ORD004050,2024-06-14,RS,Sul,Livros,Ficção,1,22.34,0.0,21.15,43.49,Cartão de Crédito,Confirmado,Scheduled,2024-06-21,2024-06-22
ORD004051,2024-05-05,CE,Nordeste,Moda,Vestidos,1,131.51,0.0,26.6,158.11,Cartão de Crédito,Confirmado,Standard,2024-05-18,2024-05-19
ORD004052,2024-01-14,PE,Nordeste,Moda,Calças,1,245.0,0.05,29.11,261.86,PIX,Confirmado,Scheduled,2024-01-22,2024-01-23
ORD004053,2024-05-05,MA,Nordeste,Moda,Calçados,3,1042.26,0.1,48.63,986.67,Cartão de Crédito,Confirmado,Standard,2024-05-13,2024-05-13
ORD004054,2024-04-20,MG,Sudeste,Eletrônicos,Tablets,2,1463.58,0.0,27.89,1491.47,Cartão de Crédito,Confirmado,Standard,2024-05-03,2024-05-02
ORD004055,2024-05-04,SP,Sudeste,Esportes,Acessórios,1,739.83,0.0,21.73,761.56,Cartão de Crédito,Confirmado,Standard,2024-05-11,2024-05-09
ORD004056,2024-08-12,BA,Nordeste,Esportes,Calçados,1,450.13,0.0,47.32,497.45,PIX,Confirmado,Standard,2024-08-22,2024-08-21
ORD004057,2024-10-17,RS,Sul,Livros,Não-ficção,1,51.86,0.05,46.36,95.63,Cartão de Crédito,Confirmado,Same-Day,2024-10-17,2024-10-17
ORD004058,2024-09-22,DF,Centro-Oeste,Livros,HQs,1,53.97,0.0,25.76,79.73,PIX,Confirmado,Scheduled,2024-09-28,2024-09-28
ORD004059,2024-07-17,ES,Sudeste,Casa e Decoração,Decoração,1,397.95,0.0,31.76,429.71,Cartão de Crédito,Confirmado,Same-Day,2024-07-17,2024-07-20
ORD004060,2024-05-14,BA,Nordeste,Casa e Decoração,Decoração,1,1801.33,0.0,29.08,1830.41,Cartão de Crédito,Confirmado,Standard,2024-05-19,2024-05-17
ORD004061,2024-04-30,SC,Sul,Esportes,Suplementos,1,218.36,0.0,15.17,233.53,Cartão de Crédito,Confirmado,Standard,2024-05-10,2024-05-10
ORD004062,2024-02-09,ES,Sudeste,Moda,Vestidos,1,145.74,0.0,39.8,185.54,Cartão de Crédito,Cancelado,Standard,2024-02-18,
ORD004063,2024-05-06,PA,Norte,Esportes,Calçados,1,443.47,0.1,36.79,435.91,Boleto,Confirmado,Scheduled,2024-05-14,2024-05-15
ORD004064,2024-03-06,RJ,Sudeste,Esportes,Acessórios,3,1937.62,0.05,34.83,1875.57,PIX,Confirmado,Standard,2024-03-16,2024-03-17
ORD004065,2024-10-01,SC,Sul,Eletrônicos,Smartwatches,1,545.43,0.0,38.21,583.64,PIX,Confirmado,Standard,2024-10-11,2024-10-09
ORD004066,2024-04-26,ES,Sudeste,Casa e Decoração,Têxtil,1,677.93,0.05,22.57,666.61,PIX,Confirmado,Standard,2024-05-05,2024-05-03
ORD004067,2024-04-24,PE,Nordeste,Casa e Decoração,Têxtil,1,1937.91,0.0,24.36,1962.27,Boleto,Confirmado,Standard,2024-05-02,2024-05-01
ORD004068,2024-01-28,PE,Nordeste,Esportes,Acessórios,1,747.36,0.0,51.58,798.94,Cartão de Débito,Confirmado,Standard,2024-02-04,2024-02-03
ORD004069,2024-09-11,DF,Centro-Oeste,Livros,Ficção,1,60.39,0.0,12.85,73.24,Boleto,Confirmado,Standard,2024-09-18,2024-09-24
ORD004070,2024-03-28,SP,Sudeste,Esportes,Acessórios,1,114.28,0.0,32.03,146.31,Cartão de Crédito,Confirmado,Standard,2024-04-10,2024-04-09
ORD004071,2024-10-13,GO,Centro-Oeste,Eletrônicos,Tablets,2,9222.47,0.0,40.53,9263.0,PIX,Confirmado,Standard,2024-10-18,2024-10-19
ORD004072,2024-09-01,AM,Norte,Moda,Camisetas,1,289.85,0.05,31.51,306.87,PIX,Confirmado,Scheduled,2024-09-10,2024-09-11
ORD004073,2024-06-30,RJ,Sudeste,Casa e Decoração,Têxtil,1,1894.7,0.0,13.87,1908.57,Cartão de Crédito,Confirmado,Standard,2024-07-09,2024-07-13
ORD004074,2024-05-09,MA,Nordeste,Eletrônicos,Smartwatches,1,1219.34,0.0,47.57,1266.91,Boleto,Confirmado,Standard,2024-05-17,2024-05-16
ORD004075,2024-09-08,BA,Nordeste,Moda,Calçados,1,376.89,0.0,29.93,406.82,PIX,Confirmado,Standard,2024-09-14,2024-09-18
ORD004076,2024-04-20,GO,Centro-Oeste,Livros,Técnicos,2,213.75,0.0,51.49,265.24,PIX,Confirmado,Same-Day,2024-04-20,2024-04-20
ORD004077,2024-10-02,ES,Sudeste,Casa e Decoração,Decoração,1,460.84,0.0,24.18,485.02,PIX,Confirmado,Standard,2024-10-07,2024-10-06
ORD004078,2024-04-29,DF,Centro-Oeste,Esportes,Acessórios,1,462.38,0.0,12.19,474.57,Cartão de Crédito,Confirmado,Standard,2024-05-09,2024-05-08
ORD004079,2024-03-14,PA,Norte,Esportes,Calçados,1,661.56,0.0,34.47,696.03,Cartão de Débito,Cancelado,Standard,2024-03-26,
ORD004080,2024-06-10,AM,Norte,Eletrônicos,Smartwatches,2,3091.87,0.05,13.24,2950.52,PIX,Confirmado,Standard,2024-06-16,2024-06-14
ORD004081,2024-01-28,ES,Sudeste,Casa e Decoração,Têxtil,1,599.72,0.0,29.38,629.1,Cartão de Crédito,Confirmado,Scheduled,2024-02-03,2024-02-07
ORD004082,2024-03-02,PA,Norte,Eletrônicos,Smartwatches,1,2571.25,0.0,35.36,2606.61,Cartão de Crédito,Confirmado,Standard,2024-03-08,2024-03-09
ORD004083,2024-02-02,CE,Nordeste,Livros,Não-ficção,1,72.12,0.0,15.83,87.95,Cartão de Crédito,Confirmado,Standard,2024-02-07,2024-02-05
ORD004084,2024-04-09,RS,Sul,Esportes,Equipamentos,1,344.12,0.05,13.56,340.47,Cartão de Crédito,Confirmado,Standard,2024-04-21,2024-05-04
ORD004085,2024-04-02,SP,Sudeste,Livros,Ficção,3,280.33,0.0,44.47,324.8,Cartão de Crédito,Confirmado,Scheduled,2024-04-05,2024-04-03
ORD004086,2024-06-18,RJ,Sudeste,Eletrônicos,Fones de Ouvido,1,3176.29,,14.22,3190.51,PIX,Cancelado,Standard,2024-07-01,
ORD004087,2024-10-20,ES,Sudeste,Livros,Infantis,1,54.63,0.0,46.48,101.11,Cartão de Crédito,Confirmado,Scheduled,2024-10-25,2024-10-26
ORD004088,2024-07-14,ES,Sudeste,Livros,Não-ficção,3,418.94,0.05,40.42,438.42,Cartão de Crédito,Cancelado,Same-Day,2024-07-14,
ORD004089,2024-06-24,MG,Sudeste,Eletrônicos,Tablets,1,3627.91,0.0,16.56,3644.47,Cartão de Crédito,Confirmado,Scheduled,2024-06-28,2024-06-26
ORD004090,2024-06-30,MG,Sudeste,Livros,Técnicos,1,89.52,0.1,22.08,102.64,PIX,Cancelado,Scheduled,2024-07-06,
ORD004091,2024-09-12,RJ,Sudeste,Moda,Vestidos,1,478.78,0.05,28.23,483.07,Cartão de Crédito,Confirmado,Scheduled,2024-09-16,2024-09-17
ORD004092,2024-07-24,RS,Sul,Moda,Vestidos,1,204.01,0.0,76.91,280.92,Cartão de Crédito,Confirmado,Same-Day,2024-07-24,2024-07-31
ORD004093,2024-02-11,SC,Sul,Livros,Ficção,2,81.37,0.0,37.93,119.3,Cartão de Débito,Confirmado,Standard,2024-02-21,2024-02-21
ORD004094,2024-09-25,PR,Sul,Eletrônicos,Smartwatches,2,3470.42,0.0,21.89,3492.31,PIX,Confirmado,Standard,2024-10-06,2024-10-04
ORD004095,2024-02-01,CE,Nordeste,Eletrônicos,Tablets,1,2950.75,0.0,57.63,3008.38,PIX,Confirmado,Same-Day,2024-02-01,2024-02-03
ORD004096,2024-02-18,MG,Sudeste,Eletrônicos,Smartwatches,1,2429.33,0.0,16.11,2445.44,Cartão de Crédito,Confirmado,Standard,2024-03-03,2024-03-01
ORD004097,2024-01-07,SP,Sudeste,Casa e Decoração,Iluminação,2,269.74,0.15,50.64,279.92,Cartão de Crédito,Confirmado,Same-Day,2024-01-07,2024-01-07
ORD004098,2024-06-05,SP,Sudeste,Esportes,Calçados,1,243.09,0.05,41.87,272.8,Cartão de Débito,Confirmado,Scheduled,2024-06-08,2024-06-08
ORD004099,2024-07-10,AM,Norte,Eletrônicos,Notebooks,1,4589.98,0.05,14.07,4374.55,Boleto,Confirmado,Standard,2024-07-22,2024-07-22
ORD004100,2024-04-06,GO,Centro-Oeste,Esportes,Acessórios,2,1119.71,0.2,19.41,915.18,Cartão de Crédito,Confirmado,Standard,2024-04-19,2024-04-28
ORD004101,2024-04-03,CE,Nordeste,Moda,Vestidos,1,224.26,0.0,46.74,271.0,Cartão de Crédito,Confirmado,Standard,2024-04-14,2024-04-13
ORD004102,2024-02-19,AM,Norte,Moda,Acessórios,1,190.73,0.0,60.84,251.57,Cartão de Crédito,Confirmado,Scheduled,2024-02-23,2024-02-22
ORD004103,2024-07-10,DF,Centro-Oeste,Moda,Calçados,1,274.76,0.05,16.67,277.69,Cartão de Crédito,Confirmado,Scheduled,2024-07-15,2024-07-16
ORD004104,2024-03-31,CE,Nordeste,Moda,Calçados,1,451.35,0.0,52.17,503.52,Cartão de Débito,Confirmado,Same-Day,2024-03-31,2024-04-01
ORD004105,2024-01-16,DF,Centro-Oeste,Eletrônicos,Smartwatches,2,6789.48,0.0,24.39,6813.87,Cartão de Crédito,Confirmado,Standard,2024-01-28,2024-02-01
ORD004106,2024-03-02,PA,Norte,Casa e Decoração,Decoração,1,943.12,0.0,43.61,986.73,PIX,Confirmado,Standard,2024-03-08,2024-03-09
ORD004107,2024-02-25,SC,Sul,Moda,Acessórios,1,118.41,0.0,41.39,159.8,PIX,Confirmado,Same-Day,2024-02-25,2024-02-26
ORD004108,2024-09-22,MG,Sudeste,Eletrônicos,Fones de Ouvido,1,2895.49,0.0,58.36,2953.85,Cartão de Crédito,Cancelado,Same-Day,2024-09-22,
ORD004109,2024-04-08,DF,Centro-Oeste,Moda,Acessórios,1,272.23,0.0,40.33,312.56,PIX,Confirmado,Standard,2024-04-22,2024-04-24
ORD004110,2024-06-21,PE,Nordeste,Esportes,Acessórios,1,487.89,0.0,28.03,515.92,Cartão de Débito,Confirmado,Standard,2024-06-30,2024-06-30
ORD004111,2024-08-17,RJ,Sudeste,Esportes,Roupas Esportivas,1,296.77,0.0,39.06,335.83,Cartão de Crédito,Confirmado,Standard,2024-08-28,2024-08-28
ORD004112,2024-06-22,RS,Sul,Casa e Decoração,Utensílios,1,1622.6,0.0,36.99,1659.59,Cartão de Crédito,Confirmado,Standard,2024-06-28,
ORD004113,2024-05-02,AM,Norte,Livros,Não-ficção,1,135.08,0.0,31.92,167.0,Cartão de Crédito,Confirmado,Standard,2024-05-12,2024-05-13
ORD004114,2024-07-25,SP,Sudeste,Casa e Decoração,Móveis,3,5943.62,0.0,21.88,5965.5,Cartão de Débito,Confirmado,Standard,2024-08-06,2024-08-04
ORD004115,2024-09-02,PA,Norte,Esportes,Roupas Esportivas,1,489.04,0.0,47.67,536.71,Cartão de Crédito,Confirmado,Scheduled,2024-09-11,2024-09-09
ORD004116,2024-09-23,RJ,Sudeste,Casa e Decoração,Têxtil,1,1771.25,0.0,13.13,1784.38,Cartão de Crédito,Cancelado,Standard,2024-10-06,
ORD004117,2024-10-15,DF,Centro-Oeste,Esportes,Calçados,1,462.72,0.0,42.23,504.95,Cartão de Crédito,Confirmado,Standard,2024-10-20,2024-10-21
ORD004118,2024-07-20,PA,Norte,Esportes,Equipamentos,1,290.11,0.0,35.4,325.51,PIX,Confirmado,Standard,2024-07-29,2024-07-29
ORD004119,2024-05-24,SC,Sul,Moda,Calçados,3,471.08,0.0,22.55,493.63,Cartão de Crédito,Confirmado,Standard,2024-06-07,2024-06-07
ORD004120,2024-04-11,PR,Sul,Livros,Infantis,2,267.87,0.1,11.23,252.31,Cartão de Crédito,Confirmado,Standard,2024-04-22,2024-04-26
ORD004121,2024-08-10,BA,Nordeste,Eletrônicos,Fones de Ouvido,1,2169.91,0.0,44.2,2214.11,Cartão de Débito,Confirmado,Standard,2024-08-19,2024-08-17
ORD004122,2024-01-13,PE,Nordeste,Eletrônicos,Tablets,1,1936.53,0.0,47.85,1984.38,Cartão de Crédito,Confirmado,Same-Day,2024-01-13,2024-01-20
ORD004123,2024-10-14,PE,Nordeste,Esportes,Acessórios,2,1132.91,0.0,47.78,1180.69,Cartão de Crédito,Confirmado,Standard,2024-10-28,2024-10-29
ORD004124,2024-06-05,PE,Nordeste,Casa e Decoração,Móveis,2,2958.08,0.1,20.68,2682.95,Cartão de Crédito,Confirmado,Standard,2024-06-13,2024-06-11
ORD004125,2024-09-27,AM,Norte,Eletrônicos,Notebooks,1,3000.19,0.05,58.99,2909.17,Cartão de Crédito,Confirmado,Same-Day,2024-09-27,2024-09-30
ORD004126,2024-02-15,PR,Sul,Esportes,Calçados,1,627.1,0.0,49.78,676.88,Cartão de Crédito,Confirmado,Scheduled,2024-02-22,2024-02-22
ORD004127,2024-10-04,MG,Sudeste,Casa e Decoração,Móveis,3,2419.28,0.0,36.42,2455.7,Cartão de Crédito,Confirmado,Same-Day,2024-10-04,2024-10-07
ORD004128,2024-09-30,SP,Sudeste,Eletrônicos,Tablets,2,1153.59,0.1,10.15,1048.38,PIX,Confirmado,Standard,2024-10-11,2024-10-10
ORD004129,2024-07-16,RS,Sul,Casa e Decoração,Têxtil,1,1736.19,0.0,23.09,1759.28,Cartão de Crédito,Confirmado,Scheduled,2024-07-23,2024-07-23
ORD004130,2024-01-27,AM,Norte,Livros,HQs,1,62.05,0.05,44.11,103.05,Cartão de Crédito,Confirmado,Scheduled,2024-02-03,2024-02-03
ORD004131,2024-09-25,AM,Norte,Moda,Acessórios,3,1372.33,0.0,37.64,1409.97,Cartão de Crédito,Confirmado,Standard,2024-10-04,2024-10-02
ORD004132,2024-07-08,GO,Centro-Oeste,Eletrônicos,Notebooks,1,2843.71,0.0,30.88,2874.59,Cartão de Crédito,Confirmado,Standard,2024-07-19,2024-07-18
ORD004133,2024-02-20,PE,Nordeste,Moda,Calças,1,368.1,0.0,49.64,417.74,Cartão de Crédito,Confirmado,Standard,2024-03-05,2024-03-09
ORD004134,2024-06-12,RJ,Sudeste,Moda,Calçados,1,60.31,0.0,22.81,83.12,PIX,Confirmado,Standard,2024-06-26,2024-06-26
ORD004135,2024-04-15,DF,Centro-Oeste,Esportes,Roupas Esportivas,1,797.57,0.15,16.71,694.65,PIX,Confirmado,Standard,2024-04-27,2024-04-25
ORD004136,2024-01-24,MA,Nordeste,Livros,Não-ficção,1,108.77,0.1,15.02,112.91,Boleto,Cancelado,Standard,2024-01-30,
ORD004137,2024-02-29,MA,Nordeste,Casa e Decoração,Móveis,1,1375.19,0.0,14.89,1390.08,Cartão de Débito,Confirmado,Standard,2024-03-13,2024-03-22
ORD004138,2024-05-03,GO,Centro-Oeste,Casa e Decoração,Utensílios,1,775.64,0.0,37.33,812.97,Cartão de Crédito,Confirmado,Standard,2024-05-17,2024-05-16
ORD004139,2024-07-18,AM,Norte,Moda,Vestidos,1,445.98,0.0,51.7,497.68,PIX,Confirmado,Scheduled,2024-07-21,2024-07-25
ORD004140,2024-07-24,SP,Sudeste,Moda,Calças,1,459.11,0.05,30.51,466.67,Cartão de Crédito,Confirmado,Standard,2024-08-04,2024-08-02
ORD004141,2024-05-06,DF,Centro-Oeste,Casa e Decoração,Iluminação,1,562.83,0.0,22.86,585.69,PIX,Confirmado,Scheduled,2024-05-14,2024-05-13
ORD004142,2024-10-19,ES,Sudeste,Casa e Decoração,Utensílios,1,1738.2,0.0,39.07,1777.27,PIX,Confirmado,Standard,2024-10-27,2024-10-29
ORD004143,2024-05-19,BA,Nordeste,Eletrônicos,Fones de Ouvido,1,4954.75,0.1,50.14,4509.41,PIX,Confirmado,Standard,2024-05-31,2024-05-31
ORD004144,2024-07-30,BA,Nordeste,Casa e Decoração,Utensílios,1,1842.87,0.0,46.62,1889.49,PIX,Confirmado,Standard,2024-08-05,2024-08-06
ORD004145,2024-09-06,PR,Sul,Esportes,Roupas Esportivas,1,500.35,0.0,35.12,535.47,Cartão de Crédito,Confirmado,Standard,2024-09-11,2024-09-23
ORD004146,2024-07-21,SP,Sudeste,Livros,Não-ficção,1,105.85,0.0,11.31,117.16,Cartão de Crédito,Confirmado,Standard,2024-08-04,2024-08-05
ORD004147,2024-04-24,RJ,Sudeste,Eletrônicos,Smartphones,2,4131.92,0.0,27.92,4159.84,PIX,Cancelado,Standard,2024-05-03,
ORD004148,2024-03-22,MA,Nordeste,Livros,Ficção,1,58.05,0.1,45.69,97.93,Boleto,Confirmado,Standard,2024-03-28,2024-03-26
ORD004149,2024-04-03,CE,Nordeste,Casa e Decoração,Utensílios,1,150.44,0.0,33.68,184.12,PIX,Cancelado,Standard,2024-04-12,
ORD004150,2024-05-11,GO,Centro-Oeste,Livros,Técnicos,1,79.07,0.0,24.99,104.06,Boleto,Confirmado,Standard,2024-05-20,2024-05-21
ORD004151,2024-10-01,PR,Sul,Casa e Decoração,Têxtil,1,999.97,0.05,13.29,963.26,PIX,Confirmado,Standard,2024-10-11,2024-10-11
ORD004152,2024-05-13,RJ,Sudeste,Eletrônicos,Fones de Ouvido,1,1301.69,0.05,44.67,1281.28,PIX,Confirmado,Same-Day,2024-05-13,2024-05-17
ORD004153,2024-04-13,RJ,Sudeste,Esportes,Acessórios,2,463.94,0.0,26.65,490.59,Cartão de Débito,Confirmado,Standard,2024-04-24,2024-04-22
ORD004154,2024-04-12,MG,Sudeste,Esportes,Roupas Esportivas,2,1295.85,0.05,39.62,1270.68,PIX,Confirmado,Same-Day,2024-04-12,2024-04-13
ORD004155,2024-08-28,PE,Nordeste,Eletrônicos,Smartphones,1,4671.15,0.05,58.65,4496.24,Boleto,Confirmado,Scheduled,2024-09-03,2024-09-03
ORD004156,2024-04-27,SP,Sudeste,Livros,Não-ficção,2,261.87,0.0,19.34,281.21,Cartão de Crédito,Confirmado,Standard,2024-05-08,2024-05-09
ORD004157,2024-02-12,PA,Norte,Eletrônicos,Notebooks,1,4295.67,0.1,49.63,3915.73,Cartão de Crédito,Confirmado,Standard,2024-02-22,2024-02-20
ORD004158,2024-08-11,DF,Centro-Oeste,Casa e Decoração,Iluminação,1,932.34,0.15,38.07,830.56,Cartão de Crédito,Confirmado,Standard,2024-08-16,2024-08-14
ORD004159,2024-03-14,PE,Nordeste,Esportes,Roupas Esportivas,1,83.66,0.0,37.86,121.52,Boleto,Confirmado,Standard,2024-03-25,2024-03-26
ORD004160,2024-09-14,PA,Norte,Moda,Calças,2,109.06,0.0,44.94,154.0,Cartão de Crédito,Confirmado,Standard,2024-09-28,2024-10-06
ORD004161,2024-06-11,SP,Sudeste,Esportes,Roupas Esportivas,1,523.21,0.0,28.84,552.05,Cartão de Crédito,Confirmado,Standard,2024-06-25,2024-06-25
ORD004162,2024-03-19,SC,Sul,Casa e Decoração,Utensílios,1,756.63,0.0,39.15,795.78,Cartão de Débito,Confirmado,Standard,2024-04-01,2024-03-30
ORD004163,2024-06-28,PE,Nordeste,Moda,Camisetas,1,407.09,0.0,48.17,455.26,Cartão de Crédito,Confirmado,Standard,2024-07-06,2024-07-05
ORD004164,2024-07-19,BA,Nordeste,Moda,Vestidos,1,275.13,0.0,22.54,297.67,Boleto,Confirmado,Standard,2024-08-02,2024-08-01
ORD004165,2024-09-15,RJ,Sudeste,Moda,Calças,1,253.67,0.0,13.98,267.65,Cartão de Crédito,Confirmado,Standard,2024-09-23,2024-09-26
ORD004166,2024-04-09,SC,Sul,Livros,Ficção,1,75.88,0.0,12.23,88.11,PIX,Confirmado,Standard,2024-04-21,2024-04-23
ORD004167,2024-08-13,RJ,Sudeste,Moda,Acessórios,2,782.23,0.0,38.33,820.56,Cartão de Débito,Confirmado,Standard,2024-08-24,2024-08-23
ORD004168,2024-09-27,PR,Sul,Esportes,Equipamentos,1,312.86,0.0,21.37,334.23,PIX,Confirmado,Standard,2024-10-11,2024-10-10
ORD004169,2024-03-14,CE,Nordeste,Casa e Decoração,Móveis,1,1976.52,0.0,71.03,2047.55,Cartão de Crédito,Confirmado,Same-Day,2024-03-14,2024-03-14
ORD004170,2024-02-27,GO,Centro-Oeste,Eletrônicos,Fones de Ouvido,1,1187.39,0.0,22.22,1209.61,Cartão de Crédito,Confirmado,Standard,2024-03-08,2024-03-19
ORD004171,2024-09-22,CE,Nordeste,Eletrônicos,Smartwatches,1,4849.73,0.0,23.81,4873.54,Cartão de Crédito,Confirmado,Standard,2024-10-03,2024-10-02
ORD004172,2024-03-27,ES,Sudeste,Casa e Decoração,Decoração,1,1001.89,0.0,17.83,1019.72,PIX,Confirmado,Standard,2024-04-02,2024-04-01
ORD004173,2024-01-20,MG,Sudeste,Eletrônicos,Notebooks,2,6747.15,0.15,51.44,5786.52,Cartão de Crédito,Confirmado,Same-Day,2024-01-20,2024-01-20
ORD004174,2024-01-04,BA,Nordeste,Eletrônicos,Smartwatches,1,4841.7,0.0,27.19,4868.89,Cartão de Débito,Confirmado,Scheduled,2024-01-13,2024-01-12
ORD004175,2024-01-30,AM,Norte,Livros,HQs,1,112.41,0.0,22.29,134.7,Cartão de Débito,Confirmado,Standard,2024-02-07,2024-02-08
ORD004176,2024-03-02,AM,Norte,Moda,Camisetas,1,222.93,0.1,26.94,227.57,PIX,Confirmado,Standard,2024-03-14,2024-03-15
ORD004177,2024-10-15,CE,Nordeste,Eletrônicos,Smartphones,1,4599.82,0.0,13.5,4613.32,PIX,Confirmado,Standard,2024-10-25,2024-10-28
ORD004178,2024-08-31,MA,Nordeste,Esportes,Acessórios,1,790.82,0.05,49.34,800.62,Cartão de Crédito,Confirmado,Standard,2024-09-13,2024-09-13
ORD004179,2024-05-24,GO,Centro-Oeste,Esportes,Acessórios,1,790.31,0.0,11.06,801.37,Cartão de Débito,Confirmado,Standard,2024-06-07,2024-06-11
ORD004180,2024-08-18,MA,Nordeste,Moda,Calçados,1,444.75,0.05,25.28,447.79,Cartão de Crédito,Confirmado,Standard,2024-08-27,2024-08-27
ORD004181,2024-05-08,SC,Sul,Livros,Infantis,3,162.7,0.0,46.43,209.13,Cartão de Crédito,Confirmado,Scheduled,2024-05-11,2024-05-09
ORD004182,2024-03-19,PE,Nordeste,Esportes,Suplementos,2,292.27,0.0,15.76,308.03,Boleto,Confirmado,Standard,2024-04-02,2024-03-31
ORD004183,2024-04-24,MG,Sudeste,Casa e Decoração,Utensílios,1,1980.25,0.05,36.64,1917.87,Cartão de Crédito,Confirmado,Same-Day,2024-04-24,2024-04-25
ORD004184,2024-07-17,PR,Sul,Moda,Vestidos,2,582.68,0.2,23.27,489.42,Cartão de Crédito,Confirmado,Scheduled,2024-07-25,2024-07-29
ORD004185,2024-01-11,BA,Nordeste,Casa e Decoração,Utensílios,2,2144.63,0.0,63.16,2207.79,Cartão de Crédito,Confirmado,Scheduled,2024-01-18,2024-01-19
ORD004186,2024-01-22,PE,Nordeste,Livros,HQs,1,67.88,0.0,44.53,112.41,PIX,Confirmado,Standard,2024-02-01,2024-01-30
ORD004187,2024-04-26,BA,Nordeste,Moda,Vestidos,1,308.87,0.0,37.8,346.67,Boleto,Confirmado,Standard,2024-05-03,2024-05-02
ORD004188,2024-04-16,BA,Nordeste,Livros,Infantis,1,123.08,0.0,23.59,146.67,PIX,Confirmado,Standard,2024-04-23,2024-04-22
ORD004189,2024-08-23,ES,Sudeste,Livros,Infantis,1,123.21,0.0,43.09,166.3,Boleto,Confirmado,Scheduled,2024-08-31,2024-08-30
ORD004190,2024-07-17,PE,Nordeste,Casa e Decoração,Decoração,1,293.61,0.0,42.18,335.79,Cartão de Crédito,Cancelado,Standard,2024-07-29,
ORD004191,2024-06-15,GO,Centro-Oeste,Livros,Não-ficção,1,51.37,0.05,36.58,85.38,PIX,Confirmado,Same-Day,2024-06-15,2024-06-15
ORD004192,2024-09-28,RS,Sul,Moda,Calças,1,381.48,0.0,27.48,408.96,PIX,Confirmado,Standard,2024-10-05,2024-10-06
ORD004193,2024-04-07,DF,Centro-Oeste,Moda,Acessórios,2,823.45,0.0,24.28,847.73,Cartão de Crédito,Confirmado,Standard,2024-04-21,2024-04-19
ORD004194,2024-07-05,MA,Nordeste,Livros,HQs,2,99.68,0.0,35.02,134.7,Cartão de Crédito,Confirmado,Standard,2024-07-10,2024-07-09
ORD004195,2024-07-28,SC,Sul,Casa e Decoração,Utensílios,1,455.03,0.0,40.29,495.32,Cartão de Crédito,Confirmado,Scheduled,2024-08-05,2024-08-03
ORD004196,2024-07-20,MG,Sudeste,Livros,Ficção,1,94.34,0.05,39.62,129.24,Cartão de Débito,Confirmado,Standard,2024-08-03,2024-08-03
ORD004197,2024-10-04,GO,Centro-Oeste,Livros,Técnicos,1,95.59,0.1,28.69,114.72,PIX,Confirmado,Standard,2024-10-10,2024-10-10
ORD004198,2024-07-30,SP,Sudeste,Moda,Calças,3,552.89,0.0,29.91,582.8,PIX,Confirmado,Scheduled,2024-08-08,2024-08-09
ORD004199,2024-06-21,CE,Nordeste,Moda,Calçados,1,411.68,0.0,14.23,425.91,Cartão de Crédito,Confirmado,Standard,2024-07-02,2024-07-03
ORD004200,2024-09-21,BA,Nordeste,Moda,Calçados,1,259.19,0.0,18.46,277.65,Cartão de Crédito,Confirmado,Standard,2024-09-27,2024-10-01
ORD004201,2024-01-13,ES,Sudeste,Moda,Calçados,3,715.01,0.0,54.57,769.58,Cartão de Crédito,Confirmado,Same-Day,2024-01-13,2024-01-14
ORD004202,2024-10-17,GO,Centro-Oeste,Moda,Vestidos,1,480.85,0.15,72.77,481.49,PIX,Confirmado,Same-Day,2024-10-17,2024-10-17
ORD004203,2024-10-15,PA,Norte,Moda,Calçados,1,267.16,0.0,27.05,294.21,Cartão de Crédito,Confirmado,Standard,2024-10-23,2024-10-26
ORD004204,2024-10-21,PA,Norte,Moda,Calças,1,174.34,0.0,27.91,202.25,PIX,Confirmado,Standard,2024-11-02,2024-11-03
ORD004205,2024-07-29,SC,Sul,Livros,Não-ficção,1,120.18,0.0,31.59,151.77,Cartão de Crédito,Confirmado,Scheduled,2024-08-02,2024-08-03
ORD004206,2024-03-07,PA,Norte,Livros,Técnicos,1,131.06,0.0,18.82,149.88,Cartão de Crédito,Confirmado,Standard,2024-03-12,2024-03-11
ORD004207,2024-09-28,ES,Sudeste,Eletrônicos,Smartphones,2,2772.23,0.0,33.3,2805.53,Cartão de Crédito,Confirmado,Standard,2024-10-11,2024-10-11
ORD004208,2024-02-03,RJ,Sudeste,Eletrônicos,Smartphones,1,2139.14,0.0,34.57,2173.71,Cartão de Crédito,Confirmado,Standard,2024-02-11,2024-02-11
ORD004209,2024-01-28,SC,Sul,Eletrônicos,Tablets,1,4543.0,0.0,39.55,4582.55,PIX,Confirmado,Standard,2024-02-04,2024-02-07
ORD004210,2024-07-01,RS,Sul,Moda,Calças,1,295.24,0.0,35.16,330.4,Cartão de Crédito,Confirmado,Standard,2024-07-13,2024-07-14
ORD004211,2024-06-06,AM,Norte,Eletrônicos,Tablets,1,2685.64,0.0,33.37,2719.01,Cartão de Débito,Cancelado,Scheduled,2024-06-10,
ORD004212,2024-06-10,DF,Centro-Oeste,Livros,Infantis,1,91.82,0.05,82.89,170.12,Boleto,Confirmado,Same-Day,2024-06-10,2024-06-14
ORD004213,2024-06-22,ES,Sudeste,Moda,Vestidos,1,147.27,0.15,10.19,135.37,Cartão de Débito,Confirmado,Standard,2024-07-04,2024-07-08
ORD004214,2024-06-04,RJ,Sudeste,Esportes,Equipamentos,1,157.65,0.0,29.58,187.23,Cartão de Crédito,Confirmado,Standard,2024-06-14,2024-06-12
ORD004215,2024-03-18,MG,Sudeste,Livros,Ficção,1,114.04,0.0,32.94,146.98,Boleto,Confirmado,Standard,2024-03-29,2024-03-29
ORD004216,2024-09-29,MA,Nordeste,Esportes,Acessórios,1,514.23,0.0,33.28,547.51,Cartão de Crédito,Confirmado,Standard,2024-10-06,2024-10-20
ORD004217,2024-03-22,CE,Nordeste,Esportes,Acessórios,1,696.0,0.0,21.79,717.79,PIX,Confirmado,Standard,2024-04-05,2024-04-05
ORD004218,2024-05-23,ES,Sudeste,Moda,Camisetas,1,317.93,0.1,27.29,313.43,PIX,Confirmado,Scheduled,2024-05-29,2024-06-10
ORD004219,2024-03-16,MA,Nordeste,Livros,Ficção,2,73.83,0.0,26.21,100.04,PIX,Confirmado,Standard,2024-03-29,2024-03-29
ORD004220,2024-01-21,MG,Sudeste,Livros,Infantis,1,42.13,0.0,16.44,58.57,Cartão de Crédito,Confirmado,Standard,2024-02-03,2024-02-06
ORD004221,2024-07-13,PE,Nordeste,Moda,Camisetas,1,360.11,0.0,32.53,392.64,Cartão de Crédito,Confirmado,Standard,2024-07-18,2024-07-19
ORD004222,2024-10-27,ES,Sudeste,Casa e Decoração,Iluminação,1,208.96,0.05,73.67,272.19,Cartão de Crédito,Cancelado,Same-Day,2024-10-27,
ORD004223,2024-10-26,DF,Centro-Oeste,Moda,Calçados,1,393.44,0.05,13.2,386.97,Cartão de Crédito,Confirmado,Standard,2024-11-05,2024-11-05
ORD004224,2024-01-11,PE,Nordeste,Esportes,Suplementos,1,421.36,0.0,45.33,466.69,Boleto,Confirmado,Scheduled,2024-01-19,2024-01-18
ORD004225,2024-06-22,RJ,Sudeste,Casa e Decoração,Móveis,1,1197.5,0.05,29.24,1166.87,PIX,Confirmado,Standard,2024-07-01,2024-07-09
ORD004226,2024-03-31,MG,Sudeste,Esportes,Suplementos,1,400.62,0.0,13.93,414.55,PIX,Confirmado,Standard,2024-04-12,2024-04-14
ORD004227,2024-07-20,MA,Nordeste,Moda,Camisetas,1,324.19,0.0,38.88,363.07,Cartão de Crédito,Confirmado,Standard,2024-07-29,2024-08-02
ORD004228,2024-04-10,GO,Centro-Oeste,Casa e Decoração,Decoração,1,1690.2,0.0,62.36,1752.56,PIX,Confirmado,Same-Day,2024-04-10,2024-04-11
ORD004229,2024-02-12,SC,Sul,Esportes,Acessórios,1,643.25,0.0,29.12,672.37,Cartão de Crédito,Confirmado,Standard,2024-02-25,2024-03-02
ORD004230,2024-01-09,DF,Centro-Oeste,Esportes,Acessórios,1,410.91,0.0,37.87,448.78,PIX,Confirmado,Standard,2024-01-23,2024-01-24
ORD004231,2024-03-27,SC,Sul,Casa e Decoração,Utensílios,2,2387.02,0.1,32.17,2180.49,PIX,Confirmado,Same-Day,2024-03-27,2024-03-28
ORD004232,2024-09-19,PR,Sul,Esportes,Roupas Esportivas,1,636.24,0.0,78.43,714.67,Boleto,Confirmado,Same-Day,2024-09-19,2024-09-19
ORD004233,2024-09-07,SC,Sul,Moda,Camisetas,1,349.6,0.0,44.05,393.65,Cartão de Crédito,Confirmado,Same-Day,2024-09-07,2024-09-14
ORD004234,2024-05-02,ES,Sudeste,Casa e Decoração,Decoração,3,2853.03,0.0,26.56,2879.59,Cartão de Crédito,Confirmado,Standard,2024-05-16,2024-05-15
ORD004235,2024-08-17,BA,Nordeste,Casa e Decoração,Móveis,1,1389.47,0.0,15.69,1405.16,Cartão de Crédito,Confirmado,Standard,2024-08-24,2024-08-28
ORD004236,2024-05-19,ES,Sudeste,Livros,Ficção,1,83.03,0.0,37.13,120.16,Cartão de Débito,Confirmado,Scheduled,2024-05-28,2024-05-27
ORD004237,2024-06-19,CE,Nordeste,Eletrônicos,Notebooks,2,7706.61,0.0,,7750.76,Boleto,Confirmado,Scheduled,2024-06-28,2024-06-27
ORD004238,2024-01-06,ES,Sudeste,Esportes,Roupas Esportivas,1,783.76,0.05,20.44,765.01,Cartão de Crédito,Confirmado,Standard,2024-01-13,2024-01-11
ORD004239,2024-06-03,BA,Nordeste,Moda,Calçados,1,195.63,0.15,31.41,197.7,PIX,Confirmado,Standard,2024-06-15,2024-06-28
ORD004240,2024-07-13,BA,Nordeste,Eletrônicos,Tablets,1,1935.15,0.0,34.64,1969.79,Cartão de Crédito,Confirmado,Standard,2024-07-26,2024-07-28
ORD004241,2024-07-11,SC,Sul,Casa e Decoração,Têxtil,1,873.28,0.0,20.75,894.03,Cartão de Crédito,Confirmado,Standard,2024-07-21,2024-07-21
ORD004242,2024-08-05,BA,Nordeste,Casa e Decoração,Utensílios,1,1613.62,0.0,34.89,1648.51,PIX,Confirmado,Scheduled,2024-08-13,2024-08-13
ORD004243,2024-06-26,ES,Sudeste,Casa e Decoração,Têxtil,1,313.8,0.2,43.01,294.05,Boleto,Confirmado,Scheduled,2024-06-29,2024-06-28
ORD004244,2024-04-08,PE,Nordeste,Casa e Decoração,Decoração,1,1240.48,0.0,46.36,1286.84,Cartão de Crédito,Confirmado,Standard,2024-04-14,2024-04-14
ORD004245,2024-02-12,MA,Nordeste,Livros,Ficção,1,119.18,0.1,44.86,152.13,Cartão de Crédito,Confirmado,Scheduled,2024-02-18,2024-02-19
ORD004246,2024-06-12,AM,Norte,Esportes,Roupas Esportivas,1,601.37,0.05,32.92,604.22,Cartão de Débito,Confirmado,Standard,2024-06-20,2024-06-18
ORD004247,2024-01-12,PA,Norte,Moda,Camisetas,1,61.92,0.0,25.07,86.99,Cartão de Crédito,Confirmado,Standard,2024-01-17,2024-01-17
ORD004248,2024-05-04,RJ,Sudeste,Moda,Vestidos,1,464.32,0.05,20.16,461.26,Cartão de Crédito,Confirmado,Scheduled,2024-05-12,2024-05-14
ORD004249,2024-02-03,MG,Sudeste,Esportes,Equipamentos,1,300.57,0.0,34.71,335.28,Cartão de Crédito,Confirmado,Standard,2024-02-15,2024-02-16
ORD004250,2024-02-14,AM,Norte,Eletrônicos,Smartphones,1,1515.27,0.0,50.32,1565.59,Boleto,Cancelado,Standard,2024-02-25,
ORD004251,2024-01-07,ES,Sudeste,Casa e Decoração,Têxtil,1,1634.64,0.05,20.61,1573.52,Boleto,Confirmado,Standard,2024-01-12,2024-01-13
ORD004252,2024-02-06,MG,Sudeste,Esportes,Acessórios,1,354.51,0.05,20.82,357.61,PIX,Confirmado,Standard,2024-02-12,2024-02-25
ORD004253,2024-06-18,PA,Norte,Eletrônicos,Smartwatches,1,2181.42,0.0,40.94,2222.36,Cartão de Crédito,Confirmado,Standard,2024-06-27,2024-06-28
ORD004254,2024-03-03,SP,Sudeste,Moda,Calças,1,385.55,0.05,45.95,412.22,Cartão de Crédito,Confirmado,Scheduled,2024-03-06,2024-03-08
ORD004255,2024-02-11,MG,Sudeste,Eletrônicos,Smartphones,1,1824.79,0.2,44.06,1503.9,Cartão de Débito,Cancelado,Same-Day,2024-02-11,
ORD004256,2024-01-02,BA,Nordeste,Moda,Calças,2,308.05,0.1,39.12,316.37,Cartão de Crédito,Confirmado,Standard,2024-01-09,2024-01-10
ORD004257,2024-01-26,ES,Sudeste,Eletrônicos,Fones de Ouvido,2,4729.72,0.15,37.69,4057.95,Cartão de Crédito,Confirmado,Standard,2024-02-04,2024-02-02
ORD004258,2024-06-13,GO,Centro-Oeste,Esportes,Equipamentos,1,602.59,0.0,19.64,622.23,Cartão de Crédito,Confirmado,Scheduled,2024-06-20,2024-06-18
ORD004259,2024-08-31,AM,Norte,Moda,Calçados,2,249.14,0.2,34.61,233.92,Cartão de Crédito,Confirmado,Standard,2024-09-06,2024-09-04
ORD004260,2024-04-05,PE,Nordeste,Casa e Decoração,Têxtil,2,2257.79,0.0,62.62,2320.41,Cartão de Crédito,Confirmado,Same-Day,2024-04-05,2024-04-05
ORD004261,2024-02-01,PE,Nordeste,Moda,Acessórios,1,455.14,0.0,97.38,552.52,PIX,Confirmado,Same-Day,2024-02-01,2024-02-08
ORD004262,2024-01-04,RJ,Sudeste,Moda,Calças,1,102.92,0.0,10.6,113.52,Boleto,Confirmado,Standard,2024-01-09,2024-01-07
ORD004263,2024-05-14,MG,Sudeste,Esportes,Calçados,1,573.18,0.0,47.08,620.26,Cartão de Crédito,Confirmado,Same-Day,2024-05-14,2024-05-23
ORD004264,2024-04-06,ES,Sudeste,Eletrônicos,Smartphones,1,2355.78,0.1,42.64,2162.84,Cartão de Débito,Confirmado,Same-Day,2024-04-06,2024-04-07
ORD004265,2024-04-06,MG,Sudeste,Casa e Decoração,Utensílios,3,699.32,0.0,18.77,718.09,Cartão de Débito,Confirmado,Standard,2024-04-11,2024-04-12
ORD004266,2024-03-24,BA,Nordeste,Esportes,Suplementos,1,662.28,0.0,26.29,688.57,Cartão de Crédito,Confirmado,Standard,2024-03-30,2024-03-30
ORD004267,2024-07-30,CE,Nordeste,Casa e Decoração,Utensílios,1,484.91,0.1,63.28,499.7,Cartão de Crédito,Confirmado,Same-Day,2024-07-30,2024-08-03
ORD004268,2024-08-06,PR,Sul,Casa e Decoração,Utensílios,1,662.06,0.0,23.68,685.74,Cartão de Crédito,Confirmado,Standard,2024-08-14,2024-08-15
ORD004269,2024-09-28,SP,Sudeste,Casa e Decoração,Decoração,1,1963.43,0.0,35.16,1998.59,Cartão de Crédito,Confirmado,Standard,2024-10-08,2024-10-08
ORD004270,2024-03-23,RJ,Sudeste,Eletrônicos,Smartphones,1,829.38,0.0,27.18,856.56,Boleto,Confirmado,Standard,2024-03-29,2024-03-29
ORD004271,2024-09-09,SC,Sul,Eletrônicos,Smartwatches,2,7024.43,0.0,31.46,7055.89,PIX,Confirmado,Same-Day,2024-09-09,2024-09-11
ORD004272,2024-08-08,RJ,Sudeste,Livros,Ficção,1,29.41,0.0,38.74,68.15,PIX,Confirmado,Same-Day,2024-08-08,2024-08-09
ORD004273,2024-02-15,SC,Sul,Esportes,Suplementos,1,548.86,0.0,14.74,563.6,Cartão de Crédito,Cancelado,Standard,2024-02-29,
ORD004274,2024-02-03,DF,Centro-Oeste,Casa e Decoração,Decoração,3,1880.96,0.0,43.25,1924.21,Cartão de Crédito,Confirmado,Standard,2024-02-10,2024-02-13
ORD004275,2024-08-18,SC,Sul,Livros,Técnicos,1,38.67,0.0,30.75,69.42,PIX,Confirmado,Standard,2024-08-26,2024-08-25
ORD004276,2024-09-12,PR,Sul,Livros,Técnicos,1,23.31,0.0,12.74,36.05,Cartão de Crédito,Cancelado,Standard,2024-09-20,
ORD004277,2024-10-06,ES,Sudeste,Moda,Calças,1,123.3,0.0,29.32,152.62,Cartão de Crédito,Confirmado,Standard,2024-10-16,2024-10-17
ORD004278,2024-10-27,MG,Sudeste,Eletrônicos,Tablets,1,2429.93,0.15,30.75,2096.19,Cartão de Débito,Confirmado,Standard,2024-11-03,2024-11-07
ORD004279,2024-07-28,PE,Nordeste,Livros,Técnicos,1,28.97,0.0,97.75,126.72,Cartão de Crédito,Confirmado,Same-Day,2024-07-28,2024-07-28
ORD004280,2024-07-25,PE,Nordeste,Livros,Infantis,1,129.36,0.0,35.29,164.65,Cartão de Crédito,Confirmado,Standard,2024-08-03,2024-08-04
ORD004281,2024-03-19,MG,Sudeste,Livros,Infantis,1,141.28,0.1,38.73,165.88,Cartão de Crédito,Confirmado,Standard,2024-03-24,2024-03-24
ORD004282,2024-01-13,AM,Norte,Moda,Vestidos,1,421.05,0.0,91.07,512.12,PIX,Confirmado,Same-Day,2024-01-13,2024-01-13
ORD004283,2024-07-14,AM,Norte,Moda,Calçados,3,757.96,0.1,30.14,712.31,PIX,Confirmado,Standard,2024-07-20,2024-07-18
ORD004284,2024-07-06,SP,Sudeste,Livros,Não-ficção,1,28.86,0.05,70.67,98.09,Cartão de Débito,Confirmado,Same-Day,2024-07-06,2024-07-06
ORD004285,2024-03-18,DF,Centro-Oeste,Moda,Calças,1,435.7,0.0,31.34,467.04,Cartão de Crédito,Confirmado,Standard,2024-03-30,2024-03-30
ORD004286,2024-02-18,SP,Sudeste,Livros,Infantis,2,127.33,0.0,15.43,142.76,Cartão de Débito,Cancelado,Standard,2024-03-01,
ORD004287,2024-03-17,PR,Sul,Casa e Decoração,Utensílios,2,394.46,0.0,37.77,432.23,Cartão de Crédito,Confirmado,Standard,2024-03-23,2024-03-21
ORD004288,2024-01-12,PE,Nordeste,Livros,Não-ficção,1,105.14,0.05,46.47,146.36,Cartão de Crédito,Confirmado,Standard,2024-01-25,2024-01-29
ORD004289,2024-06-04,AM,Norte,Esportes,Suplementos,1,90.44,0.0,39.33,129.77,Cartão de Crédito,Confirmado,Standard,2024-06-10,2024-06-14
ORD004290,2024-04-26,RS,Sul,Livros,HQs,1,81.19,0.05,39.37,116.5,PIX,Confirmado,Standard,2024-05-10,2024-05-08
ORD004291,2024-09-12,BA,Nordeste,Livros,Não-ficção,1,109.05,0.0,50.99,160.04,Cartão de Crédito,Confirmado,Standard,2024-09-19,2024-09-21
ORD004292,2024-09-06,GO,Centro-Oeste,Eletrônicos,Tablets,1,4928.44,0.2,26.61,3969.36,Cartão de Crédito,Cancelado,Standard,2024-09-20,
ORD004293,2024-02-24,RJ,Sudeste,Casa e Decoração,Iluminação,1,188.29,0.0,32.59,220.88,PIX,Confirmado,Standard,2024-03-02,2024-03-02
ORD004294,2024-05-28,MG,Sudeste,Moda,Acessórios,2,273.07,0.1,30.59,276.35,PIX,Confirmado,Standard,2024-06-09,2024-06-07
ORD004295,2024-09-10,PA,Norte,Moda,Calçados,1,408.06,0.0,30.08,438.14,Cartão de Crédito,Confirmado,Standard,2024-09-22,2024-09-22
ORD004296,2024-09-08,SP,Sudeste,Casa e Decoração,Utensílios,1,127.83,0.0,33.27,161.1,Boleto,Confirmado,Standard,2024-09-18,2024-09-16
ORD004297,2024-06-22,GO,Centro-Oeste,Casa e Decoração,Têxtil,1,1537.15,0.0,42.54,1579.69,Cartão de Crédito,Cancelado,Standard,2024-06-30,
ORD004298,2024-08-07,DF,Centro-Oeste,Eletrônicos,Smartwatches,1,4971.6,0.0,78.2,5049.8,Cartão de Crédito,Confirmado,Same-Day,2024-08-07,2024-08-07
ORD004299,2024-03-07,CE,Nordeste,Casa e Decoração,Decoração,1,1706.28,0.0,50.52,1756.8,Cartão de Crédito,Cancelado,Standard,2024-03-16,
ORD004300,2024-07-10,PA,Norte,Moda,Vestidos,1,396.79,0.0,65.73,462.52,Boleto,Confirmado,Same-Day,2024-07-10,2024-07-13
ORD004301,2024-10-16,PE,Nordeste,Eletrônicos,Smartphones,1,2449.19,0.0,46.95,2496.14,PIX,Confirmado,Standard,2024-10-24,2024-10-22
ORD004302,2024-08-16,SC,Sul,Livros,Não-ficção,1,93.86,0.0,33.04,126.9,Cartão de Crédito,Confirmado,Standard,2024-08-25,2024-08-25
ORD004303,2024-04-17,SC,Sul,Moda,Vestidos,1,498.79,,16.13,514.92,Cartão de Crédito,Confirmado,Standard,2024-05-01,2024-05-02
ORD004304,2024-08-31,PA,Norte,Casa e Decoração,Têxtil,1,1505.9,0.0,40.63,1546.53,Cartão de Crédito,Confirmado,Standard,2024-09-12,2024-09-13
ORD004305,2024-06-23,DF,Centro-Oeste,Casa e Decoração,Utensílios,1,723.37,0.0,77.73,801.1,Cartão de Crédito,Confirmado,Same-Day,2024-06-23,2024-06-23
ORD004306,2024-03-06,SC,Sul,Esportes,Equipamentos,1,740.31,0.0,37.83,778.14,Cartão de Crédito,Confirmado,Standard,2024-03-13,2024-03-25
ORD004307,2024-10-30,DF,Centro-Oeste,Moda,Calças,1,103.89,0.0,68.49,172.38,Cartão de Crédito,Confirmado,Same-Day,2024-10-30,2024-11-03
ORD004308,2024-09-07,DF,Centro-Oeste,Livros,Ficção,1,31.92,0.1,32.48,61.2,Cartão de Crédito,Confirmado,Standard,2024-09-14,2024-09-15
ORD004309,2024-06-09,CE,Nordeste,Eletrônicos,Fones de Ouvido,1,4223.9,0.0,32.68,4256.58,Cartão de Débito,Confirmado,Standard,2024-06-18,2024-06-19
ORD004310,2024-03-16,DF,Centro-Oeste,Casa e Decoração,Móveis,1,512.43,0.0,37.11,549.54,Cartão de Crédito,Confirmado,Scheduled,2024-03-19,2024-03-23
ORD004311,2024-09-27,PE,Nordeste,Livros,HQs,1,66.82,0.05,38.55,102.03,Cartão de Crédito,Cancelado,Standard,2024-10-10,
ORD004312,2024-05-16,RJ,Sudeste,Livros,Infantis,1,104.36,0.05,36.09,135.23,Cartão de Crédito,Confirmado,Standard,2024-05-28,2024-06-03
ORD004313,2024-04-08,PA,Norte,Casa e Decoração,Utensílios,1,1442.82,0.0,43.98,1486.8,Cartão de Crédito,Confirmado,Standard,2024-04-13,2024-04-12
ORD004314,2024-07-05,AM,Norte,Eletrônicos,Fones de Ouvido,1,4653.82,0.0,29.94,4683.76,Cartão de Débito,Cancelado,Standard,2024-07-13,
ORD004315,2024-05-06,RS,Sul,Eletrônicos,Tablets,1,1897.46,0.0,11.34,1908.8,Cartão de Crédito,Confirmado,Standard,2024-05-16,2024-05-17
ORD004316,2024-07-01,AM,Norte,Esportes,Acessórios,1,704.63,0.05,19.84,689.24,PIX,Confirmado,Standard,2024-07-13,2024-07-11
ORD004317,2024-10-14,MG,Sudeste,Casa e Decoração,Decoração,1,158.95,0.0,22.04,180.99,PIX,Cancelado,Standard,2024-10-24,
ORD004318,2024-09-05,SC,Sul,Esportes,Calçados,2,529.82,0.0,24.66,554.48,Boleto,Confirmado,Scheduled,2024-09-11,2024-09-10
ORD004319,2024-04-12,AM,Norte,Moda,Acessórios,1,51.13,0.0,37.57,88.7,Cartão de Crédito,Confirmado,Standard,2024-04-26,2024-04-26
ORD004320,2024-03-02,PR,Sul,Eletrônicos,Notebooks,1,1998.99,0.0,54.17,2053.16,Cartão de Crédito,Confirmado,Same-Day,2024-03-02,2024-03-03
ORD004321,2024-09-25,PA,Norte,Esportes,Suplementos,2,872.67,0.0,50.58,923.25,Cartão de Crédito,Confirmado,Standard,2024-10-01,2024-10-02
ORD004322,2024-05-07,PA,Norte,Livros,Infantis,1,76.95,0.0,40.17,117.12,Cartão de Crédito,Cancelado,Standard,2024-05-20,
ORD004323,2024-01-06,PR,Sul,Casa e Decoração,Utensílios,1,156.98,0.0,17.81,174.79,Boleto,Confirmado,Standard,2024-01-12,2024-01-13
ORD004324,2024-03-14,PR,Sul,Eletrônicos,Smartphones,1,4872.4,0.1,75.11,4460.27,Boleto,Confirmado,Same-Day,2024-03-14,2024-03-14
ORD004325,2024-08-03,RJ,Sudeste,Casa e Decoração,Iluminação,1,1069.39,0.05,38.01,1053.93,Cartão de Crédito,Confirmado,Standard,2024-08-09,2024-08-12
ORD004326,2024-03-16,PE,Nordeste,Livros,HQs,3,442.24,0.05,28.07,448.2,Cartão de Crédito,Confirmado,Standard,2024-03-28,2024-04-01
ORD004327,2024-03-21,DF,Centro-Oeste,Livros,Técnicos,1,21.14,0.15,39.11,57.07,Cartão de Crédito,Confirmado,Standard,2024-03-26,2024-03-27
ORD004328,2024-02-25,MA,Nordeste,Casa e Decoração,Iluminação,1,466.27,0.0,21.18,487.45,Cartão de Débito,Cancelado,Standard,2024-03-09,
ORD004329,2024-05-21,RS,Sul,Esportes,Acessórios,2,1108.77,0.0,17.69,1126.46,PIX,Confirmado,Standard,2024-06-04,2024-06-02
ORD004330,2024-05-25,MG,Sudeste,Esportes,Equipamentos,1,300.48,0.0,12.44,312.92,Cartão de Crédito,Confirmado,Standard,2024-06-07,2024-06-05
ORD004331,2024-06-14,SP,Sudeste,Eletrônicos,Smartphones,1,1603.09,0.05,20.44,1543.38,PIX,Confirmado,Standard,2024-06-26,2024-06-27
ORD004332,2024-06-16,CE,Nordeste,Livros,Técnicos,1,56.07,0.0,40.6,96.67,PIX,Cancelado,Standard,2024-06-29,
ORD004333,2024-03-13,SC,Sul,Livros,HQs,1,129.82,0.0,18.52,148.34,Cartão de Crédito,Confirmado,Standard,2024-03-24,2024-03-28
ORD004334,2024-01-14,GO,Centro-Oeste,Livros,Técnicos,3,172.86,0.0,41.77,214.63,Cartão de Crédito,Confirmado,Standard,2024-01-28,2024-02-05
ORD004335,2024-07-21,MG,Sudeste,Casa e Decoração,Têxtil,2,2357.46,0.0,10.21,2367.67,PIX,Confirmado,Standard,2024-07-29,2024-07-31
ORD004336,2024-01-18,GO,Centro-Oeste,Casa e Decoração,Decoração,1,1896.19,0.0,36.06,1932.25,Cartão de Débito,Cancelado,Standard,2024-01-27,
ORD004337,2024-10-16,PA,Norte,Esportes,Roupas Esportivas,1,576.59,0.0,48.84,625.43,Cartão de Crédito,Confirmado,Standard,2024-10-27,2024-10-27
ORD004338,2024-09-18,SP,Sudeste,Moda,Calçados,1,151.28,0.05,38.41,182.13,Cartão de Crédito,Confirmado,Standard,2024-09-25,2024-09-25
ORD004339,2024-02-02,MA,Nordeste,Eletrônicos,Notebooks,1,4131.09,0.0,23.81,4154.9,Cartão de Crédito,Confirmado,Scheduled,2024-02-08,2024-02-09
ORD004340,2024-03-18,RJ,Sudeste,Esportes,Equipamentos,1,744.34,0.0,16.79,761.13,Cartão de Crédito,Confirmado,Standard,2024-03-27,2024-03-29
ORD004341,2024-04-30,RJ,Sudeste,Casa e Decoração,Decoração,1,1867.43,0.05,36.65,1810.7,Cartão de Débito,Cancelado,Standard,2024-05-09,
ORD004342,2024-06-22,RJ,Sudeste,Livros,Técnicos,1,27.75,0.0,23.89,51.64,Cartão de Crédito,Confirmado,Standard,2024-07-01,2024-07-01
ORD004343,2024-02-05,PE,Nordeste,Livros,HQs,1,112.15,0.0,47.43,159.58,PIX,Confirmado,Standard,2024-02-17,2024-02-28
ORD004344,2024-02-01,CE,Nordeste,Livros,Infantis,2,220.76,0.0,13.97,234.73,PIX,Cancelado,Standard,2024-02-12,
ORD004345,2024-03-20,CE,Nordeste,Eletrônicos,Notebooks,1,2028.96,0.05,47.6,1975.11,PIX,Confirmado,Standard,2024-03-27,2024-04-04
ORD004346,2024-08-17,MG,Sudeste,Eletrônicos,Tablets,1,2074.29,0.0,11.01,2085.3,Cartão de Crédito,Confirmado,Standard,2024-08-28,2024-08-26
ORD004347,2024-04-26,RS,Sul,Eletrônicos,Smartwatches,1,4584.32,0.0,18.99,4603.31,Cartão de Crédito,Confirmado,Standard,2024-05-05,2024-05-04
ORD004348,2024-01-13,SP,Sudeste,Moda,Calçados,1,362.47,0.0,45.92,408.39,Cartão de Débito,Cancelado,Same-Day,2024-01-13,
ORD004349,2024-01-22,SP,Sudeste,Moda,Calças,3,465.79,0.1,38.73,457.94,Cartão de Débito,Confirmado,Scheduled,2024-01-25,2024-01-24
ORD004350,2024-03-19,AM,Norte,Moda,Acessórios,1,468.13,0.05,38.72,483.44,Cartão de Crédito,Confirmado,Scheduled,2024-03-27,2024-03-27
ORD004351,2024-06-12,SC,Sul,Livros,Infantis,1,144.92,0.0,21.46,166.38,Cartão de Crédito,Confirmado,Standard,2024-06-24,2024-06-25
ORD004352,2024-01-10,CE,Nordeste,Casa e Decoração,Iluminação,1,1584.2,0.0,14.9,1599.1,Cartão de Crédito,Confirmado,Standard,2024-01-22,2024-01-30
ORD004353,2024-01-13,GO,Centro-Oeste,Livros,HQs,1,143.77,0.0,32.71,176.48,Cartão de Crédito,Confirmado,Scheduled,2024-01-16,2024-01-20
ORD004354,2024-02-04,SP,Sudeste,Moda,Acessórios,1,165.37,0.0,10.39,175.76,Cartão de Débito,Confirmado,Standard,2024-02-14,2024-02-12
ORD004355,2024-01-19,RS,Sul,Moda,Acessórios,1,347.87,0.0,10.49,358.36,Boleto,Confirmado,Standard,2024-01-29,2024-02-09
ORD004356,2024-09-08,SP,Sudeste,Casa e Decoração,Móveis,1,1679.4,0.0,39.3,1718.7,Cartão de Crédito,Confirmado,Standard,2024-09-18,2024-09-18
ORD004357,2024-10-24,MA,Nordeste,Casa e Decoração,Têxtil,1,410.32,0.0,29.07,439.39,Cartão de Crédito,Confirmado,Standard,2024-11-03,2024-11-06
ORD004358,2024-03-25,BA,Nordeste,Moda,Calças,1,182.48,0.0,24.99,207.47,PIX,Confirmado,Scheduled,2024-04-01,2024-03-30
ORD004359,2024-10-01,SP,Sudeste,Esportes,Suplementos,1,545.36,0.15,28.64,492.2,Cartão de Crédito,Confirmado,Standard,2024-10-15,2024-10-16
ORD004360,2024-05-16,CE,Nordeste,Casa e Decoração,Têxtil,3,1956.84,0.15,54.11,1717.43,Cartão de Crédito,Confirmado,Same-Day,2024-05-16,2024-05-16
ORD004361,2024-07-17,MG,Sudeste,Moda,Acessórios,1,311.49,0.0,11.88,323.37,Boleto,Cancelado,Standard,2024-07-27,
ORD004362,2024-05-11,SC,Sul,Moda,Vestidos,1,169.36,0.05,26.88,187.77,Cartão de Crédito,Confirmado,Standard,2024-05-19,2024-05-19
ORD004363,2024-05-13,BA,Nordeste,Eletrônicos,Tablets,1,2870.28,0.0,39.54,2909.82,Cartão de Crédito,Confirmado,Standard,2024-05-25,2024-05-27
ORD004364,2024-08-19,SP,Sudeste,Livros,HQs,1,101.37,0.0,49.44,150.81,Cartão de Crédito,Confirmado,Same-Day,2024-08-19,2024-08-19
ORD004365,2024-09-19,PA,Norte,Livros,Não-ficção,1,136.16,0.0,49.46,185.62,Cartão de Débito,Confirmado,Same-Day,2024-09-19,2024-09-19
ORD004366,2024-04-04,RJ,Sudeste,Eletrônicos,Fones de Ouvido,1,3857.15,0.05,31.87,3696.16,Cartão de Crédito,Confirmado,Standard,2024-04-14,2024-04-12
ORD004367,2024-02-24,ES,Sudeste,Moda,Calças,1,195.23,0.0,38.53,233.76,PIX,Confirmado,Standard,2024-03-09,2024-03-07
ORD004368,2024-10-18,ES,Sudeste,Casa e Decoração,Utensílios,1,1012.87,0.05,35.43,997.65,Cartão de Crédito,Confirmado,Standard,2024-10-23,2024-10-24
ORD004369,2024-10-30,AM,Norte,Casa e Decoração,Decoração,1,830.77,0.05,97.25,886.48,Cartão de Crédito,Confirmado,Same-Day,2024-10-30,2024-11-02
ORD004370,2024-08-25,SP,Sudeste,Moda,Acessórios,1,72.75,0.0,42.81,115.56,Boleto,Confirmado,Scheduled,2024-08-28,2024-08-29
ORD004371,2024-05-09,RS,Sul,Esportes,Roupas Esportivas,1,107.09,0.0,73.28,180.37,Cartão de Crédito,Confirmado,Same-Day,2024-05-09,2024-05-09
ORD004372,2024-06-07,SP,Sudeste,Moda,Calças,2,970.61,0.1,18.93,892.48,PIX,Confirmado,Standard,2024-06-18,2024-06-17
ORD004373,2024-06-19,RS,Sul,Livros,Infantis,1,63.86,0.0,11.11,74.97,Cartão de Débito,Confirmado,Standard,2024-06-28,2024-06-28
ORD004374,2024-06-16,PE,Nordeste,Livros,HQs,1,95.86,0.05,53.04,144.1,Cartão de Crédito,Cancelado,Scheduled,2024-06-19,
ORD004375,2024-03-25,MA,Nordeste,Livros,Infantis,1,112.52,0.0,96.06,208.58,PIX,Confirmado,Same-Day,2024-03-25,2024-03-25
ORD004376,2024-10-14,DF,Centro-Oeste,Casa e Decoração,Utensílios,1,839.4,0.0,41.58,880.98,PIX,Cancelado,Standard,2024-10-20,
ORD004377,2024-02-09,DF,Centro-Oeste,Eletrônicos,Smartphones,1,1138.27,0.05,80.43,1161.78,Boleto,Confirmado,Same-Day,2024-02-09,2024-02-11
ORD004378,2024-01-16,DF,Centro-Oeste,Eletrônicos,Smartphones,1,2237.5,0.0,13.53,2251.03,PIX,Cancelado,Standard,2024-01-24,
ORD004379,2024-05-20,MA,Nordeste,Eletrônicos,Tablets,1,1837.69,0.0,26.42,1864.11,Boleto,Confirmado,Standard,2024-05-30,2024-06-04
ORD004380,2024-08-15,BA,Nordeste,Esportes,Equipamentos,1,655.42,0.0,41.98,697.4,PIX,Confirmado,Standard,2024-08-26,2024-08-24
ORD004381,2024-02-19,SP,Sudeste,Casa e Decoração,Utensílios,2,2857.32,0.0,75.49,2932.81,Boleto,Confirmado,Same-Day,2024-02-19,2024-02-20
ORD004382,2024-04-07,BA,Nordeste,Casa e Decoração,Móveis,1,981.93,0.0,49.66,1031.59,Boleto,Confirmado,Standard,2024-04-16,2024-04-17
ORD004383,2024-05-23,BA,Nordeste,Eletrônicos,Tablets,1,3685.07,0.0,27.04,3712.11,Cartão de Débito,Confirmado,Standard,2024-05-30,2024-05-31
ORD004384,2024-01-18,MA,Nordeste,Eletrônicos,Tablets,1,1086.27,0.0,46.94,1133.21,Boleto,Confirmado,Standard,2024-01-23,2024-01-21
ORD004385,2024-03-13,PR,Sul,Livros,Não-ficção,1,52.25,0.0,13.73,65.98,Cartão de Crédito,Confirmado,Standard,2024-03-21,2024-03-20
ORD004386,2024-03-02,MA,Nordeste,Eletrônicos,Fones de Ouvido,1,3269.39,0.0,31.42,3300.81,Cartão de Débito,Confirmado,Standard,2024-03-15,2024-03-14
ORD004387,2024-03-30,SP,Sudeste,Eletrônicos,Smartphones,2,7373.25,0.0,54.73,7427.98,PIX,Confirmado,Same-Day,2024-03-30,2024-03-30
ORD004388,2024-04-30,PE,Nordeste,Esportes,Calçados,2,694.64,0.1,34.16,659.33,PIX,Confirmado,Standard,2024-05-12,2024-05-12
ORD004389,2024-05-19,PR,Sul,Eletrônicos,Smartwatches,1,3404.56,0.0,17.92,3422.48,Cartão de Crédito,Confirmado,Standard,2024-05-24,2024-05-25
ORD004390,2024-09-02,RJ,Sudeste,Moda,Calças,1,70.08,0.0,42.29,112.37,PIX,Confirmado,Scheduled,2024-09-10,2024-09-11
ORD004391,2024-02-03,BA,Nordeste,Livros,Ficção,1,96.15,0.0,30.82,126.97,Cartão de Crédito,Confirmado,Standard,2024-02-13,2024-02-11
ORD004392,2024-01-20,PE,Nordeste,Livros,Infantis,1,121.06,0.0,19.16,140.22,Cartão de Débito,Confirmado,Standard,2024-01-29,2024-01-30
ORD004393,2024-07-30,MG,Sudeste,Eletrônicos,Smartwatches,2,6448.86,0.0,35.94,6484.8,Boleto,Confirmado,Standard,2024-08-04,2024-08-07
ORD004394,2024-01-23,GO,Centro-Oeste,Eletrônicos,Tablets,1,1985.66,0.0,24.11,2009.77,Boleto,Confirmado,Standard,2024-02-06,2024-02-10
ORD004395,2024-05-24,ES,Sudeste,Livros,Não-ficção,1,35.02,0.0,30.01,65.03,Cartão de Crédito,Confirmado,Standard,2024-06-03,2024-06-03
ORD004396,2024-05-16,SP,Sudeste,Casa e Decoração,Utensílios,2,3576.29,0.1,64.41,3283.07,Cartão de Débito,Confirmado,Same-Day,2024-05-16,2024-05-23
ORD004397,2024-04-30,ES,Sudeste,Livros,Ficção,1,98.9,0.0,20.37,119.27,Cartão de Débito,Confirmado,Standard,2024-05-10,2024-05-10
ORD004398,2024-01-23,AM,Norte,Esportes,Acessórios,1,596.1,0.0,26.7,622.8,Cartão de Crédito,Confirmado,Scheduled,2024-01-28,2024-01-30
ORD004399,2024-10-13,ES,Sudeste,Livros,Não-ficção,1,74.48,0.05,20.82,91.58,Cartão de Crédito,Confirmado,Standard,2024-10-22,2024-10-23
ORD004400,2024-01-25,PR,Sul,Casa e Decoração,Móveis,3,3263.23,0.0,21.5,3284.73,Cartão de Débito,Confirmado,Standard,2024-02-04,2024-02-04
ORD004401,2024-07-07,PE,Nordeste,Livros,HQs,1,92.73,0.0,36.93,129.66,Cartão de Crédito,Cancelado,Scheduled,2024-07-13,
ORD004402,2024-03-24,SC,Sul,Casa e Decoração,Têxtil,1,1926.52,0.0,21.8,1948.32,PIX,Confirmado,Standard,2024-04-02,2024-04-07
ORD004403,2024-10-03,MG,Sudeste,Casa e Decoração,Decoração,1,1609.23,0.0,11.79,1621.02,Cartão de Débito,Cancelado,Standard,2024-10-08,
ORD004404,2024-07-27,MG,Sudeste,Esportes,Acessórios,2,549.75,0.0,31.13,580.88,Cartão de Crédito,Confirmado,Standard,2024-08-02,2024-08-08
ORD004405,2024-07-09,PE,Nordeste,Casa e Decoração,Decoração,2,3611.01,0.0,36.67,3647.68,Cartão de Crédito,Confirmado,Scheduled,2024-07-13,2024-07-13
ORD004406,2024-03-16,AM,Norte,Livros,HQs,1,99.11,0.1,42.37,131.57,Boleto,Confirmado,Scheduled,2024-03-25,2024-03-24
ORD004407,2024-07-27,SC,Sul,Livros,Ficção,1,117.11,0.0,60.68,177.79,Cartão de Crédito,Confirmado,Same-Day,2024-07-27,2024-07-28
ORD004408,2024-05-09,MA,Nordeste,Moda,Vestidos,1,269.31,0.0,82.27,351.58,Boleto,Confirmado,Same-Day,2024-05-09,2024-05-09
ORD004409,2024-07-02,GO,Centro-Oeste,Livros,Infantis,2,140.16,0.0,35.23,175.39,Cartão de Crédito,Confirmado,Standard,2024-07-08,2024-07-07
ORD004410,2024-10-03,AM,Norte,Moda,Camisetas,1,380.33,0.0,30.87,411.2,PIX,Confirmado,Standard,2024-10-14,2024-10-13
ORD004411,2024-06-24,CE,Nordeste,Moda,Acessórios,3,1410.86,0.0,32.15,1443.01,Cartão de Crédito,Confirmado,Standard,2024-07-04,2024-07-05
ORD004412,2024-06-23,CE,Nordeste,Moda,Acessórios,3,258.58,0.0,48.76,307.34,Cartão de Crédito,Cancelado,Standard,2024-06-28,
ORD004413,2024-03-12,AM,Norte,Moda,Calçados,3,900.71,0.0,18.17,918.88,PIX,Confirmado,Standard,2024-03-24,2024-03-22
ORD004414,2024-02-11,AM,Norte,Livros,Ficção,1,87.16,0.0,40.62,127.78,Cartão de Crédito,Confirmado,Standard,2024-02-23,2024-02-24
ORD004415,2024-09-13,CE,Nordeste,Eletrônicos,Smartwatches,1,2051.15,0.1,82.64,1928.68,PIX,Confirmado,Same-Day,2024-09-13,2024-09-13
ORD004416,2024-02-23,DF,Centro-Oeste,Eletrônicos,Tablets,1,3654.0,0.0,15.01,3669.01,PIX,Confirmado,Standard,2024-03-08,2024-03-06
ORD004417,2024-10-08,GO,Centro-Oeste,Moda,Calças,1,73.34,0.0,32.7,106.04,Cartão de Crédito,Confirmado,Scheduled,2024-10-11,2024-10-22
ORD004418,2024-06-20,PE,Nordeste,Eletrônicos,Tablets,3,3786.33,0.0,69.1,3855.43,PIX,Confirmado,Same-Day,2024-06-20,2024-07-02
ORD004419,2024-07-10,CE,Nordeste,Livros,HQs,1,111.27,0.0,50.71,161.98,PIX,Confirmado,Standard,2024-07-18,2024-07-19
ORD004420,2024-07-20,RS,Sul,Esportes,Suplementos,2,1012.96,0.15,59.95,920.97,Cartão de Crédito,Confirmado,Same-Day,2024-07-20,2024-07-20
ORD004421,2024-07-27,ES,Sudeste,Eletrônicos,Notebooks,1,2850.75,0.0,16.37,2867.12,PIX,Confirmado,Standard,2024-08-10,2024-08-13
ORD004422,2024-08-20,MG,Sudeste,Moda,Camisetas,1,328.3,0.0,22.64,350.94,PIX,Confirmado,Standard,2024-08-30,2024-08-29
ORD004423,2024-09-15,PA,Norte,Eletrônicos,Fones de Ouvido,2,4134.88,0.0,27.62,4162.5,Boleto,Cancelado,Standard,2024-09-27,
ORD004424,2024-03-14,MA,Nordeste,Eletrônicos,Tablets,1,4572.38,0.0,36.46,4608.84,Cartão de Crédito,Confirmado,Standard,2024-03-23,2024-03-24
ORD004425,2024-05-03,PA,Norte,Livros,Técnicos,1,26.55,0.0,46.48,73.03,Cartão de Crédito,Confirmado,Standard,2024-05-16,2024-05-15
ORD004426,2024-04-17,CE,Nordeste,Eletrônicos,Notebooks,1,3315.87,0.05,16.37,3166.44,Boleto,Confirmado,Standard,2024-04-28,2024-04-28
ORD004427,2024-01-13,SP,Sudeste,Eletrônicos,Tablets,1,1403.16,0.0,31.37,1434.53,PIX,Confirmado,Standard,2024-01-24,2024-01-25
ORD004428,2024-03-02,RS,Sul,Moda,Camisetas,1,493.47,0.0,24.57,518.04,Cartão de Crédito,Confirmado,Standard,2024-03-09,2024-03-18
ORD004429,2024-02-04,PR,Sul,Livros,Ficção,1,52.51,0.0,30.89,83.4,Cartão de Crédito,Confirmado,Standard,2024-02-10,2024-02-10
ORD004430,2024-08-04,SC,Sul,Livros,Ficção,1,121.7,0.0,42.53,164.23,PIX,Confirmado,Scheduled,2024-08-07,2024-08-14
ORD004431,2024-06-02,SC,Sul,Livros,Técnicos,2,103.45,0.1,35.7,128.8,PIX,Confirmado,Same-Day,2024-06-02,2024-06-02
ORD004432,2024-04-16,PR,Sul,Livros,HQs,2,111.42,0.0,29.55,140.97,Cartão de Crédito,Confirmado,Standard,2024-04-28,2024-04-28
ORD004433,2024-10-28,MA,Nordeste,Livros,HQs,1,69.44,0.0,68.79,138.23,PIX,Confirmado,Same-Day,2024-10-28,2024-10-29
ORD004434,2024-10-30,SP,Sudeste,Livros,Ficção,1,53.95,0.1,43.58,92.13,Cartão de Crédito,Confirmado,Scheduled,2024-11-03,2024-11-01
ORD004435,2024-09-12,SC,Sul,Casa e Decoração,Móveis,1,1884.97,0.0,49.24,1934.21,PIX,Confirmado,Scheduled,2024-09-15,2024-09-14
ORD004436,2024-05-10,ES,Sudeste,Livros,Infantis,1,53.12,0.1,26.96,74.77,Boleto,Confirmado,Standard,2024-05-16,2024-05-14
ORD004437,2024-10-02,PA,Norte,Eletrônicos,Fones de Ouvido,1,3085.31,0.0,23.12,3108.43,Cartão de Crédito,Confirmado,Standard,2024-10-12,2024-10-12
ORD004438,2024-10-27,DF,Centro-Oeste,Casa e Decoração,Iluminação,2,3307.53,0.1,11.66,2988.44,Cartão de Crédito,Confirmado,Standard,2024-11-04,2024-11-14
ORD004439,2024-01-14,BA,Nordeste,Eletrônicos,Fones de Ouvido,1,976.65,0.15,60.67,890.82,Cartão de Crédito,Confirmado,Same-Day,2024-01-14,2024-01-14
ORD004440,2024-02-14,PE,Nordeste,Casa e Decoração,Têxtil,1,1575.61,0.0,17.46,1593.07,Cartão de Crédito,Confirmado,Standard,2024-02-28,2024-03-02
ORD004441,2024-02-17,RJ,Sudeste,Moda,Camisetas,1,404.5,0.0,10.24,414.74,Cartão de Crédito,Confirmado,Standard,2024-02-24,2024-02-25
ORD004442,2024-08-20,BA,Nordeste,Casa e Decoração,Utensílios,1,771.52,0.15,23.35,679.14,PIX,Confirmado,Scheduled,2024-08-26,2024-08-24
ORD004443,2024-08-28,SP,Sudeste,Casa e Decoração,Decoração,2,702.64,0.1,36.1,668.48,PIX,Confirmado,Standard,2024-09-04,2024-09-02
ORD004444,2024-10-09,PA,Norte,Livros,Não-ficção,3,361.84,0.0,42.1,403.94,Cartão de Crédito,Confirmado,Standard,2024-10-19,2024-10-20
ORD004445,2024-07-29,RJ,Sudeste,Eletrônicos,Notebooks,1,4327.22,0.0,34.37,4361.59,Boleto,Confirmado,Same-Day,2024-07-29,2024-07-29
ORD004446,2024-10-30,AM,Norte,Eletrônicos,Smartwatches,1,2887.0,0.1,61.52,2659.82,PIX,Confirmado,Scheduled,2024-11-06,2024-11-15
ORD004447,2024-08-15,RJ,Sudeste,Esportes,Equipamentos,1,337.46,0.0,78.4,415.86,Cartão de Crédito,Confirmado,Same-Day,2024-08-15,2024-08-15
ORD004448,2024-08-25,PR,Sul,Esportes,Acessórios,1,283.33,0.0,36.86,320.19,Cartão de Débito,Confirmado,Standard,2024-08-31,2024-08-29
ORD004449,2024-10-01,GO,Centro-Oeste,Eletrônicos,Tablets,1,2866.79,0.0,14.88,2881.67,Cartão de Crédito,Confirmado,Standard,2024-10-10,2024-10-11
ORD004450,2024-10-26,RJ,Sudeste,Esportes,Acessórios,1,110.46,0.0,35.14,145.6,Boleto,Confirmado,Standard,2024-11-04,2024-11-03
ORD004451,2024-03-30,MA,Nordeste,Livros,Técnicos,1,90.35,0.1,51.97,133.29,Cartão de Crédito,Confirmado,Standard,2024-04-09,2024-04-10
ORD004452,2024-03-24,SP,Sudeste,Casa e Decoração,Têxtil,1,431.42,0.0,28.68,460.1,PIX,Confirmado,Standard,2024-04-02,2024-04-02
ORD004453,2024-06-18,BA,Nordeste,Eletrônicos,Notebooks,1,4853.28,0.05,96.78,4707.39,Cartão de Crédito,Confirmado,Same-Day,2024-06-18,2024-06-19
ORD004454,2024-02-09,RS,Sul,Livros,Infantis,2,255.74,0.0,25.06,280.8,PIX,Confirmado,Standard,2024-02-22,2024-02-23
ORD004455,2024-05-07,SP,Sudeste,Livros,Não-ficção,1,143.4,0.0,45.01,188.41,Boleto,Confirmado,Same-Day,2024-05-07,2024-05-13
ORD004456,2024-07-11,SP,Sudeste,Casa e Decoração,Utensílios,1,1129.22,0.0,20.72,1149.94,PIX,Confirmado,Standard,2024-07-25,2024-07-23
ORD004457,2024-04-24,SC,Sul,Esportes,Acessórios,1,383.9,0.0,26.51,410.41,Cartão de Crédito,Confirmado,Standard,2024-05-02,2024-05-02
ORD004458,2024-04-27,ES,Sudeste,Livros,Ficção,2,253.97,0.0,46.21,300.18,Cartão de Crédito,Cancelado,Scheduled,2024-05-04,
ORD004459,2024-02-21,MG,Sudeste,Moda,Calças,1,116.22,0.0,22.45,138.67,PIX,Confirmado,Standard,2024-02-26,2024-02-26
ORD004460,2024-10-15,SP,Sudeste,Livros,Infantis,1,111.62,0.0,25.91,137.53,Cartão de Crédito,Confirmado,Standard,2024-10-21,2024-10-21
ORD004461,2024-07-06,PA,Norte,Livros,Ficção,1,140.04,0.0,15.66,155.7,PIX,Confirmado,Standard,2024-07-13,2024-07-14
ORD004462,2024-09-25,MA,Nordeste,Casa e Decoração,Têxtil,1,1840.33,0.15,47.56,1611.84,Cartão de Crédito,Confirmado,Standard,2024-10-04,2024-10-05
ORD004463,2024-02-24,BA,Nordeste,Livros,Ficção,2,214.53,0.0,21.34,235.87,Cartão de Crédito,Confirmado,Standard,2024-03-06,2024-03-05
ORD004464,2024-05-22,BA,Nordeste,Esportes,Acessórios,1,171.97,0.15,29.87,176.04,Cartão de Crédito,Confirmado,Scheduled,2024-05-28,2024-05-29
ORD004465,2024-02-04,RJ,Sudeste,Eletrônicos,Tablets,1,4519.17,0.05,34.53,4327.74,Boleto,Cancelado,Standard,2024-02-16,
ORD004466,2024-07-02,PE,Nordeste,Livros,HQs,1,147.31,0.0,85.08,232.39,Boleto,Cancelado,Same-Day,2024-07-02,
ORD004467,2024-05-04,MA,Nordeste,Moda,Camisetas,1,460.21,0.0,28.94,489.15,Cartão de Crédito,Confirmado,Standard,2024-05-12,2024-05-13
ORD004468,2024-01-13,MG,Sudeste,Eletrônicos,Smartwatches,1,2789.8,0.1,18.32,2529.14,PIX,Cancelado,Standard,2024-01-20,
ORD004469,2024-04-05,GO,Centro-Oeste,Moda,Calçados,1,162.71,0.0,41.19,203.9,Cartão de Crédito,Confirmado,Standard,2024-04-11,2024-04-12
ORD004470,2024-10-06,SC,Sul,Esportes,Suplementos,1,203.32,0.0,19.12,222.44,Boleto,Confirmado,Standard,2024-10-15,2024-10-13
ORD004471,2024-09-01,RJ,Sudeste,Moda,Acessórios,1,463.69,0.0,34.23,497.92,Boleto,Confirmado,Standard,2024-09-11,2024-09-15
ORD004472,2024-07-30,RJ,Sudeste,Esportes,Roupas Esportivas,3,676.25,0.15,25.46,600.28,PIX,Confirmado,Standard,2024-08-07,2024-08-21
ORD004473,2024-04-28,RS,Sul,Moda,Vestidos,3,487.7,0.05,37.0,500.32,Cartão de Débito,Confirmado,Standard,2024-05-11,2024-05-09
ORD004474,2024-03-09,ES,Sudeste,Livros,Ficção,1,50.96,0.0,18.07,69.03,Cartão de Crédito,Confirmado,Standard,2024-03-15,2024-03-16
ORD004475,2024-07-09,SP,Sudeste,Esportes,Roupas Esportivas,2,1177.39,0.0,23.84,1201.23,Cartão de Crédito,Confirmado,Standard,2024-07-16,2024-07-14
ORD004476,2024-02-27,CE,Nordeste,Casa e Decoração,Têxtil,1,257.4,0.15,44.78,263.57,Cartão de Crédito,Confirmado,Scheduled,2024-03-02,2024-03-16
ORD004477,2024-09-28,SP,Sudeste,Casa e Decoração,Utensílios,2,1386.19,0.05,35.04,1351.92,Cartão de Crédito,Confirmado,Standard,2024-10-12,2024-10-11
ORD004478,2024-06-12,MA,Nordeste,Moda,Calçados,1,154.18,0.05,46.55,193.02,Cartão de Crédito,Confirmado,Same-Day,2024-06-12,2024-06-12
ORD004479,2024-04-19,RS,Sul,Livros,Infantis,1,129.68,0.05,29.81,153.01,Cartão de Crédito,Confirmado,Standard,2024-05-01,2024-05-02
ORD004480,2024-09-02,RS,Sul,Eletrônicos,Notebooks,1,1072.01,0.0,37.33,1109.34,PIX,Confirmado,Standard,2024-09-16,2024-09-20
ORD004481,2024-07-17,CE,Nordeste,Esportes,Roupas Esportivas,1,169.55,0.0,43.56,213.11,Cartão de Crédito,Confirmado,Same-Day,2024-07-17,2024-07-17
ORD004482,2024-03-15,GO,Centro-Oeste,Moda,Acessórios,1,449.22,0.0,45.92,495.14,Cartão de Crédito,Confirmado,Scheduled,2024-03-19,2024-03-17
ORD004483,2024-03-15,AM,Norte,Eletrônicos,Fones de Ouvido,1,898.93,0.05,18.1,872.08,Cartão de Crédito,Confirmado,Standard,2024-03-23,2024-03-21
ORD004484,2024-09-19,RJ,Sudeste,Esportes,Equipamentos,2,623.62,0.0,38.46,662.08,Cartão de Débito,Confirmado,Standard,2024-10-01,2024-10-02
ORD004485,2024-05-06,GO,Centro-Oeste,Livros,Técnicos,1,59.95,0.0,25.51,85.46,PIX,Confirmado,Standard,2024-05-16,2024-05-15
ORD004486,2024-04-25,AM,Norte,Casa e Decoração,Iluminação,1,823.74,0.1,32.78,774.15,Boleto,Confirmado,Standard,2024-05-03,2024-05-04
ORD004487,2024-01-31,PA,Norte,Livros,Ficção,1,51.64,0.15,17.21,61.1,Boleto,Confirmado,Standard,2024-02-09,2024-02-08
ORD004488,2024-06-13,PA,Norte,Livros,Ficção,1,135.15,0.1,44.58,166.22,Cartão de Débito,Confirmado,Scheduled,2024-06-19,2024-06-18
ORD004489,2024-04-08,GO,Centro-Oeste,Casa e Decoração,Iluminação,1,349.28,0.0,37.59,386.87,Cartão de Crédito,Confirmado,Same-Day,2024-04-08,2024-04-08
ORD004490,2024-08-18,DF,Centro-Oeste,Moda,Calças,1,452.04,0.0,21.05,473.09,Cartão de Débito,Cancelado,Standard,2024-09-01,
ORD004491,2024-09-02,DF,Centro-Oeste,Esportes,Acessórios,1,735.23,0.0,28.35,763.58,PIX,Confirmado,Standard,2024-09-07,2024-09-08
ORD004492,2024-03-21,RS,Sul,Esportes,Calçados,1,529.01,0.05,20.6,523.16,PIX,Confirmado,Standard,2024-03-29,2024-03-27
ORD004493,2024-05-27,PE,Nordeste,Eletrônicos,Fones de Ouvido,2,4314.26,0.0,36.9,4351.16,Cartão de Crédito,Confirmado,Standard,2024-06-10,2024-06-08
ORD004494,2024-01-16,BA,Nordeste,Eletrônicos,Smartwatches,2,7628.99,0.1,38.78,69048.7,Cartão de Crédito,Confirmado,Standard,2024-01-24,2024-01-27
ORD004495,2024-02-13,ES,Sudeste,Moda,Camisetas,2,986.7,0.05,33.11,970.48,Cartão de Débito,Confirmado,Standard,2024-02-20,2024-02-21
ORD004496,2024-07-08,PR,Sul,Livros,Técnicos,2,232.37,0.05,18.22,238.97,PIX,Cancelado,Standard,2024-07-14,
ORD004497,2024-08-25,GO,Centro-Oeste,Casa e Decoração,Decoração,1,1015.26,0.0,55.16,1070.42,Cartão de Crédito,Confirmado,Same-Day,2024-08-25,2024-08-25
ORD004498,2024-10-01,DF,Centro-Oeste,Casa e Decoração,Decoração,1,1738.67,0.0,32.4,1771.07,Cartão de Crédito,Confirmado,Standard,2024-10-12,2024-10-16
ORD004499,2024-08-28,CE,Nordeste,Livros,Infantis,1,108.39,0.1,35.34,132.89,Boleto,Confirmado,Standard,2024-09-04,2024-09-11
ORD004500,2024-10-28,ES,Sudeste,Esportes,Calçados,1,361.43,0.05,38.96,382.31,Boleto,Confirmado,Standard,2024-11-06,2024-11-06
ORD004501,2024-10-20,MG,Sudeste,Livros,Técnicos,1,119.38,0.0,32.19,151.57,Cartão de Crédito,Confirmado,Standard,2024-10-31,2024-10-31
ORD004502,2024-02-16,ES,Sudeste,Livros,Técnicos,1,113.94,0.0,36.25,150.19,PIX,Cancelado,Standard,2024-02-28,
ORD004503,2024-09-29,CE,Nordeste,Esportes,Roupas Esportivas,1,627.01,0.0,32.45,659.46,Cartão de Crédito,Confirmado,Standard,2024-10-06,2024-10-04
ORD004504,2024-05-08,GO,Centro-Oeste,Casa e Decoração,Decoração,1,273.68,0.15,19.33,251.96,Cartão de Débito,Cancelado,Standard,2024-05-17,
ORD004505,2024-05-27,DF,Centro-Oeste,Esportes,Equipamentos,1,101.36,0.1,12.7,103.92,Boleto,Cancelado,Standard,2024-06-04,
ORD004506,2024-06-09,MA,Nordeste,Casa e Decoração,Utensílios,1,1810.98,0.0,60.01,1870.99,Cartão de Débito,Confirmado,Same-Day,2024-06-09,2024-06-10
ORD004507,2024-10-16,RS,Sul,Casa e Decoração,Decoração,1,779.6,0.1,33.52,735.16,Cartão de Crédito,Confirmado,Standard,2024-10-30,2024-10-28
ORD004508,2024-04-08,AM,Norte,Casa e Decoração,Têxtil,1,1801.77,0.0,78.35,1880.12,PIX,Confirmado,Same-Day,2024-04-08,2024-04-11
ORD004509,2024-07-29,PR,Sul,Casa e Decoração,Têxtil,3,2556.95,0.0,17.5,2574.45,Cartão de Crédito,Confirmado,Standard,2024-08-07,2024-08-06
ORD004510,2024-08-05,GO,Centro-Oeste,Moda,Acessórios,1,447.8,0.0,16.11,463.91,PIX,Confirmado,Standard,2024-08-12,2024-08-10
ORD004511,2024-03-12,PA,Norte,Casa e Decoração,Utensílios,1,1683.73,0.0,50.96,1734.69,Cartão de Débito,Confirmado,Standard,2024-03-23,2024-03-24
ORD004512,2024-07-04,ES,Sudeste,Esportes,Calçados,1,388.2,0.0,13.08,401.28,PIX,Confirmado,Standard,2024-07-16,2024-07-18
ORD004513,2024-06-13,RS,Sul,Livros,HQs,3,246.78,0.0,17.3,264.08,Cartão de Crédito,Confirmado,Standard,2024-06-19,2024-06-19
ORD004514,2024-09-23,MG,Sudeste,Eletrônicos,Tablets,1,2999.25,0.0,62.67,3061.92,PIX,Cancelado,Same-Day,2024-09-23,
ORD004515,2024-05-06,RS,Sul,Esportes,Suplementos,1,501.75,0.0,25.9,527.65,Boleto,Confirmado,Standard,2024-05-16,2024-05-16
ORD004516,2024-04-03,MA,Nordeste,Livros,Técnicos,1,130.17,0.0,24.39,154.56,Boleto,Cancelado,Standard,2024-04-17,
ORD004517,2024-05-05,BA,Nordeste,Livros,Técnicos,1,52.45,0.0,31.64,84.09,Cartão de Crédito,Confirmado,Standard,2024-05-19,2024-05-30
ORD004518,2024-10-17,PE,Nordeste,Esportes,Suplementos,1,271.08,0.0,13.51,284.59,Cartão de Crédito,Confirmado,Standard,2024-10-27,2024-10-26
ORD004519,2024-03-15,PR,Sul,Esportes,Roupas Esportivas,1,409.01,0.0,33.25,442.26,Cartão de Crédito,Confirmado,Standard,2024-03-29,2024-03-29
ORD004520,2024-05-09,RJ,Sudeste,Livros,HQs,1,107.67,0.0,27.27,134.94,Cartão de Débito,Confirmado,Scheduled,2024-05-17,2024-05-17
ORD004521,2024-07-20,SP,Sudeste,Eletrônicos,Notebooks,1,4094.94,0.0,53.01,4147.95,PIX,Confirmado,Same-Day,2024-07-20,2024-07-29
ORD004522,2024-05-10,MA,Nordeste,Livros,Infantis,2,116.81,0.0,18.03,134.84,Cartão de Débito,Confirmado,Standard,2024-05-22,2024-06-03
ORD004523,2024-10-08,DF,Centro-Oeste,Casa e Decoração,Têxtil,1,1156.18,0.0,20.78,1176.96,Cartão de Crédito,Confirmado,Standard,2024-10-19,2024-10-18
ORD004524,2024-10-17,BA,Nordeste,Moda,Vestidos,1,392.96,0.0,16.98,409.94,Cartão de Crédito,Confirmado,Standard,2024-10-27,2024-10-29
ORD004525,2024-01-27,BA,Nordeste,Livros,HQs,1,98.47,0.0,75.69,174.16,PIX,Confirmado,Same-Day,2024-01-27,2024-01-31
ORD004526,2024-02-25,PE,Nordeste,Livros,Infantis,3,93.83,0.0,19.36,113.19,Cartão de Crédito,Confirmado,Standard,2024-03-01,2024-02-29
ORD004527,2024-06-09,RJ,Sudeste,Moda,Calças,1,73.63,0.0,29.16,102.79,PIX,Confirmado,Standard,2024-06-16,2024-06-15
ORD004528,2024-03-03,SC,Sul,Eletrônicos,Smartphones,1,4579.28,0.0,34.35,4613.63,Cartão de Débito,Cancelado,Scheduled,2024-03-11,
ORD004529,2024-02-05,PR,Sul,Eletrônicos,Smartwatches,1,1096.78,0.0,34.75,1131.53,Cartão de Crédito,Confirmado,Standard,2024-02-19,2024-02-19
ORD004530,2024-10-01,PR,Sul,Moda,Camisetas,1,338.83,0.0,32.87,371.7,Cartão de Crédito,Confirmado,Same-Day,2024-10-01,2024-10-01
ORD004531,2024-08-04,RS,Sul,Eletrônicos,Smartwatches,1,4044.86,0.15,34.63,3472.76,Boleto,Confirmado,Standard,2024-08-12,2024-08-24
ORD004532,2024-01-31,SP,Sudeste,Eletrônicos,Tablets,1,3149.54,0.0,16.4,3165.94,Cartão de Crédito,Confirmado,Standard,2024-02-06,2024-02-07
ORD004533,2024-05-21,PR,Sul,Livros,Não-ficção,1,86.44,0.0,17.42,103.86,Cartão de Crédito,Confirmado,Standard,2024-05-27,2024-05-26
ORD004534,2024-04-28,RS,Sul,Esportes,Calçados,2,1262.36,0.0,33.21,1295.57,PIX,Confirmado,Standard,2024-05-04,2024-05-04
ORD004535,2024-10-19,PA,Norte,Casa e Decoração,Têxtil,2,3428.21,0.0,21.67,3449.88,Cartão de Crédito,Confirmado,Scheduled,2024-10-22,2024-10-22
ORD004536,2024-06-30,AM,Norte,Moda,Calças,1,390.74,0.0,47.0,437.74,Cartão de Crédito,Confirmado,Same-Day,2024-06-30,2024-06-30
ORD004537,2024-01-12,CE,Nordeste,Esportes,Suplementos,1,123.09,0.0,34.26,157.35,Boleto,Confirmado,Standard,2024-01-21,2024-01-22
ORD004538,2024-04-22,MG,Sudeste,Livros,Não-ficção,1,141.68,0.0,64.05,205.73,PIX,Confirmado,Same-Day,2024-04-22,2024-05-05
ORD004539,2024-10-04,DF,Centro-Oeste,Eletrônicos,Notebooks,1,3910.87,0.0,15.98,3926.85,Cartão de Crédito,Confirmado,Standard,2024-10-12,2024-10-10
ORD004540,2024-02-16,DF,Centro-Oeste,Esportes,Suplementos,2,201.07,0.0,35.83,236.9,Cartão de Crédito,Confirmado,Standard,2024-02-24,2024-02-23
ORD004541,2024-09-05,RJ,Sudeste,Eletrônicos,Notebooks,1,920.27,0.0,10.06,930.33,PIX,Confirmado,Standard,2024-09-17,2024-09-20
ORD004542,2024-07-27,RS,Sul,Moda,Calçados,1,209.66,0.05,13.48,212.66,Cartão de Débito,Confirmado,Standard,2024-08-03,2024-08-03
ORD004543,2024-03-25,MA,Nordeste,Moda,Calças,1,420.19,0.0,36.23,456.42,Boleto,Confirmado,Standard,2024-04-07,2024-04-21
ORD004544,2024-05-23,RJ,Sudeste,Eletrônicos,Notebooks,1,1354.26,0.0,27.69,1381.95,Cartão de Crédito,Confirmado,Standard,2024-05-31,2024-05-29
ORD004545,2024-06-06,BA,Nordeste,Esportes,Calçados,1,284.2,0.0,28.04,312.24,Cartão de Crédito,Confirmado,Scheduled,2024-06-11,2024-06-11
ORD004546,2024-07-16,PE,Nordeste,Moda,Calças,1,119.42,0.1,50.18,157.66,Cartão de Crédito,Confirmado,Standard,2024-07-27,2024-07-28
ORD004547,2024-02-21,AM,Norte,Eletrônicos,Fones de Ouvido,1,4528.18,0.1,19.06,4094.43,PIX,Confirmado,Standard,2024-03-02,2024-03-02
ORD004548,2024-08-15,PE,Nordeste,Moda,Calçados,1,363.66,0.0,21.6,385.26,Cartão de Crédito,Confirmado,Standard,2024-08-24,2024-09-07
ORD004549,2024-07-13,SP,Sudeste,Esportes,Suplementos,3,496.92,0.0,29.37,526.29,PIX,Cancelado,Standard,2024-07-23,
ORD004550,2024-04-15,MA,Nordeste,Livros,Infantis,3,254.42,0.0,63.53,317.95,Cartão de Crédito,Confirmado,Scheduled,2024-04-18,2024-04-19
ORD004551,2024-09-25,SC,Sul,Casa e Decoração,Móveis,2,1603.33,0.0,30.59,1633.92,Cartão de Crédito,Confirmado,Scheduled,2024-10-03,2024-10-04
ORD004552,2024-09-12,CE,Nordeste,Esportes,Acessórios,2,182.14,0.0,47.43,229.57,Cartão de Crédito,Confirmado,Standard,2024-09-21,2024-09-23
ORD004553,2024-08-14,DF,Centro-Oeste,Moda,Vestidos,1,167.7,0.0,31.93,199.63,Cartão de Crédito,Confirmado,Standard,2024-08-27,2024-08-27
ORD004554,2024-03-14,ES,Sudeste,Eletrônicos,Smartwatches,1,4024.83,0.05,41.63,3865.22,Cartão de Crédito,Confirmado,Same-Day,2024-03-14,2024-03-14
ORD004555,2024-07-12,MG,Sudeste,Livros,Não-ficção,1,92.41,0.0,36.2,128.61,Boleto,Confirmado,Same-Day,2024-07-12,2024-07-12
ORD004556,2024-04-21,SC,Sul,Casa e Decoração,Iluminação,3,3834.88,0.0,26.82,3861.7,Cartão de Crédito,Confirmado,Standard,2024-05-03,2024-05-03
ORD004557,2024-05-20,RS,Sul,Casa e Decoração,Utensílios,1,1773.17,0.0,30.02,1803.19,Boleto,Cancelado,Standard,2024-05-27,
ORD004558,2024-07-13,DF,Centro-Oeste,Livros,Ficção,1,81.1,0.0,51.59,132.69,Cartão de Crédito,Confirmado,Scheduled,2024-07-16,2024-07-16
ORD004559,2024-10-15,RS,Sul,Eletrônicos,Fones de Ouvido,1,4348.58,0.0,21.38,4369.96,Cartão de Crédito,Confirmado,Standard,2024-10-26,2024-10-27
ORD004560,2024-01-12,BA,Nordeste,Esportes,Suplementos,1,270.53,0.05,63.66,320.66,Cartão de Crédito,Cancelado,Scheduled,2024-01-15,
ORD004561,2024-07-03,BA,Nordeste,Eletrônicos,Fones de Ouvido,1,2696.19,0.0,20.63,2716.82,Cartão de Crédito,Confirmado,Standard,2024-07-16,2024-07-14
ORD004562,2024-08-11,ES,Sudeste,Livros,Infantis,1,137.69,0.05,64.43,195.23,Boleto,Confirmado,Same-Day,2024-08-11,2024-08-11
ORD004563,2024-02-15,BA,Nordeste,Casa e Decoração,Decoração,1,1866.9,0.05,20.36,1793.91,Cartão de Crédito,Confirmado,Standard,2024-02-26,2024-03-02
ORD004564,2024-04-27,PR,Sul,Casa e Decoração,Decoração,1,1070.06,0.0,32.58,1102.64,PIX,Confirmado,Standard,2024-05-07,2024-05-08
ORD004565,2024-09-02,MG,Sudeste,Moda,Calças,1,470.76,0.05,32.85,480.08,PIX,Confirmado,Standard,2024-09-12,2024-09-11
ORD004566,2024-10-26,GO,Centro-Oeste,Esportes,Calçados,1,689.65,0.0,34.34,723.99,Boleto,Cancelado,Same-Day,2024-10-26,
ORD004567,2024-09-28,PA,Norte,Moda,Camisetas,2,952.46,0.0,47.23,999.69,Cartão de Crédito,Confirmado,Scheduled,2024-10-03,2024-10-03
ORD004568,2024-07-14,SC,Sul,Eletrônicos,Notebooks,2,9247.94,0.0,48.14,9296.08,Cartão de Crédito,Confirmado,Scheduled,2024-07-21,2024-07-25
ORD004569,2024-02-16,ES,Sudeste,Moda,Camisetas,1,391.55,0.15,26.09,358.91,Boleto,Confirmado,Scheduled,2024-02-20,2024-02-20
ORD004570,2024-10-10,SP,Sudeste,Casa e Decoração,Móveis,1,415.39,0.0,24.81,440.2,Cartão de Crédito,Confirmado,Scheduled,2024-10-15,2024-10-17
ORD004571,2024-09-25,MA,Nordeste,Casa e Decoração,Iluminação,1,1280.98,0.0,29.99,1310.97,Boleto,Confirmado,Standard,2024-10-09,2024-10-10
ORD004572,2024-03-17,PR,Sul,Moda,Calçados,2,930.3,0.0,25.87,956.17,PIX,Confirmado,Standard,2024-03-30,2024-03-31
ORD004573,2024-05-22,AM,Norte,Moda,Calças,1,220.54,0.15,20.07,207.53,PIX,Confirmado,Standard,2024-06-01,2024-06-01
ORD004574,2024-07-28,PR,Sul,Moda,Acessórios,1,145.68,0.0,29.98,175.66,Cartão de Crédito,Confirmado,Standard,2024-08-04,2024-08-04
ORD004575,2024-02-04,RS,Sul,Eletrônicos,Smartwatches,1,3415.83,0.0,19.86,3435.69,Cartão de Crédito,Confirmado,Standard,2024-02-12,2024-02-24
ORD004576,2024-01-27,DF,Centro-Oeste,Moda,Vestidos,1,337.98,0.0,42.99,380.97,Cartão de Crédito,Confirmado,Standard,2024-02-06,2024-02-06
ORD004577,2024-10-07,PE,Nordeste,Livros,Não-ficção,1,142.26,0.0,46.34,188.6,PIX,Confirmado,Scheduled,2024-10-13,2024-10-12
ORD004578,2024-04-30,SP,Sudeste,Moda,Acessórios,1,380.29,0.05,17.42,378.69,Cartão de Débito,Confirmado,Standard,2024-05-12,2024-05-11
ORD004579,2024-02-09,RJ,Sudeste,Eletrônicos,Tablets,1,2535.79,0.0,20.87,2556.66,Cartão de Débito,Confirmado,Standard,2024-02-16,2024-02-15
ORD004580,2024-04-01,CE,Nordeste,Eletrônicos,Fones de Ouvido,1,2987.18,0.0,21.24,3008.42,Cartão de Crédito,Confirmado,Standard,2024-04-09,2024-04-10
ORD004581,2024-10-10,PA,Norte,Casa e Decoração,Utensílios,1,397.06,0.0,21.45,418.51,Boleto,Confirmado,Scheduled,2024-10-15,2024-10-16
ORD004582,2024-03-19,CE,Nordeste,Moda,Calças,1,385.13,0.0,51.92,437.05,Cartão de Crédito,Confirmado,Standard,2024-03-24,2024-03-24
ORD004583,2024-01-05,SC,Sul,Moda,Vestidos,1,398.38,0.05,28.35,406.81,Cartão de Crédito,Confirmado,Standard,2024-01-11,2024-01-11
ORD004584,2024-09-19,AM,Norte,Eletrônicos,Smartwatches,1,2930.17,0.15,50.0,2540.65,Cartão de Crédito,Confirmado,Standard,2024-09-24,2024-09-22
ORD004585,2024-09-15,MA,Nordeste,Eletrônicos,Fones de Ouvido,1,1671.16,0.2,39.24,1376.17,Cartão de Crédito,Confirmado,Same-Day,2024-09-15,2024-09-15
ORD004586,2024-03-10,MG,Sudeste,Eletrônicos,Fones de Ouvido,1,4394.72,0.0,37.66,4432.38,Cartão de Crédito,Confirmado,Standard,2024-03-15,2024-03-19
ORD004587,2024-03-20,AM,Norte,Moda,Calças,1,392.32,0.0,36.95,429.27,PIX,Confirmado,Standard,2024-03-31,2024-03-29
ORD004588,2024-07-07,DF,Centro-Oeste,Casa e Decoração,Iluminação,1,1566.86,0.0,43.8,1610.66,Cartão de Crédito,Confirmado,Standard,2024-07-21,2024-07-19
ORD004589,2024-05-05,PE,Nordeste,Moda,Camisetas,1,360.9,0.05,93.36,436.22,PIX,Confirmado,Same-Day,2024-05-05,2024-05-05
ORD004590,2024-05-07,MG,Sudeste,Esportes,Roupas Esportivas,2,530.25,0.05,74.96,578.69,PIX,Confirmado,Same-Day,2024-05-07,2024-05-07
ORD004591,2024-02-04,BA,Nordeste,Moda,Camisetas,1,138.95,0.0,49.33,188.28,PIX,Confirmado,Standard,2024-02-16,2024-02-18
ORD004592,2024-05-27,PE,Nordeste,Esportes,Acessórios,2,412.94,0.0,51.06,464.0,PIX,Confirmado,Standard,2024-06-05,2024-06-09
ORD004593,2024-07-21,CE,Nordeste,Esportes,Acessórios,1,583.2,0.05,44.43,598.47,Cartão de Débito,Confirmado,Standard,2024-07-30,2024-07-29
ORD004594,2024-09-25,PE,Nordeste,Esportes,Suplementos,1,173.9,0.0,51.11,225.01,Cartão de Crédito,Confirmado,Scheduled,2024-10-04,2024-10-03
ORD004595,2024-10-22,ES,Sudeste,Livros,Técnicos,1,104.95,0.0,21.31,126.26,Cartão de Crédito,Confirmado,Standard,2024-11-04,2024-11-12
ORD004596,2024-09-25,MA,Nordeste,Livros,Não-ficção,1,105.79,0.05,44.43,144.93,PIX,Confirmado,Standard,2024-09-30,2024-10-09
ORD004597,2024-09-14,AM,Norte,Livros,Não-ficção,1,27.46,0.05,43.07,69.16,Boleto,Confirmado,Standard,2024-09-22,2024-09-28
ORD004598,2024-01-19,RS,Sul,Eletrônicos,Smartwatches,1,4417.7,0.05,38.79,4235.6,PIX,Confirmado,Standard,2024-01-30,2024-01-31
ORD004599,2024-07-07,AM,Norte,Casa e Decoração,Móveis,1,802.46,0.1,51.53,773.75,Cartão de Crédito,Confirmado,Standard,2024-07-21,2024-07-21
ORD004600,2024-07-30,BA,Nordeste,Livros,Técnicos,1,149.45,0.0,38.68,188.13,Cartão de Crédito,Cancelado,Standard,2024-08-10,
ORD004601,2024-07-10,SP,Sudeste,Casa e Decoração,Iluminação,1,187.53,0.0,18.19,205.72,Cartão de Crédito,Confirmado,Standard,2024-07-16,2024-07-17
ORD004602,2024-04-11,PA,Norte,Eletrônicos,Notebooks,1,1808.49,0.0,37.6,1846.09,Cartão de Débito,Confirmado,Standard,2024-04-21,2024-04-27
ORD004603,2024-08-10,PA,Norte,Moda,Calçados,1,251.18,0.0,20.03,271.21,Cartão de Crédito,Confirmado,Scheduled,2024-08-15,2024-08-19
ORD004604,2024-10-29,PA,Norte,Moda,Vestidos,1,333.85,0.05,33.45,350.61,PIX,Confirmado,Standard,2024-11-05,2024-11-06
ORD004605,2024-07-21,RS,Sul,Moda,Camisetas,1,132.82,0.0,34.75,167.57,PIX,Confirmado,Standard,2024-08-04,2024-08-17
ORD004606,2024-04-26,MA,Nordeste,Livros,Técnicos,1,31.91,0.05,58.85,89.16,Boleto,Confirmado,Same-Day,2024-04-26,2024-04-26
ORD004607,2024-09-06,BA,Nordeste,Livros,Infantis,1,92.7,0.05,34.42,122.49,Cartão de Crédito,Confirmado,Standard,2024-09-11,2024-09-10
ORD004608,2024-07-09,MA,Nordeste,Moda,Calçados,1,146.63,0.0,34.63,181.26,Cartão de Débito,Confirmado,Standard,2024-07-21,2024-07-22
ORD004609,2024-03-07,BA,Nordeste,Eletrônicos,Notebooks,1,2181.55,0.0,45.42,2226.97,Cartão de Crédito,Confirmado,Same-Day,2024-03-07,2024-03-07
ORD004610,2024-03-15,MA,Nordeste,Eletrônicos,Tablets,1,1630.9,0.0,23.53,1654.43,PIX,Confirmado,Scheduled,2024-03-18,2024-03-18
ORD004611,2024-07-10,SP,Sudeste,Casa e Decoração,Iluminação,1,1819.89,0.0,40.52,1860.41,PIX,Confirmado,Scheduled,2024-07-16,2024-07-14
ORD004612,2024-07-16,MA,Nordeste,Livros,Ficção,2,156.19,0.0,31.17,187.36,Boleto,Confirmado,Standard,2024-07-29,2024-07-29
ORD004613,2024-05-30,SC,Sul,Esportes,Calçados,2,1098.54,0.0,38.06,1136.6,Cartão de Crédito,Confirmado,Standard,2024-06-07,2024-06-08
ORD004614,2024-09-01,SP,Sudeste,Livros,Ficção,1,41.09,0.2,23.84,56.71,Cartão de Crédito,Confirmado,Standard,2024-09-12,2024-09-11
ORD004615,2024-06-29,SC,Sul,Moda,Vestidos,1,297.83,0.1,17.0,285.05,Cartão de Crédito,Confirmado,Standard,2024-07-04,2024-07-07
ORD004616,2024-09-16,MG,Sudeste,Eletrônicos,Smartphones,1,1605.51,0.0,29.82,1635.33,Cartão de Crédito,Confirmado,Standard,2024-09-28,2024-09-27
ORD004617,2024-03-15,ES,Sudeste,Esportes,Suplementos,1,375.74,0.1,23.16,361.33,Boleto,Confirmado,Scheduled,2024-03-21,2024-03-21
ORD004618,2024-01-31,SP,Sudeste,Esportes,Equipamentos,1,311.96,0.1,31.61,312.37,PIX,Confirmado,Standard,2024-02-10,2024-02-14
ORD004619,2024-09-23,SC,Sul,Eletrônicos,Fones de Ouvido,1,3330.29,0.0,21.16,3351.45,PIX,Cancelado,Standard,2024-10-07,
ORD004620,2024-07-25,SC,Sul,Esportes,Acessórios,1,314.58,0.2,49.19,300.85,Cartão de Crédito,Confirmado,Scheduled,2024-08-03,2024-08-06
ORD004621,2024-06-26,DF,Centro-Oeste,Casa e Decoração,Decoração,2,1211.13,0.0,20.0,1231.13,Cartão de Crédito,Confirmado,Standard,2024-07-02,2024-07-02
ORD004622,2024-07-07,SP,Sudeste,Esportes,Calçados,2,1060.26,0.0,11.63,1071.89,PIX,Confirmado,Standard,2024-07-15,2024-07-20
ORD004623,2024-03-04,MA,Nordeste,Livros,Infantis,1,125.37,0.05,56.45,175.55,Boleto,Confirmado,Scheduled,2024-03-10,2024-03-11
ORD004624,2024-08-09,PA,Norte,Esportes,Roupas Esportivas,1,296.72,0.0,13.68,310.4,Cartão de Crédito,Confirmado,Standard,2024-08-19,2024-08-25
ORD004625,2024-10-07,ES,Sudeste,Esportes,Calçados,1,490.38,0.0,23.93,514.31,PIX,Confirmado,Standard,2024-10-12,2024-10-13
ORD004626,2024-02-04,MG,Sudeste,Livros,Técnicos,1,114.04,0.0,34.77,148.81,Cartão de Crédito,Confirmado,Standard,2024-02-18,2024-02-24
ORD004627,2024-08-13,ES,Sudeste,Casa e Decoração,Utensílios,1,1340.05,0.2,24.84,1096.88,Boleto,Confirmado,Standard,2024-08-18,2024-08-19
ORD004628,2024-03-13,PA,Norte,Moda,Camisetas,1,249.54,0.05,28.73,265.79,Cartão de Débito,Cancelado,Scheduled,2024-03-20,
ORD004629,2024-07-15,PR,Sul,Livros,Não-ficção,1,95.13,0.2,19.13,95.23,Cartão de Crédito,Confirmado,Standard,2024-07-23,2024-07-22
ORD004630,2024-01-22,SP,Sudeste,Casa e Decoração,Móveis,1,589.59,0.0,25.43,615.02,Cartão de Crédito,Confirmado,Standard,2024-01-31,2024-02-01
ORD004631,2024-03-09,RS,Sul,Livros,HQs,1,67.69,0.2,43.76,97.92,Cartão de Crédito,Confirmado,Scheduled,2024-03-17,2024-03-16
ORD004632,2024-04-09,BA,Nordeste,Moda,Calçados,1,284.87,0.15,19.8,261.94,PIX,Confirmado,Standard,2024-04-19,2024-04-17
ORD004633,2024-10-07,DF,Centro-Oeste,Casa e Decoração,Utensílios,1,1845.43,0.0,36.26,1881.69,Cartão de Crédito,Confirmado,Scheduled,2024-10-11,2024-10-11
ORD004634,2024-01-01,RJ,Sudeste,Moda,Camisetas,1,107.57,0.0,18.36,125.93,PIX,Confirmado,Standard,2024-01-13,2024-01-14
ORD004635,2024-05-15,ES,Sudeste,Livros,Ficção,1,52.54,0.05,20.76,70.67,Cartão de Crédito,Confirmado,Scheduled,2024-05-18,2024-05-31
ORD004636,2024-04-22,PE,Nordeste,Moda,Calçados,1,124.94,0.05,37.4,156.1,Cartão de Crédito,Confirmado,Scheduled,2024-04-25,2024-04-23
ORD004637,2024-02-28,RJ,Sudeste,Livros,Técnicos,2,270.42,0.15,18.82,248.68,PIX,Confirmado,Standard,2024-03-09,2024-03-12
ORD004638,2024-07-09,AM,Norte,Livros,Técnicos,1,143.71,0.0,45.87,189.58,PIX,Confirmado,Standard,2024-07-23,2024-07-22
ORD004639,2024-10-22,CE,Nordeste,Esportes,Suplementos,2,1027.93,0.0,19.15,1047.08,Cartão de Crédito,Confirmado,Standard,2024-11-04,2024-11-03
ORD004640,2024-06-16,CE,Nordeste,Moda,Acessórios,1,237.7,0.1,42.74,256.67,Cartão de Crédito,Confirmado,Same-Day,2024-06-16,2024-06-16
ORD004641,2024-09-23,GO,Centro-Oeste,Casa e Decoração,Têxtil,1,1910.9,0.0,71.25,1982.15,Cartão de Crédito,Confirmado,Same-Day,2024-09-23,2024-09-24
ORD004642,2024-05-05,RS,Sul,Eletrônicos,Fones de Ouvido,1,3812.97,0.0,48.04,3861.01,Boleto,Cancelado,Scheduled,2024-05-08,
ORD004643,2024-09-04,PR,Sul,Casa e Decoração,Têxtil,1,1160.2,0.0,38.76,1198.96,Cartão de Crédito,Confirmado,Standard,2024-09-11,2024-09-18
ORD004644,2024-06-02,PE,Nordeste,Livros,Ficção,1,24.26,0.0,28.78,53.04,PIX,Confirmado,Standard,2024-06-08,2024-06-09
ORD004645,2024-10-29,PR,Sul,Casa e Decoração,Móveis,1,1889.6,0.05,12.34,1807.46,PIX,Confirmado,Standard,2024-11-07,2024-11-05
ORD004646,2024-03-16,CE,Nordeste,Moda,Calças,2,798.65,0.0,58.97,857.62,Boleto,Confirmado,Same-Day,2024-03-16,2024-03-17
ORD004647,2024-05-07,PE,Nordeste,Moda,Camisetas,1,270.18,0.0,31.11,301.29,Boleto,Cancelado,Standard,2024-05-20,
ORD004648,2024-10-04,CE,Nordeste,Casa e Decoração,Iluminação,3,1866.19,0.0,46.13,1912.32,PIX,Confirmado,Scheduled,2024-10-12,2024-10-16
ORD004649,2024-07-23,BA,Nordeste,Esportes,Suplementos,1,167.74,0.0,102.56,270.3,Boleto,Confirmado,Same-Day,2024-07-23,2024-07-23
ORD004650,2024-06-02,RJ,Sudeste,Moda,Calças,1,198.28,,53.75,252.03,Cartão de Crédito,Confirmado,Same-Day,2024-06-02,2024-06-02
ORD004651,2024-09-03,MA,Nordeste,Eletrônicos,Tablets,2,5506.89,0.0,49.77,5556.66,Cartão de Crédito,Confirmado,Standard,2024-09-11,2024-09-13
ORD004652,2024-01-30,BA,Nordeste,Livros,Infantis,1,91.63,0.0,27.59,119.22,PIX,Confirmado,Standard,2024-02-12,2024-02-16
ORD004653,2024-03-19,BA,Nordeste,Livros,Ficção,1,141.1,0.0,44.29,185.39,Cartão de Débito,Cancelado,Standard,2024-03-26,
ORD004654,2024-06-19,SC,Sul,Eletrônicos,Tablets,1,817.27,0.0,25.74,843.01,Boleto,Confirmado,Standard,2024-06-24,2024-07-06
ORD004655,2024-04-30,PE,Nordeste,Livros,Infantis,2,271.98,0.0,29.57,301.55,Boleto,Confirmado,Standard,2024-05-14,2024-05-17
ORD004656,2024-10-28,RS,Sul,Livros,Infantis,1,112.24,0.0,35.1,147.34,Cartão de Crédito,Confirmado,Standard,2024-11-11,2024-11-11
ORD004657,2024-04-30,PR,Sul,Moda,Acessórios,1,88.28,0.0,21.23,109.51,Cartão de Crédito,Confirmado,Standard,2024-05-10,2024-05-11
ORD004658,2024-03-25,SC,Sul,Moda,Acessórios,1,175.26,0.0,33.97,209.23,PIX,Confirmado,Standard,2024-03-30,2024-03-28
ORD004659,2024-06-16,DF,Centro-Oeste,Livros,Ficção,1,122.79,0.0,86.57,209.36,Cartão de Débito,Cancelado,Same-Day,2024-06-16,
ORD004660,2024-02-21,RJ,Sudeste,Eletrônicos,Smartphones,1,4308.73,0.0,45.43,4354.16,Cartão de Crédito,Confirmado,Same-Day,2024-02-21,2024-02-25
ORD004661,2024-03-17,CE,Nordeste,Livros,Infantis,2,200.68,0.0,29.55,230.23,Cartão de Crédito,Confirmado,Standard,2024-03-25,2024-03-25
ORD004662,2024-02-17,MA,Nordeste,Moda,Camisetas,1,459.12,0.0,57.98,517.1,Cartão de Crédito,Confirmado,Same-Day,2024-02-17,2024-02-19
ORD004663,2024-01-02,PE,Nordeste,Moda,Camisetas,1,440.94,0.0,23.09,464.03,PIX,Confirmado,Scheduled,2024-01-09,2024-01-11
ORD004664,2024-03-09,PR,Sul,Casa e Decoração,Decoração,1,987.69,0.0,32.19,1019.88,PIX,Confirmado,Standard,2024-03-16,2024-03-16
ORD004665,2024-10-19,RJ,Sudeste,Eletrônicos,Notebooks,1,3223.33,0.0,28.67,3252.0,Boleto,Confirmado,Scheduled,2024-10-27,2024-10-28
ORD004666,2024-06-07,SC,Sul,Eletrônicos,Smartphones,1,3308.36,0.0,25.18,3333.54,PIX,Confirmado,Standard,2024-06-14,2024-06-12
ORD004667,2024-10-25,RJ,Sudeste,Eletrônicos,Smartwatches,1,1189.76,0.0,44.55,1234.31,PIX,Confirmado,Same-Day,2024-10-25,2024-10-29
ORD004668,2024-01-01,AM,Norte,Moda,Calças,1,244.71,0.0,82.75,327.46,Boleto,Confirmado,Same-Day,2024-01-01,2024-01-01
ORD004669,2024-07-19,AM,Norte,Livros,Ficção,1,114.09,0.15,29.07,126.04,Cartão de Crédito,Confirmado,Standard,2024-07-29,2024-07-30
ORD004670,2024-05-16,DF,Centro-Oeste,Casa e Decoração,Têxtil,1,1348.41,0.0,45.04,1393.45,PIX,Confirmado,Same-Day,2024-05-16,2024-05-16
ORD004671,2024-09-26,RJ,Sudeste,Esportes,Suplementos,1,223.07,0.0,28.49,251.56,Cartão de Débito,Confirmado,Standard,2024-10-10,2024-10-16
ORD004672,2024-03-11,RJ,Sudeste,Livros,HQs,1,148.65,0.0,38.51,187.16,Boleto,Confirmado,Standard,2024-03-25,2024-03-23
ORD004673,2024-05-13,MG,Sudeste,Esportes,Roupas Esportivas,1,591.27,0.0,33.66,624.93,Cartão de Crédito,Confirmado,Standard,2024-05-26,2024-05-26
ORD004674,2024-09-11,DF,Centro-Oeste,Moda,Vestidos,1,135.12,0.0,77.21,212.33,Cartão de Crédito,Confirmado,Same-Day,2024-09-11,2024-09-12
ORD004675,2024-01-17,BA,Nordeste,Casa e Decoração,Utensílios,1,570.22,0.1,29.12,542.32,PIX,Confirmado,Standard,2024-01-28,2024-01-26
ORD004676,2024-08-30,PA,Norte,Livros,Técnicos,1,64.96,0.05,63.38,125.09,Cartão de Crédito,Confirmado,Scheduled,2024-09-08,2024-09-13
ORD004677,2024-09-17,PR,Sul,Casa e Decoração,Iluminação,2,3974.72,0.0,53.56,4028.28,Cartão de Crédito,Confirmado,Same-Day,2024-09-17,2024-09-17
ORD004678,2024-08-02,PA,Norte,Moda,Vestidos,2,643.68,0.0,25.57,669.25,Boleto,Confirmado,Standard,2024-08-13,2024-08-11
ORD004679,2024-06-16,RS,Sul,Moda,Calçados,1,229.49,0.05,20.53,238.54,PIX,Confirmado,Standard,2024-06-25,2024-06-23
ORD004680,2024-03-17,ES,Sudeste,Moda,Camisetas,1,257.01,0.0,34.1,291.11,Cartão de Crédito,Confirmado,Standard,2024-03-29,2024-04-01
ORD004681,2024-02-10,SP,Sudeste,Esportes,Roupas Esportivas,1,343.17,0.0,33.61,376.78,PIX,Cancelado,Standard,2024-02-20,
ORD004682,2024-03-16,RJ,Sudeste,Livros,Não-ficção,2,241.81,0.0,40.64,282.45,PIX,Confirmado,Same-Day,2024-03-16,2024-03-19
ORD004683,2024-03-17,ES,Sudeste,Eletrônicos,Tablets,1,4356.29,0.15,31.18,3734.03,Cartão de Crédito,Cancelado,Standard,2024-03-31,
ORD004684,2024-06-19,ES,Sudeste,Casa e Decoração,Têxtil,1,562.58,0.05,12.09,546.54,PIX,Confirmado,Standard,2024-07-02,2024-07-06
ORD004685,2024-05-02,ES,Sudeste,Livros,Infantis,1,149.73,0.05,12.58,154.82,Cartão de Crédito,Confirmado,Standard,2024-05-13,2024-05-13
ORD004686,2024-07-28,RJ,Sudeste,Esportes,Calçados,1,587.17,0.0,37.46,624.63,Cartão de Crédito,Confirmado,Standard,2024-08-05,2024-08-04
ORD004687,2024-06-03,MA,Nordeste,Moda,Calçados,3,218.05,0.0,37.05,255.1,Cartão de Crédito,Confirmado,Scheduled,2024-06-08,2024-06-06
ORD004688,2024-01-18,SC,Sul,Moda,Calçados,3,255.45,0.0,56.93,312.38,Cartão de Crédito,Confirmado,Same-Day,2024-01-18,2024-01-31
ORD004689,2024-04-08,SC,Sul,Eletrônicos,Smartphones,1,943.34,0.0,17.24,960.58,Cartão de Crédito,Confirmado,Standard,2024-04-17,2024-04-20
ORD004690,2024-01-17,AM,Norte,Casa e Decoração,Iluminação,2,502.87,0.0,42.72,545.59,Cartão de Crédito,Confirmado,Standard,2024-01-26,2024-01-26
ORD004691,2024-04-05,AM,Norte,Livros,Infantis,1,34.99,0.0,47.44,82.43,Boleto,Confirmado,Standard,2024-04-19,2024-04-21
ORD004692,2024-07-22,PA,Norte,Casa e Decoração,Iluminação,1,1266.46,0.0,30.18,1296.64,Cartão de Crédito,Confirmado,Scheduled,2024-07-27,2024-07-26
ORD004693,2024-03-09,AM,Norte,Casa e Decoração,Iluminação,1,1752.49,0.05,43.75,1708.61,Boleto,Confirmado,Standard,2024-03-22,2024-03-24
ORD004694,2024-06-10,MA,Nordeste,Esportes,Equipamentos,1,606.58,0.0,18.65,625.23,Cartão de Crédito,Confirmado,Standard,2024-06-16,2024-06-30
ORD004695,2024-01-04,AM,Norte,Moda,Vestidos,1,272.4,0.0,14.94,287.34,Cartão de Débito,Confirmado,Standard,2024-01-11,2024-01-09
ORD004696,2024-07-31,RJ,Sudeste,Livros,Técnicos,1,24.45,0.0,45.91,70.36,Boleto,Confirmado,Scheduled,2024-08-03,2024-08-02
ORD004697,2024-03-16,SP,Sudeste,Moda,Calças,1,346.47,0.0,70.44,416.91,Cartão de Crédito,Confirmado,Same-Day,2024-03-16,2024-03-19
ORD004698,2024-09-19,DF,Centro-Oeste,Livros,Técnicos,2,92.13,0.1,14.75,97.67,PIX,Confirmado,Standard,2024-10-02,2024-10-01
ORD004699,2024-04-13,ES,Sudeste,Moda,Calçados,1,126.43,0.0,34.85,161.28,Boleto,Confirmado,Scheduled,2024-04-21,2024-04-19
ORD004700,2024-01-20,PA,Norte,Eletrônicos,Tablets,2,6962.49,0.05,19.27,6633.64,Cartão de Débito,Confirmado,Standard,2024-01-30,2024-02-06
ORD004701,2024-06-24,PA,Norte,Esportes,Suplementos,2,370.15,0.05,44.81,396.45,PIX,Confirmado,Same-Day,2024-06-24,2024-06-24
ORD004702,2024-06-21,SP,Sudeste,Eletrônicos,Fones de Ouvido,1,1850.66,0.1,14.87,1680.47,Cartão de Crédito,Confirmado,Standard,2024-07-01,2024-07-04
ORD004703,2024-09-13,RS,Sul,Moda,Calças,1,466.07,0.0,27.23,493.3,Boleto,Confirmado,Standard,2024-09-20,2024-09-18
ORD004704,2024-06-19,GO,Centro-Oeste,Esportes,Suplementos,1,440.52,0.0,29.19,469.71,Cartão de Crédito,Confirmado,Standard,2024-06-30,2024-06-30
ORD004705,2024-09-28,BA,Nordeste,Esportes,Calçados,2,1598.22,0.05,50.49,1568.8,PIX,Confirmado,Standard,2024-10-12,2024-10-10
ORD004706,2024-04-10,BA,Nordeste,Eletrônicos,Fones de Ouvido,1,2720.22,0.0,71.51,2791.73,Boleto,Confirmado,Same-Day,2024-04-10,2024-04-10
ORD004707,2024-10-29,CE,Nordeste,Casa e Decoração,Têxtil,1,992.91,0.0,48.06,1040.97,Cartão de Crédito,Confirmado,Same-Day,2024-10-29,2024-10-30
ORD004708,2024-08-21,SP,Sudeste,Casa e Decoração,Decoração,1,481.36,0.05,62.19,519.48,Cartão de Crédito,Confirmado,Same-Day,2024-08-21,2024-08-21
ORD004709,2024-01-10,BA,Nordeste,Esportes,Roupas Esportivas,1,177.26,0.1,103.01,262.54,Cartão de Crédito,Confirmado,Same-Day,2024-01-10,2024-01-14
ORD004710,2024-08-30,AM,Norte,Livros,Infantis,1,108.28,0.0,40.23,148.51,Cartão de Crédito,Confirmado,Scheduled,2024-09-07,2024-09-08
ORD004711,2024-10-19,RS,Sul,Casa e Decoração,Têxtil,1,845.36,0.0,36.48,881.84,PIX,Confirmado,Standard,2024-11-01,2024-10-30
ORD004712,2024-04-24,PE,Nordeste,Casa e Decoração,Decoração,2,3328.6,0.0,39.32,3367.92,Cartão de Crédito,Confirmado,Standard,2024-05-07,2024-05-06
ORD004713,2024-01-20,AM,Norte,Moda,Acessórios,1,236.88,0.0,19.72,256.6,Cartão de Débito,Confirmado,Scheduled,2024-01-23,2024-01-24
ORD004714,2024-05-10,BA,Nordeste,Casa e Decoração,Móveis,1,919.71,0.0,24.82,944.53,Cartão de Crédito,Confirmado,Standard,2024-05-19,2024-05-19
ORD004715,2024-09-28,RS,Sul,Eletrônicos,Notebooks,1,872.24,0.1,34.6,819.61,PIX,Confirmado,Scheduled,2024-10-06,2024-10-08
ORD004716,2024-08-18,RS,Sul,Livros,Ficção,1,59.15,0.0,27.95,87.1,Cartão de Crédito,Confirmado,Standard,2024-08-26,2024-08-30
ORD004717,2024-08-08,SP,Sudeste,Eletrônicos,Tablets,1,4986.33,0.0,36.41,5022.74,Cartão de Crédito,Confirmado,Standard,2024-08-17,2024-08-21
ORD004718,2024-10-01,AM,Norte,Esportes,Acessórios,1,567.97,0.0,46.36,614.33,Cartão de Crédito,Confirmado,Scheduled,2024-10-07,2024-10-08
ORD004719,2024-01-09,CE,Nordeste,Casa e Decoração,Têxtil,1,1354.64,0.0,61.12,1415.76,Cartão de Crédito,Confirmado,Scheduled,2024-01-14,2024-01-14
ORD004720,2024-01-27,PE,Nordeste,Esportes,Equipamentos,1,304.65,0.0,16.75,321.4,Cartão de Crédito,Confirmado,Standard,2024-02-09,2024-02-17
ORD004721,2024-09-30,GO,Centro-Oeste,Esportes,Suplementos,1,746.75,0.0,38.28,785.03,Cartão de Crédito,Cancelado,Standard,2024-10-13,
ORD004722,2024-02-29,AM,Norte,Moda,Calçados,1,158.5,0.05,38.98,189.56,PIX,Confirmado,Scheduled,2024-03-08,2024-03-07
ORD004723,2024-10-14,ES,Sudeste,Casa e Decoração,Utensílios,1,172.33,0.05,36.21,199.92,PIX,Confirmado,Standard,2024-10-24,2024-10-25
ORD004724,2024-10-06,GO,Centro-Oeste,Moda,Camisetas,1,394.49,0.0,14.77,409.26,Boleto,Confirmado,Standard,2024-10-17,2024-10-16
ORD004725,2024-08-07,RJ,Sudeste,Casa e Decoração,Utensílios,1,1123.65,0.1,10.96,1022.25,Cartão de Crédito,Confirmado,Standard,2024-08-13,2024-08-14
ORD004726,2024-09-02,SP,Sudeste,Eletrônicos,Notebooks,3,4810.75,0.0,19.17,4829.92,Cartão de Crédito,Confirmado,Standard,2024-09-13,2024-09-15
ORD004727,2024-05-12,MG,Sudeste,Casa e Decoração,Decoração,1,1081.03,0.0,45.49,1126.52,Cartão de Crédito,Confirmado,Scheduled,2024-05-15,2024-05-19
ORD004728,2024-07-31,MG,Sudeste,Livros,Não-ficção,1,81.17,0.0,24.67,105.84,Cartão de Débito,Cancelado,Standard,2024-08-14,
ORD004729,2024-03-24,SC,Sul,Eletrônicos,Tablets,1,2789.36,0.1,14.87,2525.29,Cartão de Crédito,Confirmado,Standard,2024-04-01,2024-04-01
ORD004730,2024-06-07,CE,Nordeste,Esportes,Roupas Esportivas,1,457.21,0.1,32.93,444.42,Cartão de Crédito,Confirmado,Standard,2024-06-12,2024-06-17
ORD004731,2024-02-09,MG,Sudeste,Eletrônicos,Smartphones,1,3618.02,0.0,33.44,3651.46,Cartão de Crédito,Confirmado,Scheduled,2024-02-14,2024-02-16
ORD004732,2024-05-02,RJ,Sudeste,Casa e Decoração,Utensílios,2,2856.98,0.05,25.36,2739.49,Cartão de Crédito,Confirmado,Standard,2024-05-11,2024-05-19
ORD004733,2024-02-28,PA,Norte,Livros,Técnicos,2,80.51,0.05,40.58,117.07,PIX,Confirmado,Scheduled,2024-03-05,2024-03-04
ORD004734,2024-03-03,CE,Nordeste,Esportes,Acessórios,1,386.81,0.0,97.81,484.62,Cartão de Crédito,Confirmado,Same-Day,2024-03-03,2024-03-04
ORD004735,2024-09-18,RJ,Sudeste,Livros,HQs,1,84.39,0.05,32.55,112.72,PIX,Cancelado,Standard,2024-09-24,
ORD004736,2024-05-22,PA,Norte,Eletrônicos,Tablets,1,1294.26,0.0,27.47,1321.73,Cartão de Débito,Confirmado,Standard,2024-05-30,2024-06-02
ORD004737,2024-02-17,SC,Sul,Moda,Calçados,1,365.79,0.15,19.27,330.19,Cartão de Crédito,Confirmado,Standard,2024-02-27,2024-02-27
ORD004738,2024-04-06,CE,Nordeste,Casa e Decoração,Móveis,1,855.32,0.0,35.5,890.82,Cartão de Débito,Confirmado,Scheduled,2024-04-10,2024-04-13
ORD004739,2024-02-14,RJ,Sudeste,Moda,Calças,1,241.8,0.0,26.86,268.66,PIX,Confirmado,Standard,2024-02-20,2024-02-27
ORD004740,2024-06-24,MG,Sudeste,Esportes,Calçados,1,453.32,0.0,27.12,480.44,Cartão de Débito,Confirmado,Standard,2024-07-01,2024-07-02
ORD004741,2024-04-09,PE,Nordeste,Casa e Decoração,Móveis,1,778.86,0.0,46.76,825.62,PIX,Confirmado,Standard,2024-04-21,2024-04-25
ORD004742,2024-06-23,AM,Norte,Livros,Infantis,1,101.36,0.0,68.49,169.85,Cartão de Crédito,Confirmado,Same-Day,2024-06-23,2024-06-23
ORD004743,2024-02-23,PA,Norte,Esportes,Acessórios,1,152.61,0.0,49.5,202.11,Boleto,Confirmado,Standard,2024-03-06,2024-03-09
ORD004744,2024-04-18,MG,Sudeste,Moda,Acessórios,1,103.49,0.0,20.43,123.92,PIX,Confirmado,Standard,2024-04-30,2024-04-29
ORD004745,2024-09-04,PA,Norte,Esportes,Roupas Esportivas,1,542.75,0.0,80.75,623.5,Cartão de Crédito,Confirmado,Same-Day,2024-09-04,2024-09-04
ORD004746,2024-04-26,AM,Norte,Livros,HQs,1,74.22,0.0,26.15,100.37,Boleto,Confirmado,Standard,2024-05-05,2024-05-13
ORD004747,2024-08-22,BA,Nordeste,Casa e Decoração,Decoração,1,476.04,0.0,55.42,531.46,Cartão de Crédito,Confirmado,Scheduled,2024-08-25,2024-08-26
ORD004748,2024-04-11,MA,Nordeste,Eletrônicos,Smartphones,1,1628.07,0.0,24.73,1652.8,Cartão de Crédito,Confirmado,Standard,2024-04-24,2024-04-25
ORD004749,2024-08-19,RS,Sul,Eletrônicos,Smartwatches,1,1273.27,0.0,32.95,1306.22,Boleto,Confirmado,Same-Day,2024-08-19,2024-08-19
ORD004750,2024-06-30,SP,Sudeste,Casa e Decoração,Decoração,1,903.11,0.1,31.72,844.52,PIX,Confirmado,Standard,2024-07-11,2024-07-13
ORD004751,2024-07-31,ES,Sudeste,Eletrônicos,Tablets,1,2621.64,0.0,35.68,2657.32,PIX,Confirmado,Standard,2024-08-09,2024-08-07
ORD004752,2024-08-25,RJ,Sudeste,Moda,Camisetas,2,345.46,0.1,39.08,349.99,Cartão de Crédito,Confirmado,Same-Day,2024-08-25,2024-08-26
ORD004753,2024-10-31,CE,Nordeste,Esportes,Roupas Esportivas,1,432.0,0.0,39.06,471.06,Cartão de Crédito,Confirmado,Standard,2024-11-11,2024-11-15
ORD004754,2024-10-30,MG,Sudeste,Livros,Infantis,1,71.13,0.0,25.18,96.31,Boleto,Confirmado,Standard,2024-11-08,2024-11-07
ORD004755,2024-10-10,CE,Nordeste,Casa e Decoração,Móveis,1,1183.16,0.15,40.94,1046.63,Cartão de Crédito,Confirmado,Scheduled,2024-10-14,2024-10-12
ORD004756,2024-01-17,PA,Norte,Casa e Decoração,Utensílios,1,1312.31,0.0,84.85,1397.16,Cartão de Crédito,Confirmado,Same-Day,2024-01-17,2024-01-21
ORD004757,2024-06-08,CE,Nordeste,Livros,Técnicos,1,118.87,0.0,50.92,169.79,Cartão de Crédito,Confirmado,Scheduled,2024-06-17,2024-06-16
ORD004758,2024-01-20,AM,Norte,Eletrônicos,Smartphones,1,1463.75,0.0,34.98,1498.73,Cartão de Crédito,Confirmado,Standard,2024-01-30,2024-01-31
ORD004759,2024-06-02,GO,Centro-Oeste,Moda,Vestidos,1,474.08,0.0,19.7,493.78,Cartão de Crédito,Cancelado,Scheduled,2024-06-11,
ORD004760,2024-07-13,MG,Sudeste,Casa e Decoração,Decoração,1,263.17,0.0,24.96,288.13,Boleto,Confirmado,Standard,2024-07-24,2024-07-24
ORD004761,2024-07-29,RJ,Sudeste,Esportes,Suplementos,3,1143.57,0.0,12.5,1156.07,Cartão de Crédito,Confirmado,Standard,2024-08-10,2024-08-09
ORD004762,2024-02-08,PE,Nordeste,Casa e Decoração,Decoração,1,263.85,0.0,21.05,284.9,Cartão de Débito,Confirmado,Scheduled,2024-02-17,2024-02-17
ORD004763,2024-07-27,SP,Sudeste,Eletrônicos,Tablets,1,777.26,0.0,27.64,804.9,PIX,Confirmado,Standard,2024-08-08,2024-08-10
ORD004764,2024-06-16,MG,Sudeste,Eletrônicos,Notebooks,1,1146.29,0.0,18.36,1164.65,PIX,Confirmado,Standard,2024-06-22,2024-07-06
ORD004765,2024-09-25,DF,Centro-Oeste,Esportes,Roupas Esportivas,1,501.06,0.15,62.42,488.32,PIX,Confirmado,Same-Day,2024-09-25,2024-09-25
ORD004766,2024-07-04,RJ,Sudeste,Eletrônicos,Tablets,1,3457.14,0.0,26.09,3483.23,PIX,Confirmado,Standard,2024-07-14,2024-07-14
ORD004767,2024-06-19,SC,Sul,Eletrônicos,Notebooks,1,2432.53,0.0,65.65,2498.18,PIX,Confirmado,Same-Day,2024-06-19,2024-06-30
ORD004768,2024-10-22,RS,Sul,Esportes,Roupas Esportivas,1,678.54,0.0,21.0,699.54,Boleto,Confirmado,Standard,2024-10-29,2024-10-28
ORD004769,2024-04-28,SP,Sudeste,Casa e Decoração,Decoração,1,1541.95,0.0,58.68,1600.63,Cartão de Débito,Cancelado,Same-Day,2024-04-28,
ORD004770,2024-10-08,PA,Norte,Esportes,Roupas Esportivas,1,485.82,0.0,84.37,570.19,Boleto,Confirmado,Same-Day,2024-10-08,2024-10-08
ORD004771,2024-10-08,MA,Nordeste,Esportes,Calçados,1,717.81,0.0,43.41,761.22,Cartão de Crédito,Confirmado,Same-Day,2024-10-08,2024-10-08
ORD004772,2024-06-01,MA,Nordeste,Esportes,Suplementos,1,316.22,0.0,47.5,363.72,Cartão de Crédito,Confirmado,Scheduled,2024-06-04,2024-06-07
ORD004773,2024-02-21,MA,Nordeste,Livros,Ficção,1,59.15,0.0,37.46,96.61,Cartão de Crédito,Confirmado,Standard,2024-03-02,2024-03-03
ORD004774,2024-06-08,MA,Nordeste,Livros,Ficção,1,27.83,0.0,95.67,123.5,Cartão de Débito,Confirmado,Same-Day,2024-06-08,2024-06-08
ORD004775,2024-06-19,PR,Sul,Eletrônicos,Notebooks,1,2610.62,0.0,16.19,2626.81,Cartão de Crédito,Confirmado,Standard,2024-06-30,2024-06-29
ORD004776,2024-02-05,RJ,Sudeste,Esportes,Roupas Esportivas,2,793.47,0.2,35.5,670.27,Boleto,Confirmado,Scheduled,2024-02-08,2024-02-07
ORD004777,2024-02-24,MA,Nordeste,Livros,Ficção,3,144.14,0.0,37.11,181.25,Cartão de Crédito,Confirmado,Scheduled,2024-03-02,2024-03-06
ORD004778,2024-08-28,PA,Norte,Casa e Decoração,Iluminação,1,970.85,0.1,52.83,926.6,PIX,Confirmado,Scheduled,2024-09-03,2024-09-01
ORD004779,2024-10-04,RJ,Sudeste,Casa e Decoração,Utensílios,1,1173.41,0.0,13.97,1187.38,Cartão de Crédito,Confirmado,Standard,2024-10-13,2024-10-13
ORD004780,2024-10-29,CE,Nordeste,Moda,Camisetas,2,473.31,0.0,29.88,503.19,Cartão de Débito,Confirmado,Standard,2024-11-09,2024-11-10
ORD004781,2024-06-20,MG,Sudeste,Moda,Acessórios,2,121.21,0.0,17.75,138.96,PIX,Confirmado,Standard,2024-06-26,2024-06-27
ORD004782,2024-02-23,GO,Centro-Oeste,Eletrônicos,Fones de Ouvido,1,4874.43,0.0,39.06,4913.49,Cartão de Crédito,Confirmado,Same-Day,2024-02-23,2024-02-23
ORD004783,2024-04-21,ES,Sudeste,Moda,Calças,1,450.71,0.15,22.05,405.16,PIX,Confirmado,Standard,2024-04-26,2024-04-27
ORD004784,2024-09-17,RS,Sul,Livros,Ficção,1,95.94,0.0,48.18,144.12,Cartão de Crédito,Confirmado,Scheduled,2024-09-20,2024-09-19
ORD004785,2024-09-24,MA,Nordeste,Casa e Decoração,Têxtil,1,242.31,0.0,20.42,262.73,Boleto,Confirmado,Standard,2024-10-08,2024-10-11
ORD004786,2024-04-06,PE,Nordeste,Esportes,Equipamentos,1,591.6,0.05,21.52,583.54,Cartão de Débito,Confirmado,Standard,2024-04-15,2024-04-14
ORD004787,2024-01-31,BA,Nordeste,Moda,Acessórios,1,125.09,0.05,16.96,135.8,PIX,Cancelado,Standard,2024-02-13,
ORD004788,2024-07-17,RS,Sul,Esportes,Suplementos,1,367.28,0.0,26.75,394.03,Cartão de Crédito,Confirmado,Standard,2024-07-30,2024-07-30
ORD004789,2024-06-25,MG,Sudeste,Livros,HQs,1,133.09,0.0,15.66,148.75,Cartão de Crédito,Confirmado,Standard,2024-07-04,2024-07-07
ORD004790,2024-07-29,MA,Nordeste,Esportes,Suplementos,1,288.41,0.05,21.01,295.0,PIX,Confirmado,Standard,2024-08-03,2024-08-03
ORD004791,2024-05-17,RS,Sul,Esportes,Roupas Esportivas,2,1004.24,0.0,18.55,1022.79,Boleto,Confirmado,Standard,2024-05-27,2024-05-28
ORD004792,2024-08-03,PR,Sul,Esportes,Acessórios,1,748.31,0.1,50.11,723.59,Cartão de Crédito,Confirmado,Same-Day,2024-08-03,2024-08-04
ORD004793,2024-01-01,RJ,Sudeste,Livros,HQs,1,129.35,0.05,13.98,136.87,Cartão de Débito,Confirmado,Standard,2024-01-13,2024-01-11
ORD004794,2024-04-07,ES,Sudeste,Casa e Decoração,Utensílios,2,1578.95,0.0,43.46,1622.41,Cartão de Crédito,Confirmado,Same-Day,2024-04-07,2024-04-08
ORD004795,2024-10-22,MG,Sudeste,Esportes,Roupas Esportivas,2,1032.79,0.0,47.58,1080.37,PIX,Confirmado,Scheduled,2024-10-30,2024-10-29
ORD004796,2024-05-07,MG,Sudeste,Eletrônicos,Notebooks,1,1185.43,0.0,23.18,1208.61,Boleto,Confirmado,Standard,2024-05-14,2024-05-24
ORD004797,2024-05-07,ES,Sudeste,Eletrônicos,Smartphones,1,4887.57,0.0,24.95,4912.52,PIX,Confirmado,Standard,2024-05-19,2024-05-17
ORD004798,2024-07-21,MG,Sudeste,Moda,Vestidos,1,238.69,0.0,23.23,261.92,Cartão de Crédito,Confirmado,Scheduled,2024-07-26,2024-07-24
ORD004799,2024-02-27,DF,Centro-Oeste,Eletrônicos,Notebooks,1,1400.68,0.0,49.39,1450.07,PIX,Confirmado,Scheduled,2024-03-01,2024-03-07
ORD004800,2024-02-26,AM,Norte,Eletrônicos,Fones de Ouvido,2,2775.94,0.0,46.43,2822.37,Cartão de Crédito,Confirmado,Scheduled,2024-03-03,2024-03-05
ORD004801,2024-02-24,SC,Sul,Moda,Calçados,1,115.76,0.0,12.75,128.51,Cartão de Crédito,Confirmado,Standard,2024-03-08,2024-03-18
ORD004802,2024-03-14,MG,Sudeste,Eletrônicos,Tablets,1,2261.65,0.0,20.85,2282.5,PIX,Confirmado,Standard,2024-03-20,2024-03-21
ORD004803,2024-06-15,BA,Nordeste,Livros,HQs,1,35.74,0.05,50.78,84.73,Cartão de Crédito,Confirmado,Same-Day,2024-06-15,2024-06-15
ORD004804,2024-05-20,PE,Nordeste,Moda,Calças,1,446.61,0.0,29.44,476.05,Cartão de Crédito,Cancelado,Standard,2024-05-28,
ORD004805,2024-04-15,BA,Nordeste,Casa e Decoração,Utensílios,1,1743.47,0.0,26.11,1769.58,Boleto,Confirmado,Scheduled,2024-04-22,2024-04-21
ORD004806,2024-05-04,PE,Nordeste,Livros,Técnicos,3,409.79,0.0,38.87,448.66,Cartão de Crédito,Cancelado,Standard,2024-05-18,
ORD004807,2024-08-11,SP,Sudeste,Casa e Decoração,Móveis,1,1428.9,0.0,19.29,1448.19,Cartão de Crédito,Confirmado,Standard,2024-08-18,2024-08-18
ORD004808,2024-08-09,PE,Nordeste,Moda,Camisetas,1,233.28,0.0,51.64,284.92,Cartão de Crédito,Confirmado,Scheduled,2024-08-18,2024-08-29
ORD004809,2024-01-31,ES,Sudeste,Livros,HQs,2,269.33,0.0,17.72,287.05,PIX,Cancelado,Standard,2024-02-13,
ORD004810,2024-05-28,RS,Sul,Livros,Ficção,1,132.33,0.0,26.97,159.3,PIX,Confirmado,Standard,2024-06-11,2024-06-10
ORD004811,2024-05-27,MG,Sudeste,Casa e Decoração,Decoração,2,856.7,0.0,19.94,876.64,Cartão de Crédito,Confirmado,Standard,2024-06-01,2024-05-30
ORD004812,2024-03-31,BA,Nordeste,Eletrônicos,Fones de Ouvido,1,2982.98,0.05,48.8,2882.63,Cartão de Crédito,Confirmado,Standard,2024-04-13,2024-04-12
ORD004813,2024-09-28,RJ,Sudeste,Esportes,Acessórios,1,358.71,0.0,34.92,393.63,Cartão de Crédito,Cancelado,Scheduled,2024-10-03,
ORD004814,2024-06-27,PR,Sul,Moda,Calçados,2,438.8,0.1,27.49,422.41,Cartão de Crédito,Confirmado,Standard,2024-07-05,2024-07-07
ORD004815,2024-04-12,ES,Sudeste,Casa e Decoração,Iluminação,1,1297.45,0.0,46.96,1344.41,Cartão de Crédito,Confirmado,Scheduled,2024-04-18,2024-04-18
ORD004816,2024-07-18,PR,Sul,Moda,Calçados,1,122.96,0.0,75.25,198.21,Cartão de Débito,Confirmado,Same-Day,2024-07-18,2024-07-20
ORD004817,2024-04-22,PE,Nordeste,Moda,Camisetas,1,87.96,0.0,18.17,106.13,Cartão de Crédito,Confirmado,Standard,2024-04-29,2024-05-11
ORD004818,2024-04-30,GO,Centro-Oeste,Livros,Infantis,1,128.88,0.05,27.62,150.06,Cartão de Crédito,Confirmado,Standard,2024-05-10,2024-05-13
ORD004819,2024-04-22,CE,Nordeste,Esportes,Equipamentos,1,148.71,0.0,52.89,201.6,Cartão de Débito,Confirmado,Scheduled,2024-04-25,2024-04-28
ORD004820,2024-02-26,PR,Sul,Casa e Decoração,Têxtil,1,970.09,0.0,34.15,1004.24,PIX,Confirmado,Same-Day,2024-02-26,2024-02-27
ORD004821,2024-05-10,ES,Sudeste,Eletrônicos,Tablets,1,4499.04,0.0,34.7,4533.74,Cartão de Crédito,Confirmado,Standard,2024-05-24,2024-05-22
ORD004822,2024-09-21,PA,Norte,Casa e Decoração,Iluminação,2,2015.99,0.05,49.43,1964.62,Cartão de Crédito,Confirmado,Same-Day,2024-09-21,2024-09-21
ORD004823,2024-01-11,RJ,Sudeste,Esportes,Roupas Esportivas,1,525.63,0.1,75.94,549.0,Cartão de Crédito,Confirmado,Same-Day,2024-01-11,2024-01-11
ORD004824,2024-05-03,MA,Nordeste,Casa e Decoração,Decoração,1,1098.68,0.0,73.06,1171.74,Cartão de Crédito,Confirmado,Same-Day,2024-05-03,2024-05-04
ORD004825,2024-05-05,PA,Norte,Esportes,Calçados,2,786.81,0.0,40.01,826.82,Cartão de Crédito,Confirmado,Standard,2024-05-11,2024-05-12
ORD004826,2024-10-21,PA,Norte,Esportes,Equipamentos,1,436.35,0.05,46.85,461.38,Cartão de Crédito,Confirmado,Standard,2024-10-26,2024-10-29
ORD004827,2024-09-11,CE,Nordeste,Eletrônicos,Notebooks,1,3959.98,0.0,49.04,4009.02,PIX,Confirmado,Standard,2024-09-21,2024-09-19
ORD004828,2024-01-11,SC,Sul,Esportes,Acessórios,1,468.7,0.0,,505.9,Cartão de Crédito,Confirmado,Standard,2024-01-22,2024-01-20
ORD004829,2024-10-17,SC,Sul,Eletrônicos,Fones de Ouvido,1,1085.98,0.0,30.84,1116.82,Cartão de Crédito,Confirmado,Scheduled,2024-10-22,2024-10-23
ORD004830,2024-04-09,MG,Sudeste,Eletrônicos,Tablets,1,3315.78,0.0,32.62,3348.4,Cartão de Crédito,Confirmado,Same-Day,2024-04-09,2024-04-09
ORD004831,2024-08-05,PR,Sul,Casa e Decoração,Têxtil,2,3695.25,0.1,28.78,3354.51,PIX,Confirmado,Scheduled,2024-08-09,2024-08-10
ORD004832,2024-04-12,GO,Centro-Oeste,Livros,HQs,1,81.18,0.15,42.21,111.21,Cartão de Crédito,Confirmado,Standard,2024-04-24,2024-04-25
ORD004833,2024-10-16,DF,Centro-Oeste,Casa e Decoração,Móveis,3,1528.97,0.05,38.85,1491.37,Cartão de Crédito,Cancelado,Same-Day,2024-10-16,
ORD004834,2024-07-13,PE,Nordeste,Esportes,Equipamentos,1,274.45,0.0,41.65,316.1,Cartão de Crédito,Confirmado,Scheduled,2024-07-19,2024-07-23
ORD004835,2024-05-05,SC,Sul,Eletrônicos,Tablets,1,1190.28,0.0,16.88,1207.16,Boleto,Confirmado,Standard,2024-05-13,2024-05-14
ORD004836,2024-07-01,PE,Nordeste,Moda,Acessórios,1,120.05,0.0,41.72,161.77,PIX,Confirmado,Standard,2024-07-12,2024-07-11
ORD004837,2024-06-19,PE,Nordeste,Moda,Calçados,1,120.65,0.0,36.61,157.26,Cartão de Crédito,Confirmado,Scheduled,2024-06-24,2024-06-22
ORD004838,2024-10-14,SP,Sudeste,Eletrônicos,Smartphones,1,654.12,0.0,14.27,668.39,PIX,Confirmado,Standard,2024-10-26,2024-10-26
ORD004839,2024-10-16,MA,Nordeste,Moda,Calças,2,777.03,0.0,47.81,824.84,Cartão de Crédito,Confirmado,Standard,2024-10-21,2024-10-19
ORD004840,2024-07-29,AM,Norte,Eletrônicos,Notebooks,1,4653.71,0.0,39.09,4692.8,Cartão de Crédito,Confirmado,Scheduled,2024-08-07,2024-08-09
ORD004841,2024-08-27,BA,Nordeste,Esportes,Roupas Esportivas,1,211.88,0.0,34.14,246.02,PIX,Confirmado,Standard,2024-09-04,2024-09-08
ORD004842,2024-02-22,GO,Centro-Oeste,Esportes,Acessórios,1,424.96,0.0,43.27,468.23,Boleto,Confirmado,Standard,2024-03-06,2024-03-20
ORD004843,2024-03-10,RS,Sul,Moda,Calças,1,347.28,0.0,25.54,372.82,Cartão de Crédito,Confirmado,Scheduled,2024-03-17,2024-03-15
ORD004844,2024-07-08,RJ,Sudeste,Eletrônicos,Tablets,1,3892.02,0.0,23.69,3915.71,Cartão de Crédito,Confirmado,Scheduled,2024-07-15,2024-07-18
ORD004845,2024-01-06,MA,Nordeste,Esportes,Acessórios,1,320.24,0.0,20.69,340.93,PIX,Cancelado,Standard,2024-01-11,
ORD004846,2024-03-02,PR,Sul,Esportes,Acessórios,2,1140.67,0.0,75.25,1215.92,Cartão de Crédito,Confirmado,Same-Day,2024-03-02,
ORD004847,2024-04-17,RJ,Sudeste,Casa e Decoração,Utensílios,1,126.1,0.0,20.42,146.52,Cartão de Crédito,Confirmado,Scheduled,2024-04-26,2024-04-24
ORD004848,2024-03-01,RJ,Sudeste,Casa e Decoração,Têxtil,3,3135.16,0.0,48.1,3183.26,Cartão de Débito,Confirmado,Same-Day,2024-03-01,2024-03-01
ORD004849,2024-10-01,ES,Sudeste,Moda,Camisetas,1,439.36,0.0,21.28,460.64,PIX,Confirmado,Scheduled,2024-10-07,2024-10-10
ORD004850,2024-08-31,ES,Sudeste,Casa e Decoração,Têxtil,1,256.89,0.1,10.98,242.18,Boleto,Confirmado,Standard,2024-09-10,2024-09-11
ORD004851,2024-03-26,GO,Centro-Oeste,Eletrônicos,Fones de Ouvido,1,3929.1,0.0,29.23,3958.33,Cartão de Crédito,Confirmado,Standard,2024-04-07,2024-04-19
ORD004852,2024-04-20,PA,Norte,Livros,Técnicos,1,52.2,0.0,76.64,128.84,PIX,Confirmado,Same-Day,2024-04-20,2024-04-21
ORD004853,2024-02-21,RJ,Sudeste,Esportes,Calçados,1,201.6,0.0,19.82,221.42,Cartão de Débito,Confirmado,Standard,2024-03-01,2024-03-03
ORD004854,2024-04-27,MA,Nordeste,Esportes,Suplementos,1,329.99,0.0,24.1,354.09,Cartão de Crédito,Confirmado,Standard,2024-05-07,2024-05-09
ORD004855,2024-01-01,BA,Nordeste,Casa e Decoração,Decoração,1,1054.35,0.0,23.64,1077.99,Cartão de Débito,Confirmado,Scheduled,2024-01-08,2024-01-09
ORD004856,2024-08-19,CE,Nordeste,Moda,Camisetas,1,56.92,0.0,18.05,74.97,PIX,Confirmado,Standard,2024-08-26,2024-08-24
ORD004857,2024-02-19,GO,Centro-Oeste,Esportes,Roupas Esportivas,1,167.4,0.05,26.72,185.75,Cartão de Crédito,Confirmado,Standard,2024-03-01,2024-03-01
ORD004858,2024-05-20,RS,Sul,Moda,Calças,3,1449.82,0.05,16.93,1394.26,Cartão de Crédito,Cancelado,Standard,2024-05-26,
ORD004859,2024-04-29,ES,Sudeste,Eletrônicos,Notebooks,2,1654.84,0.0,25.17,1680.01,PIX,Confirmado,Standard,2024-05-12,2024-05-15
ORD004860,2024-04-10,AM,Norte,Moda,Calças,1,179.47,0.0,27.4,206.87,Cartão de Débito,Cancelado,Standard,2024-04-19,
ORD004861,2024-03-08,PR,Sul,Livros,Ficção,1,115.65,0.05,38.98,148.85,Cartão de Débito,Confirmado,Standard,2024-03-15,2024-03-16
ORD004862,2024-08-18,RS,Sul,Esportes,Equipamentos,2,308.3,0.0,37.73,346.03,Cartão de Crédito,Confirmado,Standard,2024-08-31,2024-09-01
ORD004863,2024-01-17,RJ,Sudeste,Moda,Vestidos,1,240.86,0.1,32.56,249.34,Boleto,Confirmado,Scheduled,2024-01-21,2024-01-20
ORD004864,2024-06-02,AM,Norte,Livros,Não-ficção,1,34.55,0.05,42.39,75.21,Cartão de Crédito,Confirmado,Standard,2024-06-14,2024-06-13
ORD004865,2024-02-02,AM,Norte,Moda,Calçados,1,99.5,0.0,17.3,116.8,PIX,Cancelado,Standard,2024-02-11,
ORD004866,2024-07-12,SP,Sudeste,Moda,Vestidos,1,273.03,0.0,29.1,302.13,Cartão de Crédito,Cancelado,Standard,2024-07-26,
ORD004867,2024-01-18,CE,Nordeste,Moda,Calçados,1,269.52,0.2,50.38,265.99,PIX,Confirmado,Standard,2024-02-01,2024-02-01
ORD004868,2024-02-25,RJ,Sudeste,Moda,Calças,2,705.74,0.15,14.68,614.56,Cartão de Crédito,Confirmado,Standard,2024-03-09,2024-03-10
ORD004869,2024-02-07,MG,Sudeste,Livros,Ficção,2,295.37,0.15,37.99,289.06,Boleto,Confirmado,Same-Day,2024-02-07,2024-02-07
ORD004870,2024-08-10,RS,Sul,Moda,Vestidos,1,480.76,0.0,70.46,551.22,Cartão de Crédito,Confirmado,Same-Day,2024-08-10,2024-08-10
ORD004871,2024-09-23,ES,Sudeste,Esportes,Calçados,1,671.61,0.0,34.57,706.18,PIX,Confirmado,Same-Day,2024-09-23,2024-10-03
ORD004872,2024-10-29,MA,Nordeste,Esportes,Suplementos,1,311.68,0.0,35.58,347.26,Cartão de Crédito,Confirmado,Standard,2024-11-06,2024-11-12
ORD004873,2024-08-19,MG,Sudeste,Esportes,Calçados,1,148.51,0.0,23.39,171.9,Cartão de Crédito,Confirmado,Standard,2024-08-29,2024-08-30
ORD004874,2024-10-17,RS,Sul,Livros,Infantis,1,88.76,0.1,26.67,106.55,Cartão de Crédito,Confirmado,Standard,2024-10-22,2024-10-21
ORD004875,2024-03-29,DF,Centro-Oeste,Livros,Técnicos,1,148.09,0.05,17.52,158.2,PIX,Confirmado,Standard,2024-04-07,2024-04-08
ORD004876,2024-06-10,PR,Sul,Esportes,Equipamentos,1,758.02,0.0,13.11,771.13,PIX,Confirmado,Standard,2024-06-20,2024-06-22
ORD004877,2024-01-11,RS,Sul,Livros,Técnicos,1,96.08,0.0,23.38,119.46,Cartão de Crédito,Confirmado,Scheduled,2024-01-15,2024-01-13
ORD004878,2024-07-11,PA,Norte,Esportes,Acessórios,3,779.47,0.0,31.06,810.53,Cartão de Crédito,Confirmado,Standard,2024-07-18,2024-07-17
ORD004879,2024-02-16,AM,Norte,Esportes,Roupas Esportivas,1,634.5,0.0,47.29,681.79,PIX,Confirmado,Standard,2024-02-29,2024-03-01
ORD004880,2024-03-05,MA,Nordeste,Eletrônicos,Notebooks,1,2120.04,0.0,56.67,2176.71,Cartão de Crédito,Confirmado,Same-Day,2024-03-05,2024-03-09
ORD004881,2024-09-30,AM,Norte,Eletrônicos,Smartwatches,1,2309.61,0.0,50.18,2359.79,PIX,Cancelado,Standard,2024-10-08,
ORD004882,2024-09-02,BA,Nordeste,Esportes,Equipamentos,1,709.8,0.05,63.5,737.81,Cartão de Crédito,Cancelado,Scheduled,2024-09-07,
ORD004883,2024-01-28,CE,Nordeste,Moda,Acessórios,1,294.61,0.1,21.72,286.86,Cartão de Crédito,Confirmado,Standard,2024-02-05,2024-02-03
ORD004884,2024-04-28,PA,Norte,Moda,Calças,1,336.26,0.0,19.08,355.34,Cartão de Crédito,Confirmado,Standard,2024-05-10,2024-05-09
ORD004885,2024-01-26,CE,Nordeste,Esportes,Calçados,1,793.06,0.0,32.44,825.5,Cartão de Débito,Confirmado,Standard,2024-02-09,2024-02-12
ORD004886,2024-02-07,RS,Sul,Esportes,Calçados,1,611.03,0.0,14.43,625.46,PIX,Confirmado,Standard,2024-02-13,2024-02-11
ORD004887,2024-02-12,SC,Sul,Esportes,Calçados,1,182.27,0.0,17.22,199.49,Boleto,Confirmado,Standard,2024-02-20,2024-02-20
ORD004888,2024-02-17,PR,Sul,Casa e Decoração,Decoração,1,176.16,0.0,29.56,205.72,PIX,Confirmado,Standard,2024-02-26,2024-03-02
ORD004889,2024-10-08,MG,Sudeste,Moda,Camisetas,1,261.13,0.0,19.46,280.59,Boleto,Confirmado,Standard,2024-10-15,2024-10-25
ORD004890,2024-08-06,PE,Nordeste,Moda,Calças,1,348.98,0.0,23.03,372.01,Boleto,Cancelado,Standard,2024-08-14,
ORD004891,2024-04-22,ES,Sudeste,Eletrônicos,Smartwatches,1,1647.92,0.1,33.97,1517.1,Cartão de Crédito,Confirmado,Standard,2024-05-05,2024-05-06
ORD004892,2024-03-16,DF,Centro-Oeste,Livros,Ficção,1,24.71,0.0,26.91,51.62,Boleto,Cancelado,Standard,2024-03-28,
ORD004893,2024-08-04,ES,Sudeste,Esportes,Roupas Esportivas,1,319.8,0.0,23.75,343.55,Cartão de Crédito,Confirmado,Standard,2024-08-13,2024-08-18
ORD004894,2024-06-13,PE,Nordeste,Moda,Vestidos,1,131.63,0.0,60.85,192.48,PIX,Confirmado,Scheduled,2024-06-22,2024-06-21
ORD004895,2024-06-21,SP,Sudeste,Eletrônicos,Smartphones,3,14378.88,0.05,21.72,13681.65,Cartão de Crédito,Confirmado,Standard,2024-06-26,2024-06-27
ORD004896,2024-01-14,PA,Norte,Eletrônicos,Smartphones,1,2642.99,0.0,31.84,2674.83,PIX,Cancelado,Standard,2024-01-23,
ORD004897,2024-02-12,SC,Sul,Moda,Acessórios,1,78.05,0.0,34.94,112.99,PIX,Confirmado,Standard,2024-02-22,2024-02-20
ORD004898,2024-02-11,RJ,Sudeste,Moda,Calçados,1,244.63,0.0,33.27,277.9,Cartão de Crédito,Confirmado,Standard,2024-02-18,2024-02-16
ORD004899,2024-02-20,PE,Nordeste,Esportes,Suplementos,1,277.62,0.0,56.5,334.12,Boleto,Confirmado,Scheduled,2024-02-25,2024-02-23
ORD004900,2024-01-30,PA,Norte,Esportes,Roupas Esportivas,1,647.15,0.0,73.84,720.99,Cartão de Crédito,Confirmado,Same-Day,2024-01-30,2024-01-30
ORD004901,2024-03-17,SC,Sul,Casa e Decoração,Iluminação,1,854.62,0.0,32.28,886.9,PIX,Confirmado,Standard,2024-03-29,2024-04-03
ORD004902,2024-02-28,PA,Norte,Esportes,Suplementos,1,745.36,0.05,33.54,741.64,Cartão de Crédito,Confirmado,Standard,2024-03-04,2024-03-05
ORD004903,2024-05-29,PR,Sul,Moda,Camisetas,1,198.17,0.0,30.62,228.79,Cartão de Crédito,Confirmado,Scheduled,2024-06-03,2024-06-05
ORD004904,2024-10-06,AM,Norte,Moda,Acessórios,1,493.85,0.0,31.95,525.8,Cartão de Débito,Confirmado,Standard,2024-10-18,2024-10-18
ORD004905,2024-10-22,CE,Nordeste,Livros,Técnicos,1,47.69,0.0,55.5,103.19,Cartão de Débito,Cancelado,Scheduled,2024-10-26,
ORD004906,2024-09-08,CE,Nordeste,Eletrônicos,Notebooks,1,699.73,0.05,48.55,713.29,Cartão de Crédito,Confirmado,Standard,2024-09-20,2024-09-18
ORD004907,2024-03-30,AM,Norte,Casa e Decoração,Têxtil,1,810.61,0.0,31.68,842.29,PIX,Confirmado,Standard,2024-04-06,2024-04-09
ORD004908,2024-01-22,SC,Sul,Livros,Infantis,3,237.25,0.0,26.16,263.41,PIX,Confirmado,Standard,2024-02-01,2024-01-31
ORD004909,2024-01-21,CE,Nordeste,Livros,Infantis,1,71.6,0.0,48.07,119.67,Cartão de Crédito,Cancelado,Standard,2024-02-01,
ORD004910,2024-01-14,SP,Sudeste,Esportes,Roupas Esportivas,1,152.65,0.0,35.31,187.96,PIX,Confirmado,Standard,2024-01-19,2024-01-20
ORD004911,2024-01-02,GO,Centro-Oeste,Casa e Decoração,Utensílios,2,2393.87,0.0,29.9,2423.77,PIX,Cancelado,Standard,2024-01-10,
ORD004912,2024-07-12,SC,Sul,Casa e Decoração,Móveis,1,537.48,0.0,22.4,559.88,Cartão de Crédito,Confirmado,Standard,2024-07-18,2024-07-17
ORD004913,2024-07-04,ES,Sudeste,Esportes,Suplementos,1,758.83,0.0,12.53,771.36,Boleto,Confirmado,Standard,2024-07-12,2024-07-11
ORD004914,2024-09-28,MG,Sudeste,Livros,Infantis,1,28.75,0.0,41.92,70.67,PIX,Confirmado,Scheduled,2024-10-02,2024-09-30
ORD004915,2024-10-15,RJ,Sudeste,Moda,Calçados,1,192.93,0.0,23.1,216.03,PIX,Confirmado,Standard,2024-10-21,2024-10-20
ORD004916,2024-03-17,PA,Norte,Casa e Decoração,Têxtil,1,1300.69,0.1,36.32,1206.94,Cartão de Débito,Confirmado,Standard,2024-03-22,2024-03-22
ORD004917,2024-04-26,SC,Sul,Casa e Decoração,Móveis,1,754.0,0.0,38.87,792.87,PIX,Confirmado,Standard,2024-05-03,2024-05-01
ORD004918,2024-07-06,PR,Sul,Moda,Acessórios,1,340.91,0.0,34.6,375.51,Cartão de Crédito,Confirmado,Standard,2024-07-17,2024-07-16
ORD004919,2024-07-11,ES,Sudeste,Eletrônicos,Smartwatches,1,4167.99,0.1,47.78,3798.97,Cartão de Débito,Confirmado,Same-Day,2024-07-11,2024-07-11
ORD004920,2024-01-21,GO,Centro-Oeste,Livros,Ficção,1,138.94,0.0,15.65,154.59,Cartão de Crédito,Confirmado,Standard,2024-02-04,2024-02-03
ORD004921,2024-07-27,RS,Sul,Moda,Calçados,1,70.18,0.0,17.93,88.11,Cartão de Crédito,Confirmado,Standard,2024-08-08,2024-08-07
ORD004922,2024-10-12,PE,Nordeste,Esportes,Suplementos,1,742.47,0.05,64.33,769.68,PIX,Confirmado,Same-Day,2024-10-12,2024-10-13
ORD004923,2024-01-09,PA,Norte,Esportes,Calçados,2,637.52,0.0,36.07,673.59,PIX,Confirmado,Standard,2024-01-19,2024-01-19
ORD004924,2024-04-04,MG,Sudeste,Eletrônicos,Smartphones,2,4101.15,0.15,10.46,3496.44,PIX,Confirmado,Standard,2024-04-17,2024-04-17
ORD004925,2024-05-17,PA,Norte,Eletrônicos,Smartphones,1,1768.41,0.0,37.52,1805.93,Boleto,Cancelado,Standard,2024-05-30,
ORD004926,2024-07-19,PR,Sul,Esportes,Roupas Esportivas,1,236.4,0.05,23.93,248.51,Cartão de Crédito,Confirmado,Scheduled,2024-07-23,2024-07-22
ORD004927,2024-10-11,MA,Nordeste,Esportes,Roupas Esportivas,1,291.29,0.0,49.58,340.87,Cartão de Crédito,Confirmado,Standard,2024-10-21,2024-10-21
ORD004928,2024-05-13,GO,Centro-Oeste,Casa e Decoração,Utensílios,1,723.53,0.0,12.76,736.29,Cartão de Crédito,Confirmado,Standard,2024-05-18,2024-05-19
ORD004929,2024-10-07,PE,Nordeste,Livros,Não-ficção,1,43.28,0.0,56.36,99.64,PIX,Confirmado,Scheduled,2024-10-15,2024-10-18
ORD004930,2024-09-21,RS,Sul,Livros,Não-ficção,1,142.34,0.0,27.09,169.43,Cartão de Crédito,Confirmado,Standard,2024-10-02,2024-10-01
ORD004931,2024-09-27,GO,Centro-Oeste,Eletrônicos,Fones de Ouvido,1,3899.14,0.0,37.27,3936.41,PIX,Confirmado,Standard,2024-10-11,2024-10-10
ORD004932,2024-05-17,RS,Sul,Moda,Camisetas,1,342.22,0.0,17.43,359.65,Cartão de Crédito,Confirmado,Scheduled,2024-05-21,2024-05-20
ORD004933,2024-03-13,ES,Sudeste,Livros,HQs,1,126.13,0.0,39.65,165.78,Cartão de Crédito,Confirmado,Standard,2024-03-22,2024-03-26
ORD004934,2024-05-31,ES,Sudeste,Moda,Acessórios,1,227.4,0.0,10.13,237.53,Cartão de Crédito,Confirmado,Standard,2024-06-05,2024-06-05
ORD004935,2024-10-19,GO,Centro-Oeste,Casa e Decoração,Iluminação,1,584.55,0.0,21.76,606.31,Cartão de Crédito,Confirmado,Standard,2024-10-26,2024-10-25
ORD004936,2024-06-01,MG,Sudeste,Eletrônicos,Notebooks,1,3339.66,0.0,19.26,3358.92,Cartão de Crédito,Confirmado,Standard,2024-06-10,2024-06-10
ORD004937,2024-08-02,PA,Norte,Moda,Vestidos,1,122.15,0.0,33.72,155.87,Cartão de Crédito,Confirmado,Standard,2024-08-14,2024-08-19
ORD004938,2024-09-27,BA,Nordeste,Moda,Camisetas,2,613.46,0.0,17.82,631.28,Boleto,Confirmado,Standard,2024-10-02,2024-10-04
ORD004939,2024-06-07,PA,Norte,Casa e Decoração,Móveis,1,1517.9,0.15,17.74,1307.95,Cartão de Débito,Cancelado,Standard,2024-06-13,
ORD004940,2024-08-24,AM,Norte,Eletrônicos,Fones de Ouvido,1,4512.82,0.0,47.07,4559.89,PIX,Confirmado,Standard,2024-08-30,2024-08-28
ORD004941,2024-05-29,GO,Centro-Oeste,Livros,Não-ficção,1,34.49,0.0,22.22,56.71,Cartão de Crédito,Confirmado,Standard,2024-06-03,2024-06-04
ORD004942,2024-06-30,PA,Norte,Casa e Decoração,Decoração,1,1446.74,0.05,33.28,1407.68,Cartão de Crédito,Confirmado,Standard,2024-07-08,2024-07-06
ORD004943,2024-01-22,MG,Sudeste,Livros,Não-ficção,1,79.27,0.0,63.07,142.34,Cartão de Crédito,Confirmado,Same-Day,2024-01-22,2024-01-22
ORD004944,2024-07-07,SC,Sul,Esportes,Equipamentos,1,462.03,0.05,35.67,474.59,Cartão de Crédito,Confirmado,Scheduled,2024-07-12,2024-07-13
ORD004945,2024-05-30,RS,Sul,Eletrônicos,Smartphones,1,1680.94,0.0,37.1,1718.04,PIX,Confirmado,Standard,2024-06-13,2024-06-14
ORD004946,2024-08-28,BA,Nordeste,Casa e Decoração,Iluminação,1,1461.28,0.0,37.11,1498.39,Cartão de Débito,Confirmado,Standard,2024-09-08,2024-09-08
ORD004947,2024-05-23,AM,Norte,Casa e Decoração,Têxtil,1,1403.42,0.1,46.45,1309.53,Cartão de Crédito,Confirmado,Standard,2024-06-01,2024-06-05
ORD004948,2024-10-21,AM,Norte,Esportes,Calçados,1,787.23,0.0,19.1,806.33,Cartão de Crédito,Confirmado,Standard,2024-10-30,2024-11-02
ORD004949,2024-01-12,PA,Norte,Moda,Camisetas,1,333.2,0.0,35.31,368.51,Cartão de Débito,Cancelado,Scheduled,2024-01-17,
ORD004950,2024-07-07,RS,Sul,Esportes,Calçados,1,477.96,0.0,35.65,513.61,Cartão de Crédito,Confirmado,Standard,2024-07-18,2024-07-19
ORD004951,2024-09-22,MG,Sudeste,Casa e Decoração,Decoração,3,341.18,0.0,32.16,373.34,Cartão de Crédito,Confirmado,Standard,2024-10-06,2024-10-04
ORD004952,2024-03-09,PE,Nordeste,Esportes,Roupas Esportivas,1,682.85,0.0,15.18,698.03,PIX,Confirmado,Standard,2024-03-16,2024-03-16
ORD004953,2024-06-23,SP,Sudeste,Casa e Decoração,Móveis,1,965.83,0.0,29.53,995.36,PIX,Confirmado,Standard,2024-06-28,2024-06-29
ORD004954,2024-05-29,RS,Sul,Moda,Calças,2,859.25,0.0,32.53,891.78,Boleto,Cancelado,Standard,2024-06-10,
ORD004955,2024-04-16,PA,Norte,Casa e Decoração,Utensílios,1,1125.72,0.1,48.7,1061.84,Cartão de Crédito,Confirmado,Standard,2024-04-21,2024-04-19
ORD004956,2024-09-26,PR,Sul,Esportes,Suplementos,1,724.56,0.05,38.08,726.41,PIX,Confirmado,Standard,2024-10-02,2024-10-14
ORD004957,2024-03-03,BA,Nordeste,Moda,Calças,1,419.72,0.2,28.49,364.27,PIX,Confirmado,Standard,2024-03-08,2024-03-07
ORD004958,2024-02-22,RJ,Sudeste,Eletrônicos,Smartwatches,1,2120.68,0.0,33.44,2154.12,Cartão de Crédito,Confirmado,Standard,2024-03-01,2024-03-04
ORD004959,2024-08-20,CE,Nordeste,Livros,Ficção,1,65.53,0.0,42.02,107.55,Cartão de Crédito,Confirmado,Standard,2024-08-31,2024-08-30
ORD004960,2024-10-05,SP,Sudeste,Esportes,Equipamentos,1,208.47,0.0,39.31,247.78,Cartão de Crédito,Confirmado,Scheduled,2024-10-12,2024-10-14
ORD004961,2024-05-03,DF,Centro-Oeste,Eletrônicos,Notebooks,1,1245.37,0.1,69.53,1190.36,PIX,Confirmado,Same-Day,2024-05-03,2024-05-03
ORD004962,2024-09-09,RS,Sul,Moda,Calçados,1,467.93,0.0,12.79,480.72,Cartão de Débito,Cancelado,Standard,2024-09-15,
ORD004963,2024-06-14,RS,Sul,Eletrônicos,Fones de Ouvido,1,2687.59,0.1,11.6,2430.43,Cartão de Crédito,Confirmado,Standard,2024-06-28,2024-06-29
ORD004964,2024-01-18,ES,Sudeste,Eletrônicos,Smartphones,1,4448.34,0.0,70.38,4518.72,Boleto,Cancelado,Same-Day,2024-01-18,
ORD004965,2024-09-15,PE,Nordeste,Casa e Decoração,Iluminação,1,1937.92,0.0,51.59,1989.51,Cartão de Crédito,Confirmado,Standard,2024-09-21,2024-09-22
ORD004966,2024-02-18,PE,Nordeste,Esportes,Acessórios,1,503.69,0.1,92.71,546.03,Cartão de Crédito,Confirmado,Same-Day,2024-02-18,2024-02-19
ORD004967,2024-10-09,ES,Sudeste,Esportes,Roupas Esportivas,1,133.53,0.0,31.27,164.8,Cartão de Débito,Confirmado,Standard,2024-10-14,2024-10-19
ORD004968,2024-01-06,MA,Nordeste,Moda,Calças,2,571.73,0.0,37.34,609.07,Cartão de Crédito,Confirmado,Standard,2024-01-18,2024-01-20
ORD004969,2024-01-14,PA,Norte,Eletrônicos,Smartwatches,1,3269.01,0.1,55.0,2997.11,PIX,Cancelado,Scheduled,2024-01-23,
ORD004970,2024-02-24,SC,Sul,Livros,Ficção,1,138.69,0.0,14.38,153.07,Cartão de Crédito,Confirmado,Standard,2024-03-06,2024-03-04
ORD004971,2024-10-08,MG,Sudeste,Esportes,Calçados,1,268.94,0.1,12.82,254.87,PIX,Confirmado,Standard,2024-10-14,2024-10-13
ORD004972,2024-01-07,RS,Sul,Livros,Técnicos,2,298.02,0.0,25.79,323.81,Boleto,Confirmado,Standard,2024-01-20,2024-01-18
ORD004973,2024-08-29,GO,Centro-Oeste,Livros,Técnicos,1,53.31,0.0,39.59,92.9,Cartão de Crédito,Confirmado,Standard,2024-09-09,2024-09-15
ORD004974,2024-05-25,AM,Norte,Esportes,Roupas Esportivas,1,542.76,0.15,32.7,494.04,Cartão de Crédito,Confirmado,Standard,2024-06-02,2024-06-05
ORD004975,2024-07-31,MA,Nordeste,Eletrônicos,Smartwatches,1,1625.17,0.05,43.17,1587.08,Cartão de Crédito,Confirmado,Standard,2024-08-05,2024-08-06
ORD004976,2024-04-19,BA,Nordeste,Casa e Decoração,Têxtil,1,1245.35,0.05,60.49,1243.57,Boleto,Confirmado,Same-Day,2024-04-19,2024-04-19
ORD004977,2024-06-26,MG,Sudeste,Eletrônicos,Smartphones,1,3781.52,0.1,19.53,3422.9,Cartão de Crédito,Cancelado,Standard,2024-07-06,
ORD004978,2024-06-08,DF,Centro-Oeste,Eletrônicos,Smartphones,1,2074.55,0.0,14.66,2089.21,Cartão de Crédito,Confirmado,Standard,2024-06-14,2024-06-15
ORD004979,2024-09-26,GO,Centro-Oeste,Esportes,Suplementos,1,198.36,0.0,41.35,239.71,Cartão de Crédito,Confirmado,Standard,2024-10-09,2024-10-12
ORD004980,2024-02-25,CE,Nordeste,Casa e Decoração,Utensílios,1,1187.09,0.0,21.92,1209.01,Cartão de Crédito,Cancelado,Scheduled,2024-02-29,
ORD004981,2024-04-28,BA,Nordeste,Esportes,Acessórios,2,1196.7,0.15,15.34,1032.54,PIX,Confirmado,Standard,2024-05-03,2024-05-09
ORD004982,2024-06-24,AM,Norte,Eletrônicos,Smartwatches,1,3855.81,0.0,57.36,3913.17,PIX,Confirmado,Scheduled,2024-06-29,2024-07-11
ORD004983,2024-03-12,PA,Norte,Livros,Não-ficção,1,48.73,0.1,21.35,65.2,PIX,Confirmado,Standard,2024-03-20,2024-03-21
ORD004984,2024-03-28,AM,Norte,Moda,Calças,1,135.81,0.0,17.36,153.17,Cartão de Crédito,Confirmado,Standard,2024-04-02,2024-04-07
ORD004985,2024-09-15,MG,Sudeste,Eletrônicos,Notebooks,2,9416.29,0.0,20.08,9436.37,Cartão de Crédito,Confirmado,Standard,2024-09-25,2024-09-28
ORD004986,2024-08-19,PR,Sul,Casa e Decoração,Decoração,1,966.75,0.0,10.97,977.72,Cartão de Crédito,Confirmado,Standard,2024-08-27,2024-08-26
ORD004987,2024-08-02,RJ,Sudeste,Eletrônicos,Tablets,2,3005.27,0.0,26.52,3031.79,PIX,Confirmado,Scheduled,2024-08-06,2024-08-07
ORD004988,2024-01-19,ES,Sudeste,Casa e Decoração,Utensílios,1,513.53,0.0,29.58,543.11,PIX,Confirmado,Standard,2024-01-30,2024-01-29
ORD004989,2024-09-23,CE,Nordeste,Livros,Ficção,3,220.4,0.0,37.95,258.35,Cartão de Débito,Confirmado,Standard,2024-10-05,2024-10-09
ORD004990,2024-07-06,GO,Centro-Oeste,Eletrônicos,Tablets,2,3274.3,0.0,62.37,3336.67,Cartão de Crédito,Confirmado,Same-Day,2024-07-06,2024-07-09
ORD004991,2024-05-01,PE,Nordeste,Livros,Infantis,1,24.56,0.0,16.5,41.06,Cartão de Crédito,Confirmado,Standard,2024-05-12,2024-05-13
ORD004992,2024-08-10,PA,Norte,Eletrônicos,Smartwatches,1,4976.62,0.0,20.95,4997.57,Boleto,Confirmado,Scheduled,2024-08-14,2024-08-14
ORD004993,2024-02-19,RJ,Sudeste,Moda,Calçados,1,149.35,0.0,77.09,226.44,PIX,Confirmado,Same-Day,2024-02-19,2024-02-19
ORD004994,2024-01-10,SP,Sudeste,Moda,Camisetas,1,64.26,0.0,18.36,82.62,Cartão de Crédito,Confirmado,Standard,2024-01-22,2024-01-20
ORD004995,2024-09-23,MA,Nordeste,Moda,Vestidos,2,431.76,0.0,39.51,471.27,Cartão de Débito,Confirmado,Standard,2024-10-03,2024-10-02
ORD004996,2024-07-18,BA,Nordeste,Esportes,Roupas Esportivas,1,164.48,0.1,61.28,209.31,Cartão de Débito,Confirmado,Same-Day,2024-07-18,2024-07-19
ORD004997,2024-01-14,BA,Nordeste,Moda,Calçados,1,454.52,0.0,36.09,490.61,Cartão de Crédito,Confirmado,Standard,2024-01-25,2024-01-24
ORD004998,2024-02-07,SC,Sul,Moda,Camisetas,1,414.32,0.15,13.5,365.67,PIX,Confirmado,Standard,2024-02-13,2024-02-14
ORD004999,2024-03-30,PA,Norte,Moda,Vestidos,1,63.38,0.05,13.3,73.51,PIX,Cancelado,Standard,2024-04-05,
ORD005000,2024-06-23,SC,Sul,Eletrônicos,Fones de Ouvido,2,3283.86,0.1,13.06,2968.53,Cartão de Crédito,Confirmado,Standard,2024-07-05,2024-07-03
ORD001502,2024-10-05,SC,Sul,Casa e Decoração,Iluminação,1,279.47,0.05,29.69,295.18,Cartão de Crédito,Confirmado,Standard,2024-10-11,2024-10-10
ORD002587,2024-07-14,SC,Sul,Livros,Não-ficção,1,32.24,0.0,30.14,62.38,Cartão de Crédito,Confirmado,Scheduled,2024-07-20,2024-07-19
ORD002654,2024-10-14,DF,Centro-Oeste,Livros,Ficção,2,234.18,0.05,38.3,260.77,PIX,Confirmado,Standard,2024-10-22,2024-10-22
ORD001056,2024-06-13,PR,Sul,Livros,HQs,2,84.03,0.0,16.29,100.32,Cartão de Crédito,Confirmado,Standard,2024-06-25,2024-06-24
ORD000706,2024-09-25,SP,Sudeste,Eletrônicos,Smartphones,1,1594.06,0.0,23.82,1617.88,Cartão de Crédito,Confirmado,Standard,2024-10-03,2024-10-03
ORD000107,2024-01-22,PR,Sul,Casa e Decoração,Móveis,1,576.39,0.0,35.14,611.53,Cartão de Crédito,Confirmado,Standard,2024-01-28,2024-01-28
ORD000590,2024-04-16,CE,Nordeste,Casa e Decoração,Iluminação,1,174.79,0.05,31.24,197.29,Boleto,Confirmado,Standard,2024-04-23,2024-04-24
ORD002469,2024-02-04,DF,Centro-Oeste,Moda,Acessórios,1,228.09,0.0,17.66,245.75,Cartão de Débito,Confirmado,Standard,2024-02-13,2024-02-22
ORD002414,2024-09-15,PA,Norte,Casa e Decoração,Decoração,1,1153.01,0.1,31.18,1068.89,PIX,Confirmado,Standard,2024-09-27,2024-09-26
ORD001601,2024-04-26,BA,Nordeste,Moda,Acessórios,1,271.58,0.0,21.06,292.64,Cartão de Crédito,Confirmado,Standard,2024-05-07,2024-05-08
ORD002465,2024-08-07,MA,Nordeste,Esportes,Calçados,1,632.94,0.0,42.28,675.22,Cartão de Crédito,Confirmado,Scheduled,2024-08-15,2024-08-22
ORD000229,2024-01-31,DF,Centro-Oeste,Eletrônicos,Notebooks,1,3685.26,0.0,26.99,3712.25,Cartão de Crédito,Cancelado,Standard,2024-02-13,
ORD000916,2024-07-24,RJ,Sudeste,Livros,Técnicos,1,33.23,0.0,29.81,63.04,PIX,Confirmado,Standard,2024-08-02,2024-07-31
ORD000795,2024-10-13,BA,Nordeste,Livros,Não-ficção,1,105.23,0.0,76.98,182.21,Boleto,Confirmado,Same-Day,2024-10-13,2024-10-14
ORD003022,2024-06-29,RJ,Sudeste,Eletrônicos,Notebooks,1,1787.91,0.0,64.9,1852.81,PIX,Confirmado,Same-Day,2024-06-29,2024-06-29
ORD003544,2024-08-19,RS,Sul,Esportes,Roupas Esportivas,1,235.98,0.1,22.42,234.8,Cartão de Débito,Confirmado,Standard,2024-09-02,2024-09-02
ORD001074,2024-07-28,CE,Nordeste,Eletrônicos,Smartphones,2,7291.96,0.0,61.24,7353.2,Cartão de Débito,Confirmado,Scheduled,2024-07-31,2024-07-31
ORD003352,2024-04-10,CE,Nordeste,Esportes,Acessórios,1,97.46,0.0,14.72,112.18,Cartão de Crédito,Confirmado,Standard,2024-04-15,2024-04-15
ORD001745,2024-02-09,ES,Sudeste,Esportes,Acessórios,1,414.22,0.0,28.44,442.66,Boleto,Confirmado,Standard,2024-02-15,2024-02-14
ORD001085,2024-05-21,PR,Sul,Casa e Decoração,Utensílios,1,521.13,0.0,21.91,543.04,Boleto,Cancelado,Scheduled,2024-05-30,
ORD000927,2024-03-13,ES,Sudeste,Casa e Decoração,Móveis,1,978.98,0.05,15.39,945.42,Cartão de Crédito,Cancelado,Standard,2024-03-23,
ORD003050,2024-01-28,RJ,Sudeste,Livros,Técnicos,1,51.24,0.1,77.07,123.19,Cartão de Crédito,Confirmado,Same-Day,2024-01-28,2024-01-28
ORD001118,2024-10-28,PR,Sul,Moda,Camisetas,3,1172.15,0.05,37.11,1150.66,Cartão de Crédito,Confirmado,Standard,2024-11-03,2024-11-02
ORD000643,2024-09-07,RJ,Sudeste,Esportes,Acessórios,1,599.16,0.05,21.26,590.46,Boleto,Confirmado,Standard,2024-09-18,2024-09-17
ORD004768,2024-10-22,RS,Sul,Esportes,Roupas Esportivas,1,678.54,,21.0,699.54,Boleto,Confirmado,Standard,2024-10-29,2024-10-28
ORD000502,2024-01-30,RJ,Sudeste,Livros,Técnicos,1,138.04,0.0,13.14,151.18,Cartão de Crédito,Confirmado,Standard,2024-02-04,2024-02-03
ORD004067,2024-04-24,PE,Nordeste,Casa e Decoração,Têxtil,1,1937.91,0.0,24.36,1962.27,Boleto,Confirmado,Standard,2024-05-02,2024-05-01
ORD000334,2024-07-02,SP,Sudeste,Livros,Técnicos,1,124.0,0.0,35.96,159.96,Cartão de Crédito,Confirmado,Standard,2024-07-13,2024-07-12
ORD004685,2024-05-02,ES,Sudeste,Livros,Infantis,1,149.73,0.05,12.58,154.82,Cartão de Crédito,Confirmado,Standard,2024-05-13,2024-05-13
ORD000487,2024-06-10,MA,Nordeste,Casa e Decoração,Têxtil,1,123.45,0.05,36.32,153.6,Cartão de Crédito,Confirmado,Standard,2024-06-17,2024-06-21
ORD001963,2024-10-21,MG,Sudeste,Livros,Técnicos,1,139.46,0.1,23.44,148.96,Cartão de Débito,Cancelado,Standard,2024-11-03,
ORD000394,2024-09-11,ES,Sudeste,Livros,Não-ficção,1,36.86,0.0,11.88,48.74,Cartão de Crédito,Confirmado,Standard,2024-09-17,2024-09-17
ORD004843,2024-03-10,RS,Sul,Moda,Calças,1,347.28,0.0,25.54,372.82,Cartão de Crédito,Confirmado,Scheduled,2024-03-17,2024-03-15
ORD004867,2024-01-18,CE,Nordeste,Moda,Calçados,1,269.52,0.2,50.38,265.99,PIX,Confirmado,Standard,2024-02-01,2024-02-01
ORD001756,2024-08-10,ES,Sudeste,Casa e Decoração,Móveis,1,847.24,0.0,47.05,894.29,Cartão de Crédito,Confirmado,Same-Day,2024-08-10,2024-08-10
ORD002516,2024-08-30,PR,Sul,Esportes,Acessórios,1,374.76,0.15,39.88,358.42,Cartão de Crédito,Confirmado,Standard,2024-09-11,2024-09-10
ORD003586,2024-10-15,RJ,Sudeste,Moda,Acessórios,3,985.44,0.0,22.11,1007.55,Cartão de Débito,Confirmado,Standard,2024-10-24,2024-10-22
ORD004316,2024-07-01,AM,Norte,Esportes,Acessórios,1,704.63,0.05,19.84,689.24,PIX,Confirmado,Standard,2024-07-13,2024-07-11
ORD004967,2024-10-09,ES,Sudeste,Esportes,Roupas Esportivas,1,133.53,0.0,31.27,164.8,Cartão de Débito,Confirmado,Standard,2024-10-14,2024-10-19
ORD002100,2024-02-28,SC,Sul,Moda,Camisetas,3,291.74,0.0,10.15,301.89,Cartão de Crédito,Confirmado,Standard,2024-03-05,2024-03-06
ORD003600,2024-03-26,GO,Centro-Oeste,Casa e Decoração,Utensílios,1,1894.02,0.0,18.69,1912.71,Cartão de Crédito,Confirmado,Standard,2024-04-03,2024-04-05
ORD004122,2024-01-13,PE,Nordeste,Eletrônicos,Tablets,1,1936.53,0.0,47.85,1984.38,Cartão de Crédito,Confirmado,Same-Day,2024-01-13,2024-01-20
ORD000030,2024-10-25,BA,Nordeste,Casa e Decoração,Utensílios,1,1183.12,0.0,25.87,1208.99,Boleto,Cancelado,Scheduled,2024-10-28,
ORD000066,2024-10-01,PE,Nordeste,Moda,Calçados,1,206.34,0.0,33.95,240.29,Cartão de Crédito,Confirmado,Standard,2024-10-11,2024-10-12
ORD000839,2024-05-07,MG,Sudeste,Casa e Decoração,Utensílios,1,1926.54,0.0,36.13,1962.67,Cartão de Crédito,Confirmado,Scheduled,2024-05-13,2024-05-14
ORD003907,2024-10-21,MA,Nordeste,Casa e Decoração,Têxtil,1,609.06,0.1,44.11,592.26,Cartão de Crédito,Cancelado,Standard,2024-11-03,
ORD003774,2024-07-18,CE,Nordeste,Esportes,Equipamentos,2,716.58,0.0,38.76,755.34,PIX,Confirmado,Scheduled,2024-07-27,2024-07-25
ORD004636,2024-04-22,PE,Nordeste,Moda,Calçados,1,124.94,0.05,37.4,156.1,Cartão de Crédito,Confirmado,Scheduled,2024-04-25,2024-04-23
ORD003162,2024-02-22,SP,Sudeste,Moda,Camisetas,1,496.81,0.0,26.9,523.71,Cartão de Crédito,Confirmado,Standard,2024-03-05,2024-03-06
ORD002660,2024-10-28,RJ,Sudeste,Livros,Ficção,1,45.48,0.0,23.46,68.94,Cartão de Crédito,Confirmado,Standard,2024-11-04,2024-11-08
