Order_ID,Order_Date,Total,Subtotal,Discount,P_Service,Payment_Method,Purchase_Status,UF,Region,Category,D_Forecast,D_Date,Services,Quantity
1,2025-04-12 00:52:33,3586.28,3958.2,0.1048,42.9,Credito,Processando,AC,Norte,Eletrônicos,2025-05-03 14:45:17,2025-05-03 14:45:17,Same-Day,2
2,2025-05-05 01:02:38,1636.64,1799.01,0.1141,42.9,PIX,Em Analise,PB,Nordeste,Eletrônicos,2025-05-14 07:31:07,2025-05-17 07:31:07,Same-Day,1
3,2025-04-27 23:05:38,2019.82,2144.0,0.0686,22.9,Boleto,Cancelado,RR,Norte,Eletrônicos,2025-05-10 15:29:43,2025-05-10 15:29:43,Standard,2
4,2025-04-10 02:42:52,237.23,199.6,0.0264,42.9,Debito,Processando,RO,Norte,Eletrônicos,2025-05-07 16:01:14,2025-05-10 16:01:14,Same-Day,4
5,2025-05-12 21:55:33,193.33,161.7,0.0697,42.9,Credito,Em Analise,AC,Norte,Eletrônicos,2025-04-30 15:40:39,2025-05-04 15:40:39,Same-Day,3
6,2025-05-11 20:17:17,1666.13,1798.0,0.0972,42.9,Credito,Cancelado,PB,Nordeste,Eletrônicos,2025-04-22 13:34:38,2025-04-23 13:34:38,Same-Day,2
7,2025-03-18 05:42:47,4947.18,5397.03,0.0913,42.9,Boleto,Em Analise,RO,Norte,Eletrônicos,2025-04-26 02:07:24,2025-04-29 02:07:24,Same-Day,3
8,2025-02-27 06:54:32,9143.39,9208.0,0.0106,32.99,PIX,Confirmado,PR,Sul,Eletrônicos,2025-05-03 10:22:08,2025-05-05 10:22:08,Scheduled,2
9,2025-05-04 04:29:08,467.54,449.0,0.0097,22.9,PIX,Em Analise,ES,Sudeste,Eletrônicos,2025-04-19 11:03:14,2025-04-22 11:03:14,Standard,1
10,2025-04-16 20:57:08,7867.95,9149.97,0.1448,42.9,PIX,Cancelado,RS,Sul,Eletrônicos,2025-05-11 06:11:00,2025-05-14 06:11:00,Same-Day,3
11,2025-04-16 02:03:43,4260.5,4316.0,0.0228,42.9,Debito,Em Analise,PB,Nordeste,Eletrônicos,2025-04-14 07:35:31,2025-04-18 07:35:31,Same-Day,4
12,2025-03-25 09:52:22,1504.73,1539.8,0.0442,32.99,Credito,Confirmado,AC,Norte,Eletrônicos,2025-04-25 00:24:52,2025-04-29 00:24:52,Scheduled,2
13,2025-03-01 16:09:23,16319.22,18416.0,0.1151,22.9,PIX,Cancelado,AM,Norte,Eletrônicos,2025-04-28 07:28:49,2025-04-28 07:28:49,Standard,4
14,2025-02-26 12:39:38,4093.47,4316.0,0.0615,42.9,Boleto,Processando,ES,Sudeste,Eletrônicos,2025-05-11 16:28:28,2025-05-13 16:28:28,Same-Day,4
15,2025-03-05 23:27:59,295.56,259.72,0.0272,42.9,Credito,Processando,PA,Norte,Eletrônicos,2025-04-28 11:37:36,2025-05-01 11:37:36,Same-Day,2
16,2025-03-06 14:45:45,119.24,103.6,0.0701,22.9,Debito,Cancelado,RJ,Sudeste,Eletrônicos,2025-04-30 05:10:29,2025-05-05 05:10:29,Standard,2
17,2025-02-28 06:40:58,3008.64,3253.14,0.0853,32.99,Boleto,Confirmado,CE,Nordeste,Eletrônicos,2025-05-05 01:49:22,2025-05-09 01:49:22,Scheduled,2
18,2025-03-11 05:37:17,143.38,107.8,0.0679,42.9,Credito,Processando,PE,Nordeste,Eletrônicos,2025-04-19 06:49:11,2025-04-23 06:49:11,Same-Day,2
19,2025-05-08 04:47:07,238.29,249.82,0.1378,22.9,Credito,Cancelado,CE,Nordeste,Eletrônicos,2025-05-07 11:50:38,2025-05-10 11:50:38,Standard,2
20,2025-03-10 10:30:01,186.21,149.7,0.0427,42.9,Credito,Em Analise,SP,Sudeste,Eletrônicos,2025-05-08 15:34:41,2025-05-13 15:34:41,Same-Day,3
21,2025-04-01 12:47:17,2973.33,3253.14,0.0992,42.9,PIX,Em Analise,PI,Nordeste,Eletrônicos,2025-05-03 13:18:34,2025-05-03 13:18:34,Same-Day,2
22,2025-03-12 14:29:34,1096.89,1072.0,0.0168,42.9,Credito,Em Analise,PE,Nordeste,Eletrônicos,2025-04-28 16:07:18,2025-04-28 16:07:18,Same-Day,1
23,2025-02-25 05:46:45,1819.39,1898.0,0.0588,32.99,Credito,Em Analise,PB,Nordeste,Eletrônicos,2025-04-22 20:48:35,2025-04-26 20:48:35,Scheduled,2
24,2025-04-20 21:15:27,886.47,949.0,0.1111,42.9,Debito,Cancelado,RS,Sul,Eletrônicos,2025-04-29 07:29:22,2025-05-04 07:29:22,Same-Day,1
25,2025-03-25 13:17:21,133.1,103.6,0.0337,32.99,PIX,Confirmado,PI,Nordeste,Eletrônicos,2025-04-17 15:51:23,2025-04-19 15:51:23,Scheduled,2
26,2025-05-01 13:57:46,5963.46,6506.28,0.0885,32.99,Credito,Cancelado,BA,Nordeste,Eletrônicos,2025-05-04 06:59:40,2025-05-05 06:59:40,Scheduled,4
27,2025-04-21 15:50:53,3022.74,3049.99,0.023,42.9,Credito,Processando,RS,Sul,Eletrônicos,2025-05-02 16:46:46,2025-05-06 16:46:46,Same-Day,1
28,2025-04-22 23:40:44,3209.37,3216.0,0.0154,42.9,Boleto,Confirmado,PI,Nordeste,Eletrônicos,2025-04-26 18:17:08,2025-04-30 18:17:08,Same-Day,3
29,2025-02-19 04:48:16,345.24,349.8,0.0785,22.9,Debito,Processando,RS,Sul,Eletrônicos,2025-04-22 12:23:13,2025-04-27 12:23:13,Standard,2
30,2025-02-24 02:23:43,1658.76,1798.0,0.1013,42.9,PIX,Cancelado,PE,Nordeste,Eletrônicos,2025-04-23 18:00:59,2025-04-24 18:00:59,Same-Day,2
31,2025-04-13 11:48:49,1810.33,1798.0,0.017,42.9,Boleto,Cancelado,PE,Nordeste,Eletrônicos,2025-04-18 11:34:53,2025-04-20 11:34:53,Same-Day,2
32,2025-03-06 00:42:28,808.2,899.0,0.1377,32.99,PIX,Em Analise,SC,Sul,Eletrônicos,2025-05-07 22:52:17,2025-05-10 22:52:17,Scheduled,1
33,2025-04-06 06:58:45,2254.3,2309.7,0.0339,22.9,Credito,Confirmado,MG,Sudeste,Eletrônicos,2025-05-12 17:09:59,2025-05-16 17:09:59,Standard,3
34,2025-04-16 08:11:08,18117.5,18416.0,0.018,32.99,PIX,Em Analise,PR,Sul,Eletrônicos,2025-05-05 22:07:58,2025-05-07 22:07:58,Scheduled,4
35,2025-03-15 05:05:42,94.97,53.7,0.0304,42.9,Boleto,Processando,AP,Norte,Eletrônicos,2025-05-12 17:04:07,2025-05-14 17:04:07,Same-Day,3
36,2025-03-18 12:37:25,243.11,215.6,0.0254,32.99,PIX,Confirmado,SC,Sul,Eletrônicos,2025-05-09 16:05:35,2025-05-09 16:05:35,Scheduled,4
37,2025-03-16 04:22:08,96.07,53.9,0.0136,42.9,PIX,Processando,RS,Sul,Eletrônicos,2025-05-12 21:05:56,2025-05-13 21:05:56,Same-Day,1
38,2025-04-19 14:47:47,482.73,499.64,0.1197,42.9,Debito,Confirmado,SC,Sul,Eletrônicos,2025-04-17 17:16:43,2025-04-20 17:16:43,Same-Day,4
39,2025-03-22 18:59:08,5519.06,5937.3,0.0743,22.9,Boleto,Confirmado,RR,Norte,Eletrônicos,2025-04-29 04:43:18,2025-05-01 04:43:18,Standard,3
40,2025-03-03 03:31:44,1726.17,1798.0,0.0583,32.99,PIX,Processando,RJ,Sudeste,Eletrônicos,2025-05-12 18:08:14,2025-05-13 18:08:14,Scheduled,2
41,2025-03-27 02:25:36,182.95,174.9,0.1426,32.99,Debito,Em Analise,SP,Sudeste,Eletrônicos,2025-05-11 08:58:37,2025-05-11 08:58:37,Scheduled,1
42,2025-03-27 23:28:39,93.8,53.9,0.0557,42.9,Credito,Confirmado,PR,Sul,Eletrônicos,2025-05-06 22:51:51,2025-05-07 22:51:51,Same-Day,1
43,2025-05-03 13:48:20,1534.3,1539.8,0.025,32.99,Boleto,Em Analise,CE,Nordeste,Eletrônicos,2025-04-25 21:55:20,2025-04-28 21:55:20,Scheduled,2
44,2025-02-25 22:16:37,904.95,899.0,0.0411,42.9,PIX,Cancelado,MA,Nordeste,Eletrônicos,2025-04-19 08:30:24,2025-04-22 08:30:24,Same-Day,1
45,2025-02-23 23:40:48,143.34,124.91,0.0358,22.9,Debito,Em Analise,BA,Nordeste,Eletrônicos,2025-04-14 21:15:46,2025-04-18 21:15:46,Standard,1
46,2025-03-22 02:32:04,7633.96,8226.39,0.0748,22.9,PIX,Confirmado,SP,Sudeste,Eletrônicos,2025-04-14 12:05:50,2025-04-19 12:05:50,Standard,3
47,2025-03-06 02:46:53,13231.32,13812.0,0.0437,22.9,Boleto,Confirmado,AM,Norte,Eletrônicos,2025-04-29 02:40:16,2025-04-29 02:40:16,Standard,3
48,2025-05-05 18:29:47,1691.82,1798.0,0.0774,32.99,Credito,Confirmado,BA,Nordeste,Eletrônicos,2025-05-08 05:04:17,2025-05-11 05:04:17,Scheduled,2
49,2025-04-03 11:00:22,418.91,428.99,0.1004,32.99,PIX,Processando,AC,Norte,Eletrônicos,2025-05-01 14:50:30,2025-05-04 14:50:30,Scheduled,1
50,2025-05-13 18:47:18,80.61,53.9,0.1166,32.99,Credito,Confirmado,TO,Norte,Eletrônicos,2025-04-18 04:50:09,2025-04-23 04:50:09,Scheduled,1
51,2025-03-24 23:12:13,189.26,174.9,0.1065,32.99,PIX,Processando,MA,Nordeste,Eletrônicos,2025-05-01 13:04:52,2025-05-03 13:04:52,Scheduled,1
52,2025-05-03 07:23:43,2656.83,2697.0,0.0308,42.9,Boleto,Em Analise,PE,Nordeste,Eletrônicos,2025-04-16 18:47:26,2025-04-19 18:47:26,Same-Day,3
53,2025-04-26 01:20:49,3568.4,3598.02,0.0174,32.99,PIX,Confirmado,PR,Sul,Eletrônicos,2025-04-21 04:36:59,2025-04-24 04:36:59,Scheduled,2
54,2025-04-24 22:15:30,12730.6,13812.0,0.0814,42.9,PIX,Cancelado,PE,Nordeste,Eletrônicos,2025-04-26 08:41:33,2025-04-28 08:41:33,Same-Day,3
55,2025-03-06 00:55:53,1687.72,1715.96,0.0298,22.9,PIX,Cancelado,SP,Sudeste,Eletrônicos,2025-05-10 00:34:08,2025-05-14 00:34:08,Standard,4
56,2025-02-25 06:04:11,2163.58,2158.0,0.0127,32.99,Credito,Confirmado,PR,Sul,Eletrônicos,2025-05-10 17:13:03,2025-05-14 17:13:03,Scheduled,2
57,2025-04-10 13:44:17,5003.11,5397.03,0.0791,32.99,PIX,Em Analise,CE,Nordeste,Eletrônicos,2025-05-03 20:27:26,2025-05-05 20:27:26,Scheduled,3
58,2025-04-05 19:42:55,2951.6,3079.6,0.049,22.9,PIX,Cancelado,RO,Norte,Eletrônicos,2025-05-11 20:08:17,2025-05-13 20:08:17,Standard,4
59,2025-03-08 06:13:02,3221.2,3596.0,0.1134,32.99,Credito,Confirmado,PB,Nordeste,Eletrônicos,2025-04-20 19:00:53,2025-04-25 19:00:53,Scheduled,4
60,2025-02-17 03:46:36,290.39,259.72,0.0471,42.9,Boleto,Cancelado,RR,Norte,Eletrônicos,2025-05-10 04:07:08,2025-05-15 04:07:08,Same-Day,2
61,2025-02-26 21:58:54,469.19,499.64,0.1468,42.9,Debito,Processando,CE,Nordeste,Eletrônicos,2025-05-02 16:44:30,2025-05-04 16:44:30,Same-Day,4
62,2025-04-13 00:47:22,3857.83,4316.0,0.1138,32.99,PIX,Em Analise,ES,Sudeste,Eletrônicos,2025-05-03 08:45:01,2025-05-07 08:45:01,Scheduled,4
63,2025-04-19 16:41:04,701.08,663.96,0.0087,42.9,PIX,Processando,PE,Nordeste,Eletrônicos,2025-04-30 00:15:53,2025-04-30 00:15:53,Same-Day,4
64,2025-04-01 08:19:33,2156.37,2309.7,0.0763,22.9,Boleto,Em Analise,MA,Nordeste,Eletrônicos,2025-05-14 03:00:06,2025-05-17 03:00:06,Standard,3
65,2025-03-11 05:24:52,161.8,129.86,0.0844,42.9,Boleto,Em Analise,PR,Sul,Eletrônicos,2025-05-07 20:02:45,2025-05-07 20:02:45,Same-Day,1
66,2025-03-24 17:40:20,65.06,35.8,0.1043,32.99,Boleto,Cancelado,PR,Sul,Eletrônicos,2025-04-24 03:46:36,2025-04-25 03:46:36,Scheduled,2
67,2025-02-25 21:44:12,79.16,49.9,0.0747,32.99,Credito,Cancelado,RR,Norte,Eletrônicos,2025-05-14 21:06:29,2025-05-15 21:06:29,Scheduled,1
68,2025-03-10 13:56:15,4025.99,4316.0,0.0725,22.9,Boleto,Processando,SP,Sudeste,Eletrônicos,2025-05-08 06:49:58,2025-05-12 06:49:58,Standard,4
69,2025-05-06 00:20:48,3081.22,3237.0,0.0552,22.9,PIX,Cancelado,SC,Sul,Eletrônicos,2025-05-01 20:48:36,2025-05-05 20:48:36,Standard,3
70,2025-04-26 05:51:52,378.46,349.8,0.0407,42.9,PIX,Confirmado,AC,Norte,Eletrônicos,2025-04-18 10:00:44,2025-04-23 10:00:44,Same-Day,2
71,2025-02-18 19:28:09,968.79,1079.0,0.1419,42.9,Debito,Processando,ES,Sudeste,Eletrônicos,2025-04-21 18:17:02,2025-04-21 18:17:02,Same-Day,1
72,2025-04-27 11:31:23,1850.56,1898.0,0.0476,42.9,Debito,Cancelado,PB,Nordeste,Eletrônicos,2025-05-02 19:26:52,2025-05-03 19:26:52,Same-Day,2
73,2025-04-16 08:36:55,3063.92,3049.99,0.0095,42.9,PIX,Processando,PR,Sul,Eletrônicos,2025-04-21 18:07:41,2025-04-26 18:07:41,Same-Day,1
74,2025-05-04 08:32:42,180.54,161.7,0.0251,22.9,Credito,Em Analise,PE,Nordeste,Eletrônicos,2025-04-14 11:00:30,2025-04-19 11:00:30,Standard,3
75,2025-04-14 03:26:44,5348.51,6099.98,0.1286,32.99,PIX,Processando,CE,Nordeste,Eletrônicos,2025-04-21 14:28:41,2025-04-23 14:28:41,Scheduled,2
76,2025-03-18 15:51:41,516.63,519.44,0.088,42.9,Boleto,Em Analise,AC,Norte,Eletrônicos,2025-05-15 22:33:05,2025-05-15 22:33:05,Same-Day,4
77,2025-04-16 05:35:45,790.76,857.98,0.1168,32.99,PIX,Processando,AC,Norte,Eletrônicos,2025-04-21 17:15:07,2025-04-24 17:15:07,Scheduled,2
78,2025-04-20 09:40:32,1216.6,1347.0,0.1213,32.99,PIX,Em Analise,RN,Nordeste,Eletrônicos,2025-05-05 16:00:59,2025-05-06 16:00:59,Scheduled,3
79,2025-04-02 07:18:28,7243.42,8226.39,0.1235,32.99,PIX,Processando,PR,Sul,Eletrônicos,2025-04-28 08:23:50,2025-04-28 08:23:50,Scheduled,3
80,2025-03-05 18:08:56,223.08,207.2,0.0826,32.99,Boleto,Processando,AP,Norte,Eletrônicos,2025-04-21 05:18:02,2025-04-23 05:18:02,Scheduled,4
81,2025-05-01 22:57:48,538.61,519.44,0.0266,32.99,Debito,Em Analise,PA,Norte,Eletrônicos,2025-05-07 15:49:00,2025-05-09 15:49:00,Scheduled,4
82,2025-03-30 03:05:25,1792.06,1799.01,0.0222,32.99,Debito,Confirmado,RS,Sul,Eletrônicos,2025-05-04 04:10:01,2025-05-04 04:10:01,Scheduled,1
83,2025-04-27 16:58:19,497.62,519.44,0.0861,22.9,Credito,Confirmado,PR,Sul,Eletrônicos,2025-04-30 15:26:16,2025-05-04 15:26:16,Standard,4
84,2025-04-04 13:43:54,5787.38,6099.98,0.055,22.9,Credito,Cancelado,MG,Sudeste,Eletrônicos,2025-05-05 08:10:29,2025-05-10 08:10:29,Standard,2
85,2025-04-06 23:27:00,379.87,389.58,0.0837,22.9,Boleto,Em Analise,RR,Norte,Eletrônicos,2025-05-06 03:18:44,2025-05-07 03:18:44,Standard,3
86,2025-02-27 07:11:13,369.6,374.73,0.0748,22.9,PIX,Em Analise,AC,Norte,Eletrônicos,2025-05-06 04:04:13,2025-05-10 04:04:13,Standard,3
87,2025-03-06 02:31:30,80.11,51.8,0.0903,32.99,Debito,Processando,SC,Sul,Eletrônicos,2025-05-11 16:34:58,2025-05-16 16:34:58,Scheduled,1
88,2025-03-03 20:00:09,539.85,519.44,0.0048,22.9,Boleto,Confirmado,BA,Nordeste,Eletrônicos,2025-05-14 03:19:23,2025-05-14 03:19:23,Standard,4
89,2025-04-22 04:22:03,4317.75,4316.0,0.0049,22.9,Credito,Cancelado,TO,Norte,Eletrônicos,2025-05-04 22:50:17,2025-05-08 22:50:17,Standard,4
90,2025-03-16 03:00:14,6450.42,7196.04,0.1082,32.99,Debito,Confirmado,RO,Norte,Eletrônicos,2025-04-29 03:18:47,2025-04-29 03:18:47,Scheduled,4
91,2025-04-14 16:14:22,173.79,155.4,0.029,22.9,Debito,Processando,RN,Nordeste,Eletrônicos,2025-04-23 23:44:59,2025-04-28 23:44:59,Standard,3
92,2025-03-27 05:13:40,248.29,249.82,0.0978,22.9,Debito,Confirmado,BA,Nordeste,Eletrônicos,2025-04-24 13:29:15,2025-04-29 13:29:15,Standard,2
93,2025-04-05 04:45:14,1446.53,1539.8,0.082,32.99,PIX,Em Analise,PA,Norte,Eletrônicos,2025-04-22 01:07:13,2025-04-23 01:07:13,Scheduled,2
94,2025-05-01 14:39:51,1566.14,1798.0,0.1473,32.99,Debito,Cancelado,RJ,Sudeste,Eletrônicos,2025-05-08 23:33:56,2025-05-12 23:33:56,Scheduled,2
95,2025-04-03 23:16:41,501.86,524.7,0.1253,42.9,Boleto,Confirmado,MG,Sudeste,Eletrônicos,2025-05-11 05:29:28,2025-05-16 05:29:28,Same-Day,3
96,2025-04-25 17:03:55,2921.65,3079.6,0.062,32.99,PIX,Processando,PR,Sul,Eletrônicos,2025-04-19 15:41:19,2025-04-22 15:41:19,Scheduled,4
97,2025-02-17 23:02:28,2810.77,3049.99,0.0925,42.9,Credito,Processando,RS,Sul,Eletrônicos,2025-05-16 04:41:37,2025-05-16 04:41:37,Same-Day,1
98,2025-04-29 14:44:20,538.37,524.7,0.0176,22.9,Debito,Processando,PA,Norte,Eletrônicos,2025-05-01 15:19:50,2025-05-04 15:19:50,Standard,3
99,2025-03-16 00:49:12,512.21,519.44,0.058,22.9,PIX,Confirmado,AC,Norte,Eletrônicos,2025-04-13 18:28:42,2025-04-17 18:28:42,Standard,4
100,2025-05-04 09:01:41,1722.02,1898.0,0.1101,32.99,Credito,Em Analise,PE,Nordeste,Eletrônicos,2025-04-17 07:17:25,2025-04-22 07:17:25,Scheduled,2
101,2025-03-03 21:54:08,183.48,165.99,0.0934,32.99,Credito,Cancelado,ES,Sudeste,Eletrônicos,2025-05-06 15:27:46,2025-05-06 15:27:46,Scheduled,1
102,2025-04-24 02:08:55,8571.57,9208.0,0.0727,32.99,Boleto,Em Analise,RJ,Sudeste,Eletrônicos,2025-04-18 12:53:45,2025-04-22 12:53:45,Scheduled,2
103,2025-03-02 11:41:12,1771.31,1796.0,0.0265,22.9,PIX,Cancelado,SC,Sul,Eletrônicos,2025-05-04 21:40:33,2025-05-07 21:40:33,Standard,4
104,2025-04-06 15:44:57,2725.37,3049.99,0.1205,42.9,PIX,Confirmado,RR,Norte,Eletrônicos,2025-05-06 09:02:34,2025-05-07 09:02:34,Same-Day,1
105,2025-05-12 07:40:23,111.56,71.6,0.041,42.9,Debito,Cancelado,ES,Sudeste,Eletrônicos,2025-05-07 16:04:23,2025-05-07 16:04:23,Same-Day,4
106,2025-03-12 00:16:54,5391.97,6099.98,0.1231,42.9,Debito,Em Analise,ES,Sudeste,Eletrônicos,2025-05-14 00:32:55,2025-05-15 00:32:55,Same-Day,2
107,2025-03-28 12:33:18,3937.69,4288.0,0.0917,42.9,PIX,Confirmado,PE,Nordeste,Eletrônicos,2025-05-05 06:43:25,2025-05-08 06:43:25,Same-Day,4
108,2025-02-21 06:53:30,356.32,331.98,0.0559,42.9,Boleto,Cancelado,PI,Nordeste,Eletrônicos,2025-04-19 13:40:46,2025-04-24 13:40:46,Same-Day,2
109,2025-02-19 01:22:46,187.44,155.4,0.0061,32.99,PIX,Cancelado,SP,Sudeste,Eletrônicos,2025-05-05 06:35:43,2025-05-05 06:35:43,Scheduled,3
110,2025-03-05 17:15:06,187.38,149.7,0.0349,42.9,Boleto,Cancelado,AC,Norte,Eletrônicos,2025-04-28 21:09:35,2025-04-29 21:09:35,Same-Day,3
111,2025-03-28 22:32:50,9528.22,10968.52,0.1334,22.9,PIX,Processando,ES,Sudeste,Eletrônicos,2025-04-30 07:04:56,2025-05-01 07:04:56,Standard,4
112,2025-05-07 18:16:12,384.68,389.58,0.1227,42.9,Credito,Cancelado,MG,Sudeste,Eletrônicos,2025-04-30 08:53:46,2025-05-04 08:53:46,Same-Day,3
113,2025-03-30 03:43:34,388.99,389.58,0.0862,32.99,Credito,Cancelado,SE,Nordeste,Eletrônicos,2025-04-30 21:07:05,2025-05-03 21:07:05,Scheduled,3
114,2025-03-19 05:32:24,3573.56,3796.0,0.0699,42.9,PIX,Confirmado,SC,Sul,Eletrônicos,2025-04-27 07:47:10,2025-05-02 07:47:10,Same-Day,4
115,2025-05-16 06:48:30,5393.78,5937.3,0.0971,32.99,PIX,Confirmado,AC,Norte,Eletrônicos,2025-04-28 17:58:37,2025-05-02 17:58:37,Scheduled,3
116,2025-03-13 07:35:30,2017.03,2144.0,0.0699,22.9,PIX,Confirmado,TO,Norte,Eletrônicos,2025-05-17 03:27:35,2025-05-17 03:27:35,Standard,2
117,2025-05-12 17:21:39,3896.68,4288.0,0.0966,22.9,Debito,Processando,RN,Nordeste,Eletrônicos,2025-04-27 00:03:13,2025-04-29 00:03:13,Standard,4
118,2025-03-29 16:07:45,80.59,49.9,0.0461,32.99,PIX,Confirmado,AM,Norte,Eletrônicos,2025-05-01 05:57:52,2025-05-01 05:57:52,Scheduled,1
119,2025-03-26 23:04:45,435.42,449.0,0.1258,42.9,Boleto,Cancelado,AM,Norte,Eletrônicos,2025-04-13 16:52:02,2025-04-18 16:52:02,Same-Day,1
120,2025-04-02 23:27:10,74.93,35.8,0.1053,42.9,PIX,Em Analise,CE,Nordeste,Eletrônicos,2025-04-20 06:54:33,2025-04-24 06:54:33,Same-Day,2
121,2025-03-21 17:47:53,4145.26,4316.0,0.0495,42.9,Boleto,Confirmado,SC,Sul,Eletrônicos,2025-04-27 20:48:45,2025-05-01 20:48:45,Same-Day,4
122,2025-02-19 20:28:44,1755.4,1979.1,0.1246,22.9,Boleto,Cancelado,MA,Nordeste,Eletrônicos,2025-05-16 11:29:32,2025-05-16 11:29:32,Standard,1
123,2025-03-23 00:47:08,153.36,129.86,0.0731,32.99,Debito,Processando,PR,Sul,Eletrônicos,2025-04-20 04:49:21,2025-04-25 04:49:21,Scheduled,1
124,2025-03-02 23:39:35,3887.49,3958.2,0.0262,32.99,Boleto,Cancelado,SP,Sudeste,Eletrônicos,2025-05-08 13:48:08,2025-05-12 13:48:08,Scheduled,2
125,2025-04-22 04:22:37,93.66,71.6,0.0117,22.9,Credito,Processando,MG,Sudeste,Eletrônicos,2025-05-10 04:39:18,2025-05-15 04:39:18,Standard,4
126,2025-03-30 06:33:37,2752.95,3049.99,0.1049,22.9,PIX,Confirmado,PR,Sul,Eletrônicos,2025-04-27 16:08:40,2025-04-28 16:08:40,Standard,1
127,2025-04-03 17:41:41,173.7,161.7,0.1298,32.99,Debito,Em Analise,PB,Nordeste,Eletrônicos,2025-05-13 11:58:37,2025-05-13 11:58:37,Scheduled,3
128,2025-04-29 14:12:50,271.17,259.72,0.1211,42.9,Credito,Confirmado,RJ,Sudeste,Eletrônicos,2025-04-28 06:24:11,2025-04-29 06:24:11,Same-Day,2
129,2025-04-08 06:26:52,5889.61,6506.28,0.0983,22.9,Debito,Cancelado,BA,Nordeste,Eletrônicos,2025-05-05 22:10:19,2025-05-05 22:10:19,Standard,4
130,2025-02-19 00:02:05,6013.56,6099.98,0.0212,42.9,PIX,Confirmado,RS,Sul,Eletrônicos,2025-05-01 23:48:49,2025-05-05 23:48:49,Same-Day,2
131,2025-02-28 18:34:43,3059.08,3079.6,0.0141,22.9,Debito,Confirmado,TO,Norte,Eletrônicos,2025-05-11 18:11:06,2025-05-12 18:11:06,Standard,4
132,2025-04-27 16:19:54,6202.24,6506.28,0.0518,32.99,Debito,Em Analise,SP,Sudeste,Eletrônicos,2025-04-22 14:53:05,2025-04-27 14:53:05,Scheduled,4
133,2025-03-06 17:04:14,2855.01,3237.0,0.1282,32.99,PIX,Confirmado,ES,Sudeste,Eletrônicos,2025-04-27 12:48:46,2025-04-27 12:48:46,Scheduled,3
134,2025-03-12 17:03:17,631.64,699.6,0.1443,32.99,Debito,Confirmado,MG,Sudeste,Eletrônicos,2025-04-24 03:43:25,2025-04-25 03:43:25,Scheduled,4
135,2025-04-10 06:39:12,202.88,165.99,0.0362,42.9,Credito,Cancelado,AC,Norte,Eletrônicos,2025-05-05 09:17:41,2025-05-06 09:17:41,Same-Day,1
136,2025-03-25 07:55:58,4344.86,4879.71,0.1143,22.9,Boleto,Em Analise,RS,Sul,Eletrônicos,2025-05-01 00:16:02,2025-05-01 00:16:02,Standard,3
137,2025-04-21 07:23:43,4955.25,5397.03,0.0861,22.9,Boleto,Em Analise,SC,Sul,Eletrônicos,2025-04-14 16:00:50,2025-04-17 16:00:50,Standard,3
138,2025-04-06 03:23:42,1931.79,1898.0,0.0048,42.9,Boleto,Em Analise,PA,Norte,Eletrônicos,2025-05-07 11:43:46,2025-05-09 11:43:46,Same-Day,2
139,2025-03-08 00:20:22,82.32,53.7,0.0814,32.99,Debito,Cancelado,PE,Nordeste,Eletrônicos,2025-04-25 23:16:29,2025-04-26 23:16:29,Scheduled,3
140,2025-03-23 22:52:13,2868.55,3237.0,0.1209,22.9,Credito,Cancelado,PR,Sul,Eletrônicos,2025-05-03 09:28:00,2025-05-03 09:28:00,Standard,3
141,2025-03-26 08:04:46,40.06,17.9,0.0414,22.9,PIX,Em Analise,PI,Nordeste,Eletrônicos,2025-04-27 02:23:17,2025-04-27 02:23:17,Standard,1
142,2025-02-18 10:27:01,597.49,663.96,0.1346,22.9,Debito,Confirmado,RR,Norte,Eletrônicos,2025-05-10 05:55:46,2025-05-10 05:55:46,Standard,4
143,2025-03-03 21:05:07,850.51,857.98,0.0354,22.9,PIX,Cancelado,ES,Sudeste,Eletrônicos,2025-04-30 15:55:45,2025-04-30 15:55:45,Standard,2
144,2025-05-01 08:58:30,82.32,49.9,0.0115,32.99,Credito,Confirmado,SP,Sudeste,Eletrônicos,2025-04-18 04:09:48,2025-04-23 04:09:48,Scheduled,1
145,2025-04-25 17:41:17,423.13,389.58,0.024,42.9,Debito,Confirmado,SC,Sul,Eletrônicos,2025-05-01 12:29:29,2025-05-02 12:29:29,Same-Day,3
146,2025-05-10 09:36:52,38.55,17.9,0.1256,22.9,Boleto,Processando,PB,Nordeste,Eletrônicos,2025-05-04 19:05:58,2025-05-09 19:05:58,Standard,1
147,2025-03-15 07:05:58,932.49,949.0,0.0626,42.9,Credito,Processando,SC,Sul,Eletrônicos,2025-04-24 03:11:10,2025-04-27 03:11:10,Same-Day,1
148,2025-03-27 06:59:53,1604.28,1796.0,0.1195,22.9,Credito,Em Analise,SP,Sudeste,Eletrônicos,2025-04-20 01:34:28,2025-04-21 01:34:28,Standard,4
149,2025-03-18 18:26:27,6030.63,6506.28,0.0797,42.9,Credito,Em Analise,AM,Norte,Eletrônicos,2025-05-09 16:43:45,2025-05-10 16:43:45,Same-Day,4
150,2025-05-15 06:57:19,5552.12,5937.3,0.0721,42.9,PIX,Processando,RN,Nordeste,Eletrônicos,2025-05-08 09:00:02,2025-05-08 09:00:02,Same-Day,3
151,2025-02-27 19:01:53,78.52,51.8,0.121,32.99,Boleto,Confirmado,SP,Sudeste,Eletrônicos,2025-04-23 00:57:35,2025-04-26 00:57:35,Scheduled,1
152,2025-03-14 10:03:21,8666.19,9208.0,0.0635,42.9,PIX,Processando,SC,Sul,Eletrônicos,2025-04-25 12:49:34,2025-04-26 12:49:34,Same-Day,2
153,2025-03-14 03:03:33,6986.96,7916.4,0.1203,22.9,PIX,Confirmado,SC,Sul,Eletrônicos,2025-04-19 12:39:39,2025-04-23 12:39:39,Standard,4
154,2025-03-20 13:19:56,2317.72,2309.7,0.0151,42.9,Debito,Em Analise,AM,Norte,Eletrônicos,2025-04-28 03:34:00,2025-04-30 03:34:00,Same-Day,3
155,2025-05-02 11:02:02,258.98,249.82,0.0954,32.99,Debito,Em Analise,ES,Sudeste,Eletrônicos,2025-05-10 08:36:16,2025-05-15 08:36:16,Scheduled,2
156,2025-04-09 16:04:35,5490.03,6099.98,0.1054,32.99,Credito,Confirmado,MG,Sudeste,Eletrônicos,2025-04-27 13:32:19,2025-04-27 13:32:19,Scheduled,2
157,2025-04-18 02:27:16,2021.02,2309.7,0.1349,22.9,PIX,Em Analise,BA,Nordeste,Eletrônicos,2025-05-01 10:12:07,2025-05-02 10:12:07,Standard,3
158,2025-03-16 14:44:56,466.9,449.0,0.0336,32.99,Boleto,Em Analise,SE,Nordeste,Eletrônicos,2025-04-25 13:28:59,2025-04-26 13:28:59,Scheduled,1
159,2025-04-07 19:35:25,8363.88,9149.97,0.0906,42.9,PIX,Processando,PA,Norte,Eletrônicos,2025-04-20 20:28:20,2025-04-20 20:28:20,Same-Day,3
160,2025-04-22 21:31:53,444.01,428.99,0.065,42.9,Credito,Confirmado,RN,Nordeste,Eletrônicos,2025-04-15 20:22:20,2025-04-17 20:22:20,Same-Day,1
161,2025-04-04 14:15:14,179.36,165.99,0.0574,22.9,Debito,Cancelado,PR,Sul,Eletrônicos,2025-05-06 04:11:14,2025-05-09 04:11:14,Standard,1
162,2025-04-27 07:01:35,6435.17,6506.28,0.016,32.99,PIX,Cancelado,TO,Norte,Eletrônicos,2025-04-14 19:20:24,2025-04-18 19:20:24,Scheduled,4
163,2025-03-23 22:05:55,1616.78,1626.57,0.0201,22.9,Debito,Processando,PR,Sul,Eletrônicos,2025-04-26 09:23:34,2025-04-26 09:23:34,Standard,1
164,2025-05-16 20:39:21,4762.6,5397.03,0.1255,42.9,PIX,Confirmado,PR,Sul,Eletrônicos,2025-04-25 04:19:04,2025-04-26 04:19:04,Same-Day,3
165,2025-05-06 15:21:43,980.51,1079.0,0.1125,22.9,Debito,Confirmado,CE,Nordeste,Eletrônicos,2025-05-01 12:43:20,2025-05-04 12:43:20,Standard,1
166,2025-02-20 23:27:11,1236.0,1286.97,0.0574,22.9,Boleto,Confirmado,SE,Nordeste,Eletrônicos,2025-04-17 09:41:30,2025-04-18 09:41:30,Standard,3
167,2025-03-15 17:00:51,5384.65,6099.98,0.1243,42.9,Boleto,Confirmado,SP,Sudeste,Eletrônicos,2025-05-05 14:49:41,2025-05-09 14:49:41,Same-Day,2
168,2025-04-24 06:21:14,921.11,899.0,0.0121,32.99,PIX,Processando,SC,Sul,Eletrônicos,2025-04-22 04:17:13,2025-04-23 04:17:13,Scheduled,1
169,2025-03-02 20:01:03,2467.19,2697.0,0.0937,22.9,Debito,Em Analise,SE,Nordeste,Eletrônicos,2025-04-30 11:17:03,2025-04-30 11:17:03,Standard,3
170,2025-04-27 07:04:54,248.8,259.72,0.1302,22.9,Debito,Processando,MG,Sudeste,Eletrônicos,2025-04-28 16:03:22,2025-04-28 16:03:22,Standard,2
171,2025-03-19 21:57:59,827.93,898.0,0.1258,42.9,PIX,Em Analise,SC,Sul,Eletrônicos,2025-04-27 05:27:29,2025-04-30 05:27:29,Same-Day,2
172,2025-04-10 21:34:58,2940.44,3079.6,0.0559,32.99,Credito,Confirmado,SP,Sudeste,Eletrônicos,2025-05-05 21:39:40,2025-05-06 21:39:40,Scheduled,4
173,2025-05-13 20:14:09,343.68,349.8,0.1118,32.99,Debito,Processando,MG,Sudeste,Eletrônicos,2025-05-11 16:45:36,2025-05-15 16:45:36,Scheduled,2
174,2025-04-18 15:48:39,4331.78,4604.0,0.0641,22.9,Boleto,Em Analise,RJ,Sudeste,Eletrônicos,2025-04-14 19:12:10,2025-04-17 19:12:10,Standard,1
175,2025-04-22 21:20:18,9609.39,10968.52,0.126,22.9,Credito,Cancelado,AP,Norte,Eletrônicos,2025-04-15 12:48:27,2025-04-19 12:48:27,Standard,4
176,2025-02-26 19:23:14,160.68,149.7,0.0796,22.9,PIX,Em Analise,RN,Nordeste,Eletrônicos,2025-04-24 13:34:31,2025-04-27 13:34:31,Standard,3
177,2025-04-15 22:32:03,3208.23,3598.02,0.1147,22.9,Credito,Cancelado,CE,Nordeste,Eletrônicos,2025-04-18 19:21:31,2025-04-21 19:21:31,Standard,2
178,2025-03-20 04:43:29,3598.46,3598.02,0.0118,42.9,PIX,Em Analise,RS,Sul,Eletrônicos,2025-04-19 15:01:07,2025-04-21 15:01:07,Same-Day,2
179,2025-05-16 14:17:09,3956.93,4316.0,0.0885,22.9,Boleto,Cancelado,RS,Sul,Eletrônicos,2025-05-01 20:11:50,2025-05-03 20:11:50,Standard,4
180,2025-02-17 08:34:34,3957.14,4288.0,0.0825,22.9,Debito,Confirmado,RN,Nordeste,Eletrônicos,2025-04-23 23:51:44,2025-04-28 23:51:44,Standard,4
181,2025-02-28 01:26:37,5015.44,5484.26,0.0915,32.99,Credito,Confirmado,TO,Norte,Eletrônicos,2025-04-27 08:43:24,2025-04-28 08:43:24,Scheduled,2
182,2025-04-21 14:53:30,1185.73,1286.97,0.1043,32.99,Credito,Confirmado,RS,Sul,Eletrônicos,2025-04-22 03:22:49,2025-04-25 03:22:49,Scheduled,3
183,2025-05-10 01:08:01,1883.74,2158.0,0.1377,22.9,Credito,Confirmado,RJ,Sudeste,Eletrônicos,2025-04-16 07:39:44,2025-04-18 07:39:44,Standard,2
184,2025-02-28 06:03:01,3524.52,3958.2,0.1179,32.99,Credito,Cancelado,SC,Sul,Eletrônicos,2025-05-02 23:39:50,2025-05-06 23:39:50,Scheduled,2
185,2025-03-11 08:55:26,91.16,49.9,0.0329,42.9,Debito,Em Analise,SE,Nordeste,Eletrônicos,2025-04-15 23:33:56,2025-04-19 23:33:56,Same-Day,1
186,2025-02-26 07:07:09,2892.98,3253.14,0.1239,42.9,Credito,Cancelado,SP,Sudeste,Eletrônicos,2025-04-18 09:32:37,2025-04-22 09:32:37,Same-Day,2
187,2025-04-30 06:56:52,73.75,51.8,0.0183,22.9,Boleto,Confirmado,PA,Norte,Eletrônicos,2025-04-26 16:17:07,2025-04-29 16:17:07,Standard,1
188,2025-03-23 07:14:22,7200.7,7916.4,0.0933,22.9,PIX,Confirmado,SC,Sul,Eletrônicos,2025-05-06 10:33:21,2025-05-10 10:33:21,Standard,4
189,2025-04-22 19:07:50,16010.71,18416.0,0.1324,32.99,PIX,Confirmado,PR,Sul,Eletrônicos,2025-05-13 18:10:43,2025-05-15 18:10:43,Scheduled,4
190,2025-03-04 01:16:58,387.38,349.8,0.0152,42.9,Boleto,Processando,PA,Norte,Eletrônicos,2025-04-28 09:04:31,2025-05-01 09:04:31,Same-Day,2
191,2025-04-27 02:16:24,958.22,1072.0,0.1275,22.9,Boleto,Cancelado,AC,Norte,Eletrônicos,2025-05-06 23:13:59,2025-05-08 23:13:59,Standard,1
192,2025-05-02 16:28:04,2906.31,3253.14,0.1198,42.9,Credito,Processando,SE,Nordeste,Eletrônicos,2025-04-20 00:25:54,2025-04-21 00:25:54,Same-Day,2
193,2025-03-03 08:14:21,503.22,497.97,0.0756,42.9,Credito,Cancelado,AM,Norte,Eletrônicos,2025-05-06 05:29:20,2025-05-06 05:29:20,Same-Day,3
194,2025-05-06 02:37:05,518.29,519.44,0.0463,22.9,Credito,Confirmado,MG,Sudeste,Eletrônicos,2025-05-14 11:06:58,2025-05-14 11:06:58,Standard,4
195,2025-04-30 08:29:03,5111.79,5397.03,0.0608,42.9,Debito,Confirmado,RJ,Sudeste,Eletrônicos,2025-04-22 23:57:28,2025-04-26 23:57:28,Same-Day,3
196,2025-03-04 02:24:28,165.81,155.4,0.1453,32.99,Debito,Em Analise,SP,Sudeste,Eletrônicos,2025-05-03 12:55:46,2025-05-07 12:55:46,Scheduled,3
197,2025-04-21 02:25:00,2272.71,2309.7,0.0303,32.99,PIX,Cancelado,PA,Norte,Eletrônicos,2025-04-23 15:03:57,2025-04-28 15:03:57,Scheduled,3
198,2025-04-30 00:07:29,1262.94,1347.0,0.0869,32.99,Boleto,Processando,AM,Norte,Eletrônicos,2025-05-04 03:30:18,2025-05-07 03:30:18,Scheduled,3
199,2025-04-24 22:24:23,10854.31,10968.52,0.0125,22.9,Boleto,Processando,TO,Norte,Eletrônicos,2025-04-22 05:40:15,2025-04-26 05:40:15,Standard,4
200,2025-04-14 02:04:02,187.7,149.7,0.0327,42.9,Credito,Cancelado,AP,Norte,Eletrônicos,2025-04-21 03:33:25,2025-04-26 03:33:25,Same-Day,3
201,2025-05-09 04:51:15,704.65,769.9,0.1145,22.9,PIX,Processando,RO,Norte,Eletrônicos,2025-04-21 15:06:58,2025-04-22 15:06:58,Standard,1
202,2025-03-11 06:21:15,852.02,857.98,0.0454,32.99,PIX,Cancelado,MA,Nordeste,Eletrônicos,2025-05-07 03:15:53,2025-05-08 03:15:53,Scheduled,2
203,2025-04-01 03:04:54,4180.9,4879.71,0.1479,22.9,Debito,Cancelado,RO,Norte,Eletrônicos,2025-05-08 13:55:21,2025-05-11 13:55:21,Standard,3
204,2025-03-07 14:11:08,6040.56,6506.28,0.0751,22.9,PIX,Processando,SC,Sul,Eletrônicos,2025-04-16 01:51:51,2025-04-21 01:51:51,Standard,4
205,2025-03-23 00:13:08,6681.25,7196.04,0.0775,42.9,PIX,Cancelado,MG,Sudeste,Eletrônicos,2025-04-25 23:38:02,2025-04-30 23:38:02,Same-Day,4
206,2025-03-10 15:42:04,18349.54,18416.0,0.0054,32.99,PIX,Processando,PE,Nordeste,Eletrônicos,2025-05-13 10:45:55,2025-05-16 10:45:55,Scheduled,4
207,2025-04-15 03:04:00,9437.44,10968.52,0.1435,42.9,PIX,Processando,AM,Norte,Eletrônicos,2025-04-29 07:47:20,2025-05-02 07:47:20,Same-Day,4
208,2025-03-24 15:37:03,8044.67,8226.39,0.0261,32.99,Boleto,Cancelado,RS,Sul,Eletrônicos,2025-04-24 07:06:42,2025-04-29 07:06:42,Scheduled,3
209,2025-04-12 09:38:40,500.63,497.97,0.0808,42.9,Debito,Processando,RO,Norte,Eletrônicos,2025-05-10 12:51:25,2025-05-15 12:51:25,Same-Day,3
210,2025-03-27 17:25:46,465.23,449.0,0.0594,42.9,Boleto,Processando,RR,Norte,Eletrônicos,2025-05-13 03:31:44,2025-05-13 03:31:44,Same-Day,1
211,2025-05-07 07:47:02,394.28,374.73,0.0623,42.9,Debito,Em Analise,TO,Norte,Eletrônicos,2025-04-17 19:08:31,2025-04-19 19:08:31,Same-Day,3
212,2025-04-22 23:02:49,1195.77,1286.97,0.0965,32.99,Debito,Confirmado,AM,Norte,Eletrônicos,2025-04-28 11:17:58,2025-05-01 11:17:58,Scheduled,3
213,2025-03-21 23:33:57,3608.05,3958.2,0.0993,42.9,PIX,Em Analise,SC,Sul,Eletrônicos,2025-04-29 04:04:18,2025-05-03 04:04:18,Same-Day,2
214,2025-05-08 23:04:54,3205.13,3237.0,0.0231,42.9,PIX,Confirmado,RO,Norte,Eletrônicos,2025-05-06 02:00:07,2025-05-06 02:00:07,Same-Day,3
215,2025-02-24 06:46:21,186.66,155.4,0.0749,42.9,Boleto,Cancelado,TO,Norte,Eletrônicos,2025-05-05 14:34:27,2025-05-05 14:34:27,Same-Day,3
216,2025-04-12 19:20:21,859.35,949.0,0.1186,22.9,Boleto,Cancelado,PR,Sul,Eletrônicos,2025-04-25 11:56:26,2025-04-25 11:56:26,Standard,1
217,2025-04-01 22:30:10,1711.42,1798.0,0.0665,32.99,Debito,Cancelado,SP,Sudeste,Eletrônicos,2025-05-10 04:15:01,2025-05-13 04:15:01,Scheduled,2
218,2025-03-24 14:26:44,8955.13,9149.97,0.0249,32.99,Credito,Processando,PR,Sul,Eletrônicos,2025-04-15 19:08:07,2025-04-17 19:08:07,Scheduled,3
219,2025-04-14 21:56:53,1756.39,1798.0,0.047,42.9,PIX,Processando,SP,Sudeste,Eletrônicos,2025-05-05 05:11:49,2025-05-09 05:11:49,Same-Day,2
220,2025-02-23 17:42:01,526.6,499.64,0.0319,42.9,PIX,Confirmado,SC,Sul,Eletrônicos,2025-04-21 04:19:03,2025-04-26 04:19:03,Same-Day,4
221,2025-04-24 19:47:36,175.36,155.4,0.0189,22.9,Boleto,Cancelado,RJ,Sudeste,Eletrônicos,2025-05-12 02:06:46,2025-05-14 02:06:46,Standard,3
222,2025-03-12 23:36:09,184.13,149.7,0.0566,42.9,Debito,Cancelado,AM,Norte,Eletrônicos,2025-05-06 10:13:07,2025-05-06 10:13:07,Same-Day,3
223,2025-03-31 22:41:40,3531.04,3796.0,0.0811,42.9,Credito,Confirmado,SE,Nordeste,Eletrônicos,2025-05-09 00:31:43,2025-05-13 00:31:43,Same-Day,4
224,2025-04-18 00:58:13,256.15,215.6,0.0109,42.9,PIX,Processando,RS,Sul,Eletrônicos,2025-04-29 10:25:25,2025-04-30 10:25:25,Same-Day,4
225,2025-05-01 18:27:59,1668.09,1798.0,0.0906,32.99,Debito,Cancelado,RS,Sul,Eletrônicos,2025-04-17 16:39:02,2025-04-19 16:39:02,Scheduled,2
226,2025-05-15 06:13:34,688.17,769.9,0.149,32.99,Debito,Em Analise,PR,Sul,Eletrônicos,2025-04-25 19:16:04,2025-04-25 19:16:04,Scheduled,1
227,2025-03-09 19:39:07,1424.36,1626.57,0.1446,32.99,Boleto,Confirmado,RJ,Sudeste,Eletrônicos,2025-05-06 21:48:51,2025-05-08 21:48:51,Scheduled,1
228,2025-05-04 06:19:21,2394.48,2697.0,0.1244,32.99,Debito,Cancelado,ES,Sudeste,Eletrônicos,2025-04-26 17:59:28,2025-04-30 17:59:28,Scheduled,3
229,2025-05-15 09:25:43,1062.11,1072.0,0.04,32.99,Debito,Processando,CE,Nordeste,Eletrônicos,2025-05-01 21:30:43,2025-05-06 21:30:43,Scheduled,1
230,2025-03-23 16:55:42,529.27,497.97,0.0034,32.99,Credito,Em Analise,RS,Sul,Eletrônicos,2025-04-26 13:46:49,2025-04-30 13:46:49,Scheduled,3
231,2025-05-09 08:20:39,4071.4,4604.0,0.125,42.9,Credito,Cancelado,SE,Nordeste,Eletrônicos,2025-04-15 14:24:48,2025-04-20 14:24:48,Same-Day,1
232,2025-03-10 02:25:37,280.44,259.72,0.0084,22.9,Debito,Confirmado,PR,Sul,Eletrônicos,2025-04-27 10:57:21,2025-04-30 10:57:21,Standard,2
233,2025-04-26 12:49:17,3007.65,3079.6,0.0308,22.9,PIX,Confirmado,MG,Sudeste,Eletrônicos,2025-05-05 13:52:10,2025-05-08 13:52:10,Standard,4
234,2025-04-30 00:16:55,16944.4,18416.0,0.0817,32.99,Debito,Processando,PE,Nordeste,Eletrônicos,2025-05-02 11:20:31,2025-05-02 11:20:31,Scheduled,4
235,2025-04-02 17:14:18,4771.83,4879.71,0.0268,22.9,PIX,Confirmado,SP,Sudeste,Eletrônicos,2025-05-04 07:21:21,2025-05-06 07:21:21,Standard,3
236,2025-03-15 07:43:17,156.51,129.86,0.1251,42.9,Debito,Cancelado,SP,Sudeste,Eletrônicos,2025-05-04 05:26:52,2025-05-05 05:26:52,Same-Day,1
237,2025-03-08 14:09:10,6379.88,7196.04,0.1166,22.9,Boleto,Processando,RJ,Sudeste,Eletrônicos,2025-05-08 07:15:40,2025-05-09 07:15:40,Standard,4
238,2025-03-01 09:58:05,1933.86,2144.0,0.1134,32.99,Credito,Confirmado,RJ,Sudeste,Eletrônicos,2025-05-11 09:55:00,2025-05-14 09:55:00,Scheduled,2
239,2025-03-10 14:49:38,361.85,374.73,0.1224,32.99,Debito,Em Analise,CE,Nordeste,Eletrônicos,2025-04-28 09:27:44,2025-04-30 09:27:44,Scheduled,3
240,2025-03-22 13:15:56,226.0,199.6,0.033,32.99,Credito,Confirmado,ES,Sudeste,Eletrônicos,2025-04-17 03:27:15,2025-04-22 03:27:15,Scheduled,4
241,2025-02-19 19:44:13,1632.69,1796.0,0.1093,32.99,Credito,Em Analise,PB,Nordeste,Eletrônicos,2025-05-06 18:25:00,2025-05-07 18:25:00,Scheduled,4
242,2025-04-15 05:51:06,170.02,155.4,0.0533,22.9,Credito,Processando,RS,Sul,Eletrônicos,2025-04-24 12:03:04,2025-04-25 12:03:04,Standard,3
243,2025-04-30 20:59:13,481.16,497.97,0.1,32.99,PIX,Em Analise,ES,Sudeste,Eletrônicos,2025-04-24 15:01:26,2025-04-28 15:01:26,Scheduled,3
244,2025-03-17 21:44:13,1554.52,1539.8,0.0183,42.9,Credito,Em Analise,MG,Sudeste,Eletrônicos,2025-04-15 22:54:56,2025-04-20 22:54:56,Same-Day,2
245,2025-03-05 03:49:27,881.59,949.0,0.1058,32.99,Boleto,Em Analise,PE,Nordeste,Eletrônicos,2025-05-12 06:43:40,2025-05-16 06:43:40,Scheduled,1
246,2025-05-17 04:39:47,416.53,449.0,0.1458,32.99,Debito,Processando,PE,Nordeste,Eletrônicos,2025-05-03 09:42:29,2025-05-05 09:42:29,Scheduled,1
247,2025-03-22 17:30:33,12153.65,12199.96,0.0065,32.99,Debito,Cancelado,RO,Norte,Eletrônicos,2025-04-29 23:20:18,2025-04-30 23:20:18,Scheduled,4
248,2025-03-28 03:36:51,76.04,53.9,0.0141,22.9,Boleto,Processando,SE,Nordeste,Eletrônicos,2025-04-16 23:51:35,2025-04-19 23:51:35,Standard,1
249,2025-04-13 06:20:03,3225.95,3253.14,0.0185,32.99,Boleto,Confirmado,RO,Norte,Eletrônicos,2025-04-19 03:50:00,2025-04-19 03:50:00,Scheduled,2
250,2025-03-20 18:23:57,654.06,663.96,0.0646,32.99,PIX,Em Analise,RS,Sul,Eletrônicos,2025-05-06 23:36:22,2025-05-08 23:36:22,Scheduled,4
251,2025-04-09 02:30:49,3462.11,3596.0,0.0436,22.9,Boleto,Cancelado,MG,Sudeste,Eletrônicos,2025-04-27 13:48:16,2025-05-01 13:48:16,Standard,4
252,2025-05-15 23:08:43,4089.82,4604.0,0.121,42.9,Boleto,Confirmado,SP,Sudeste,Eletrônicos,2025-04-29 19:42:06,2025-05-03 19:42:06,Same-Day,1
253,2025-03-29 23:00:15,143.53,129.86,0.0711,22.9,PIX,Processando,PA,Norte,Eletrônicos,2025-05-02 11:54:25,2025-05-03 11:54:25,Standard,1
254,2025-03-09 00:20:23,4292.19,4604.0,0.0727,22.9,Debito,Em Analise,RO,Norte,Eletrônicos,2025-04-27 12:03:18,2025-04-28 12:03:18,Standard,1
255,2025-02-26 14:15:07,3555.2,3958.2,0.1076,22.9,Debito,Em Analise,MA,Nordeste,Eletrônicos,2025-05-11 10:09:41,2025-05-13 10:09:41,Standard,2
256,2025-03-28 10:41:22,3109.48,3253.14,0.0543,32.99,Credito,Em Analise,ES,Sudeste,Eletrônicos,2025-05-06 18:12:18,2025-05-08 18:12:18,Scheduled,2
257,2025-03-24 23:54:01,70.16,49.9,0.053,22.9,Debito,Processando,RO,Norte,Eletrônicos,2025-05-05 01:03:43,2025-05-06 01:03:43,Standard,1
258,2025-03-19 11:03:34,131.37,99.8,0.1135,42.9,Debito,Confirmado,RN,Nordeste,Eletrônicos,2025-04-25 19:33:44,2025-04-27 19:33:44,Same-Day,2
259,2025-04-09 14:07:09,1159.29,1286.97,0.117,22.9,Boleto,Em Analise,RS,Sul,Eletrônicos,2025-04-17 17:57:57,2025-04-19 17:57:57,Standard,3
260,2025-05-01 15:26:19,416.81,374.73,0.0022,42.9,Debito,Em Analise,RS,Sul,Eletrônicos,2025-05-13 19:31:17,2025-05-14 19:31:17,Same-Day,3
261,2025-04-18 04:14:46,233.84,215.6,0.0216,22.9,Boleto,Em Analise,RO,Norte,Eletrônicos,2025-04-21 17:37:45,2025-04-21 17:37:45,Standard,4
262,2025-04-01 02:49:17,4756.55,4879.71,0.032,32.99,Debito,Processando,PB,Nordeste,Eletrônicos,2025-04-20 10:18:54,2025-04-21 10:18:54,Scheduled,3
263,2025-02-19 08:17:17,2950.3,3079.6,0.0527,32.99,PIX,Em Analise,AP,Norte,Eletrônicos,2025-05-09 10:06:35,2025-05-10 10:06:35,Scheduled,4
264,2025-03-25 22:22:24,950.43,949.0,0.0437,42.9,Credito,Processando,CE,Nordeste,Eletrônicos,2025-04-21 11:06:32,2025-04-25 11:06:32,Same-Day,1
265,2025-05-14 05:50:30,5531.05,6099.98,0.1003,42.9,Boleto,Processando,PA,Norte,Eletrônicos,2025-04-28 14:44:20,2025-05-03 14:44:20,Same-Day,2
266,2025-04-16 22:42:17,971.85,1072.0,0.1242,32.99,Credito,Confirmado,RS,Sul,Eletrônicos,2025-05-05 05:16:23,2025-05-07 05:16:23,Scheduled,1
267,2025-04-21 13:29:55,193.82,155.4,0.0288,42.9,Boleto,Processando,PE,Nordeste,Eletrônicos,2025-05-02 00:05:27,2025-05-07 00:05:27,Same-Day,3
268,2025-03-26 09:22:40,1996.04,2144.0,0.0844,32.99,Boleto,Processando,PR,Sul,Eletrônicos,2025-04-13 20:02:10,2025-04-18 20:02:10,Scheduled,2
269,2025-02-19 14:50:32,7815.19,8226.39,0.0552,42.9,Boleto,Confirmado,MG,Sudeste,Eletrônicos,2025-04-20 17:15:25,2025-04-23 17:15:25,Same-Day,3
270,2025-04-13 10:26:20,853.67,899.0,0.0759,22.9,Credito,Processando,RO,Norte,Eletrônicos,2025-04-12 18:30:56,2025-04-17 18:30:56,Standard,1
271,2025-04-06 07:44:02,1990.08,2158.0,0.0931,32.99,PIX,Processando,PE,Nordeste,Eletrônicos,2025-04-30 16:53:30,2025-04-30 16:53:30,Scheduled,2
272,2025-03-25 16:37:45,7966.77,9149.97,0.134,42.9,PIX,Cancelado,AC,Norte,Eletrônicos,2025-04-23 23:16:20,2025-04-24 23:16:20,Same-Day,3
273,2025-04-11 03:23:40,10685.62,10968.52,0.0288,32.99,PIX,Cancelado,RJ,Sudeste,Eletrônicos,2025-05-01 20:04:34,2025-05-01 20:04:34,Scheduled,4
274,2025-04-17 16:32:27,713.34,699.6,0.0131,22.9,Credito,Processando,PA,Norte,Eletrônicos,2025-05-12 23:31:33,2025-05-16 23:31:33,Standard,4
275,2025-04-07 01:06:29,518.23,524.7,0.0941,42.9,PIX,Cancelado,RS,Sul,Eletrônicos,2025-05-11 22:40:22,2025-05-15 22:40:22,Same-Day,3
276,2025-03-02 18:48:08,5619.4,5937.3,0.0591,32.99,Debito,Cancelado,RS,Sul,Eletrônicos,2025-05-07 17:50:59,2025-05-08 17:50:59,Scheduled,3
277,2025-04-30 23:55:39,174.51,155.4,0.0244,22.9,Credito,Confirmado,PA,Norte,Eletrônicos,2025-04-24 04:08:49,2025-04-28 04:08:49,Standard,3
278,2025-03-16 00:13:36,3575.61,3596.0,0.0176,42.9,Boleto,Processando,ES,Sudeste,Eletrônicos,2025-05-10 15:21:44,2025-05-15 15:21:44,Same-Day,4
279,2025-05-01 03:14:11,161.88,129.86,0.0838,42.9,Debito,Processando,BA,Nordeste,Eletrônicos,2025-05-13 10:05:52,2025-05-16 10:05:52,Same-Day,1
280,2025-04-07 20:57:25,1747.99,1796.0,0.0451,32.99,Debito,Cancelado,TO,Norte,Eletrônicos,2025-05-04 17:54:39,2025-05-06 17:54:39,Scheduled,4
281,2025-04-28 01:29:03,170.2,149.7,0.1496,42.9,Boleto,Cancelado,SC,Sul,Eletrônicos,2025-04-23 13:37:50,2025-04-25 13:37:50,Same-Day,3
282,2025-02-20 15:34:29,5091.25,5397.03,0.0609,22.9,Debito,Cancelado,MG,Sudeste,Eletrônicos,2025-04-14 18:25:58,2025-04-19 18:25:58,Standard,3
283,2025-03-24 19:03:06,67.65,35.8,0.0318,32.99,Debito,Em Analise,PR,Sul,Eletrônicos,2025-04-21 04:55:53,2025-04-24 04:55:53,Scheduled,2
284,2025-03-25 20:31:10,71.54,53.7,0.0943,22.9,Credito,Em Analise,SP,Sudeste,Eletrônicos,2025-05-01 04:39:56,2025-05-03 04:39:56,Standard,3
285,2025-04-22 10:17:40,177.21,149.7,0.0366,32.99,Debito,Cancelado,ES,Sudeste,Eletrônicos,2025-05-04 14:52:37,2025-05-06 14:52:37,Scheduled,3
286,2025-04-08 04:08:21,163.14,129.86,0.0741,42.9,Boleto,Confirmado,SP,Sudeste,Eletrônicos,2025-05-12 09:35:34,2025-05-12 09:35:34,Same-Day,1
287,2025-04-07 17:08:55,4046.42,4316.0,0.0724,42.9,Credito,Cancelado,SP,Sudeste,Eletrônicos,2025-04-27 01:44:48,2025-04-30 01:44:48,Same-Day,4
288,2025-03-16 04:00:07,432.81,428.99,0.068,32.99,PIX,Processando,PA,Norte,Eletrônicos,2025-05-09 21:55:30,2025-05-11 21:55:30,Scheduled,1
289,2025-03-28 16:06:11,1626.22,1798.0,0.1194,42.9,Boleto,Confirmado,RJ,Sudeste,Eletrônicos,2025-05-01 07:30:32,2025-05-04 07:30:32,Same-Day,2
290,2025-05-05 04:36:11,5328.92,5484.26,0.0325,22.9,PIX,Confirmado,TO,Norte,Eletrônicos,2025-04-29 15:36:12,2025-05-03 15:36:12,Standard,2
291,2025-03-17 10:41:33,3444.37,3958.2,0.1356,22.9,Boleto,Processando,RR,Norte,Eletrônicos,2025-05-07 19:10:46,2025-05-08 19:10:46,Standard,2
292,2025-03-18 12:33:18,16263.01,18416.0,0.1187,32.99,Boleto,Cancelado,RS,Sul,Eletrônicos,2025-05-09 18:14:13,2025-05-13 18:14:13,Scheduled,4
293,2025-04-04 00:54:30,497.56,499.64,0.05,22.9,Boleto,Processando,PI,Nordeste,Eletrônicos,2025-05-12 13:41:49,2025-05-16 13:41:49,Standard,4
294,2025-03-23 21:53:48,1773.16,1799.01,0.0271,22.9,PIX,Confirmado,SC,Sul,Eletrônicos,2025-04-17 14:23:36,2025-04-17 14:23:36,Standard,1
295,2025-04-07 08:54:56,864.93,857.98,0.0419,42.9,Debito,Processando,AP,Norte,Eletrônicos,2025-04-29 05:27:16,2025-05-01 05:27:16,Same-Day,2
296,2025-02-19 11:38:40,180.61,165.99,0.0499,22.9,Boleto,Em Analise,PE,Nordeste,Eletrônicos,2025-04-23 13:23:52,2025-04-27 13:23:52,Standard,1
297,2025-02-22 17:06:56,7298.28,7916.4,0.0835,42.9,Debito,Confirmado,PR,Sul,Eletrônicos,2025-04-22 01:03:30,2025-04-26 01:03:30,Same-Day,4
298,2025-03-23 06:22:31,6483.64,6506.28,0.007,22.9,Debito,Cancelado,MA,Nordeste,Eletrônicos,2025-05-09 05:05:42,2025-05-10 05:05:42,Standard,4
299,2025-04-24 07:02:23,140.76,124.91,0.1372,32.99,Boleto,Cancelado,RO,Norte,Eletrônicos,2025-05-07 01:29:01,2025-05-11 01:29:01,Scheduled,1
300,2025-03-04 14:19:41,367.52,349.8,0.0148,22.9,Boleto,Cancelado,AP,Norte,Eletrônicos,2025-05-07 10:26:20,2025-05-09 10:26:20,Standard,2
301,2025-03-01 23:42:56,2087.16,2144.0,0.0419,32.99,Debito,Em Analise,PR,Sul,Eletrônicos,2025-05-12 19:39:38,2025-05-16 19:39:38,Scheduled,2
302,2025-03-03 00:39:48,1537.45,1539.8,0.0164,22.9,Debito,Cancelado,SC,Sul,Eletrônicos,2025-04-24 09:49:31,2025-04-24 09:49:31,Standard,2
303,2025-02-23 05:57:30,522.34,519.44,0.0385,22.9,Credito,Confirmado,SP,Sudeste,Eletrônicos,2025-05-08 03:46:58,2025-05-10 03:46:58,Standard,4
304,2025-04-24 10:29:22,74.2,35.8,0.1257,42.9,PIX,Confirmado,PR,Sul,Eletrônicos,2025-04-12 11:33:52,2025-04-17 11:33:52,Same-Day,2
305,2025-04-03 06:37:28,995.95,1072.0,0.0923,22.9,Boleto,Cancelado,RN,Nordeste,Eletrônicos,2025-04-27 22:07:37,2025-05-02 22:07:37,Standard,1
306,2025-02-26 17:52:55,353.65,331.98,0.0341,32.99,Credito,Processando,CE,Nordeste,Eletrônicos,2025-05-11 16:08:08,2025-05-12 16:08:08,Scheduled,2
307,2025-03-10 06:16:27,7193.28,8226.39,0.1308,42.9,Credito,Em Analise,RS,Sul,Eletrônicos,2025-05-10 20:27:40,2025-05-15 20:27:40,Same-Day,3
308,2025-05-13 03:12:16,165.18,161.7,0.1201,22.9,Debito,Processando,ES,Sudeste,Eletrônicos,2025-04-30 21:46:02,2025-04-30 21:46:02,Standard,3
309,2025-03-15 20:03:12,498.4,524.7,0.113,32.99,PIX,Em Analise,SP,Sudeste,Eletrônicos,2025-04-21 05:13:59,2025-04-21 05:13:59,Scheduled,3
310,2025-05-01 11:43:29,477.58,497.97,0.1271,42.9,Boleto,Em Analise,SC,Sul,Eletrônicos,2025-04-22 07:12:20,2025-04-25 07:12:20,Same-Day,3
311,2025-02-22 21:14:53,1005.4,1072.0,0.0929,32.99,Debito,Confirmado,RJ,Sudeste,Eletrônicos,2025-05-11 12:17:14,2025-05-16 12:17:14,Scheduled,1
312,2025-03-22 15:50:09,3368.48,3596.0,0.0752,42.9,PIX,Em Analise,RS,Sul,Eletrônicos,2025-05-14 06:33:07,2025-05-14 06:33:07,Same-Day,4
313,2025-03-06 21:02:53,1910.97,1979.1,0.0561,42.9,Credito,Confirmado,PB,Nordeste,Eletrônicos,2025-04-14 08:47:15,2025-04-19 08:47:15,Same-Day,1
314,2025-05-10 17:38:36,2639.37,2697.0,0.0336,32.99,Credito,Processando,PR,Sul,Eletrônicos,2025-05-05 16:02:10,2025-05-06 16:02:10,Scheduled,3
315,2025-04-29 04:55:03,1011.7,1079.0,0.0836,22.9,Boleto,Processando,AM,Norte,Eletrônicos,2025-05-04 15:51:26,2025-05-06 15:51:26,Standard,1
316,2025-05-04 15:45:53,89.44,53.7,0.1334,42.9,Debito,Processando,RS,Sul,Eletrônicos,2025-04-16 13:15:35,2025-04-17 13:15:35,Same-Day,3
317,2025-03-26 11:48:29,11135.84,12199.96,0.0891,22.9,Debito,Confirmado,PR,Sul,Eletrônicos,2025-04-23 19:33:33,2025-04-23 19:33:33,Standard,4
318,2025-03-29 06:59:11,218.86,215.6,0.1379,32.99,Boleto,Processando,ES,Sudeste,Eletrônicos,2025-04-28 13:16:13,2025-05-01 13:16:13,Scheduled,4
319,2025-03-25 11:41:40,219.01,207.2,0.0535,22.9,Credito,Em Analise,RO,Norte,Eletrônicos,2025-04-27 14:39:25,2025-04-29 14:39:25,Standard,4
320,2025-03-27 18:55:11,8238.53,9149.97,0.1043,42.9,PIX,Em Analise,RR,Norte,Eletrônicos,2025-05-07 09:00:34,2025-05-12 09:00:34,Same-Day,3
321,2025-04-18 01:49:12,1666.87,1799.01,0.0973,42.9,PIX,Cancelado,SC,Sul,Eletrônicos,2025-04-28 17:49:18,2025-04-29 17:49:18,Same-Day,1
322,2025-03-17 10:04:26,7421.72,8226.39,0.1006,22.9,Boleto,Em Analise,PA,Norte,Eletrônicos,2025-05-08 03:15:03,2025-05-12 03:15:03,Standard,3
323,2025-02-18 13:06:03,1979.36,2144.0,0.0968,42.9,Credito,Confirmado,SP,Sudeste,Eletrônicos,2025-04-19 07:07:52,2025-04-21 07:07:52,Same-Day,2
324,2025-04-01 20:12:53,7696.48,7916.4,0.0332,42.9,Debito,Em Analise,SP,Sudeste,Eletrônicos,2025-04-18 23:29:40,2025-04-20 23:29:40,Same-Day,4
325,2025-04-25 08:26:19,482.25,449.0,0.0215,42.9,Credito,Processando,SC,Sul,Eletrônicos,2025-05-02 04:28:34,2025-05-07 04:28:34,Same-Day,1
326,2025-03-24 05:36:34,2798.48,3253.14,0.1468,22.9,PIX,Confirmado,AP,Norte,Eletrônicos,2025-05-08 14:33:35,2025-05-12 14:33:35,Standard,2
327,2025-03-20 20:16:24,2701.56,2697.0,0.0068,22.9,PIX,Cancelado,CE,Nordeste,Eletrônicos,2025-04-23 20:15:38,2025-04-23 20:15:38,Standard,3
328,2025-02-20 07:12:37,758.75,769.9,0.0702,42.9,Boleto,Processando,TO,Norte,Eletrônicos,2025-04-30 04:08:30,2025-05-02 04:08:30,Same-Day,1
329,2025-05-06 15:19:23,3063.47,3237.0,0.0638,32.99,Debito,Em Analise,PR,Sul,Eletrônicos,2025-04-21 06:03:08,2025-04-24 06:03:08,Scheduled,3
330,2025-04-24 20:00:22,2051.12,2144.0,0.054,22.9,PIX,Em Analise,AC,Norte,Eletrônicos,2025-04-28 09:45:01,2025-04-28 09:45:01,Standard,2
331,2025-05-10 22:46:35,199.09,199.6,0.1173,22.9,Boleto,Em Analise,AM,Norte,Eletrônicos,2025-04-23 22:41:41,2025-04-27 22:41:41,Standard,4
332,2025-04-04 03:17:47,38.8,17.9,0.1118,22.9,PIX,Processando,SP,Sudeste,Eletrônicos,2025-04-18 19:16:01,2025-04-22 19:16:01,Standard,1
333,2025-04-14 03:12:57,7940.39,9149.97,0.1358,32.99,PIX,Cancelado,RN,Nordeste,Eletrônicos,2025-04-27 14:47:14,2025-04-30 14:47:14,Scheduled,3
334,2025-02-21 17:39:49,511.54,519.44,0.0593,22.9,Credito,Confirmado,MA,Nordeste,Eletrônicos,2025-05-02 04:22:13,2025-05-03 04:22:13,Standard,4
335,2025-05-16 13:39:08,1770.42,1898.0,0.0846,32.99,Debito,Cancelado,RO,Norte,Eletrônicos,2025-04-23 08:38:26,2025-04-25 08:38:26,Scheduled,2
336,2025-02-22 03:20:32,414.49,428.99,0.1338,42.9,PIX,Confirmado,SE,Nordeste,Eletrônicos,2025-05-05 14:04:57,2025-05-07 14:04:57,Same-Day,1
337,2025-02-18 15:38:19,945.15,1072.0,0.1491,32.99,Debito,Cancelado,PB,Nordeste,Eletrônicos,2025-04-26 09:57:07,2025-04-30 09:57:07,Scheduled,1
338,2025-03-27 13:23:23,2629.42,3049.99,0.1454,22.9,Credito,Em Analise,SP,Sudeste,Eletrônicos,2025-05-03 09:34:11,2025-05-08 09:34:11,Standard,1
339,2025-02-24 23:15:44,9810.11,10968.52,0.1077,22.9,Debito,Cancelado,TO,Norte,Eletrônicos,2025-04-23 17:06:30,2025-04-28 17:06:30,Standard,4
340,2025-02-25 02:11:55,462.25,449.0,0.0215,22.9,Boleto,Confirmado,MG,Sudeste,Eletrônicos,2025-04-29 11:56:34,2025-04-30 11:56:34,Standard,1
341,2025-04-14 22:07:46,249.37,207.2,0.0035,42.9,Boleto,Em Analise,RS,Sul,Eletrônicos,2025-05-06 04:03:05,2025-05-07 04:03:05,Same-Day,4
342,2025-04-30 20:39:36,2517.44,2847.0,0.1238,22.9,Credito,Cancelado,SP,Sudeste,Eletrônicos,2025-05-13 04:32:55,2025-05-14 04:32:55,Standard,3
343,2025-04-11 22:30:21,397.79,428.99,0.1261,22.9,Debito,Cancelado,RS,Sul,Eletrônicos,2025-04-29 03:14:05,2025-05-02 03:14:05,Standard,1
344,2025-03-11 20:40:00,484.16,519.44,0.112,22.9,Debito,Processando,RS,Sul,Eletrônicos,2025-05-14 09:27:05,2025-05-14 09:27:05,Standard,4
345,2025-04-06 13:09:26,128.6,99.8,0.042,32.99,Boleto,Em Analise,RN,Nordeste,Eletrônicos,2025-05-04 13:22:51,2025-05-04 13:22:51,Scheduled,2
346,2025-03-09 08:01:23,492.47,519.44,0.096,22.9,Boleto,Cancelado,RJ,Sudeste,Eletrônicos,2025-05-12 20:39:00,2025-05-12 20:39:00,Standard,4
347,2025-04-21 09:28:21,2233.21,2309.7,0.0474,32.99,Debito,Em Analise,TO,Norte,Eletrônicos,2025-04-17 21:33:12,2025-04-17 21:33:12,Scheduled,3
348,2025-03-07 11:21:47,8554.33,9149.97,0.0676,22.9,Boleto,Processando,ES,Sudeste,Eletrônicos,2025-04-28 05:41:23,2025-04-28 05:41:23,Standard,3
349,2025-02-25 14:03:44,4111.16,4316.0,0.0574,42.9,PIX,Cancelado,RO,Norte,Eletrônicos,2025-04-19 07:02:40,2025-04-19 07:02:40,Same-Day,4
350,2025-03-27 06:56:48,53.8,35.8,0.137,22.9,Credito,Cancelado,MG,Sudeste,Eletrônicos,2025-04-27 06:46:41,2025-05-01 06:46:41,Standard,2
351,2025-02-19 03:01:30,418.81,389.58,0.0351,42.9,Debito,Cancelado,PB,Nordeste,Eletrônicos,2025-04-20 23:44:31,2025-04-21 23:44:31,Same-Day,3
352,2025-05-04 10:19:28,3658.32,3958.2,0.0866,42.9,PIX,Confirmado,MG,Sudeste,Eletrônicos,2025-05-07 09:15:22,2025-05-09 09:15:22,Same-Day,2
353,2025-03-14 02:14:00,2616.68,2742.13,0.0541,22.9,Debito,Processando,AM,Norte,Eletrônicos,2025-04-21 09:20:14,2025-04-22 09:20:14,Standard,1
354,2025-04-16 23:24:48,2471.55,2697.0,0.0995,42.9,PIX,Em Analise,RO,Norte,Eletrônicos,2025-05-01 04:45:02,2025-05-03 04:45:02,Same-Day,3
355,2025-04-18 08:52:49,8397.87,9149.97,0.0847,22.9,Credito,Processando,CE,Nordeste,Eletrônicos,2025-05-12 00:37:43,2025-05-16 00:37:43,Standard,3
356,2025-05-09 18:30:41,3140.49,3596.0,0.1386,42.9,Boleto,Processando,SP,Sudeste,Eletrônicos,2025-04-22 19:31:06,2025-04-26 19:31:06,Same-Day,4
357,2025-04-13 17:41:28,367.38,349.8,0.0152,22.9,PIX,Processando,MA,Nordeste,Eletrônicos,2025-05-03 18:03:52,2025-05-07 18:03:52,Standard,2
358,2025-05-09 02:35:48,92.99,51.8,0.0331,42.9,Boleto,Cancelado,RJ,Sudeste,Eletrônicos,2025-04-20 08:54:30,2025-04-21 08:54:30,Same-Day,1
359,2025-05-01 06:14:54,48.83,17.9,0.115,32.99,Credito,Em Analise,SP,Sudeste,Eletrônicos,2025-04-23 00:10:30,2025-04-24 00:10:30,Scheduled,1
360,2025-05-03 15:56:27,3081.06,3216.0,0.0553,42.9,Boleto,Confirmado,ES,Sudeste,Eletrônicos,2025-05-01 11:45:20,2025-05-01 11:45:20,Same-Day,3
361,2025-03-15 16:06:01,366.61,331.98,0.0249,42.9,Boleto,Confirmado,AP,Norte,Eletrônicos,2025-04-18 17:42:18,2025-04-23 17:42:18,Same-Day,2
362,2025-03-12 20:09:33,679.77,699.6,0.0755,32.99,Debito,Processando,SC,Sul,Eletrônicos,2025-05-09 08:17:42,2025-05-14 08:17:42,Scheduled,4
363,2025-02-20 23:41:54,8340.45,9208.0,0.0978,32.99,PIX,Confirmado,TO,Norte,Eletrônicos,2025-04-19 04:30:21,2025-04-24 04:30:21,Scheduled,2
364,2025-05-15 00:47:46,187.78,165.99,0.0067,22.9,Boleto,Em Analise,AM,Norte,Eletrônicos,2025-05-06 11:13:54,2025-05-08 11:13:54,Standard,1
365,2025-04-02 21:50:26,223.87,199.6,0.0437,32.99,Debito,Processando,PA,Norte,Eletrônicos,2025-05-06 10:48:58,2025-05-07 10:48:58,Scheduled,4
366,2025-04-03 01:30:21,1163.72,1286.97,0.1214,32.99,Boleto,Cancelado,SP,Sudeste,Eletrônicos,2025-05-14 05:44:17,2025-05-14 05:44:17,Scheduled,3
367,2025-04-20 17:03:27,6021.69,6506.28,0.078,22.9,Debito,Processando,RR,Norte,Eletrônicos,2025-05-05 10:29:27,2025-05-08 10:29:27,Standard,4
368,2025-04-16 18:15:59,2770.5,2742.13,0.0053,42.9,Debito,Cancelado,PR,Sul,Eletrônicos,2025-04-23 05:41:28,2025-04-24 05:41:28,Same-Day,1
369,2025-04-05 05:23:46,530.46,519.44,0.0423,32.99,Boleto,Em Analise,MG,Sudeste,Eletrônicos,2025-05-08 12:23:15,2025-05-13 12:23:15,Scheduled,4
370,2025-03-29 17:20:42,381.69,374.73,0.0959,42.9,PIX,Cancelado,SC,Sul,Eletrônicos,2025-05-03 05:18:07,2025-05-08 05:18:07,Same-Day,3
371,2025-04-23 22:34:47,265.25,249.82,0.0299,22.9,PIX,Cancelado,PR,Sul,Eletrônicos,2025-04-17 23:58:11,2025-04-19 23:58:11,Standard,2
372,2025-02-19 10:22:11,69.94,53.7,0.1241,22.9,Credito,Em Analise,AC,Norte,Eletrônicos,2025-05-09 07:56:54,2025-05-12 07:56:54,Standard,3
373,2025-05-06 18:21:44,97.32,71.6,0.1015,32.99,Credito,Em Analise,PR,Sul,Eletrônicos,2025-04-16 13:42:09,2025-04-20 13:42:09,Scheduled,4
374,2025-03-04 23:27:14,1554.47,1626.57,0.0707,42.9,Credito,Processando,MA,Nordeste,Eletrônicos,2025-05-14 00:06:44,2025-05-17 00:06:44,Same-Day,1
375,2025-04-19 06:15:18,1446.14,1626.57,0.1373,42.9,Boleto,Em Analise,RS,Sul,Eletrônicos,2025-05-04 18:01:02,2025-05-07 18:01:02,Same-Day,1
376,2025-04-19 16:05:44,185.18,161.7,0.0588,32.99,PIX,Cancelado,SC,Sul,Eletrônicos,2025-04-22 17:07:31,2025-04-23 17:07:31,Scheduled,3
377,2025-04-08 15:20:19,3155.72,3237.0,0.0353,32.99,Boleto,Processando,SC,Sul,Eletrônicos,2025-04-17 04:27:12,2025-04-22 04:27:12,Scheduled,3
378,2025-03-30 17:42:33,87.4,71.6,0.0992,22.9,Boleto,Processando,SC,Sul,Eletrônicos,2025-05-10 12:24:02,2025-05-10 12:24:02,Standard,4
379,2025-03-14 15:47:54,2002.52,2144.0,0.086,42.9,Boleto,Cancelado,ES,Sudeste,Eletrônicos,2025-05-02 08:43:26,2025-05-02 08:43:26,Same-Day,2
380,2025-03-16 10:21:59,1741.51,1799.01,0.0503,32.99,PIX,Confirmado,SE,Nordeste,Eletrônicos,2025-05-11 23:35:39,2025-05-15 23:35:39,Scheduled,1
381,2025-03-04 09:35:02,874.65,898.0,0.0515,22.9,PIX,Cancelado,PI,Nordeste,Eletrônicos,2025-04-30 20:52:06,2025-05-01 20:52:06,Standard,2
382,2025-03-04 21:49:50,1243.13,1286.97,0.0597,32.99,Debito,Confirmado,RJ,Sudeste,Eletrônicos,2025-05-08 11:02:24,2025-05-13 11:02:24,Scheduled,3
383,2025-05-04 23:20:55,5287.5,5484.26,0.0437,42.9,Debito,Confirmado,RS,Sul,Eletrônicos,2025-04-22 02:08:05,2025-04-23 02:08:05,Same-Day,2
384,2025-03-11 09:15:32,3569.64,3958.2,0.1065,32.99,Credito,Processando,TO,Norte,Eletrônicos,2025-05-06 05:23:51,2025-05-07 05:23:51,Scheduled,2
385,2025-02-25 15:03:16,116.38,103.6,0.0977,22.9,Debito,Processando,RR,Norte,Eletrônicos,2025-04-30 07:49:58,2025-05-04 07:49:58,Standard,2
386,2025-03-26 10:43:24,6743.28,7196.04,0.0661,22.9,Debito,Confirmado,AC,Norte,Eletrônicos,2025-05-04 07:21:35,2025-05-05 07:21:35,Standard,4
387,2025-04-05 22:44:10,198.98,165.99,0.0597,42.9,Boleto,Cancelado,MA,Nordeste,Eletrônicos,2025-04-20 17:04:05,2025-04-23 17:04:05,Same-Day,1
388,2025-03-09 12:07:47,1740.48,1796.0,0.0548,42.9,Credito,Confirmado,CE,Nordeste,Eletrônicos,2025-05-08 10:47:39,2025-05-12 10:47:39,Same-Day,4
389,2025-03-28 15:25:07,519.71,497.97,0.0425,42.9,Credito,Processando,PB,Nordeste,Eletrônicos,2025-05-14 04:26:04,2025-05-17 04:26:04,Same-Day,3
390,2025-03-29 16:41:17,8153.26,8226.39,0.0129,32.99,Boleto,Em Analise,MG,Sudeste,Eletrônicos,2025-05-03 22:46:01,2025-05-08 22:46:01,Scheduled,3
391,2025-05-06 07:35:04,80.88,49.9,0.0402,32.99,Debito,Cancelado,MG,Sudeste,Eletrônicos,2025-05-10 17:03:07,2025-05-14 17:03:07,Scheduled,1
392,2025-03-25 23:31:53,7852.78,8226.39,0.0482,22.9,Credito,Processando,MG,Sudeste,Eletrônicos,2025-05-05 13:23:25,2025-05-08 13:23:25,Standard,3
393,2025-04-19 22:01:02,39.33,17.9,0.0822,22.9,Boleto,Em Analise,AP,Norte,Eletrônicos,2025-05-09 23:17:09,2025-05-11 23:17:09,Standard,1
394,2025-05-06 02:50:33,4880.53,5484.26,0.1161,32.99,PIX,Confirmado,MG,Sudeste,Eletrônicos,2025-05-16 02:09:53,2025-05-17 02:09:53,Scheduled,2
395,2025-04-03 17:47:33,829.92,857.98,0.0594,22.9,Credito,Processando,AP,Norte,Eletrônicos,2025-05-17 09:56:58,2025-05-17 09:56:58,Standard,2
396,2025-04-04 10:50:32,11877.74,13812.0,0.1417,22.9,PIX,Cancelado,AP,Norte,Eletrônicos,2025-05-13 15:11:27,2025-05-16 15:11:27,Standard,3
397,2025-04-30 10:18:18,1900.83,2144.0,0.1241,22.9,Debito,Em Analise,RR,Norte,Eletrônicos,2025-05-09 23:45:45,2025-05-12 23:45:45,Standard,2
398,2025-04-17 10:07:45,171.97,174.9,0.1477,22.9,PIX,Cancelado,RS,Sul,Eletrônicos,2025-04-25 04:36:39,2025-04-27 04:36:39,Standard,1
399,2025-03-07 09:27:21,1585.52,1799.01,0.1314,22.9,Credito,Em Analise,PA,Norte,Eletrônicos,2025-04-26 12:11:01,2025-05-01 12:11:01,Standard,1
400,2025-04-09 20:33:26,7498.44,8226.39,0.0925,32.99,Debito,Processando,BA,Nordeste,Eletrônicos,2025-05-15 14:56:44,2025-05-16 14:56:44,Scheduled,3
401,2025-04-28 19:40:32,1677.62,1796.0,0.0898,42.9,Debito,Em Analise,SP,Sudeste,Eletrônicos,2025-04-27 05:58:21,2025-04-30 05:58:21,Same-Day,4
402,2025-02-20 18:38:11,2307.79,2309.7,0.0194,42.9,Credito,Confirmado,PA,Norte,Eletrônicos,2025-04-24 19:54:51,2025-04-26 19:54:51,Same-Day,3
403,2025-05-14 07:11:11,4147.83,4604.0,0.1084,42.9,Debito,Cancelado,SC,Sul,Eletrônicos,2025-04-25 09:17:35,2025-04-29 09:17:35,Same-Day,1
404,2025-03-03 15:56:16,2477.17,2697.0,0.09,22.9,Debito,Confirmado,SC,Sul,Eletrônicos,2025-05-03 19:04:10,2025-05-06 19:04:10,Standard,3
405,2025-03-26 15:27:13,494.66,499.64,0.076,32.99,Boleto,Confirmado,AC,Norte,Eletrônicos,2025-04-15 07:21:29,2025-04-18 07:21:29,Scheduled,4
406,2025-03-14 13:28:13,172.23,155.4,0.104,32.99,Credito,Em Analise,CE,Nordeste,Eletrônicos,2025-04-22 20:44:34,2025-04-25 20:44:34,Scheduled,3
407,2025-03-27 00:46:28,1224.16,1286.97,0.0666,22.9,Credito,Em Analise,RJ,Sudeste,Eletrônicos,2025-05-06 13:14:18,2025-05-06 13:14:18,Standard,3
408,2025-03-26 08:26:40,282.21,259.72,0.0786,42.9,Credito,Confirmado,SP,Sudeste,Eletrônicos,2025-04-21 09:29:16,2025-04-26 09:29:16,Same-Day,2
409,2025-05-14 06:14:40,89.82,49.9,0.0598,42.9,Credito,Confirmado,PR,Sul,Eletrônicos,2025-05-05 23:40:11,2025-05-06 23:40:11,Same-Day,1
410,2025-05-02 02:29:43,433.68,449.0,0.1076,32.99,PIX,Processando,RN,Nordeste,Eletrônicos,2025-04-24 06:27:44,2025-04-25 06:27:44,Scheduled,1
411,2025-04-03 20:02:51,187.06,165.99,0.1315,42.9,Boleto,Confirmado,RN,Nordeste,Eletrônicos,2025-04-19 06:13:04,2025-04-22 06:13:04,Same-Day,1
412,2025-05-17 10:25:04,363.35,389.58,0.1261,22.9,Debito,Cancelado,RS,Sul,Eletrônicos,2025-04-25 17:26:50,2025-04-29 17:26:50,Standard,3
413,2025-02-17 23:04:12,90.45,53.9,0.1179,42.9,Credito,Processando,AM,Norte,Eletrônicos,2025-04-17 16:24:54,2025-04-21 16:24:54,Same-Day,1
414,2025-05-11 22:01:41,68.71,35.8,0.0021,32.99,PIX,Processando,RJ,Sudeste,Eletrônicos,2025-05-10 07:05:26,2025-05-14 07:05:26,Scheduled,2
415,2025-03-14 00:03:57,9510.93,10968.52,0.1368,42.9,Credito,Em Analise,SE,Nordeste,Eletrônicos,2025-04-26 12:55:40,2025-04-26 12:55:40,Same-Day,4
416,2025-02-25 07:30:34,2662.14,2742.13,0.0412,32.99,Credito,Processando,TO,Norte,Eletrônicos,2025-04-14 21:46:30,2025-04-17 21:46:30,Scheduled,1
417,2025-04-05 05:20:22,346.11,349.8,0.1332,42.9,Credito,Cancelado,PA,Norte,Eletrônicos,2025-04-16 13:12:48,2025-04-21 13:12:48,Same-Day,2
418,2025-03-12 12:10:53,396.67,374.73,0.0295,32.99,PIX,Confirmado,MG,Sudeste,Eletrônicos,2025-05-07 22:57:19,2025-05-09 22:57:19,Scheduled,3
419,2025-03-05 00:08:49,2180.39,2309.7,0.0659,22.9,PIX,Em Analise,ES,Sudeste,Eletrônicos,2025-04-30 12:54:59,2025-05-04 12:54:59,Standard,3
420,2025-02-26 14:01:51,38.79,17.9,0.1124,22.9,Credito,Cancelado,SP,Sudeste,Eletrônicos,2025-05-02 18:47:45,2025-05-04 18:47:45,Standard,1
421,2025-03-30 00:01:13,16690.96,18416.0,0.096,42.9,Boleto,Cancelado,RJ,Sudeste,Eletrônicos,2025-04-20 07:48:50,2025-04-24 07:48:50,Same-Day,4
422,2025-03-17 09:53:57,1567.97,1626.57,0.0624,42.9,Debito,Confirmado,RO,Norte,Eletrônicos,2025-05-14 12:30:06,2025-05-16 12:30:06,Same-Day,1
423,2025-03-03 09:20:07,4870.51,5397.03,0.1018,22.9,PIX,Processando,MA,Nordeste,Eletrônicos,2025-04-27 15:50:22,2025-04-30 15:50:22,Standard,3
424,2025-04-27 04:12:33,181.38,161.7,0.0823,32.99,Boleto,Cancelado,CE,Nordeste,Eletrônicos,2025-05-04 07:50:26,2025-05-07 07:50:26,Scheduled,3
425,2025-03-04 01:38:38,147.38,129.86,0.0414,22.9,Boleto,Cancelado,ES,Sudeste,Eletrônicos,2025-04-14 23:48:08,2025-04-19 23:48:08,Standard,1
426,2025-02-28 01:31:57,55.23,35.8,0.0969,22.9,Debito,Confirmado,RN,Nordeste,Eletrônicos,2025-04-26 05:57:43,2025-04-27 05:57:43,Standard,2
427,2025-03-23 08:33:55,4773.29,4879.71,0.0306,42.9,Debito,Em Analise,RO,Norte,Eletrônicos,2025-04-19 22:27:32,2025-04-19 22:27:32,Same-Day,3
428,2025-05-06 11:11:49,122.4,99.8,0.1041,32.99,Credito,Processando,AP,Norte,Eletrônicos,2025-04-30 16:53:56,2025-04-30 16:53:56,Scheduled,2
429,2025-03-02 11:51:26,372.53,349.8,0.0005,22.9,Debito,Processando,RJ,Sudeste,Eletrônicos,2025-05-03 23:14:46,2025-05-03 23:14:46,Standard,2
430,2025-02-18 14:33:43,481.42,499.64,0.0823,22.9,Boleto,Cancelado,AP,Norte,Eletrônicos,2025-04-30 20:24:34,2025-05-03 20:24:34,Standard,4
431,2025-02-22 03:30:48,3610.38,3796.0,0.0602,42.9,Boleto,Confirmado,PR,Sul,Eletrônicos,2025-05-11 08:03:28,2025-05-15 08:03:28,Same-Day,4
432,2025-02-27 04:21:17,3102.66,3216.0,0.0455,32.99,PIX,Cancelado,AC,Norte,Eletrônicos,2025-05-04 20:06:22,2025-05-04 20:06:22,Scheduled,3
433,2025-04-04 12:41:02,3545.09,3796.0,0.0774,42.9,Debito,Processando,RN,Nordeste,Eletrônicos,2025-05-08 07:06:58,2025-05-08 07:06:58,Same-Day,4
434,2025-03-13 08:23:29,4907.59,5397.03,0.0968,32.99,PIX,Confirmado,RS,Sul,Eletrônicos,2025-05-13 10:51:35,2025-05-17 10:51:35,Scheduled,3
435,2025-04-12 13:32:20,5110.57,5937.3,0.1448,32.99,Boleto,Confirmado,RJ,Sudeste,Eletrônicos,2025-05-01 12:43:15,2025-05-05 12:43:15,Scheduled,3
436,2025-05-04 21:09:16,5370.47,6099.98,0.125,32.99,Boleto,Processando,AC,Norte,Eletrônicos,2025-04-20 22:33:05,2025-04-20 22:33:05,Scheduled,2
437,2025-03-28 01:54:51,1484.54,1626.57,0.1076,32.99,Credito,Cancelado,BA,Nordeste,Eletrônicos,2025-04-21 05:33:05,2025-04-24 05:33:05,Scheduled,1
438,2025-02-27 08:35:45,70.98,51.8,0.0718,22.9,Debito,Processando,SP,Sudeste,Eletrônicos,2025-04-22 23:43:01,2025-04-26 23:43:01,Standard,1
439,2025-05-15 18:23:26,1895.72,1979.1,0.0588,32.99,PIX,Processando,SC,Sul,Eletrônicos,2025-05-12 19:54:13,2025-05-15 19:54:13,Scheduled,1
440,2025-04-09 17:04:09,3971.79,3958.2,0.0049,32.99,Boleto,Confirmado,RS,Sul,Eletrônicos,2025-04-22 00:31:04,2025-04-27 00:31:04,Scheduled,2
441,2025-04-17 05:27:30,184.53,149.7,0.0539,42.9,Credito,Em Analise,AM,Norte,Eletrônicos,2025-05-08 02:49:30,2025-05-09 02:49:30,Same-Day,3
442,2025-04-16 09:50:37,6941.63,7916.4,0.1273,32.99,Debito,Confirmado,AM,Norte,Eletrônicos,2025-05-14 21:17:26,2025-05-14 21:17:26,Scheduled,4
443,2025-04-29 20:14:34,4381.71,4604.0,0.0576,42.9,PIX,Confirmado,SC,Sul,Eletrônicos,2025-05-09 05:00:08,2025-05-12 05:00:08,Same-Day,1
444,2025-05-12 09:44:58,694.09,699.6,0.0692,42.9,Debito,Em Analise,AP,Norte,Eletrônicos,2025-04-26 23:14:00,2025-05-01 23:14:00,Same-Day,4
445,2025-04-19 14:28:48,679.77,663.96,0.0408,42.9,Debito,Em Analise,AC,Norte,Eletrônicos,2025-04-16 23:01:55,2025-04-20 23:01:55,Same-Day,4
446,2025-05-10 21:48:28,904.95,899.0,0.0411,42.9,Debito,Cancelado,MG,Sudeste,Eletrônicos,2025-05-14 03:37:55,2025-05-16 03:37:55,Same-Day,1
447,2025-05-13 09:48:01,2843.42,2847.0,0.0093,22.9,Boleto,Em Analise,RJ,Sudeste,Eletrônicos,2025-05-11 07:48:11,2025-05-15 07:48:11,Standard,3
448,2025-03-13 09:29:11,221.11,207.2,0.0921,32.99,Debito,Confirmado,AC,Norte,Eletrônicos,2025-05-06 11:58:10,2025-05-07 11:58:10,Scheduled,4
449,2025-04-07 09:55:55,255.93,249.82,0.0672,22.9,PIX,Em Analise,PR,Sul,Eletrônicos,2025-05-03 00:37:17,2025-05-08 00:37:17,Standard,2
450,2025-05-14 18:03:06,860.18,899.0,0.0909,42.9,Boleto,Cancelado,SC,Sul,Eletrônicos,2025-04-24 08:38:43,2025-04-26 08:38:43,Same-Day,1
451,2025-05-16 07:45:21,162.11,129.86,0.082,42.9,Boleto,Processando,ES,Sudeste,Eletrônicos,2025-04-28 16:06:02,2025-05-02 16:06:02,Same-Day,1
452,2025-04-23 15:21:56,1605.5,1798.0,0.1198,22.9,Boleto,Em Analise,PA,Norte,Eletrônicos,2025-05-02 10:06:36,2025-05-05 10:06:36,Standard,2
453,2025-04-26 06:40:23,64.76,35.8,0.1127,32.99,PIX,Confirmado,PR,Sul,Eletrônicos,2025-04-18 21:06:51,2025-04-22 21:06:51,Scheduled,2
454,2025-03-25 08:48:46,272.57,259.72,0.1157,42.9,PIX,Processando,SC,Sul,Eletrônicos,2025-04-18 22:36:37,2025-04-22 22:36:37,Same-Day,2
455,2025-04-12 20:15:25,89.14,71.6,0.0749,22.9,Credito,Processando,RS,Sul,Eletrônicos,2025-04-18 20:14:14,2025-04-23 20:14:14,Standard,4
456,2025-02-17 09:27:01,5664.93,5937.3,0.0531,42.9,PIX,Cancelado,PR,Sul,Eletrônicos,2025-04-30 06:16:06,2025-05-03 06:16:06,Same-Day,3
457,2025-04-07 07:58:19,7961.78,9208.0,0.14,42.9,PIX,Em Analise,SE,Nordeste,Eletrônicos,2025-05-10 08:09:34,2025-05-15 08:09:34,Same-Day,2
458,2025-03-30 11:20:26,156.89,124.91,0.0081,32.99,Boleto,Em Analise,PA,Norte,Eletrônicos,2025-05-08 14:10:31,2025-05-13 14:10:31,Scheduled,1
459,2025-03-14 00:11:01,7778.01,7916.4,0.0229,42.9,Debito,Em Analise,RN,Nordeste,Eletrônicos,2025-04-16 15:40:08,2025-04-21 15:40:08,Same-Day,4
460,2025-04-11 18:06:13,5100.46,5397.03,0.0629,42.9,Debito,Processando,SC,Sul,Eletrônicos,2025-04-30 12:47:32,2025-05-01 12:47:32,Same-Day,3
461,2025-04-04 00:59:25,1590.91,1715.96,0.0921,32.99,PIX,Confirmado,RS,Sul,Eletrônicos,2025-04-29 03:51:18,2025-04-30 03:51:18,Scheduled,4
462,2025-03-24 09:39:10,412.01,389.58,0.0012,22.9,Debito,Processando,PI,Nordeste,Eletrônicos,2025-04-14 19:14:59,2025-04-19 19:14:59,Standard,3
463,2025-04-24 13:11:38,177.24,161.7,0.1079,32.99,Debito,Em Analise,RO,Norte,Eletrônicos,2025-04-21 06:44:21,2025-04-24 06:44:21,Scheduled,3
464,2025-05-17 03:20:40,16895.64,18416.0,0.0838,22.9,Boleto,Cancelado,PI,Nordeste,Eletrônicos,2025-04-27 10:10:35,2025-05-02 10:10:35,Standard,4
465,2025-03-23 21:38:07,66.19,35.8,0.0727,32.99,PIX,Em Analise,PB,Nordeste,Eletrônicos,2025-05-02 07:53:36,2025-05-04 07:53:36,Scheduled,2
466,2025-04-03 02:20:26,229.83,199.6,0.0635,42.9,Credito,Processando,PE,Nordeste,Eletrônicos,2025-05-12 18:39:19,2025-05-13 18:39:19,Same-Day,4
467,2025-03-01 08:05:12,92.6,53.9,0.0779,42.9,Debito,Em Analise,MA,Nordeste,Eletrônicos,2025-05-05 23:12:26,2025-05-09 23:12:26,Same-Day,1
468,2025-03-12 17:51:10,1788.28,1799.01,0.0243,32.99,Credito,Cancelado,SE,Nordeste,Eletrônicos,2025-04-21 19:35:50,2025-04-22 19:35:50,Scheduled,1
469,2025-03-09 18:12:13,3023.18,3049.99,0.0163,22.9,PIX,Confirmado,SC,Sul,Eletrônicos,2025-05-01 09:33:12,2025-05-02 09:33:12,Standard,1
470,2025-02-25 22:12:17,500.86,499.64,0.0434,22.9,Credito,Cancelado,RJ,Sudeste,Eletrônicos,2025-04-15 14:55:08,2025-04-17 14:55:08,Standard,4
471,2025-05-11 01:15:36,225.65,215.6,0.1064,32.99,Credito,Em Analise,PR,Sul,Eletrônicos,2025-04-23 12:39:54,2025-04-27 12:39:54,Scheduled,4
472,2025-04-14 15:29:08,8428.84,9208.0,0.0882,32.99,Debito,Confirmado,SC,Sul,Eletrônicos,2025-05-02 21:31:16,2025-05-07 21:31:16,Scheduled,2
473,2025-02-24 03:34:02,5112.29,5484.26,0.072,22.9,Debito,Em Analise,ES,Sudeste,Eletrônicos,2025-04-26 03:06:32,2025-04-27 03:06:32,Standard,2
474,2025-03-22 15:59:02,2625.91,2847.0,0.0857,22.9,Debito,Cancelado,AM,Norte,Eletrônicos,2025-05-06 21:16:34,2025-05-06 21:16:34,Standard,3
475,2025-03-02 05:35:11,3510.51,3796.0,0.0839,32.99,PIX,Cancelado,PR,Sul,Eletrônicos,2025-05-01 04:40:42,2025-05-06 04:40:42,Scheduled,4
476,2025-04-26 00:48:28,17609.92,18416.0,0.0461,42.9,PIX,Em Analise,RJ,Sudeste,Eletrônicos,2025-05-03 17:07:11,2025-05-03 17:07:11,Same-Day,4
477,2025-04-12 15:19:04,129.13,107.8,0.0146,22.9,PIX,Processando,RO,Norte,Eletrônicos,2025-04-25 22:19:29,2025-04-25 22:19:29,Standard,2
478,2025-04-11 13:25:59,184.37,174.9,0.1345,32.99,PIX,Processando,RS,Sul,Eletrônicos,2025-04-29 03:58:57,2025-05-03 03:58:57,Scheduled,1
479,2025-03-15 10:33:31,1194.04,1286.97,0.09,22.9,Debito,Em Analise,PA,Norte,Eletrônicos,2025-04-27 02:43:55,2025-04-30 02:43:55,Standard,3
480,2025-05-14 13:28:53,235.93,215.6,0.1047,42.9,Credito,Em Analise,PI,Nordeste,Eletrônicos,2025-04-15 12:29:40,2025-04-20 12:29:40,Same-Day,4
481,2025-03-10 02:27:00,341.86,331.98,0.0696,32.99,Credito,Confirmado,SC,Sul,Eletrônicos,2025-04-18 06:10:38,2025-04-23 06:10:38,Scheduled,2
482,2025-05-15 08:02:58,705.42,769.9,0.1135,22.9,Boleto,Em Analise,PA,Norte,Eletrônicos,2025-05-09 05:51:38,2025-05-09 05:51:38,Standard,1
483,2025-04-29 08:44:48,279.84,259.72,0.0877,42.9,Credito,Confirmado,ES,Sudeste,Eletrônicos,2025-05-11 01:21:31,2025-05-16 01:21:31,Same-Day,2
484,2025-05-05 18:28:22,68.5,35.8,0.0081,32.99,Credito,Processando,BA,Nordeste,Eletrônicos,2025-04-24 10:56:39,2025-04-24 10:56:39,Scheduled,2
485,2025-05-03 12:56:15,7171.07,8226.39,0.1335,42.9,Debito,Em Analise,RS,Sul,Eletrônicos,2025-05-17 07:12:13,2025-05-17 07:12:13,Same-Day,3
486,2025-04-19 13:44:38,5698.36,5937.3,0.0458,32.99,Boleto,Confirmado,PI,Nordeste,Eletrônicos,2025-04-22 12:29:40,2025-04-26 12:29:40,Scheduled,3
487,2025-04-19 14:47:08,2684.07,2697.0,0.0207,42.9,Credito,Confirmado,SP,Sudeste,Eletrônicos,2025-05-11 17:33:19,2025-05-16 17:33:19,Same-Day,3
488,2025-03-01 22:37:41,2162.5,2158.0,0.0132,32.99,Credito,Confirmado,ES,Sudeste,Eletrônicos,2025-04-21 03:28:49,2025-04-22 03:28:49,Scheduled,2
489,2025-03-09 21:27:26,1553.36,1715.96,0.1081,22.9,Boleto,Processando,AM,Norte,Eletrônicos,2025-05-03 04:34:41,2025-05-04 04:34:41,Standard,4
490,2025-04-03 09:30:22,1237.75,1347.0,0.1056,32.99,Credito,Confirmado,RS,Sul,Eletrônicos,2025-05-02 19:21:12,2025-05-05 19:21:12,Scheduled,3
491,2025-03-30 18:28:14,6473.45,7196.04,0.105,32.99,Credito,Processando,PI,Nordeste,Eletrônicos,2025-04-17 11:15:21,2025-04-21 11:15:21,Scheduled,4
492,2025-05-05 21:34:28,4763.71,5484.26,0.1374,32.99,Debito,Confirmado,PI,Nordeste,Eletrônicos,2025-05-06 12:02:28,2025-05-10 12:02:28,Scheduled,2
493,2025-02-17 23:21:03,412.1,389.58,0.0523,42.9,Boleto,Confirmado,PR,Sul,Eletrônicos,2025-04-22 03:19:26,2025-04-22 03:19:26,Same-Day,3
494,2025-03-05 17:36:15,92.08,53.7,0.0842,42.9,PIX,Cancelado,AM,Norte,Eletrônicos,2025-04-30 11:08:56,2025-05-03 11:08:56,Same-Day,3
495,2025-04-22 11:38:16,2809.55,3049.99,0.0929,42.9,Debito,Confirmado,SC,Sul,Eletrônicos,2025-04-17 20:34:46,2025-04-18 20:34:46,Same-Day,1
496,2025-04-10 12:02:11,15733.59,18416.0,0.1469,22.9,Debito,Cancelado,CE,Nordeste,Eletrônicos,2025-05-03 06:35:45,2025-05-05 06:35:45,Standard,4
497,2025-04-14 11:36:16,4129.79,4288.0,0.0469,42.9,Credito,Em Analise,ES,Sudeste,Eletrônicos,2025-05-09 11:50:49,2025-05-11 11:50:49,Same-Day,4
498,2025-02-20 10:23:20,1416.22,1626.57,0.1434,22.9,Boleto,Processando,MG,Sudeste,Eletrônicos,2025-04-24 00:15:30,2025-04-29 00:15:30,Standard,1
499,2025-05-03 11:05:27,2723.88,2742.13,0.0223,42.9,Credito,Cancelado,SP,Sudeste,Eletrônicos,2025-04-24 23:34:18,2025-04-29 23:34:18,Same-Day,1
500,2025-05-08 09:31:48,1182.38,1286.97,0.1146,42.9,Debito,Confirmado,MA,Nordeste,Eletrônicos,2025-05-01 03:09:09,2025-05-06 03:09:09,Same-Day,3
501,2025-05-04 02:35:28,259.1,249.82,0.0949,32.99,Credito,Confirmado,AM,Norte,Eletrônicos,2025-04-25 13:36:34,2025-04-29 13:36:34,Scheduled,2
502,2025-03-22 20:27:40,2439.21,2742.13,0.1225,32.99,Debito,Em Analise,RR,Norte,Eletrônicos,2025-04-13 03:18:53,2025-04-18 03:18:53,Scheduled,1
503,2025-05-03 06:27:39,3822.58,3796.0,0.0043,42.9,Credito,Confirmado,RN,Nordeste,Eletrônicos,2025-05-13 09:00:53,2025-05-13 09:00:53,Same-Day,4
504,2025-05-06 15:23:09,525.13,497.97,0.0117,32.99,Credito,Cancelado,MA,Nordeste,Eletrônicos,2025-04-18 14:04:59,2025-04-21 14:04:59,Scheduled,3
505,2025-03-15 03:34:04,156.59,124.91,0.0105,32.99,Debito,Em Analise,SE,Nordeste,Eletrônicos,2025-04-23 16:34:38,2025-04-25 16:34:38,Scheduled,1
506,2025-04-24 01:46:06,627.83,663.96,0.0889,22.9,PIX,Processando,RS,Sul,Eletrônicos,2025-04-30 23:40:25,2025-05-01 23:40:25,Standard,4
507,2025-03-03 11:43:49,39.18,17.9,0.0904,22.9,Boleto,Processando,SC,Sul,Eletrônicos,2025-04-22 21:02:55,2025-04-23 21:02:55,Standard,1
508,2025-03-20 00:32:20,819.73,899.0,0.1359,42.9,Boleto,Confirmado,PR,Sul,Eletrônicos,2025-04-17 06:20:50,2025-04-19 06:20:50,Same-Day,1
509,2025-04-09 10:12:57,1019.75,1072.0,0.0701,22.9,Debito,Cancelado,PE,Nordeste,Eletrônicos,2025-05-11 04:02:02,2025-05-13 04:02:02,Standard,1
510,2025-04-30 02:23:30,1642.97,1626.57,0.0102,32.99,PIX,Confirmado,PI,Nordeste,Eletrônicos,2025-04-26 02:59:24,2025-04-29 02:59:24,Scheduled,1
511,2025-04-09 01:39:31,541.21,524.7,0.0314,32.99,PIX,Confirmado,RS,Sul,Eletrônicos,2025-04-21 15:13:08,2025-04-26 15:13:08,Scheduled,3
512,2025-04-21 10:04:22,397.18,374.73,0.0012,22.9,PIX,Processando,SC,Sul,Eletrônicos,2025-04-16 19:40:36,2025-04-17 19:40:36,Standard,3
513,2025-03-10 08:23:57,996.2,1079.0,0.1165,42.9,Boleto,Cancelado,PR,Sul,Eletrônicos,2025-05-12 01:47:28,2025-05-12 01:47:28,Same-Day,1
514,2025-05-17 10:46:34,123.92,103.6,0.1223,32.99,Debito,Confirmado,PE,Nordeste,Eletrônicos,2025-04-27 07:08:00,2025-05-01 07:08:00,Scheduled,2
515,2025-04-26 09:30:34,2453.79,2847.0,0.1497,32.99,PIX,Processando,RS,Sul,Eletrônicos,2025-04-27 22:10:15,2025-05-02 22:10:15,Scheduled,3
516,2025-05-05 02:45:24,6774.22,7196.04,0.0618,22.9,Debito,Confirmado,RR,Norte,Eletrônicos,2025-04-29 19:00:43,2025-05-04 19:00:43,Standard,4
517,2025-03-20 08:40:05,167.45,124.91,0.0029,42.9,Credito,Cancelado,AM,Norte,Eletrônicos,2025-04-20 23:07:02,2025-04-23 23:07:02,Same-Day,1
518,2025-03-12 00:43:17,215.47,199.6,0.0352,22.9,Credito,Em Analise,PE,Nordeste,Eletrônicos,2025-04-20 23:26:26,2025-04-23 23:26:26,Standard,4
519,2025-05-15 07:10:44,5975.33,6506.28,0.0882,42.9,Boleto,Cancelado,RN,Nordeste,Eletrônicos,2025-04-18 14:00:44,2025-04-20 14:00:44,Same-Day,4
520,2025-04-30 23:34:43,87.23,51.8,0.1443,42.9,Boleto,Cancelado,SE,Nordeste,Eletrônicos,2025-04-30 10:44:38,2025-04-30 10:44:38,Same-Day,1
521,2025-03-29 15:43:15,13620.81,13812.0,0.0155,22.9,Boleto,Processando,PA,Norte,Eletrônicos,2025-04-25 10:32:03,2025-04-26 10:32:03,Standard,3
522,2025-04-13 13:44:51,148.74,107.8,0.0182,42.9,Debito,Confirmado,SC,Sul,Eletrônicos,2025-04-23 11:23:58,2025-04-28 11:23:58,Same-Day,2
523,2025-03-05 12:20:34,177.66,161.7,0.1053,32.99,Debito,Cancelado,RN,Nordeste,Eletrônicos,2025-05-07 06:38:34,2025-05-10 06:38:34,Scheduled,3
524,2025-04-21 20:47:57,6518.62,7196.04,0.1001,42.9,Boleto,Confirmado,MG,Sudeste,Eletrônicos,2025-04-25 11:44:14,2025-04-26 11:44:14,Same-Day,4
525,2025-02-28 21:23:30,172.46,155.4,0.0376,22.9,PIX,Processando,ES,Sudeste,Eletrônicos,2025-05-06 07:51:01,2025-05-11 07:51:01,Standard,3
526,2025-05-14 05:05:40,8117.61,9208.0,0.122,32.99,PIX,Cancelado,MA,Nordeste,Eletrônicos,2025-04-22 14:34:04,2025-04-23 14:34:04,Scheduled,2
527,2025-02-22 06:40:32,85.65,53.7,0.0193,32.99,Boleto,Confirmado,SP,Sudeste,Eletrônicos,2025-05-11 09:48:49,2025-05-13 09:48:49,Scheduled,3
528,2025-02-16 17:59:59,3131.25,3598.02,0.1389,32.99,Boleto,Em Analise,RS,Sul,Eletrônicos,2025-04-26 09:04:39,2025-04-29 09:04:39,Scheduled,2
529,2025-05-07 02:49:34,148.84,129.86,0.0302,22.9,Credito,Processando,AC,Norte,Eletrônicos,2025-05-10 01:57:55,2025-05-10 01:57:55,Standard,1
530,2025-03-30 18:02:52,13666.39,13812.0,0.0122,22.9,Debito,Processando,MG,Sudeste,Eletrônicos,2025-05-03 01:51:36,2025-05-06 01:51:36,Standard,3
531,2025-03-11 00:20:09,83.96,53.7,0.0509,32.99,Credito,Processando,PR,Sul,Eletrônicos,2025-05-03 06:04:40,2025-05-08 06:04:40,Scheduled,3
532,2025-04-11 09:39:54,127.66,107.8,0.0282,22.9,Debito,Em Analise,PE,Nordeste,Eletrônicos,2025-05-13 19:27:08,2025-05-16 19:27:08,Standard,2
533,2025-05-13 00:16:20,751.98,769.9,0.079,42.9,PIX,Confirmado,AP,Norte,Eletrônicos,2025-04-26 22:00:17,2025-04-28 22:00:17,Same-Day,1
534,2025-04-04 02:16:40,1562.12,1715.96,0.103,22.9,Credito,Confirmado,PR,Sul,Eletrônicos,2025-04-20 17:49:21,2025-04-22 17:49:21,Standard,4
535,2025-05-14 21:18:04,1632.57,1715.96,0.0736,42.9,Boleto,Cancelado,SC,Sul,Eletrônicos,2025-05-15 13:18:25,2025-05-15 13:18:25,Same-Day,4
536,2025-04-07 17:29:54,200.47,174.9,0.0991,42.9,Credito,Cancelado,RR,Norte,Eletrônicos,2025-05-10 10:01:40,2025-05-14 10:01:40,Same-Day,1
537,2025-03-22 00:36:23,438.51,428.99,0.0547,32.99,PIX,Processando,MA,Nordeste,Eletrônicos,2025-04-13 17:21:14,2025-04-18 17:21:14,Scheduled,1
538,2025-03-31 07:31:43,545.4,524.7,0.0042,22.9,Credito,Processando,PR,Sul,Eletrônicos,2025-05-09 06:45:44,2025-05-10 06:45:44,Standard,3
539,2025-02-18 06:59:10,3708.33,4316.0,0.1461,22.9,Debito,Confirmado,MG,Sudeste,Eletrônicos,2025-05-12 01:18:03,2025-05-14 01:18:03,Standard,4
540,2025-02-25 16:38:31,503.11,524.7,0.1229,42.9,PIX,Processando,CE,Nordeste,Eletrônicos,2025-04-26 08:53:08,2025-04-29 08:53:08,Same-Day,3
541,2025-03-17 00:43:02,170.95,149.7,0.011,22.9,Credito,Processando,ES,Sudeste,Eletrônicos,2025-05-03 23:12:06,2025-05-06 23:12:06,Standard,3
542,2025-04-14 08:33:43,135.97,99.8,0.0674,42.9,Boleto,Em Analise,PA,Norte,Eletrônicos,2025-05-01 14:10:28,2025-05-02 14:10:28,Same-Day,2
543,2025-03-28 12:58:35,160.38,129.86,0.0953,42.9,Credito,Processando,RR,Norte,Eletrônicos,2025-04-29 06:39:39,2025-05-04 06:39:39,Same-Day,1
544,2025-03-09 13:49:34,2798.57,2847.0,0.0286,32.99,Debito,Em Analise,RJ,Sudeste,Eletrônicos,2025-04-21 20:28:23,2025-04-22 20:28:23,Scheduled,3
545,2025-05-09 21:33:52,1665.01,1798.0,0.0867,22.9,Boleto,Processando,ES,Sudeste,Eletrônicos,2025-05-13 18:34:19,2025-05-13 18:34:19,Standard,2
546,2025-02-23 03:11:13,4268.67,4604.0,0.08,32.99,Debito,Em Analise,CE,Nordeste,Eletrônicos,2025-05-10 08:59:15,2025-05-11 08:59:15,Scheduled,1
547,2025-02-21 03:31:40,2781.07,2847.0,0.0312,22.9,Boleto,Cancelado,MG,Sudeste,Eletrônicos,2025-04-21 07:14:06,2025-04-23 07:14:06,Standard,3
548,2025-03-26 15:28:48,18048.48,18416.0,0.0212,22.9,Credito,Cancelado,RJ,Sudeste,Eletrônicos,2025-05-03 22:00:03,2025-05-03 22:00:03,Standard,4
549,2025-04-18 15:40:54,86.35,71.6,0.1138,22.9,Boleto,Cancelado,SC,Sul,Eletrônicos,2025-04-18 02:45:19,2025-04-20 02:45:19,Standard,4
550,2025-03-24 21:03:24,94.19,53.9,0.0484,42.9,Credito,Em Analise,MA,Nordeste,Eletrônicos,2025-05-12 03:27:04,2025-05-13 03:27:04,Same-Day,1
551,2025-04-18 00:06:28,522.64,497.97,0.0366,42.9,Boleto,Processando,PR,Sul,Eletrônicos,2025-04-27 23:44:09,2025-04-30 23:44:09,Same-Day,3
552,2025-05-01 17:13:05,645.05,699.6,0.1107,22.9,Debito,Processando,BA,Nordeste,Eletrônicos,2025-04-30 22:49:07,2025-04-30 22:49:07,Standard,4
553,2025-05-09 13:52:31,369.47,389.58,0.1104,22.9,Boleto,Confirmado,AM,Norte,Eletrônicos,2025-04-21 20:32:42,2025-04-23 20:32:42,Standard,3
554,2025-03-10 19:56:05,444.18,428.99,0.0415,32.99,Debito,Cancelado,SC,Sul,Eletrônicos,2025-05-09 11:54:26,2025-05-11 11:54:26,Scheduled,1
555,2025-02-26 20:45:27,69.74,53.9,0.1309,22.9,Boleto,Em Analise,ES,Sudeste,Eletrônicos,2025-05-10 14:40:27,2025-05-12 14:40:27,Standard,1
556,2025-04-02 15:39:52,5867.82,6506.28,0.1032,32.99,Debito,Cancelado,RJ,Sudeste,Eletrônicos,2025-05-02 12:13:39,2025-05-05 12:13:39,Scheduled,4
557,2025-03-11 02:43:19,8753.0,9208.0,0.0519,22.9,PIX,Processando,RJ,Sudeste,Eletrônicos,2025-04-25 08:03:30,2025-04-29 08:03:30,Standard,2
558,2025-04-07 07:54:59,353.6,331.98,0.0641,42.9,Credito,Processando,SP,Sudeste,Eletrônicos,2025-04-28 09:37:01,2025-04-29 09:37:01,Same-Day,2
559,2025-04-06 09:16:16,178.74,174.9,0.109,22.9,Debito,Confirmado,RS,Sul,Eletrônicos,2025-04-14 11:38:24,2025-04-18 11:38:24,Standard,1
560,2025-02-25 13:22:57,189.56,161.7,0.0317,32.99,Debito,Em Analise,SE,Nordeste,Eletrônicos,2025-05-01 05:00:46,2025-05-04 05:00:46,Scheduled,3
561,2025-03-30 04:43:35,2029.19,2158.0,0.0703,22.9,Boleto,Em Analise,RJ,Sudeste,Eletrônicos,2025-05-10 02:38:11,2025-05-12 02:38:11,Standard,2
562,2025-02-26 16:32:00,9916.51,10968.52,0.098,22.9,Credito,Processando,PR,Sul,Eletrônicos,2025-05-13 07:16:12,2025-05-15 07:16:12,Standard,4
563,2025-04-17 01:08:25,492.21,499.64,0.0809,32.99,Boleto,Processando,PE,Nordeste,Eletrônicos,2025-05-07 16:31:05,2025-05-07 16:31:05,Scheduled,4
564,2025-05-14 00:30:25,334.69,331.98,0.0912,32.99,PIX,Processando,AC,Norte,Eletrônicos,2025-04-27 19:31:22,2025-04-29 19:31:22,Scheduled,2
565,2025-04-08 06:02:19,642.57,663.96,0.0819,32.99,Debito,Cancelado,RJ,Sudeste,Eletrônicos,2025-05-01 10:03:46,2025-05-03 10:03:46,Scheduled,4
566,2025-04-30 04:07:56,60.26,17.9,0.0299,42.9,PIX,Confirmado,PR,Sul,Eletrônicos,2025-05-02 07:11:20,2025-05-04 07:11:20,Same-Day,1
567,2025-03-13 15:40:06,2045.13,2144.0,0.0615,32.99,Boleto,Processando,SP,Sudeste,Eletrônicos,2025-05-12 13:52:25,2025-05-13 13:52:25,Scheduled,2
568,2025-03-24 19:18:25,2015.81,2144.0,0.0798,42.9,Boleto,Processando,SP,Sudeste,Eletrônicos,2025-04-22 07:31:15,2025-04-25 07:31:15,Same-Day,2
569,2025-03-09 04:12:41,836.72,899.0,0.117,42.9,Debito,Confirmado,AC,Norte,Eletrônicos,2025-05-08 19:03:46,2025-05-13 19:03:46,Same-Day,1
570,2025-03-16 08:24:39,7442.28,8226.39,0.0981,22.9,Boleto,Cancelado,MG,Sudeste,Eletrônicos,2025-05-01 12:41:04,2025-05-02 12:41:04,Standard,3
571,2025-02-27 23:33:07,509.1,519.44,0.064,22.9,PIX,Confirmado,SE,Nordeste,Eletrônicos,2025-05-01 01:00:27,2025-05-02 01:00:27,Standard,4
572,2025-04-10 22:53:37,790.47,899.0,0.1462,22.9,Boleto,Processando,CE,Nordeste,Eletrônicos,2025-04-30 02:57:06,2025-05-03 02:57:06,Standard,1
573,2025-03-31 15:31:25,145.79,124.91,0.0162,22.9,Credito,Cancelado,RJ,Sudeste,Eletrônicos,2025-04-27 02:39:50,2025-05-02 02:39:50,Standard,1
574,2025-04-21 12:38:54,517.14,499.64,0.031,32.99,PIX,Cancelado,RO,Norte,Eletrônicos,2025-05-16 03:33:41,2025-05-16 03:33:41,Scheduled,4
575,2025-02-17 17:05:50,56.87,35.8,0.0512,22.9,PIX,Confirmado,RS,Sul,Eletrônicos,2025-04-26 10:47:35,2025-04-29 10:47:35,Standard,2
576,2025-03-30 10:41:49,6326.01,6506.28,0.0343,42.9,PIX,Cancelado,PR,Sul,Eletrônicos,2025-04-18 09:49:17,2025-04-22 09:49:17,Same-Day,4
577,2025-03-30 04:35:37,892.97,949.0,0.0938,32.99,PIX,Processando,PI,Nordeste,Eletrônicos,2025-05-09 05:18:40,2025-05-12 05:18:40,Scheduled,1
578,2025-04-22 14:10:59,1659.87,1626.57,0.0059,42.9,Debito,Processando,RJ,Sudeste,Eletrônicos,2025-05-05 19:08:45,2025-05-06 19:08:45,Same-Day,1
579,2025-05-03 17:55:49,130.14,99.8,0.0266,32.99,Boleto,Cancelado,AC,Norte,Eletrônicos,2025-04-30 20:14:04,2025-04-30 20:14:04,Scheduled,2
580,2025-03-19 14:55:38,187.58,161.7,0.044,32.99,PIX,Cancelado,SC,Sul,Eletrônicos,2025-04-19 07:50:56,2025-04-20 07:50:56,Scheduled,3
581,2025-05-02 22:28:11,1005.02,1072.0,0.1025,42.9,Boleto,Cancelado,AM,Norte,Eletrônicos,2025-04-25 03:28:17,2025-04-29 03:28:17,Same-Day,1
582,2025-04-07 09:50:49,16039.04,18416.0,0.1314,42.9,PIX,Confirmado,PR,Sul,Eletrônicos,2025-04-29 03:43:42,2025-05-04 03:43:42,Same-Day,4
583,2025-04-14 04:32:58,3817.2,4288.0,0.1198,42.9,Boleto,Confirmado,SP,Sudeste,Eletrônicos,2025-05-08 13:31:52,2025-05-08 13:31:52,Same-Day,4
584,2025-05-08 09:33:54,1284.83,1286.97,0.0273,32.99,PIX,Cancelado,AP,Norte,Eletrônicos,2025-05-12 07:33:16,2025-05-12 07:33:16,Scheduled,3
585,2025-04-11 03:30:46,336.82,331.98,0.0848,32.99,Debito,Cancelado,PR,Sul,Eletrônicos,2025-04-19 00:38:49,2025-04-24 00:38:49,Scheduled,2
586,2025-03-21 07:01:16,1652.24,1626.57,0.0045,32.99,Debito,Confirmado,TO,Norte,Eletrônicos,2025-04-27 17:53:47,2025-04-27 17:53:47,Scheduled,1
587,2025-03-29 19:43:47,7885.94,8226.39,0.0466,42.9,PIX,Processando,ES,Sudeste,Eletrônicos,2025-04-20 17:32:38,2025-04-25 17:32:38,Same-Day,3
588,2025-04-02 02:51:37,186.74,174.9,0.1209,32.99,Boleto,Cancelado,RJ,Sudeste,Eletrônicos,2025-05-10 16:07:02,2025-05-12 16:07:02,Scheduled,1
589,2025-02-24 15:05:24,1548.14,1626.57,0.0685,32.99,PIX,Processando,PI,Nordeste,Eletrônicos,2025-05-07 09:23:28,2025-05-08 09:23:28,Scheduled,1
590,2025-04-14 15:18:13,1700.25,1715.96,0.0225,22.9,PIX,Confirmado,CE,Nordeste,Eletrônicos,2025-05-05 21:27:26,2025-05-08 21:27:26,Standard,4
591,2025-04-09 15:15:16,129.77,103.6,0.0658,32.99,Debito,Processando,PB,Nordeste,Eletrônicos,2025-04-20 00:05:27,2025-04-25 00:05:27,Scheduled,2
592,2025-02-20 08:07:42,212.61,174.9,0.0297,42.9,Boleto,Cancelado,AM,Norte,Eletrônicos,2025-05-12 07:29:26,2025-05-17 07:29:26,Same-Day,1
593,2025-03-03 18:58:01,2063.67,2158.0,0.059,32.99,PIX,Cancelado,SP,Sudeste,Eletrônicos,2025-05-11 12:04:23,2025-05-11 12:04:23,Scheduled,2
594,2025-04-04 10:59:35,3013.58,3216.0,0.0732,32.99,Debito,Em Analise,CE,Nordeste,Eletrônicos,2025-05-07 02:13:43,2025-05-12 02:13:43,Scheduled,3
595,2025-04-22 23:33:47,5137.13,5397.03,0.0524,22.9,PIX,Cancelado,SP,Sudeste,Eletrônicos,2025-05-06 12:31:55,2025-05-06 12:31:55,Standard,3
596,2025-05-07 14:40:12,211.08,207.2,0.1405,32.99,Boleto,Confirmado,RS,Sul,Eletrônicos,2025-05-14 19:43:47,2025-05-14 19:43:47,Scheduled,4
597,2025-05-17 09:43:51,500.37,499.64,0.0844,42.9,PIX,Confirmado,AP,Norte,Eletrônicos,2025-04-18 06:18:30,2025-04-22 06:18:30,Same-Day,4
598,2025-04-21 12:46:27,695.48,769.9,0.1264,22.9,Debito,Cancelado,PA,Norte,Eletrônicos,2025-05-11 09:27:05,2025-05-14 09:27:05,Standard,1
599,2025-04-20 12:45:43,67.11,49.9,0.1141,22.9,Debito,Confirmado,MG,Sudeste,Eletrônicos,2025-05-13 12:56:43,2025-05-14 12:56:43,Standard,1
600,2025-02-27 10:05:22,4963.12,5484.26,0.0992,22.9,PIX,Confirmado,RN,Nordeste,Eletrônicos,2025-05-07 05:21:40,2025-05-07 05:21:40,Standard,2
601,2025-03-22 20:00:51,39.47,17.9,0.0745,22.9,Credito,Confirmado,TO,Norte,Eletrônicos,2025-04-26 08:49:40,2025-04-29 08:49:40,Standard,1
602,2025-05-02 15:19:30,1831.46,1799.01,0.0003,32.99,Debito,Cancelado,PE,Nordeste,Eletrônicos,2025-04-26 07:09:22,2025-05-01 07:09:22,Scheduled,1
603,2025-03-27 00:58:17,3288.07,3596.0,0.092,22.9,PIX,Cancelado,PI,Nordeste,Eletrônicos,2025-05-02 05:52:56,2025-05-04 05:52:56,Standard,4
604,2025-03-03 14:15:52,1735.93,1799.01,0.0534,32.99,Debito,Confirmado,RJ,Sudeste,Eletrônicos,2025-04-28 20:25:51,2025-05-03 20:25:51,Scheduled,1
605,2025-02-16 17:55:35,8123.68,8226.39,0.0177,42.9,PIX,Em Analise,MG,Sudeste,Eletrônicos,2025-04-22 12:06:48,2025-04-26 12:06:48,Same-Day,3
606,2025-04-15 06:26:26,5726.1,6099.98,0.0667,32.99,Debito,Em Analise,PE,Nordeste,Eletrônicos,2025-04-19 06:05:14,2025-04-24 06:05:14,Scheduled,2
607,2025-02-23 02:32:31,188.6,174.9,0.1103,32.99,Boleto,Processando,RO,Norte,Eletrônicos,2025-04-28 01:04:03,2025-05-02 01:04:03,Scheduled,1
608,2025-04-15 21:31:45,1571.54,1798.0,0.1443,32.99,Credito,Em Analise,MA,Nordeste,Eletrônicos,2025-04-29 21:19:07,2025-05-02 21:19:07,Scheduled,2
609,2025-04-22 16:44:31,66.78,35.8,0.0561,32.99,PIX,Processando,ES,Sudeste,Eletrônicos,2025-04-22 21:08:27,2025-04-24 21:08:27,Scheduled,2
610,2025-03-24 18:08:21,730.13,769.9,0.0814,22.9,Credito,Cancelado,AC,Norte,Eletrônicos,2025-05-07 01:28:29,2025-05-10 01:28:29,Standard,1
611,2025-04-02 17:41:59,791.32,857.98,0.1277,42.9,Boleto,Confirmado,MG,Sudeste,Eletrônicos,2025-05-14 01:00:36,2025-05-15 01:00:36,Same-Day,2
612,2025-03-05 17:39:58,398.86,374.73,0.0501,42.9,Debito,Cancelado,PA,Norte,Eletrônicos,2025-04-22 18:23:13,2025-04-25 18:23:13,Same-Day,3
613,2025-03-26 06:49:51,951.69,949.0,0.0213,22.9,Credito,Cancelado,RJ,Sudeste,Eletrônicos,2025-04-16 06:53:23,2025-04-20 06:53:23,Standard,1
614,2025-02-16 20:33:10,3476.88,3596.0,0.0423,32.99,PIX,Em Analise,RN,Nordeste,Eletrônicos,2025-04-25 11:45:27,2025-04-30 11:45:27,Scheduled,4
615,2025-05-06 20:01:54,345.51,349.8,0.1349,42.9,Debito,Confirmado,PR,Sul,Eletrônicos,2025-04-17 17:05:21,2025-04-22 17:05:21,Same-Day,2
616,2025-04-18 01:45:38,159.75,129.86,0.0239,32.99,PIX,Processando,SE,Nordeste,Eletrônicos,2025-04-28 15:32:35,2025-05-02 15:32:35,Scheduled,1
617,2025-04-05 18:26:16,3795.65,3958.2,0.0494,32.99,PIX,Cancelado,RS,Sul,Eletrônicos,2025-04-26 23:30:33,2025-04-29 23:30:33,Scheduled,2
618,2025-03-25 05:37:14,4038.07,4316.0,0.0697,22.9,PIX,Confirmado,MG,Sudeste,Eletrônicos,2025-04-24 00:24:08,2025-04-27 00:24:08,Standard,4
619,2025-04-28 11:28:52,964.76,1079.0,0.1271,22.9,Debito,Cancelado,RJ,Sudeste,Eletrônicos,2025-04-18 09:48:39,2025-04-19 09:48:39,Standard,1
620,2025-05-12 06:38:29,357.67,389.58,0.1407,22.9,Boleto,Em Analise,PI,Nordeste,Eletrônicos,2025-05-11 19:00:51,2025-05-15 19:00:51,Standard,3
621,2025-02-26 05:27:11,1036.49,1072.0,0.0639,32.99,Credito,Confirmado,AM,Norte,Eletrônicos,2025-04-23 12:37:10,2025-04-27 12:37:10,Scheduled,1
622,2025-03-26 16:35:34,9478.02,10968.52,0.1398,42.9,PIX,Cancelado,PR,Sul,Eletrônicos,2025-05-15 18:22:36,2025-05-15 18:22:36,Same-Day,4
623,2025-04-27 22:34:53,690.79,663.96,0.0242,42.9,PIX,Processando,PR,Sul,Eletrônicos,2025-05-16 08:48:00,2025-05-16 08:48:00,Same-Day,4
624,2025-03-04 20:07:27,83.57,51.8,0.0235,32.99,Debito,Confirmado,AC,Norte,Eletrônicos,2025-04-28 15:51:59,2025-04-28 15:51:59,Scheduled,1
625,2025-02-25 15:37:05,6832.0,7916.4,0.1424,42.9,Credito,Em Analise,SC,Sul,Eletrônicos,2025-04-20 08:31:30,2025-04-25 08:31:30,Same-Day,4
626,2025-04-07 06:31:45,272.84,259.72,0.0765,32.99,Debito,Cancelado,MA,Nordeste,Eletrônicos,2025-04-25 10:43:53,2025-04-27 10:43:53,Scheduled,2
627,2025-03-30 20:14:04,3169.17,3216.0,0.0279,42.9,Credito,Cancelado,MG,Sudeste,Eletrônicos,2025-04-22 10:09:27,2025-04-22 10:09:27,Same-Day,3
628,2025-04-26 20:51:38,11349.82,12199.96,0.0732,42.9,Debito,Processando,SC,Sul,Eletrônicos,2025-04-13 16:44:14,2025-04-18 16:44:14,Same-Day,4
629,2025-04-06 03:03:35,12211.99,13812.0,0.1175,22.9,Debito,Em Analise,RS,Sul,Eletrônicos,2025-05-06 19:09:07,2025-05-07 19:09:07,Standard,3
630,2025-05-04 05:49:34,197.75,199.6,0.124,22.9,Boleto,Processando,AC,Norte,Eletrônicos,2025-04-19 02:26:46,2025-04-19 02:26:46,Standard,4
631,2025-05-02 17:51:23,2874.43,3253.14,0.1296,42.9,Debito,Confirmado,PR,Sul,Eletrônicos,2025-05-13 04:56:08,2025-05-15 04:56:08,Same-Day,2
632,2025-03-25 04:17:34,59.27,17.9,0.0854,42.9,PIX,Cancelado,ES,Sudeste,Eletrônicos,2025-05-05 21:56:44,2025-05-10 21:56:44,Same-Day,1
633,2025-05-16 16:48:31,477.59,499.64,0.13,42.9,Credito,Em Analise,SP,Sudeste,Eletrônicos,2025-04-28 17:10:03,2025-05-01 17:10:03,Same-Day,4
634,2025-03-11 03:39:48,392.77,389.58,0.0765,32.99,Boleto,Processando,RS,Sul,Eletrônicos,2025-04-23 02:37:44,2025-04-24 02:37:44,Scheduled,3
635,2025-03-03 05:56:43,2515.22,2742.13,0.0911,22.9,Debito,Confirmado,TO,Norte,Eletrônicos,2025-05-15 21:57:16,2025-05-15 21:57:16,Standard,1
636,2025-02-28 16:28:39,485.68,499.64,0.1138,42.9,Boleto,Confirmado,PR,Sul,Eletrônicos,2025-04-24 20:23:57,2025-04-24 20:23:57,Same-Day,4
637,2025-02-17 17:24:36,1649.38,1715.96,0.0638,42.9,PIX,Processando,SP,Sudeste,Eletrônicos,2025-05-16 22:49:29,2025-05-16 22:49:29,Same-Day,4
638,2025-04-11 21:34:28,1809.23,1796.0,0.011,32.99,Credito,Em Analise,PA,Norte,Eletrônicos,2025-04-17 21:05:58,2025-04-17 21:05:58,Scheduled,4
639,2025-04-07 18:00:27,8747.48,9208.0,0.0525,22.9,Debito,Processando,PI,Nordeste,Eletrônicos,2025-04-13 08:38:03,2025-04-18 08:38:03,Standard,2
640,2025-05-07 19:51:16,2981.64,3253.14,0.0936,32.99,PIX,Confirmado,ES,Sudeste,Eletrônicos,2025-04-16 05:28:52,2025-04-21 05:28:52,Scheduled,2
641,2025-03-10 21:55:40,722.35,699.6,0.0288,42.9,Boleto,Cancelado,SC,Sul,Eletrônicos,2025-05-09 00:57:09,2025-05-14 00:57:09,Same-Day,4
642,2025-04-11 20:05:13,195.28,165.99,0.0223,32.99,Debito,Cancelado,AP,Norte,Eletrônicos,2025-05-08 19:12:59,2025-05-12 19:12:59,Scheduled,1
643,2025-05-13 02:20:29,7907.33,8226.39,0.044,42.9,Boleto,Em Analise,RS,Sul,Eletrônicos,2025-04-26 13:05:01,2025-05-01 13:05:01,Same-Day,3
644,2025-02-21 03:54:31,977.43,949.0,0.0048,32.99,Debito,Confirmado,MG,Sudeste,Eletrônicos,2025-05-03 23:07:51,2025-05-03 23:07:51,Scheduled,1
645,2025-03-13 18:19:13,114.95,103.6,0.1115,22.9,Debito,Confirmado,SC,Sul,Eletrônicos,2025-05-11 22:52:45,2025-05-11 22:52:45,Standard,2
646,2025-04-25 03:52:19,118.83,99.8,0.0388,22.9,Boleto,Processando,AC,Norte,Eletrônicos,2025-05-09 05:07:56,2025-05-09 05:07:56,Standard,2
647,2025-03-27 11:50:14,443.91,428.99,0.0186,22.9,Boleto,Cancelado,SP,Sudeste,Eletrônicos,2025-05-01 11:36:16,2025-05-02 11:36:16,Standard,1
648,2025-03-04 11:29:16,91.15,53.9,0.1049,42.9,Credito,Processando,PR,Sul,Eletrônicos,2025-05-02 20:04:56,2025-05-03 20:04:56,Same-Day,1
649,2025-03-27 10:32:42,360.35,374.73,0.1264,32.99,Boleto,Confirmado,PI,Nordeste,Eletrônicos,2025-04-13 08:05:56,2025-04-18 08:05:56,Scheduled,3
650,2025-05-06 04:19:00,197.28,174.9,0.003,22.9,Boleto,Em Analise,MG,Sudeste,Eletrônicos,2025-04-16 23:58:59,2025-04-18 23:58:59,Standard,1
651,2025-04-04 23:52:51,529.24,524.7,0.035,22.9,PIX,Cancelado,RJ,Sudeste,Eletrônicos,2025-04-28 11:02:08,2025-05-01 11:02:08,Standard,3
652,2025-03-12 00:50:07,6198.54,7196.04,0.1418,22.9,Debito,Em Analise,SC,Sul,Eletrônicos,2025-04-24 14:44:59,2025-04-24 14:44:59,Standard,4
653,2025-03-11 03:47:42,3072.8,3237.0,0.0578,22.9,Credito,Confirmado,SP,Sudeste,Eletrônicos,2025-04-18 13:55:15,2025-04-23 13:55:15,Standard,3
654,2025-04-23 07:46:51,1577.83,1798.0,0.1408,32.99,Debito,Confirmado,RJ,Sudeste,Eletrônicos,2025-05-01 13:42:02,2025-05-04 13:42:02,Scheduled,2
655,2025-04-05 04:43:43,224.39,199.6,0.0411,32.99,Debito,Cancelado,SC,Sul,Eletrônicos,2025-04-28 21:03:56,2025-05-02 21:03:56,Scheduled,4
656,2025-03-13 13:41:35,119.44,99.8,0.0327,22.9,Boleto,Em Analise,RO,Norte,Eletrônicos,2025-05-09 07:53:37,2025-05-11 07:53:37,Standard,2
657,2025-04-11 03:12:46,2778.51,2847.0,0.0321,22.9,Credito,Processando,MG,Sudeste,Eletrônicos,2025-04-15 22:56:01,2025-04-17 22:56:01,Standard,3
658,2025-03-23 23:45:43,350.63,331.98,0.0128,22.9,Debito,Cancelado,PR,Sul,Eletrônicos,2025-05-02 17:01:09,2025-05-07 17:01:09,Standard,2
659,2025-02-23 01:39:21,79.64,53.9,0.1345,32.99,Boleto,Em Analise,PR,Sul,Eletrônicos,2025-05-11 12:55:28,2025-05-14 12:55:28,Scheduled,1
660,2025-02-22 13:58:17,67.09,51.8,0.147,22.9,Debito,Cancelado,RO,Norte,Eletrônicos,2025-04-19 19:58:22,2025-04-22 19:58:22,Standard,1
661,2025-03-10 15:53:38,482.55,524.7,0.1432,32.99,Credito,Cancelado,BA,Nordeste,Eletrônicos,2025-05-03 01:33:04,2025-05-07 01:33:04,Scheduled,3
662,2025-05-04 23:09:04,5201.41,5937.3,0.1278,22.9,Credito,Cancelado,SP,Sudeste,Eletrônicos,2025-05-04 19:58:44,2025-05-09 19:58:44,Standard,3
663,2025-03-02 09:04:10,715.02,769.9,0.127,42.9,PIX,Em Analise,SC,Sul,Eletrônicos,2025-05-12 10:14:44,2025-05-12 10:14:44,Same-Day,1
664,2025-05-02 12:37:57,3284.0,3598.02,0.0992,42.9,Boleto,Processando,SC,Sul,Eletrônicos,2025-04-28 12:31:24,2025-04-30 12:31:24,Same-Day,2
665,2025-02-28 09:04:09,1695.83,1898.0,0.1239,32.99,Credito,Em Analise,SC,Sul,Eletrônicos,2025-04-27 00:26:38,2025-05-02 00:26:38,Scheduled,2
666,2025-03-10 04:17:15,8896.57,9149.97,0.0313,32.99,Debito,Processando,PB,Nordeste,Eletrônicos,2025-04-30 05:37:57,2025-04-30 05:37:57,Scheduled,3
667,2025-04-15 18:48:11,888.64,898.0,0.0582,42.9,Credito,Cancelado,SP,Sudeste,Eletrônicos,2025-04-12 22:36:39,2025-04-17 22:36:39,Same-Day,2
668,2025-04-04 06:01:45,1659.12,1799.01,0.0961,32.99,Boleto,Confirmado,RS,Sul,Eletrônicos,2025-04-19 09:22:16,2025-04-24 09:22:16,Scheduled,1
669,2025-03-31 22:13:39,599.75,663.96,0.1312,22.9,Credito,Cancelado,SC,Sul,Eletrônicos,2025-04-26 09:57:13,2025-04-27 09:57:13,Standard,4
670,2025-04-27 13:18:18,2513.28,2742.13,0.0991,42.9,Debito,Confirmado,RJ,Sudeste,Eletrônicos,2025-04-26 11:24:54,2025-04-27 11:24:54,Same-Day,1
671,2025-04-02 19:44:10,2390.44,2697.0,0.1259,32.99,Debito,Em Analise,PR,Sul,Eletrônicos,2025-05-01 01:30:48,2025-05-04 01:30:48,Scheduled,3
672,2025-05-08 01:11:34,877.05,898.0,0.0711,42.9,Debito,Cancelado,RJ,Sudeste,Eletrônicos,2025-04-18 23:20:30,2025-04-19 23:20:30,Same-Day,2
673,2025-05-02 08:42:40,90.82,53.7,0.1076,42.9,Credito,Cancelado,RJ,Sudeste,Eletrônicos,2025-04-18 07:32:54,2025-04-23 07:32:54,Same-Day,3
674,2025-05-11 14:43:09,342.54,374.73,0.147,22.9,Boleto,Cancelado,RS,Sul,Eletrônicos,2025-05-12 08:24:56,2025-05-14 08:24:56,Standard,3
675,2025-04-28 11:09:18,3546.28,3596.0,0.023,32.99,Debito,Cancelado,RJ,Sudeste,Eletrônicos,2025-04-15 07:15:16,2025-04-20 07:15:16,Scheduled,4
676,2025-03-22 18:46:38,248.09,249.82,0.139,32.99,Credito,Processando,RO,Norte,Eletrônicos,2025-04-24 01:09:48,2025-04-25 01:09:48,Scheduled,2
677,2025-04-07 15:05:28,7328.74,7916.4,0.0784,32.99,Boleto,Confirmado,RS,Sul,Eletrônicos,2025-05-07 01:51:21,2025-05-12 01:51:21,Scheduled,4
678,2025-04-15 13:59:35,738.5,769.9,0.0965,42.9,PIX,Confirmado,PE,Nordeste,Eletrônicos,2025-04-23 21:03:08,2025-04-26 21:03:08,Same-Day,1
679,2025-02-17 06:02:33,803.5,899.0,0.1317,22.9,Boleto,Processando,ES,Sudeste,Eletrônicos,2025-05-15 13:33:36,2025-05-16 13:33:36,Standard,1
680,2025-05-15 07:39:35,194.67,161.7,0.0614,42.9,PIX,Cancelado,SC,Sul,Eletrônicos,2025-05-05 15:59:49,2025-05-08 15:59:49,Same-Day,3
681,2025-05-06 02:28:30,2919.19,3079.6,0.0628,32.99,Boleto,Cancelado,PR,Sul,Eletrônicos,2025-04-21 12:42:58,2025-04-24 12:42:58,Scheduled,4
682,2025-02-23 20:16:07,2149.9,2309.7,0.0791,22.9,Boleto,Processando,RJ,Sudeste,Eletrônicos,2025-04-16 22:41:20,2025-04-17 22:41:20,Standard,3
683,2025-04-04 00:26:35,9146.34,9149.97,0.0029,22.9,PIX,Processando,RO,Norte,Eletrônicos,2025-04-21 02:23:11,2025-04-23 02:23:11,Standard,3
684,2025-03-16 16:08:47,264.2,249.82,0.0745,32.99,Credito,Em Analise,PB,Nordeste,Eletrônicos,2025-04-13 08:56:20,2025-04-18 08:56:20,Scheduled,2
685,2025-02-27 00:01:32,395.46,389.58,0.0437,22.9,Boleto,Em Analise,PB,Nordeste,Eletrônicos,2025-04-30 03:43:36,2025-05-04 03:43:36,Standard,3
686,2025-03-13 07:43:59,65.85,49.9,0.1392,22.9,Debito,Processando,PA,Norte,Eletrônicos,2025-04-24 07:39:44,2025-04-26 07:39:44,Standard,1
687,2025-03-20 17:38:04,121.38,99.8,0.0132,22.9,Credito,Cancelado,PR,Sul,Eletrônicos,2025-04-17 14:24:10,2025-04-21 14:24:10,Standard,2
688,2025-03-08 22:51:40,859.03,898.0,0.0689,22.9,PIX,Confirmado,RO,Norte,Eletrônicos,2025-04-14 11:12:04,2025-04-18 11:12:04,Standard,2
689,2025-05-13 04:59:37,3428.73,3958.2,0.1421,32.99,PIX,Cancelado,SC,Sul,Eletrônicos,2025-05-03 16:10:55,2025-05-05 16:10:55,Scheduled,2
690,2025-04-23 23:04:21,369.9,389.58,0.1352,32.99,Credito,Processando,SC,Sul,Eletrônicos,2025-04-21 06:46:34,2025-04-21 06:46:34,Scheduled,3
691,2025-03-22 07:16:27,2476.56,2742.13,0.1052,22.9,Boleto,Confirmado,RJ,Sudeste,Eletrônicos,2025-05-10 18:34:36,2025-05-15 18:34:36,Standard,1
692,2025-05-07 13:55:24,3008.46,3253.14,0.0884,42.9,Credito,Processando,TO,Norte,Eletrônicos,2025-05-03 05:23:20,2025-05-03 05:23:20,Same-Day,2
693,2025-04-28 03:32:43,157.38,129.86,0.0421,32.99,Boleto,Processando,BA,Nordeste,Eletrônicos,2025-05-06 12:35:39,2025-05-06 12:35:39,Scheduled,1
694,2025-04-23 04:38:36,704.02,699.6,0.055,42.9,Debito,Processando,PR,Sul,Eletrônicos,2025-04-15 01:55:38,2025-04-19 01:55:38,Same-Day,4
695,2025-04-02 15:37:14,5453.12,5484.26,0.0135,42.9,Debito,Em Analise,RS,Sul,Eletrônicos,2025-04-24 10:23:27,2025-04-24 10:23:27,Same-Day,2
696,2025-05-15 20:53:14,117.99,107.8,0.1179,22.9,PIX,Processando,ES,Sudeste,Eletrônicos,2025-05-11 16:18:45,2025-05-16 16:18:45,Standard,2
697,2025-04-13 15:50:36,522.1,524.7,0.0486,22.9,Boleto,Cancelado,ES,Sudeste,Eletrônicos,2025-04-16 08:36:53,2025-04-18 08:36:53,Standard,3
698,2025-04-12 03:03:44,1506.49,1626.57,0.1002,42.9,Credito,Cancelado,SP,Sudeste,Eletrônicos,2025-04-21 11:38:30,2025-04-23 11:38:30,Same-Day,1
699,2025-04-05 01:54:44,1742.63,1796.0,0.0536,42.9,Credito,Processando,PR,Sul,Eletrônicos,2025-05-05 19:50:14,2025-05-08 19:50:14,Same-Day,4
700,2025-03-09 14:42:22,4012.46,4288.0,0.0696,22.9,Boleto,Em Analise,RS,Sul,Eletrônicos,2025-05-10 01:03:28,2025-05-15 01:03:28,Standard,4
701,2025-04-09 01:08:32,80.48,51.8,0.0833,32.99,Debito,Processando,AM,Norte,Eletrônicos,2025-04-28 11:19:14,2025-04-29 11:19:14,Scheduled,1
702,2025-03-02 18:57:41,38.65,17.9,0.1203,22.9,Credito,Cancelado,SC,Sul,Eletrônicos,2025-05-05 17:30:33,2025-05-08 17:30:33,Standard,1
703,2025-03-16 22:22:19,3855.63,3958.2,0.0317,22.9,PIX,Em Analise,BA,Nordeste,Eletrônicos,2025-04-18 03:35:59,2025-04-19 03:35:59,Standard,2
704,2025-04-06 01:56:41,1243.0,1286.97,0.0598,32.99,PIX,Cancelado,MG,Sudeste,Eletrônicos,2025-04-24 20:48:05,2025-04-26 20:48:05,Scheduled,3
705,2025-02-26 21:07:45,404.88,389.58,0.0195,22.9,Boleto,Cancelado,RS,Sul,Eletrônicos,2025-05-03 03:55:04,2025-05-05 03:55:04,Standard,3
706,2025-03-06 04:46:01,60.6,17.9,0.0114,42.9,PIX,Cancelado,ES,Sudeste,Eletrônicos,2025-05-07 05:10:50,2025-05-10 05:10:50,Same-Day,1
707,2025-05-15 21:32:14,4229.32,4604.0,0.0907,42.9,Debito,Em Analise,AP,Norte,Eletrônicos,2025-04-20 13:35:30,2025-04-25 13:35:30,Same-Day,1
708,2025-05-10 11:49:48,8913.01,9149.97,0.0284,22.9,PIX,Cancelado,RS,Sul,Eletrônicos,2025-05-12 12:31:46,2025-05-16 12:31:46,Standard,3
709,2025-05-16 03:24:43,125.57,103.6,0.009,22.9,Boleto,Em Analise,AM,Norte,Eletrônicos,2025-05-09 00:30:46,2025-05-10 00:30:46,Standard,2
710,2025-03-21 22:55:48,1900.52,2158.0,0.1346,32.99,Debito,Cancelado,SE,Nordeste,Eletrônicos,2025-05-13 13:03:01,2025-05-16 13:03:01,Scheduled,2
711,2025-04-06 20:32:23,8459.96,9149.97,0.0801,42.9,PIX,Confirmado,RJ,Sudeste,Eletrônicos,2025-04-16 14:49:26,2025-04-21 14:49:26,Same-Day,3
712,2025-04-05 15:26:23,2812.39,2847.0,0.0202,22.9,Boleto,Cancelado,AM,Norte,Eletrônicos,2025-04-21 11:06:47,2025-04-24 11:06:47,Standard,3
713,2025-04-02 11:18:16,146.81,124.91,0.008,22.9,Boleto,Em Analise,BA,Nordeste,Eletrônicos,2025-04-25 00:31:00,2025-04-30 00:31:00,Standard,1
714,2025-03-31 01:11:16,2291.03,2309.7,0.018,22.9,PIX,Processando,RS,Sul,Eletrônicos,2025-04-20 19:19:06,2025-04-22 19:19:06,Standard,3
715,2025-03-22 04:45:49,748.46,769.9,0.0707,32.99,Debito,Em Analise,SC,Sul,Eletrônicos,2025-04-25 07:53:59,2025-04-26 07:53:59,Scheduled,1
716,2025-04-03 07:11:20,202.48,199.6,0.1003,22.9,Credito,Confirmado,ES,Sudeste,Eletrônicos,2025-04-20 14:30:50,2025-04-23 14:30:50,Standard,4
717,2025-04-07 19:07:06,277.63,259.72,0.0962,42.9,Boleto,Confirmado,MG,Sudeste,Eletrônicos,2025-04-25 22:35:25,2025-04-30 22:35:25,Same-Day,2
718,2025-04-19 15:36:46,11978.12,12199.96,0.0217,42.9,Credito,Processando,SE,Nordeste,Eletrônicos,2025-05-05 14:10:32,2025-05-05 14:10:32,Same-Day,4
719,2025-04-13 07:59:35,666.13,699.6,0.095,32.99,Boleto,Processando,SC,Sul,Eletrônicos,2025-04-16 23:37:34,2025-04-19 23:37:34,Scheduled,4
720,2025-03-20 19:12:18,1570.74,1626.57,0.0607,42.9,Debito,Em Analise,SP,Sudeste,Eletrônicos,2025-04-26 21:06:24,2025-05-01 21:06:24,Same-Day,1
721,2025-03-28 12:05:11,3380.23,3598.02,0.0697,32.99,Debito,Em Analise,SC,Sul,Eletrônicos,2025-04-19 09:42:23,2025-04-19 09:42:23,Scheduled,2
722,2025-04-17 21:36:34,3206.66,3596.0,0.1202,42.9,Boleto,Cancelado,CE,Nordeste,Eletrônicos,2025-04-29 14:30:14,2025-05-03 14:30:14,Same-Day,4
723,2025-04-06 23:35:45,4143.53,4316.0,0.0499,42.9,Credito,Confirmado,SC,Sul,Eletrônicos,2025-04-20 07:53:00,2025-04-23 07:53:00,Same-Day,4
724,2025-02-20 07:10:46,6406.04,6506.28,0.022,42.9,Debito,Confirmado,RO,Norte,Eletrônicos,2025-05-04 13:47:04,2025-05-05 13:47:04,Same-Day,4
725,2025-04-27 21:10:41,16046.4,18416.0,0.131,42.9,Boleto,Confirmado,TO,Norte,Eletrônicos,2025-05-03 17:22:58,2025-05-05 17:22:58,Same-Day,4
726,2025-03-26 02:07:46,148.63,129.86,0.0318,22.9,Boleto,Confirmado,MA,Nordeste,Eletrônicos,2025-05-09 01:00:52,2025-05-11 01:00:52,Standard,1
727,2025-03-20 07:00:44,2085.73,2158.0,0.0441,22.9,Debito,Em Analise,SP,Sudeste,Eletrônicos,2025-05-11 05:23:44,2025-05-15 05:23:44,Standard,2
728,2025-02-21 01:42:21,2759.68,3049.99,0.106,32.99,Credito,Processando,SE,Nordeste,Eletrônicos,2025-05-11 11:01:07,2025-05-16 11:01:07,Scheduled,1
729,2025-03-15 16:35:50,89.39,51.8,0.1025,42.9,Debito,Em Analise,PR,Sul,Eletrônicos,2025-04-20 14:26:29,2025-04-24 14:26:29,Same-Day,1
730,2025-03-11 06:38:41,198.53,199.6,0.1201,22.9,Credito,Confirmado,RN,Nordeste,Eletrônicos,2025-05-01 00:02:22,2025-05-01 00:02:22,Standard,4
731,2025-05-10 21:00:00,236.99,199.6,0.0276,42.9,Debito,Confirmado,RO,Norte,Eletrônicos,2025-05-03 04:21:49,2025-05-05 04:21:49,Same-Day,4
732,2025-05-10 20:27:11,1648.26,1715.96,0.0528,22.9,Debito,Processando,ES,Sudeste,Eletrônicos,2025-05-07 12:29:37,2025-05-07 12:29:37,Standard,4
733,2025-03-08 21:43:09,1074.64,1072.0,0.0189,22.9,Debito,Cancelado,ES,Sudeste,Eletrônicos,2025-04-28 22:18:52,2025-04-30 22:18:52,Standard,1
734,2025-05-07 18:26:11,400.85,389.58,0.0812,42.9,Boleto,Confirmado,AC,Norte,Eletrônicos,2025-04-29 17:49:23,2025-04-29 17:49:23,Same-Day,3
735,2025-04-18 06:37:24,1064.62,1079.0,0.0439,32.99,Credito,Processando,ES,Sudeste,Eletrônicos,2025-04-22 11:49:14,2025-04-24 11:49:14,Scheduled,1
736,2025-03-22 08:11:33,157.14,149.7,0.1033,22.9,Credito,Confirmado,AC,Norte,Eletrônicos,2025-04-28 08:45:58,2025-04-28 08:45:58,Standard,3
737,2025-04-21 19:58:13,104.58,71.6,0.0001,32.99,Boleto,Confirmado,AM,Norte,Eletrônicos,2025-05-01 21:23:23,2025-05-03 21:23:23,Scheduled,4
738,2025-02-19 19:53:06,404.35,374.73,0.009,32.99,Credito,Em Analise,MA,Nordeste,Eletrônicos,2025-05-09 03:23:20,2025-05-11 03:23:20,Scheduled,3
739,2025-04-28 08:57:20,244.51,215.6,0.0649,42.9,Credito,Confirmado,SP,Sudeste,Eletrônicos,2025-04-15 17:51:34,2025-04-19 17:51:34,Same-Day,4
740,2025-03-05 11:07:13,460.83,499.64,0.1437,32.99,Credito,Em Analise,RS,Sul,Eletrônicos,2025-05-09 08:17:09,2025-05-11 08:17:09,Scheduled,4
741,2025-05-01 22:09:25,2044.02,2309.7,0.1336,42.9,Debito,Confirmado,PI,Nordeste,Eletrônicos,2025-04-14 15:17:19,2025-04-19 15:17:19,Same-Day,3
742,2025-03-10 03:57:00,10423.85,12199.96,0.1491,42.9,Boleto,Cancelado,RN,Nordeste,Eletrônicos,2025-04-25 19:55:47,2025-04-28 19:55:47,Same-Day,4
743,2025-05-06 06:46:23,4069.15,4316.0,0.0625,22.9,Credito,Confirmado,PB,Nordeste,Eletrônicos,2025-04-17 23:20:11,2025-04-19 23:20:11,Standard,4
744,2025-02-18 14:47:48,1562.01,1539.8,0.007,32.99,Credito,Confirmado,AM,Norte,Eletrônicos,2025-04-24 00:29:00,2025-04-27 00:29:00,Scheduled,2
745,2025-05-08 02:07:39,3111.32,3237.0,0.0459,22.9,Debito,Cancelado,SC,Sul,Eletrônicos,2025-04-15 19:47:32,2025-04-20 19:47:32,Standard,3
746,2025-03-31 12:28:14,885.76,949.0,0.1014,32.99,Boleto,Processando,PB,Nordeste,Eletrônicos,2025-04-25 11:39:05,2025-04-25 11:39:05,Scheduled,1
747,2025-04-14 04:37:25,510.76,497.97,0.0203,22.9,Boleto,Processando,MG,Sudeste,Eletrônicos,2025-05-10 05:55:01,2025-05-13 05:55:01,Standard,3
748,2025-03-16 18:16:09,200.02,174.9,0.045,32.99,Boleto,Cancelado,CE,Nordeste,Eletrônicos,2025-05-07 04:49:34,2025-05-08 04:49:34,Scheduled,1
749,2025-04-17 06:20:33,873.67,857.98,0.0084,22.9,PIX,Em Analise,SC,Sul,Eletrônicos,2025-04-27 06:14:01,2025-04-29 06:14:01,Standard,2
750,2025-04-26 02:42:49,3064.42,3253.14,0.0712,42.9,Debito,Processando,PB,Nordeste,Eletrônicos,2025-04-21 18:07:51,2025-04-25 18:07:51,Same-Day,2
751,2025-03-09 04:40:15,5942.04,6099.98,0.0313,32.99,Debito,Processando,RO,Norte,Eletrônicos,2025-04-14 04:33:26,2025-04-18 04:33:26,Scheduled,2
752,2025-02-17 23:20:20,166.1,124.91,0.0137,42.9,Credito,Processando,SC,Sul,Eletrônicos,2025-05-09 08:35:22,2025-05-12 08:35:22,Same-Day,1
753,2025-03-15 17:45:30,17322.63,18416.0,0.0617,42.9,Debito,Em Analise,BA,Nordeste,Eletrônicos,2025-04-30 21:01:58,2025-05-03 21:01:58,Same-Day,4
754,2025-03-07 20:13:07,2620.52,2742.13,0.0527,22.9,Credito,Confirmado,PR,Sul,Eletrônicos,2025-05-06 17:53:26,2025-05-07 17:53:26,Standard,1
755,2025-03-07 15:34:05,2156.53,2309.7,0.0806,32.99,Boleto,Cancelado,BA,Nordeste,Eletrônicos,2025-04-22 09:31:03,2025-04-27 09:31:03,Scheduled,3
756,2025-03-29 00:04:19,70.56,53.7,0.1124,22.9,PIX,Processando,MG,Sudeste,Eletrônicos,2025-04-16 15:57:16,2025-04-21 15:57:16,Standard,3
757,2025-03-17 22:11:42,886.38,857.98,0.0169,42.9,Credito,Confirmado,MG,Sudeste,Eletrônicos,2025-05-09 13:50:13,2025-05-10 13:50:13,Same-Day,2
758,2025-02-24 08:50:20,983.91,1079.0,0.1187,32.99,PIX,Cancelado,PB,Nordeste,Eletrônicos,2025-05-17 04:07:06,2025-05-17 04:07:06,Scheduled,1
759,2025-03-22 00:17:50,470.22,428.99,0.0039,42.9,PIX,Confirmado,RJ,Sudeste,Eletrônicos,2025-04-28 06:41:58,2025-04-30 06:41:58,Same-Day,1
760,2025-03-19 06:39:23,406.57,389.58,0.0665,42.9,PIX,Confirmado,RN,Nordeste,Eletrônicos,2025-05-12 00:28:15,2025-05-15 00:28:15,Same-Day,3
761,2025-02-20 18:44:08,325.63,331.98,0.0881,22.9,PIX,Em Analise,PR,Sul,Eletrônicos,2025-05-02 19:24:18,2025-05-04 19:24:18,Standard,2
762,2025-03-18 06:33:58,792.89,899.0,0.1435,22.9,Boleto,Processando,SC,Sul,Eletrônicos,2025-04-26 01:23:10,2025-04-30 01:23:10,Standard,1
763,2025-02-22 03:16:37,8438.09,9208.0,0.0861,22.9,Credito,Confirmado,RS,Sul,Eletrônicos,2025-04-29 22:30:51,2025-05-01 22:30:51,Standard,2
764,2025-05-07 23:09:34,2709.86,2742.13,0.0238,32.99,Credito,Processando,SP,Sudeste,Eletrônicos,2025-04-19 05:56:48,2025-04-21 05:56:48,Scheduled,1
765,2025-02-19 16:34:24,2520.7,2697.0,0.0776,32.99,Credito,Cancelado,PR,Sul,Eletrônicos,2025-05-12 14:17:24,2025-05-12 14:17:24,Scheduled,3
766,2025-05-09 13:52:40,225.69,215.6,0.0594,22.9,Credito,Em Analise,MG,Sudeste,Eletrônicos,2025-04-27 06:43:47,2025-05-01 06:43:47,Standard,4
767,2025-03-12 20:15:06,7657.81,8226.39,0.0719,22.9,Debito,Confirmado,RO,Norte,Eletrônicos,2025-04-18 13:53:24,2025-04-20 13:53:24,Standard,3
768,2025-04-16 05:49:43,7704.97,7916.4,0.0296,22.9,PIX,Processando,SC,Sul,Eletrônicos,2025-04-25 16:55:28,2025-04-26 16:55:28,Standard,4
769,2025-05-03 00:55:11,118.72,103.6,0.0751,22.9,PIX,Processando,RN,Nordeste,Eletrônicos,2025-05-08 11:39:15,2025-05-08 11:39:15,Standard,2
770,2025-03-02 08:30:55,5298.5,5397.03,0.0225,22.9,Debito,Em Analise,MG,Sudeste,Eletrônicos,2025-04-20 12:10:51,2025-04-20 12:10:51,Standard,3
771,2025-03-11 15:54:05,165.98,149.7,0.1116,32.99,Credito,Processando,PA,Norte,Eletrônicos,2025-04-20 08:03:04,2025-04-24 08:03:04,Scheduled,3
772,2025-04-23 03:05:33,861.8,899.0,0.0891,42.9,Credito,Cancelado,RO,Norte,Eletrônicos,2025-04-26 11:28:53,2025-04-29 11:28:53,Same-Day,1
773,2025-04-12 02:28:19,793.81,769.9,0.0118,32.99,Boleto,Em Analise,AM,Norte,Eletrônicos,2025-05-02 04:31:53,2025-05-05 04:31:53,Scheduled,1
774,2025-04-01 02:01:10,112.68,103.6,0.1334,22.9,PIX,Confirmado,TO,Norte,Eletrônicos,2025-05-04 19:20:16,2025-05-08 19:20:16,Standard,2
775,2025-03-24 19:46:13,7217.12,7916.4,0.0925,32.99,PIX,Processando,PB,Nordeste,Eletrônicos,2025-04-23 09:53:38,2025-04-28 09:53:38,Scheduled,4
776,2025-03-07 11:45:46,2635.05,2742.13,0.0474,22.9,Boleto,Em Analise,PI,Nordeste,Eletrônicos,2025-05-03 04:55:46,2025-05-08 04:55:46,Standard,1
777,2025-04-05 19:42:17,1638.41,1626.57,0.0068,22.9,Boleto,Em Analise,AP,Norte,Eletrônicos,2025-05-07 05:36:33,2025-05-11 05:36:33,Standard,1
778,2025-03-03 17:16:18,3469.13,3796.0,0.0948,32.99,Boleto,Processando,RR,Norte,Eletrônicos,2025-05-09 23:18:10,2025-05-10 23:18:10,Scheduled,4
779,2025-04-15 18:40:35,928.85,949.0,0.056,32.99,PIX,Processando,PB,Nordeste,Eletrônicos,2025-04-25 20:34:26,2025-04-29 20:34:26,Scheduled,1
780,2025-03-06 11:55:34,379.46,389.58,0.1361,42.9,Boleto,Confirmado,PI,Nordeste,Eletrônicos,2025-05-11 18:04:26,2025-05-14 18:04:26,Same-Day,3
781,2025-05-05 18:21:36,2175.75,2144.0,0.0052,42.9,PIX,Cancelado,RS,Sul,Eletrônicos,2025-05-08 01:11:01,2025-05-08 01:11:01,Same-Day,2
782,2025-04-09 22:08:53,3260.8,3237.0,0.0059,42.9,PIX,Cancelado,RJ,Sudeste,Eletrônicos,2025-05-04 08:51:06,2025-05-04 08:51:06,Same-Day,3
783,2025-03-09 16:17:06,1437.85,1626.57,0.1424,42.9,Credito,Cancelado,SP,Sudeste,Eletrônicos,2025-05-09 11:06:19,2025-05-14 11:06:19,Same-Day,1
784,2025-04-30 11:15:35,220.12,207.2,0.1447,42.9,PIX,Confirmado,TO,Norte,Eletrônicos,2025-04-15 17:38:40,2025-04-19 17:38:40,Same-Day,4
785,2025-03-05 22:05:28,371.23,349.8,0.0042,22.9,Boleto,Confirmado,MG,Sudeste,Eletrônicos,2025-05-08 12:42:25,2025-05-12 12:42:25,Standard,2
786,2025-04-30 20:14:54,5487.74,6099.98,0.1074,42.9,Boleto,Processando,SP,Sudeste,Eletrônicos,2025-04-17 19:45:51,2025-04-21 19:45:51,Same-Day,2
787,2025-03-22 19:15:17,1069.4,1072.0,0.0332,32.99,Debito,Cancelado,MA,Nordeste,Eletrônicos,2025-04-26 20:23:54,2025-04-30 20:23:54,Scheduled,1
788,2025-03-22 13:15:11,10939.42,12199.96,0.1052,22.9,Debito,Confirmado,SP,Sudeste,Eletrônicos,2025-04-28 13:48:04,2025-05-03 13:48:04,Standard,4
789,2025-02-20 06:01:02,8031.1,9208.0,0.1303,22.9,Debito,Processando,PB,Nordeste,Eletrônicos,2025-05-04 21:06:15,2025-05-06 21:06:15,Standard,2
790,2025-04-24 09:25:01,5424.35,5484.26,0.0151,22.9,Debito,Confirmado,RN,Nordeste,Eletrônicos,2025-05-04 20:08:56,2025-05-09 20:08:56,Standard,2
791,2025-03-01 10:47:05,222.68,207.2,0.0358,22.9,Debito,Cancelado,SE,Nordeste,Eletrônicos,2025-04-23 13:17:48,2025-04-27 13:17:48,Standard,4
792,2025-03-29 08:29:31,194.11,161.7,0.0036,32.99,PIX,Processando,RJ,Sudeste,Eletrônicos,2025-04-25 03:39:28,2025-04-29 03:39:28,Scheduled,3
793,2025-04-29 09:38:38,4880.49,4879.71,0.0066,32.99,Boleto,Em Analise,RS,Sul,Eletrônicos,2025-04-23 07:40:37,2025-04-23 07:40:37,Scheduled,3
794,2025-03-04 12:32:55,182.03,149.7,0.0044,32.99,Debito,Cancelado,MG,Sudeste,Eletrônicos,2025-05-05 15:40:02,2025-05-06 15:40:02,Scheduled,3
795,2025-04-14 02:14:53,5247.13,5937.3,0.1201,22.9,Boleto,Processando,PR,Sul,Eletrônicos,2025-04-30 00:16:37,2025-05-04 00:16:37,Standard,3
796,2025-03-31 23:21:00,2974.93,3079.6,0.0447,32.99,Credito,Em Analise,RO,Norte,Eletrônicos,2025-04-25 07:33:06,2025-04-27 07:33:06,Scheduled,4
797,2025-04-10 15:20:35,207.73,199.6,0.074,22.9,Boleto,Confirmado,TO,Norte,Eletrônicos,2025-05-13 07:45:25,2025-05-13 07:45:25,Standard,4
798,2025-02-18 19:22:47,175.58,161.7,0.1182,32.99,PIX,Cancelado,PA,Norte,Eletrônicos,2025-05-08 15:32:12,2025-05-09 15:32:12,Scheduled,3
799,2025-02-25 13:58:18,132.79,107.8,0.0742,32.99,Debito,Processando,CE,Nordeste,Eletrônicos,2025-05-09 18:53:14,2025-05-09 18:53:14,Scheduled,2
800,2025-05-11 19:16:57,10295.14,10968.52,0.0644,32.99,Credito,Em Analise,AP,Norte,Eletrônicos,2025-04-24 07:33:59,2025-04-27 07:33:59,Scheduled,4
801,2025-03-01 21:32:52,76.51,53.7,0.0017,22.9,Credito,Processando,RS,Sul,Eletrônicos,2025-05-05 01:59:58,2025-05-09 01:59:58,Standard,3
802,2025-02-25 11:36:24,844.39,898.0,0.0852,22.9,Debito,Confirmado,SC,Sul,Eletrônicos,2025-05-12 10:01:48,2025-05-12 10:01:48,Standard,2
803,2025-03-30 20:41:58,1716.86,1715.96,0.0187,32.99,Debito,Cancelado,AC,Norte,Eletrônicos,2025-05-07 16:02:57,2025-05-10 16:02:57,Scheduled,4
804,2025-04-06 15:28:42,620.79,663.96,0.1147,32.99,PIX,Confirmado,PR,Sul,Eletrônicos,2025-05-09 05:29:45,2025-05-10 05:29:45,Scheduled,4
805,2025-03-23 09:39:49,3838.01,3958.2,0.0387,32.99,Credito,Processando,RJ,Sudeste,Eletrônicos,2025-05-04 09:35:55,2025-05-06 09:35:55,Scheduled,2
806,2025-03-28 05:10:08,172.11,165.99,0.1011,22.9,Debito,Processando,PR,Sul,Eletrônicos,2025-04-21 17:08:25,2025-04-21 17:08:25,Standard,1
807,2025-02-18 05:56:11,203.16,199.6,0.0969,22.9,Credito,Cancelado,RO,Norte,Eletrônicos,2025-05-09 07:18:09,2025-05-13 07:18:09,Standard,4
808,2025-03-07 00:48:20,179.73,161.7,0.0925,32.99,Credito,Processando,PB,Nordeste,Eletrônicos,2025-04-24 04:09:50,2025-04-28 04:09:50,Scheduled,3
809,2025-03-05 10:23:06,182.25,165.99,0.04,22.9,Credito,Confirmado,RJ,Sudeste,Eletrônicos,2025-04-19 17:46:50,2025-04-21 17:46:50,Standard,1
810,2025-03-26 18:13:12,463.99,449.0,0.0401,32.99,Boleto,Cancelado,PR,Sul,Eletrônicos,2025-04-18 13:28:30,2025-04-21 13:28:30,Scheduled,1
811,2025-03-12 13:14:15,849.0,949.0,0.1295,22.9,Debito,Processando,RS,Sul,Eletrônicos,2025-05-08 19:00:37,2025-05-11 19:00:37,Standard,1
812,2025-04-25 07:38:04,68.72,35.8,0.0019,32.99,Debito,Cancelado,PB,Nordeste,Eletrônicos,2025-04-22 03:12:10,2025-04-27 03:12:10,Scheduled,2
813,2025-02-28 02:27:38,896.47,898.0,0.0272,22.9,Debito,Confirmado,RR,Norte,Eletrônicos,2025-05-01 09:41:49,2025-05-03 09:41:49,Standard,2
814,2025-04-25 21:42:07,140.88,129.86,0.0915,22.9,Credito,Confirmado,PA,Norte,Eletrônicos,2025-04-23 05:48:05,2025-04-27 05:48:05,Standard,1
815,2025-02-25 22:19:56,8112.09,9208.0,0.1226,32.99,Debito,Confirmado,SC,Sul,Eletrônicos,2025-05-07 20:16:14,2025-05-11 20:16:14,Scheduled,2
816,2025-02-25 21:02:41,1732.37,1796.0,0.0538,32.99,Debito,Cancelado,RR,Norte,Eletrônicos,2025-04-18 09:04:46,2025-04-18 09:04:46,Scheduled,4
817,2025-04-05 05:27:57,427.9,449.0,0.098,22.9,Debito,Cancelado,CE,Nordeste,Eletrônicos,2025-05-12 22:22:41,2025-05-14 22:22:41,Standard,1
818,2025-04-20 06:56:43,1011.7,1079.0,0.0836,22.9,Boleto,Cancelado,SC,Sul,Eletrônicos,2025-04-19 06:49:41,2025-04-23 06:49:41,Standard,1
819,2025-02-16 20:02:49,9161.58,9208.0,0.0097,42.9,PIX,Cancelado,RO,Norte,Eletrônicos,2025-05-03 16:50:02,2025-05-06 16:50:02,Same-Day,2
820,2025-03-05 01:41:07,12546.24,13812.0,0.0933,22.9,PIX,Cancelado,PB,Nordeste,Eletrônicos,2025-04-30 01:33:32,2025-05-03 01:33:32,Standard,3
821,2025-02-21 10:22:53,218.13,199.6,0.1221,42.9,Debito,Processando,RS,Sul,Eletrônicos,2025-04-17 07:47:58,2025-04-18 07:47:58,Same-Day,4
822,2025-05-12 23:43:32,235.52,249.82,0.1489,22.9,Boleto,Confirmado,RR,Norte,Eletrônicos,2025-04-25 18:02:19,2025-04-28 18:02:19,Standard,2
823,2025-03-11 00:10:48,2772.96,2742.13,0.0044,42.9,PIX,Processando,AP,Norte,Eletrônicos,2025-04-15 15:18:18,2025-04-17 15:18:18,Same-Day,1
824,2025-03-04 06:44:41,5895.15,6506.28,0.099,32.99,Credito,Confirmado,AP,Norte,Eletrônicos,2025-04-24 09:36:58,2025-04-29 09:36:58,Scheduled,4
825,2025-03-08 03:47:56,7757.61,8226.39,0.0622,42.9,Debito,Confirmado,RN,Nordeste,Eletrônicos,2025-04-27 11:27:30,2025-05-01 11:27:30,Same-Day,3
826,2025-04-09 21:26:13,12204.56,12199.96,0.0015,22.9,PIX,Confirmado,MG,Sudeste,Eletrônicos,2025-04-21 11:05:08,2025-04-22 11:05:08,Standard,4
827,2025-05-07 05:32:19,334.36,331.98,0.0922,32.99,Boleto,Cancelado,SC,Sul,Eletrônicos,2025-05-04 11:50:48,2025-05-04 11:50:48,Scheduled,2
828,2025-04-13 20:55:45,18120.05,18416.0,0.0184,42.9,Debito,Processando,SP,Sudeste,Eletrônicos,2025-04-27 00:54:27,2025-04-27 00:54:27,Same-Day,4
829,2025-03-24 21:54:47,3434.65,3596.0,0.0568,42.9,Credito,Cancelado,RO,Norte,Eletrônicos,2025-04-25 07:49:13,2025-04-29 07:49:13,Same-Day,4
830,2025-03-24 15:46:16,2991.87,3079.6,0.0392,32.99,Debito,Em Analise,AC,Norte,Eletrônicos,2025-05-06 17:08:07,2025-05-07 17:08:07,Scheduled,4
831,2025-03-01 12:14:48,91.89,51.8,0.0542,42.9,PIX,Processando,CE,Nordeste,Eletrônicos,2025-05-14 02:18:10,2025-05-16 02:18:10,Same-Day,1
832,2025-03-13 07:47:37,3375.03,3598.02,0.0739,42.9,Credito,Confirmado,RS,Sul,Eletrônicos,2025-04-19 07:56:21,2025-04-22 07:56:21,Same-Day,2
833,2025-05-09 03:57:26,5640.18,5937.3,0.0539,22.9,Boleto,Cancelado,SP,Sudeste,Eletrônicos,2025-05-11 11:36:33,2025-05-16 11:36:33,Standard,3
834,2025-05-11 03:35:15,1606.7,1715.96,0.0829,32.99,PIX,Cancelado,PI,Nordeste,Eletrônicos,2025-04-19 04:04:19,2025-04-20 04:04:19,Scheduled,4
835,2025-04-07 10:08:26,94.87,53.9,0.0358,42.9,Boleto,Processando,RS,Sul,Eletrônicos,2025-05-11 17:46:09,2025-05-13 17:46:09,Same-Day,1
836,2025-02-19 02:30:09,7204.87,7916.4,0.0953,42.9,Debito,Cancelado,PR,Sul,Eletrônicos,2025-04-24 18:00:20,2025-04-25 18:00:20,Same-Day,4
837,2025-05-13 01:49:22,1165.01,1286.97,0.1281,42.9,PIX,Em Analise,MG,Sudeste,Eletrônicos,2025-04-28 00:00:58,2025-05-01 00:00:58,Same-Day,3
838,2025-03-20 11:41:48,5917.92,6099.98,0.0336,22.9,PIX,Confirmado,AM,Norte,Eletrônicos,2025-04-13 15:09:52,2025-04-18 15:09:52,Standard,2
839,2025-05-16 07:34:34,4540.87,4879.71,0.0762,32.99,Debito,Confirmado,SC,Sul,Eletrônicos,2025-05-04 20:51:29,2025-05-08 20:51:29,Scheduled,3
840,2025-04-13 10:10:27,5392.59,5937.3,0.0973,32.99,Boleto,Confirmado,RS,Sul,Eletrônicos,2025-05-11 22:31:01,2025-05-15 22:31:01,Scheduled,3
841,2025-04-01 18:30:25,202.99,174.9,0.0847,42.9,PIX,Cancelado,AC,Norte,Eletrônicos,2025-04-19 17:22:52,2025-04-24 17:22:52,Same-Day,1
842,2025-04-10 01:13:26,853.86,857.98,0.0548,42.9,Credito,Em Analise,SP,Sudeste,Eletrônicos,2025-05-05 05:04:46,2025-05-05 05:04:46,Same-Day,2
843,2025-04-01 09:52:21,2130.18,2309.7,0.0963,42.9,Debito,Cancelado,ES,Sudeste,Eletrônicos,2025-05-04 23:56:03,2025-05-04 23:56:03,Same-Day,3
844,2025-03-14 00:19:26,3813.05,3796.0,0.0042,32.99,Credito,Processando,AP,Norte,Eletrônicos,2025-05-13 07:47:37,2025-05-17 07:47:37,Scheduled,4
845,2025-03-26 09:45:31,1729.31,1796.0,0.0555,32.99,Debito,Processando,SC,Sul,Eletrônicos,2025-05-03 01:16:18,2025-05-04 01:16:18,Scheduled,4
846,2025-04-17 04:36:07,481.08,497.97,0.0799,22.9,PIX,Cancelado,PR,Sul,Eletrônicos,2025-04-28 12:19:57,2025-05-01 12:19:57,Standard,3
847,2025-04-04 06:14:50,3228.93,3216.0,0.0031,22.9,Credito,Confirmado,AM,Norte,Eletrônicos,2025-05-09 22:15:45,2025-05-12 22:15:45,Standard,3
848,2025-05-05 14:26:13,5508.37,5937.3,0.0761,22.9,Debito,Confirmado,RO,Norte,Eletrônicos,2025-04-14 02:03:37,2025-04-19 02:03:37,Standard,3
849,2025-03-24 00:21:39,130.21,107.8,0.0981,32.99,PIX,Processando,SP,Sudeste,Eletrônicos,2025-04-14 21:58:35,2025-04-19 21:58:35,Scheduled,2
850,2025-02-17 15:52:44,4882.5,5484.26,0.1139,22.9,PIX,Confirmado,SP,Sudeste,Eletrônicos,2025-04-25 20:35:38,2025-04-25 20:35:38,Standard,2
851,2025-03-11 07:06:33,201.85,161.7,0.017,42.9,Debito,Cancelado,RR,Norte,Eletrônicos,2025-05-09 12:24:21,2025-05-10 12:24:21,Same-Day,3
852,2025-02-17 10:53:58,1417.85,1626.57,0.1486,32.99,Credito,Processando,MA,Nordeste,Eletrônicos,2025-04-28 09:15:48,2025-04-30 09:15:48,Scheduled,1
853,2025-04-15 17:10:18,81.99,53.9,0.0909,32.99,Debito,Cancelado,MA,Nordeste,Eletrônicos,2025-04-27 06:27:29,2025-04-30 06:27:29,Scheduled,1
854,2025-02-17 20:58:16,391.25,389.58,0.0545,22.9,Credito,Cancelado,RJ,Sudeste,Eletrônicos,2025-05-14 23:22:18,2025-05-15 23:22:18,Standard,3
855,2025-04-20 08:01:54,764.01,769.9,0.0374,22.9,Debito,Confirmado,CE,Nordeste,Eletrônicos,2025-04-29 02:03:18,2025-05-01 02:03:18,Standard,1
856,2025-04-05 14:33:43,5598.89,6099.98,0.0859,22.9,Credito,Confirmado,RS,Sul,Eletrônicos,2025-04-14 14:07:13,2025-04-18 14:07:13,Standard,2
857,2025-03-26 10:02:56,2851.64,3237.0,0.1323,42.9,Debito,Em Analise,SP,Sudeste,Eletrônicos,2025-05-10 07:27:33,2025-05-15 07:27:33,Same-Day,3
858,2025-03-15 03:42:47,8458.26,9149.97,0.0781,22.9,Credito,Em Analise,RJ,Sudeste,Eletrônicos,2025-05-10 08:18:52,2025-05-14 08:18:52,Standard,3
859,2025-04-07 02:23:55,4904.54,5397.03,0.0992,42.9,Boleto,Cancelado,SC,Sul,Eletrônicos,2025-05-13 22:21:14,2025-05-13 22:21:14,Same-Day,3
860,2025-02-27 20:45:19,438.94,428.99,0.0537,32.99,Boleto,Cancelado,SE,Nordeste,Eletrônicos,2025-04-28 22:35:39,2025-05-02 22:35:39,Scheduled,1
861,2025-05-09 05:09:40,3106.71,3253.14,0.0582,42.9,PIX,Em Analise,PE,Nordeste,Eletrônicos,2025-04-14 21:32:34,2025-04-19 21:32:34,Same-Day,2
862,2025-04-14 08:09:38,2604.2,2697.0,0.0429,22.9,Debito,Em Analise,RS,Sul,Eletrônicos,2025-04-18 03:31:33,2025-04-23 03:31:33,Standard,3
863,2025-02-19 04:21:17,1577.31,1715.96,0.1058,42.9,Boleto,Em Analise,RS,Sul,Eletrônicos,2025-05-10 10:37:57,2025-05-15 10:37:57,Same-Day,4
864,2025-04-06 08:47:22,893.44,899.0,0.0539,42.9,Debito,Cancelado,SP,Sudeste,Eletrônicos,2025-05-05 06:15:52,2025-05-09 06:15:52,Same-Day,1
865,2025-05-17 03:37:13,8014.02,8226.39,0.0286,22.9,Debito,Confirmado,PE,Nordeste,Eletrônicos,2025-05-06 06:30:11,2025-05-09 06:30:11,Standard,3
866,2025-03-13 02:22:59,17428.74,18416.0,0.0554,32.99,PIX,Em Analise,SE,Nordeste,Eletrônicos,2025-04-23 16:47:32,2025-04-26 16:47:32,Scheduled,4
867,2025-05-09 17:07:54,220.97,215.6,0.1281,32.99,PIX,Em Analise,RN,Nordeste,Eletrônicos,2025-05-05 08:28:27,2025-05-05 08:28:27,Scheduled,4
868,2025-03-30 09:48:56,3553.02,3958.2,0.1107,32.99,Credito,Em Analise,SP,Sudeste,Eletrônicos,2025-04-29 09:27:52,2025-05-01 09:27:52,Scheduled,2
869,2025-04-17 20:36:47,17534.42,18416.0,0.0502,42.9,Boleto,Processando,PI,Nordeste,Eletrônicos,2025-05-07 09:02:54,2025-05-08 09:02:54,Same-Day,4
870,2025-05-12 22:31:08,2492.8,2847.0,0.136,32.99,PIX,Cancelado,SP,Sudeste,Eletrônicos,2025-05-03 02:48:26,2025-05-06 02:48:26,Scheduled,3
871,2025-05-04 20:39:59,881.36,857.98,0.0112,32.99,Debito,Cancelado,RO,Norte,Eletrônicos,2025-04-26 14:35:43,2025-04-26 14:35:43,Scheduled,2
872,2025-04-09 13:50:50,543.66,524.7,0.0075,22.9,Boleto,Processando,BA,Nordeste,Eletrônicos,2025-04-28 06:15:47,2025-04-30 06:15:47,Standard,3
873,2025-03-11 04:02:59,6026.37,6099.98,0.0191,42.9,Debito,Em Analise,SE,Nordeste,Eletrônicos,2025-05-04 10:01:14,2025-05-04 10:01:14,Same-Day,2
874,2025-03-21 05:28:16,298.07,259.72,0.0175,42.9,Credito,Confirmado,TO,Norte,Eletrônicos,2025-05-04 06:55:51,2025-05-07 06:55:51,Same-Day,2
875,2025-03-31 22:06:20,535.48,519.44,0.0132,22.9,Boleto,Cancelado,PR,Sul,Eletrônicos,2025-05-13 03:40:43,2025-05-14 03:40:43,Standard,4
876,2025-04-24 22:43:14,79.65,51.8,0.0992,32.99,PIX,Cancelado,PE,Nordeste,Eletrônicos,2025-04-24 10:55:29,2025-04-26 10:55:29,Scheduled,1
877,2025-05-10 17:38:42,496.0,497.97,0.0901,42.9,Debito,Em Analise,RS,Sul,Eletrônicos,2025-04-26 00:58:55,2025-05-01 00:58:55,Same-Day,3
878,2025-04-03 16:27:02,622.39,663.96,0.0971,22.9,Boleto,Em Analise,SC,Sul,Eletrônicos,2025-05-08 06:02:32,2025-05-11 06:02:32,Standard,4
879,2025-03-05 01:00:56,167.9,161.7,0.1033,22.9,PIX,Processando,SC,Sul,Eletrônicos,2025-04-28 22:34:18,2025-05-02 22:34:18,Standard,3
880,2025-02-24 01:02:00,1626.92,1798.0,0.1135,32.99,Debito,Cancelado,SC,Sul,Eletrônicos,2025-05-16 08:56:56,2025-05-17 08:56:56,Scheduled,2
881,2025-02-20 00:15:24,2110.31,2144.0,0.0311,32.99,Credito,Confirmado,ES,Sudeste,Eletrônicos,2025-05-03 13:52:48,2025-05-04 13:52:48,Scheduled,2
882,2025-03-01 19:52:57,12546.24,13812.0,0.0933,22.9,Credito,Confirmado,PI,Nordeste,Eletrônicos,2025-05-11 07:14:40,2025-05-13 07:14:40,Standard,3
883,2025-04-12 16:18:15,39.24,17.9,0.087,22.9,Boleto,Processando,RO,Norte,Eletrônicos,2025-05-04 20:55:28,2025-05-08 20:55:28,Standard,1
884,2025-03-13 16:40:43,6819.13,7916.4,0.1415,22.9,Debito,Processando,SP,Sudeste,Eletrônicos,2025-04-17 21:50:27,2025-04-22 21:50:27,Standard,4
885,2025-02-22 07:14:42,1077.49,1072.0,0.0349,42.9,Credito,Processando,AC,Norte,Eletrônicos,2025-05-09 03:24:10,2025-05-09 03:24:10,Same-Day,1
886,2025-05-07 15:05:34,4300.92,4316.0,0.0088,22.9,Credito,Confirmado,PB,Nordeste,Eletrônicos,2025-05-02 08:41:26,2025-05-02 08:41:26,Standard,4
887,2025-04-16 11:38:04,664.03,699.6,0.098,32.99,Credito,Em Analise,SP,Sudeste,Eletrônicos,2025-05-09 16:45:33,2025-05-14 16:45:33,Scheduled,4
888,2025-04-20 18:03:44,1220.38,1347.0,0.111,22.9,PIX,Em Analise,PI,Nordeste,Eletrônicos,2025-04-23 17:00:11,2025-04-23 17:00:11,Standard,3
889,2025-03-20 08:12:08,2075.78,2144.0,0.0425,22.9,Credito,Confirmado,PR,Sul,Eletrônicos,2025-04-22 03:00:19,2025-04-24 03:00:19,Standard,2
890,2025-04-26 03:29:14,182.83,174.9,0.0856,22.9,PIX,Confirmado,PR,Sul,Eletrônicos,2025-04-20 21:31:32,2025-04-20 21:31:32,Standard,1
891,2025-04-20 07:58:55,6088.59,6099.98,0.0089,42.9,Debito,Processando,PI,Nordeste,Eletrônicos,2025-04-23 17:39:13,2025-04-23 17:39:13,Same-Day,2
892,2025-03-18 17:01:48,3703.52,4288.0,0.144,32.99,Credito,Processando,SP,Sudeste,Eletrônicos,2025-05-04 00:29:25,2025-05-07 00:29:25,Scheduled,4
893,2025-03-08 13:28:55,976.24,949.0,0.0165,42.9,Debito,Processando,RS,Sul,Eletrônicos,2025-05-05 01:40:47,2025-05-08 01:40:47,Same-Day,1
894,2025-05-09 05:12:44,196.73,155.4,0.0101,42.9,Boleto,Confirmado,PA,Norte,Eletrônicos,2025-04-28 05:03:47,2025-05-03 05:03:47,Same-Day,3
895,2025-04-20 04:15:40,281.16,249.82,0.0066,32.99,Credito,Processando,ES,Sudeste,Eletrônicos,2025-04-24 05:20:46,2025-04-27 05:20:46,Scheduled,2
896,2025-04-26 22:01:20,276.06,259.72,0.0641,32.99,Debito,Em Analise,TO,Norte,Eletrônicos,2025-04-14 20:52:09,2025-04-18 20:52:09,Scheduled,2
897,2025-04-02 17:30:47,1805.73,1799.01,0.0146,32.99,Credito,Cancelado,TO,Norte,Eletrônicos,2025-05-12 00:58:15,2025-05-17 00:58:15,Scheduled,1
898,2025-04-25 11:24:02,1791.02,1979.1,0.1117,32.99,PIX,Cancelado,RR,Norte,Eletrônicos,2025-05-06 17:19:56,2025-05-10 17:19:56,Scheduled,1
899,2025-03-28 05:55:41,1599.4,1799.01,0.1348,42.9,PIX,Cancelado,MA,Nordeste,Eletrônicos,2025-05-06 05:42:58,2025-05-07 05:42:58,Same-Day,1
900,2025-03-24 06:59:32,762.77,769.9,0.039,22.9,Credito,Cancelado,PI,Nordeste,Eletrônicos,2025-04-21 03:52:37,2025-04-21 03:52:37,Standard,1
901,2025-03-05 12:48:29,5567.65,6099.98,0.0943,42.9,PIX,Cancelado,RS,Sul,Eletrônicos,2025-04-29 21:12:42,2025-04-30 21:12:42,Same-Day,2
902,2025-05-04 19:27:37,207.83,165.99,0.0064,42.9,Boleto,Cancelado,SC,Sul,Eletrônicos,2025-04-15 16:52:40,2025-04-19 16:52:40,Same-Day,1
903,2025-04-07 00:04:19,4629.68,4879.71,0.058,32.99,Credito,Processando,RN,Nordeste,Eletrônicos,2025-05-03 17:27:28,2025-05-06 17:27:28,Scheduled,3
904,2025-04-07 05:29:07,201.6,165.99,0.0439,42.9,Boleto,Em Analise,RR,Norte,Eletrônicos,2025-04-14 00:40:17,2025-04-18 00:40:17,Same-Day,1
905,2025-03-22 05:58:29,13361.15,13812.0,0.0343,22.9,PIX,Processando,SE,Nordeste,Eletrônicos,2025-04-21 15:19:34,2025-04-22 15:19:34,Standard,3
906,2025-03-28 08:18:27,834.97,899.0,0.0967,22.9,PIX,Processando,RS,Sul,Eletrônicos,2025-04-27 21:59:15,2025-04-27 21:59:15,Standard,1
907,2025-03-08 17:04:23,155.46,124.91,0.0195,32.99,Credito,Em Analise,PB,Nordeste,Eletrônicos,2025-04-15 19:17:51,2025-04-19 19:17:51,Scheduled,1
908,2025-02-27 13:15:12,2431.02,2742.13,0.1291,42.9,Boleto,Confirmado,RO,Norte,Eletrônicos,2025-04-18 20:48:06,2025-04-23 20:48:06,Same-Day,1
909,2025-03-06 21:05:05,257.9,249.82,0.0997,32.99,Debito,Cancelado,PI,Nordeste,Eletrônicos,2025-05-06 11:56:52,2025-05-10 11:56:52,Scheduled,2
910,2025-05-01 00:23:51,2747.76,3049.99,0.1066,22.9,Credito,Processando,SE,Nordeste,Eletrônicos,2025-05-02 02:54:07,2025-05-05 02:54:07,Standard,1
911,2025-04-24 16:35:44,343.62,349.8,0.1403,42.9,PIX,Confirmado,SP,Sudeste,Eletrônicos,2025-04-21 14:46:00,2025-04-23 14:46:00,Same-Day,2
912,2025-02-23 23:46:19,6830.01,7916.4,0.1414,32.99,Boleto,Confirmado,SP,Sudeste,Eletrônicos,2025-05-07 00:53:06,2025-05-07 00:53:06,Scheduled,4
913,2025-05-03 15:17:52,11213.92,12199.96,0.0827,22.9,PIX,Cancelado,SC,Sul,Eletrônicos,2025-04-28 20:45:54,2025-04-29 20:45:54,Standard,4
914,2025-03-18 08:26:25,1621.45,1715.96,0.0743,32.99,PIX,Em Analise,RJ,Sudeste,Eletrônicos,2025-05-13 06:28:16,2025-05-15 06:28:16,Scheduled,4
915,2025-03-11 06:08:28,13140.16,13812.0,0.0503,22.9,Boleto,Cancelado,PE,Nordeste,Eletrônicos,2025-05-08 13:02:15,2025-05-13 13:02:15,Standard,3
916,2025-04-03 00:52:31,357.42,374.73,0.1073,22.9,Boleto,Em Analise,RR,Norte,Eletrônicos,2025-05-13 12:42:12,2025-05-15 12:42:12,Standard,3
917,2025-03-02 20:11:18,2873.98,3079.6,0.0807,42.9,Debito,Confirmado,ES,Sudeste,Eletrônicos,2025-05-03 09:37:23,2025-05-06 09:37:23,Same-Day,4
918,2025-04-20 13:28:28,6851.8,7916.4,0.1399,42.9,Debito,Em Analise,ES,Sudeste,Eletrônicos,2025-05-07 14:26:27,2025-05-12 14:26:27,Same-Day,4
919,2025-04-10 07:13:41,363.0,331.98,0.0358,42.9,Boleto,Confirmado,MG,Sudeste,Eletrônicos,2025-05-11 19:59:10,2025-05-15 19:59:10,Same-Day,2
920,2025-03-24 12:53:09,8767.4,9149.97,0.0465,42.9,Credito,Em Analise,SC,Sul,Eletrônicos,2025-04-19 14:49:44,2025-04-21 14:49:44,Same-Day,3
921,2025-04-12 04:06:46,1054.18,1072.0,0.0474,32.99,Boleto,Cancelado,RS,Sul,Eletrônicos,2025-05-01 16:08:10,2025-05-02 16:08:10,Scheduled,1
922,2025-03-22 05:04:05,1917.78,2144.0,0.1209,32.99,PIX,Confirmado,SC,Sul,Eletrônicos,2025-04-27 10:46:52,2025-04-27 10:46:52,Scheduled,2
923,2025-03-27 07:00:08,7821.35,7916.4,0.0149,22.9,Debito,Em Analise,MA,Nordeste,Eletrônicos,2025-05-07 05:56:03,2025-05-07 05:56:03,Standard,4
924,2025-03-20 20:03:42,3579.63,3796.0,0.0683,42.9,Credito,Processando,MG,Sudeste,Eletrônicos,2025-05-10 04:04:46,2025-05-11 04:04:46,Same-Day,4
925,2025-02-22 03:29:30,5751.87,6099.98,0.0641,42.9,Credito,Em Analise,SP,Sudeste,Eletrônicos,2025-05-02 23:03:05,2025-05-03 23:03:05,Same-Day,2
926,2025-04-17 09:22:26,3787.23,3796.0,0.011,32.99,Credito,Processando,TO,Norte,Eletrônicos,2025-04-17 20:54:59,2025-04-22 20:54:59,Scheduled,4
927,2025-04-03 07:57:10,665.96,663.96,0.0616,42.9,Credito,Cancelado,PA,Norte,Eletrônicos,2025-04-14 23:56:33,2025-04-17 23:56:33,Same-Day,4
928,2025-02-27 17:09:22,2660.77,2847.0,0.077,32.99,PIX,Em Analise,RN,Nordeste,Eletrônicos,2025-05-13 20:55:37,2025-05-14 20:55:37,Scheduled,3
929,2025-02-23 14:26:39,3217.47,3216.0,0.0098,32.99,Credito,Confirmado,RS,Sul,Eletrônicos,2025-04-28 17:07:26,2025-04-28 17:07:26,Scheduled,3
930,2025-03-27 03:33:34,82.58,53.7,0.0765,32.99,Debito,Cancelado,SC,Sul,Eletrônicos,2025-04-28 19:04:26,2025-04-28 19:04:26,Scheduled,3
931,2025-04-15 21:03:46,1647.78,1898.0,0.1439,22.9,Credito,Cancelado,PR,Sul,Eletrônicos,2025-04-29 03:18:09,2025-05-01 03:18:09,Standard,2
932,2025-03-18 09:05:39,5574.06,6506.28,0.1468,22.9,Credito,Processando,TO,Norte,Eletrônicos,2025-04-30 16:38:15,2025-05-05 16:38:15,Standard,4
933,2025-03-29 01:25:11,175.64,165.99,0.0798,22.9,Credito,Processando,ES,Sudeste,Eletrônicos,2025-05-10 11:27:05,2025-05-10 11:27:05,Standard,1
934,2025-04-05 08:17:24,1265.78,1347.0,0.0773,22.9,Debito,Em Analise,PE,Nordeste,Eletrônicos,2025-05-13 08:04:31,2025-05-15 08:04:31,Standard,3
935,2025-04-19 20:17:50,3811.69,3958.2,0.0428,22.9,Credito,Em Analise,SC,Sul,Eletrônicos,2025-05-07 21:24:22,2025-05-09 21:24:22,Standard,2
936,2025-03-19 23:39:48,1560.31,1796.0,0.1496,32.99,Boleto,Processando,RO,Norte,Eletrônicos,2025-05-11 11:20:57,2025-05-15 11:20:57,Scheduled,4
937,2025-05-15 03:46:38,229.64,215.6,0.0411,22.9,Debito,Cancelado,RJ,Sudeste,Eletrônicos,2025-05-10 02:02:47,2025-05-11 02:02:47,Standard,4
938,2025-02-16 21:29:26,167.75,155.4,0.0679,22.9,Debito,Confirmado,TO,Norte,Eletrônicos,2025-04-27 01:22:32,2025-04-29 01:22:32,Standard,3
939,2025-04-27 21:43:42,58.69,35.8,0.0004,22.9,Debito,Em Analise,RN,Nordeste,Eletrônicos,2025-04-22 11:14:57,2025-04-27 11:14:57,Standard,2
940,2025-04-12 05:25:49,237.29,215.6,0.0524,32.99,PIX,Confirmado,PE,Nordeste,Eletrônicos,2025-05-05 20:13:34,2025-05-10 20:13:34,Scheduled,4
941,2025-03-10 02:09:56,552.08,524.7,0.0107,32.99,PIX,Cancelado,RS,Sul,Eletrônicos,2025-04-26 01:36:40,2025-04-27 01:36:40,Scheduled,3
942,2025-02-19 16:47:33,148.36,129.86,0.1116,32.99,PIX,Processando,PA,Norte,Eletrônicos,2025-05-03 10:31:21,2025-05-04 10:31:21,Scheduled,1
943,2025-04-02 05:50:52,215.78,199.6,0.0842,32.99,Boleto,Em Analise,PB,Nordeste,Eletrônicos,2025-04-24 04:20:06,2025-04-29 04:20:06,Scheduled,4
944,2025-03-22 04:43:42,190.73,161.7,0.0858,42.9,Boleto,Processando,SP,Sudeste,Eletrônicos,2025-04-20 07:36:30,2025-04-24 07:36:30,Same-Day,3
945,2025-03-25 12:46:31,77.16,35.8,0.043,42.9,Credito,Em Analise,PB,Nordeste,Eletrônicos,2025-04-22 19:46:54,2025-04-22 19:46:54,Same-Day,2
946,2025-04-17 00:14:45,1760.15,1979.1,0.1222,22.9,PIX,Confirmado,RO,Norte,Eletrônicos,2025-04-24 14:29:15,2025-04-25 14:29:15,Standard,1
947,2025-03-22 10:24:53,74.67,51.8,0.0005,22.9,Credito,Em Analise,MG,Sudeste,Eletrônicos,2025-04-16 18:37:52,2025-04-20 18:37:52,Standard,1
948,2025-03-25 17:37:43,944.45,949.0,0.05,42.9,Boleto,Em Analise,RJ,Sudeste,Eletrônicos,2025-05-06 01:15:16,2025-05-08 01:15:16,Same-Day,1
949,2025-04-12 23:06:28,5539.59,6099.98,0.0989,42.9,PIX,Cancelado,ES,Sudeste,Eletrônicos,2025-04-17 12:06:11,2025-04-20 12:06:11,Same-Day,2
950,2025-04-01 22:00:23,453.05,497.97,0.1362,22.9,Boleto,Cancelado,PR,Sul,Eletrônicos,2025-04-29 13:12:41,2025-05-03 13:12:41,Standard,3
951,2025-03-30 04:40:17,2124.94,2158.0,0.0352,42.9,Boleto,Processando,MA,Nordeste,Eletrônicos,2025-04-16 14:57:47,2025-04-18 14:57:47,Same-Day,2
952,2025-03-04 16:54:34,490.52,497.97,0.0812,32.99,PIX,Confirmado,PI,Nordeste,Eletrônicos,2025-04-17 01:46:10,2025-04-18 01:46:10,Scheduled,3
953,2025-03-02 12:40:37,500.68,497.97,0.0807,42.9,Boleto,Cancelado,RS,Sul,Eletrônicos,2025-04-30 23:41:47,2025-05-02 23:41:47,Same-Day,3
954,2025-04-16 22:33:53,183.4,161.7,0.1311,42.9,Debito,Processando,SP,Sudeste,Eletrônicos,2025-04-15 00:20:17,2025-04-19 00:20:17,Same-Day,3
955,2025-04-17 02:39:12,3790.05,3796.0,0.0076,22.9,Debito,Confirmado,PR,Sul,Eletrônicos,2025-04-25 07:07:40,2025-04-30 07:07:40,Standard,4
956,2025-05-12 18:49:27,2698.64,2847.0,0.0637,32.99,PIX,Cancelado,SC,Sul,Eletrônicos,2025-04-21 23:10:26,2025-04-26 23:10:26,Scheduled,3
957,2025-05-12 23:15:27,4768.91,4879.71,0.0274,22.9,Boleto,Processando,SP,Sudeste,Eletrônicos,2025-05-10 05:19:01,2025-05-14 05:19:01,Standard,3
958,2025-03-01 01:57:05,3269.54,3237.0,0.0032,42.9,Credito,Processando,ES,Sudeste,Eletrônicos,2025-04-18 00:16:34,2025-04-22 00:16:34,Same-Day,3
959,2025-03-03 01:07:05,4253.61,4316.0,0.0221,32.99,Credito,Processando,SC,Sul,Eletrônicos,2025-04-27 15:52:07,2025-05-01 15:52:07,Scheduled,4
960,2025-04-26 12:20:53,2767.76,3216.0,0.1465,22.9,Credito,Em Analise,TO,Norte,Eletrônicos,2025-05-02 08:06:28,2025-05-04 08:06:28,Standard,3
961,2025-03-25 15:49:14,1958.27,1979.1,0.0322,42.9,PIX,Cancelado,PR,Sul,Eletrônicos,2025-05-08 02:27:05,2025-05-13 02:27:05,Same-Day,1
962,2025-03-28 15:45:19,1366.67,1539.8,0.1403,42.9,Debito,Em Analise,SE,Nordeste,Eletrônicos,2025-05-03 01:34:48,2025-05-06 01:34:48,Same-Day,2
963,2025-04-20 15:32:27,1071.97,1072.0,0.0308,32.99,Credito,Processando,RJ,Sudeste,Eletrônicos,2025-05-11 15:23:40,2025-05-15 15:23:40,Scheduled,1
964,2025-03-11 22:40:34,2363.13,2697.0,0.1397,42.9,Debito,Processando,SE,Nordeste,Eletrônicos,2025-05-11 22:06:27,2025-05-15 22:06:27,Same-Day,3
965,2025-02-19 18:02:30,322.28,331.98,0.0982,22.9,Debito,Confirmado,AC,Norte,Eletrônicos,2025-05-09 03:00:17,2025-05-10 03:00:17,Standard,2
966,2025-04-08 13:38:07,2140.54,2144.0,0.017,32.99,Boleto,Confirmado,PR,Sul,Eletrônicos,2025-04-18 06:20:37,2025-04-19 06:20:37,Scheduled,2
967,2025-02-22 09:10:18,1252.31,1347.0,0.0873,22.9,Credito,Confirmado,SE,Nordeste,Eletrônicos,2025-04-25 13:00:08,2025-04-27 13:00:08,Standard,3
968,2025-04-23 08:49:45,4679.45,4879.71,0.0478,32.99,Boleto,Confirmado,PA,Norte,Eletrônicos,2025-04-19 22:57:58,2025-04-23 22:57:58,Scheduled,3
969,2025-05-08 14:07:30,221.11,199.6,0.0575,32.99,Credito,Em Analise,PE,Nordeste,Eletrônicos,2025-05-14 09:43:14,2025-05-16 09:43:14,Scheduled,4
970,2025-03-14 05:05:14,861.63,898.0,0.066,22.9,Boleto,Em Analise,ES,Sudeste,Eletrônicos,2025-05-09 10:57:09,2025-05-09 10:57:09,Standard,2
971,2025-03-28 13:05:49,83.29,53.7,0.0634,32.99,Credito,Processando,ES,Sudeste,Eletrônicos,2025-05-04 19:52:17,2025-05-08 19:52:17,Scheduled,3
972,2025-04-18 09:11:26,119.96,107.8,0.0996,22.9,PIX,Processando,BA,Nordeste,Eletrônicos,2025-05-05 15:47:49,2025-05-09 15:47:49,Standard,2
973,2025-04-22 14:56:38,1551.1,1715.96,0.1153,32.99,PIX,Processando,MG,Sudeste,Eletrônicos,2025-04-27 08:12:20,2025-05-01 08:12:20,Scheduled,4
974,2025-03-21 04:09:59,507.95,499.64,0.0494,32.99,Credito,Cancelado,RR,Norte,Eletrônicos,2025-05-14 01:12:51,2025-05-17 01:12:51,Scheduled,4
975,2025-04-06 14:34:14,144.84,129.86,0.1387,32.99,Debito,Em Analise,AP,Norte,Eletrônicos,2025-04-17 16:31:25,2025-04-20 16:31:25,Scheduled,1
976,2025-02-22 21:44:34,7894.64,9149.97,0.1408,32.99,Boleto,Cancelado,AP,Norte,Eletrônicos,2025-05-09 03:57:33,2025-05-11 03:57:33,Scheduled,3
977,2025-04-28 21:20:22,3250.24,3237.0,0.0061,32.99,Debito,Processando,SE,Nordeste,Eletrônicos,2025-05-03 08:08:18,2025-05-03 08:08:18,Scheduled,3
978,2025-04-11 09:00:29,1745.17,1715.96,0.0022,32.99,Boleto,Cancelado,RR,Norte,Eletrônicos,2025-05-11 08:10:06,2025-05-12 08:10:06,Scheduled,4
979,2025-02-24 09:37:11,8663.43,9208.0,0.0638,42.9,Credito,Cancelado,TO,Norte,Eletrônicos,2025-04-18 08:06:00,2025-04-18 08:06:00,Same-Day,2
980,2025-02-23 22:28:08,10019.61,10968.52,0.0886,22.9,Debito,Cancelado,SE,Nordeste,Eletrônicos,2025-05-09 16:46:36,2025-05-11 16:46:36,Standard,4
981,2025-04-26 15:45:05,669.26,663.96,0.0417,32.99,PIX,Confirmado,RN,Nordeste,Eletrônicos,2025-04-24 20:41:05,2025-04-25 20:41:05,Scheduled,4
982,2025-03-07 13:03:55,3671.24,3796.0,0.0389,22.9,Debito,Confirmado,AC,Norte,Eletrônicos,2025-05-16 23:45:13,2025-05-16 23:45:13,Standard,4
983,2025-04-24 03:09:18,202.18,199.6,0.1018,22.9,Credito,Confirmado,RJ,Sudeste,Eletrônicos,2025-04-15 23:07:06,2025-04-19 23:07:06,Standard,4
984,2025-04-13 08:53:50,1014.56,1079.0,0.0903,32.99,Debito,Cancelado,PR,Sul,Eletrônicos,2025-05-01 16:00:54,2025-05-02 16:00:54,Scheduled,1
985,2025-05-07 23:20:43,715.03,699.6,0.0251,32.99,Boleto,Em Analise,RO,Norte,Eletrônicos,2025-04-26 11:09:40,2025-04-28 11:09:40,Scheduled,4
986,2025-04-28 14:07:12,5172.32,5937.3,0.1327,22.9,Debito,Confirmado,RO,Norte,Eletrônicos,2025-04-28 16:20:44,2025-05-03 16:20:44,Standard,3
987,2025-03-06 13:09:27,8311.68,9208.0,0.102,42.9,PIX,Confirmado,RS,Sul,Eletrônicos,2025-04-15 02:10:39,2025-04-20 02:10:39,Same-Day,2
988,2025-04-26 09:37:59,13083.53,13812.0,0.0544,22.9,Boleto,Em Analise,RN,Nordeste,Eletrônicos,2025-04-18 22:33:57,2025-04-20 22:33:57,Standard,3
989,2025-05-11 07:13:48,167.35,149.7,0.1025,32.99,Credito,Em Analise,PR,Sul,Eletrônicos,2025-05-09 08:27:01,2025-05-12 08:27:01,Scheduled,3
990,2025-03-02 21:46:22,4569.09,4604.0,0.0169,42.9,Credito,Cancelado,AP,Norte,Eletrônicos,2025-05-06 08:44:44,2025-05-11 08:44:44,Same-Day,1
991,2025-04-11 01:16:51,1029.74,1072.0,0.0702,32.99,PIX,Em Analise,RS,Sul,Eletrônicos,2025-04-16 07:46:27,2025-04-21 07:46:27,Scheduled,1
992,2025-04-25 00:44:15,234.95,207.2,0.0253,32.99,Debito,Processando,MG,Sudeste,Eletrônicos,2025-04-21 18:27:06,2025-04-22 18:27:06,Scheduled,4
993,2025-03-28 11:32:52,3815.36,3796.0,0.0062,42.9,Debito,Confirmado,ES,Sudeste,Eletrônicos,2025-04-14 18:08:17,2025-04-19 18:08:17,Same-Day,4
994,2025-04-22 09:15:05,8774.14,9208.0,0.0507,32.99,Boleto,Cancelado,ES,Sudeste,Eletrônicos,2025-05-01 13:45:43,2025-05-02 13:45:43,Scheduled,2
995,2025-05-17 07:30:24,95.39,53.7,0.0226,42.9,PIX,Processando,PB,Nordeste,Eletrônicos,2025-04-23 08:20:08,2025-04-26 08:20:08,Same-Day,3
996,2025-03-20 10:37:09,1740.59,1898.0,0.095,22.9,Boleto,Processando,ES,Sudeste,Eletrônicos,2025-05-10 15:20:46,2025-05-12 15:20:46,Standard,2
997,2025-03-16 00:01:31,1812.0,1979.1,0.1011,32.99,Credito,Processando,RS,Sul,Eletrônicos,2025-04-19 23:55:23,2025-04-24 23:55:23,Scheduled,1
998,2025-02-20 10:17:44,40.4,17.9,0.0223,22.9,PIX,Processando,SE,Nordeste,Eletrônicos,2025-04-30 17:38:14,2025-05-03 17:38:14,Standard,1
999,2025-05-11 10:41:10,5506.87,5484.26,0.0037,42.9,Debito,Processando,RO,Norte,Eletrônicos,2025-04-27 01:52:41,2025-04-27 01:52:41,Same-Day,2
1000,2025-03-22 03:16:01,1156.85,1286.97,0.1189,22.9,PIX,Confirmado,RJ,Sudeste,Eletrônicos,2025-04-29 11:31:56,2025-05-03 11:31:56,Standard,3
1001,2025-04-05 04:00:35,2879.14,2847.0,0.0003,32.99,Credito,Processando,SC,Sul,Eletrônicos,2025-04-24 17:27:38,2025-04-29 17:27:38,Scheduled,3
1002,2025-04-03 01:32:55,6857.71,7196.04,0.0516,32.99,Debito,Processando,MG,Sudeste,Eletrônicos,2025-04-12 17:16:25,2025-04-17 17:16:25,Scheduled,4
1003,2025-05-07 23:09:41,1025.45,1072.0,0.0742,32.99,PIX,Processando,AC,Norte,Eletrônicos,2025-04-29 09:43:34,2025-04-30 09:43:34,Scheduled,1
1004,2025-03-09 01:55:33,2854.07,3216.0,0.1228,32.99,Credito,Processando,AC,Norte,Eletrônicos,2025-04-30 18:58:53,2025-05-05 18:58:53,Scheduled,3
1005,2025-04-16 21:50:58,8041.8,9149.97,0.1258,42.9,Boleto,Processando,BA,Nordeste,Eletrônicos,2025-05-07 17:16:59,2025-05-11 17:16:59,Same-Day,3
1006,2025-03-28 06:23:45,878.83,949.0,0.1087,32.99,Debito,Em Analise,SC,Sul,Eletrônicos,2025-04-24 21:51:28,2025-04-28 21:51:28,Scheduled,1
1007,2025-05-06 06:49:06,283.45,249.82,0.0371,42.9,Boleto,Confirmado,RS,Sul,Eletrônicos,2025-05-13 06:37:09,2025-05-13 06:37:09,Same-Day,2
1008,2025-02-18 12:28:46,3872.77,4316.0,0.108,22.9,Boleto,Cancelado,RR,Norte,Eletrônicos,2025-05-07 03:35:27,2025-05-09 03:35:27,Standard,4
1009,2025-05-12 08:55:11,3495.94,3596.0,0.037,32.99,Boleto,Cancelado,PE,Nordeste,Eletrônicos,2025-04-19 07:33:47,2025-04-20 07:33:47,Scheduled,4
1010,2025-02-18 01:26:50,3696.67,3796.0,0.0322,22.9,Debito,Processando,ES,Sudeste,Eletrônicos,2025-05-04 22:55:26,2025-05-08 22:55:26,Standard,4
1011,2025-03-04 21:38:15,5056.9,5484.26,0.0821,22.9,Debito,Em Analise,MA,Nordeste,Eletrônicos,2025-04-27 18:09:17,2025-04-30 18:09:17,Standard,2
1012,2025-02-27 03:44:07,3264.73,3598.02,0.1018,32.99,PIX,Confirmado,SP,Sudeste,Eletrônicos,2025-04-17 00:12:36,2025-04-21 00:12:36,Scheduled,2
1013,2025-03-26 06:18:38,934.71,899.0,0.008,42.9,Debito,Processando,AM,Norte,Eletrônicos,2025-05-14 06:58:44,2025-05-16 06:58:44,Same-Day,1
1014,2025-02-17 21:37:31,3588.54,3598.02,0.009,22.9,PIX,Em Analise,BA,Nordeste,Eletrônicos,2025-04-28 10:11:15,2025-04-28 10:11:15,Standard,2
1015,2025-03-17 23:11:30,4862.21,5484.26,0.1176,22.9,Boleto,Processando,PA,Norte,Eletrônicos,2025-04-29 01:57:19,2025-05-04 01:57:19,Standard,2
1016,2025-05-08 12:28:49,5194.88,5937.3,0.1289,22.9,Credito,Cancelado,SC,Sul,Eletrônicos,2025-04-16 18:46:05,2025-04-17 18:46:05,Standard,3
1017,2025-05-14 11:48:39,71.73,53.7,0.0907,22.9,Credito,Processando,AM,Norte,Eletrônicos,2025-04-18 12:44:32,2025-04-21 12:44:32,Standard,3
1018,2025-02-26 03:56:45,743.3,769.9,0.0643,22.9,Boleto,Processando,AC,Norte,Eletrônicos,2025-04-30 22:13:40,2025-05-01 22:13:40,Standard,1
1019,2025-02-19 16:20:13,4831.76,5484.26,0.1268,42.9,Boleto,Cancelado,AP,Norte,Eletrônicos,2025-04-15 02:57:00,2025-04-19 02:57:00,Same-Day,2
1020,2025-05-06 04:13:23,987.82,1072.0,0.1093,32.99,Credito,Processando,RJ,Sudeste,Eletrônicos,2025-05-06 12:50:31,2025-05-06 12:50:31,Scheduled,1
1021,2025-04-19 03:27:34,1609.74,1715.96,0.0869,42.9,Debito,Em Analise,MG,Sudeste,Eletrônicos,2025-05-01 04:35:45,2025-05-01 04:35:45,Same-Day,4
1022,2025-03-11 04:52:49,1744.69,1798.0,0.048,32.99,Credito,Confirmado,TO,Norte,Eletrônicos,2025-05-03 12:33:23,2025-05-06 12:33:23,Scheduled,2
1023,2025-05-12 23:48:33,7005.22,7196.04,0.0297,22.9,Credito,Cancelado,SP,Sudeste,Eletrônicos,2025-04-29 01:56:06,2025-04-29 01:56:06,Standard,4
1024,2025-03-01 18:34:04,143.93,107.8,0.0628,42.9,PIX,Processando,AM,Norte,Eletrônicos,2025-04-24 13:07:33,2025-04-27 13:07:33,Same-Day,2
1025,2025-02-25 23:52:39,1859.29,1898.0,0.043,42.9,Credito,Cancelado,PA,Norte,Eletrônicos,2025-04-20 09:31:55,2025-04-20 09:31:55,Same-Day,2
1026,2025-04-05 06:25:16,2917.65,3049.99,0.0509,22.9,Credito,Confirmado,ES,Sudeste,Eletrônicos,2025-05-08 20:07:29,2025-05-09 20:07:29,Standard,1
1027,2025-04-18 17:25:26,824.65,857.98,0.0773,32.99,Debito,Em Analise,PI,Nordeste,Eletrônicos,2025-04-14 14:06:23,2025-04-17 14:06:23,Scheduled,2
1028,2025-04-13 18:50:05,3024.28,3079.6,0.0254,22.9,PIX,Confirmado,ES,Sudeste,Eletrônicos,2025-05-10 02:57:31,2025-05-14 02:57:31,Standard,4
1029,2025-04-25 04:56:33,1174.28,1286.97,0.1209,42.9,PIX,Cancelado,AP,Norte,Eletrônicos,2025-05-09 08:51:38,2025-05-10 08:51:38,Same-Day,3
1030,2025-02-24 03:57:02,1081.62,1072.0,0.0218,32.99,Credito,Cancelado,AC,Norte,Eletrônicos,2025-05-12 03:24:35,2025-05-13 03:24:35,Scheduled,1
1031,2025-02-22 10:48:11,8567.0,9208.0,0.0721,22.9,Debito,Em Analise,BA,Nordeste,Eletrônicos,2025-05-09 13:56:09,2025-05-12 13:56:09,Standard,2
1032,2025-03-08 16:02:22,1477.55,1626.57,0.1119,32.99,Boleto,Processando,SP,Sudeste,Eletrônicos,2025-05-13 04:31:55,2025-05-17 04:31:55,Scheduled,1
1033,2025-04-05 19:52:02,76.09,35.8,0.0728,42.9,PIX,Confirmado,BA,Nordeste,Eletrônicos,2025-05-04 18:18:29,2025-05-06 18:18:29,Same-Day,2
1034,2025-03-06 05:27:17,1828.12,1898.0,0.0542,32.99,Debito,Em Analise,PR,Sul,Eletrônicos,2025-05-04 02:45:43,2025-05-07 02:45:43,Scheduled,2
1035,2025-05-03 23:27:50,5708.56,6099.98,0.0712,42.9,Boleto,Confirmado,RN,Nordeste,Eletrônicos,2025-05-07 09:00:10,2025-05-07 09:00:10,Same-Day,2
1036,2025-02-23 15:22:20,223.72,207.2,0.1273,42.9,PIX,Cancelado,ES,Sudeste,Eletrônicos,2025-04-17 23:37:15,2025-04-20 23:37:15,Same-Day,4
1037,2025-02-20 13:28:42,698.39,769.9,0.1486,42.9,Boleto,Processando,ES,Sudeste,Eletrônicos,2025-04-24 00:54:23,2025-04-29 00:54:23,Same-Day,1
1038,2025-05-02 11:26:40,1198.08,1286.97,0.0947,32.99,Boleto,Confirmado,AP,Norte,Eletrônicos,2025-05-05 00:53:36,2025-05-09 00:53:36,Scheduled,3
1039,2025-04-02 11:28:51,78.63,51.8,0.119,32.99,Credito,Em Analise,PA,Norte,Eletrônicos,2025-05-01 15:28:10,2025-05-02 15:28:10,Scheduled,1
1040,2025-03-01 10:40:30,391.93,349.8,0.0022,42.9,PIX,Confirmado,RS,Sul,Eletrônicos,2025-04-20 19:00:45,2025-04-25 19:00:45,Same-Day,2
1041,2025-02-23 00:33:43,2842.38,3237.0,0.1321,32.99,Credito,Cancelado,ES,Sudeste,Eletrônicos,2025-04-17 00:46:29,2025-04-20 00:46:29,Scheduled,3
1042,2025-05-14 09:37:55,58.24,17.9,0.1431,42.9,Boleto,Cancelado,PR,Sul,Eletrônicos,2025-05-09 08:32:28,2025-05-13 08:32:28,Same-Day,1
1043,2025-04-20 21:21:01,2846.82,3079.6,0.0863,32.99,PIX,Em Analise,PE,Nordeste,Eletrônicos,2025-04-27 23:02:23,2025-05-02 23:02:23,Scheduled,4
1044,2025-05-07 05:13:41,155.67,149.7,0.1131,22.9,Debito,Confirmado,MG,Sudeste,Eletrônicos,2025-05-12 01:40:27,2025-05-13 01:40:27,Standard,3
1045,2025-04-22 11:28:18,502.58,497.97,0.0769,42.9,Debito,Confirmado,SP,Sudeste,Eletrônicos,2025-04-30 04:10:53,2025-05-04 04:10:53,Same-Day,3
1046,2025-03-07 10:16:44,4173.74,4316.0,0.0429,42.9,Boleto,Confirmado,MA,Nordeste,Eletrônicos,2025-04-30 12:33:48,2025-04-30 12:33:48,Same-Day,4
1047,2025-03-29 10:15:53,146.25,129.86,0.1278,32.99,Debito,Em Analise,PR,Sul,Eletrônicos,2025-04-25 06:52:30,2025-04-28 06:52:30,Scheduled,1
1048,2025-03-28 10:36:54,12608.82,13812.0,0.0895,32.99,PIX,Em Analise,ES,Sudeste,Eletrônicos,2025-04-29 18:47:21,2025-04-29 18:47:21,Scheduled,3
1049,2025-03-30 06:11:03,156.96,124.91,0.0869,42.9,Boleto,Processando,TO,Norte,Eletrônicos,2025-04-18 02:09:20,2025-04-20 02:09:20,Same-Day,1
1050,2025-04-08 10:10:48,2503.92,2742.13,0.0989,32.99,Boleto,Processando,ES,Sudeste,Eletrônicos,2025-05-12 08:32:59,2025-05-13 08:32:59,Scheduled,1
1051,2025-03-28 14:47:38,2858.34,3253.14,0.1284,22.9,Boleto,Confirmado,RN,Nordeste,Eletrônicos,2025-05-09 16:33:51,2025-05-13 16:33:51,Standard,2
1052,2025-02-24 16:35:53,414.88,428.99,0.1098,32.99,PIX,Cancelado,AP,Norte,Eletrônicos,2025-04-22 01:10:11,2025-04-22 01:10:11,Scheduled,1
1053,2025-03-17 09:31:24,7708.35,7916.4,0.0317,42.9,Boleto,Cancelado,AC,Norte,Eletrônicos,2025-05-09 14:34:03,2025-05-14 14:34:03,Same-Day,4
1054,2025-03-13 19:59:16,1703.27,1796.0,0.07,32.99,PIX,Em Analise,SC,Sul,Eletrônicos,2025-04-29 02:52:58,2025-05-01 02:52:58,Scheduled,4
1055,2025-03-29 09:01:30,1554.89,1796.0,0.147,22.9,PIX,Em Analise,SC,Sul,Eletrônicos,2025-05-13 12:48:52,2025-05-16 12:48:52,Standard,4
1056,2025-03-01 18:14:56,1202.79,1286.97,0.0832,22.9,PIX,Processando,RO,Norte,Eletrônicos,2025-05-11 00:30:36,2025-05-13 00:30:36,Standard,3
1057,2025-02-26 17:58:13,493.77,524.7,0.1407,42.9,Debito,Cancelado,PR,Sul,Eletrônicos,2025-04-27 13:32:09,2025-04-28 13:32:09,Same-Day,3
1058,2025-05-14 01:46:48,4858.08,5484.26,0.122,42.9,Boleto,Em Analise,PA,Norte,Eletrônicos,2025-05-04 16:04:06,2025-05-09 16:04:06,Same-Day,2
1059,2025-03-21 08:59:22,1652.28,1799.01,0.0999,32.99,Debito,Cancelado,PE,Nordeste,Eletrônicos,2025-04-17 05:39:37,2025-04-20 05:39:37,Scheduled,1
1060,2025-04-27 07:45:00,2211.57,2309.7,0.0524,22.9,Boleto,Em Analise,SP,Sudeste,Eletrônicos,2025-04-24 22:54:15,2025-04-28 22:54:15,Standard,3
1061,2025-03-09 21:43:10,4162.09,4316.0,0.0456,42.9,Boleto,Cancelado,SP,Sudeste,Eletrônicos,2025-04-25 07:41:19,2025-04-28 07:41:19,Same-Day,4
1062,2025-03-02 00:58:24,2510.5,2742.13,0.0965,32.99,PIX,Processando,CE,Nordeste,Eletrônicos,2025-04-24 13:18:21,2025-04-26 13:18:21,Scheduled,1
1063,2025-05-15 07:37:55,1627.49,1715.96,0.0649,22.9,Credito,Em Analise,CE,Nordeste,Eletrônicos,2025-04-20 20:55:34,2025-04-20 20:55:34,Standard,4
1064,2025-04-06 10:39:47,4850.15,5484.26,0.1198,22.9,Debito,Em Analise,AP,Norte,Eletrônicos,2025-04-24 15:52:11,2025-04-26 15:52:11,Standard,2
1065,2025-03-27 06:09:11,631.1,663.96,0.1141,42.9,Debito,Cancelado,RS,Sul,Eletrônicos,2025-04-27 22:24:27,2025-05-02 22:24:27,Same-Day,4
1066,2025-04-20 11:21:00,228.41,215.6,0.0468,22.9,PIX,Cancelado,RO,Norte,Eletrônicos,2025-04-29 05:08:16,2025-04-29 05:08:16,Standard,4
1067,2025-05-02 06:54:55,135.58,103.6,0.1054,42.9,Debito,Confirmado,SE,Nordeste,Eletrônicos,2025-04-26 22:38:03,2025-04-28 22:38:03,Same-Day,2
1068,2025-04-08 21:10:29,125.38,99.8,0.0742,32.99,Debito,Confirmado,RS,Sul,Eletrônicos,2025-04-27 21:16:40,2025-04-29 21:16:40,Scheduled,2
1069,2025-05-17 07:22:12,1906.01,1979.1,0.0485,22.9,Credito,Confirmado,AP,Norte,Eletrônicos,2025-05-10 19:57:57,2025-05-15 19:57:57,Standard,1
1070,2025-02-21 12:38:45,1306.52,1347.0,0.0619,42.9,Boleto,Em Analise,AP,Norte,Eletrônicos,2025-04-16 15:37:22,2025-04-20 15:37:22,Same-Day,3
1071,2025-05-10 05:12:28,1441.11,1626.57,0.1343,32.99,Debito,Cancelado,CE,Nordeste,Eletrônicos,2025-04-23 03:55:29,2025-04-28 03:55:29,Scheduled,1
1072,2025-02-24 06:35:13,1666.37,1715.96,0.0539,42.9,Debito,Processando,SP,Sudeste,Eletrônicos,2025-04-15 02:10:58,2025-04-19 02:10:58,Same-Day,4
1073,2025-02-19 18:41:28,892.29,898.0,0.0431,32.99,Credito,Confirmado,RR,Norte,Eletrônicos,2025-04-21 12:29:10,2025-04-26 12:29:10,Scheduled,2
1074,2025-04-18 21:06:18,1055.02,1079.0,0.0528,32.99,Boleto,Confirmado,MG,Sudeste,Eletrônicos,2025-05-12 23:41:12,2025-05-12 23:41:12,Scheduled,1
1075,2025-02-18 14:28:09,17845.9,18416.0,0.0322,22.9,Credito,Cancelado,RS,Sul,Eletrônicos,2025-05-13 12:50:39,2025-05-16 12:50:39,Standard,4
1076,2025-05-04 02:52:52,5624.51,6099.98,0.0817,22.9,PIX,Confirmado,CE,Nordeste,Eletrônicos,2025-04-22 00:03:56,2025-04-24 00:03:56,Standard,2
1077,2025-04-09 19:33:20,71.7,49.9,0.0221,22.9,Debito,Processando,TO,Norte,Eletrônicos,2025-05-03 19:35:21,2025-05-03 19:35:21,Standard,1
1078,2025-03-02 03:53:48,169.34,155.4,0.1226,32.99,Debito,Confirmado,AC,Norte,Eletrônicos,2025-05-04 02:55:38,2025-05-04 02:55:38,Scheduled,3
1079,2025-02-26 12:34:51,949.91,949.0,0.0338,32.99,PIX,Em Analise,MA,Nordeste,Eletrônicos,2025-04-28 17:24:59,2025-04-29 17:24:59,Scheduled,1
1080,2025-03-10 12:35:54,477.72,499.64,0.0897,22.9,Boleto,Confirmado,RS,Sul,Eletrônicos,2025-05-03 18:29:02,2025-05-03 18:29:02,Standard,4
1081,2025-04-02 13:18:32,5424.06,5484.26,0.0188,42.9,Boleto,Processando,ES,Sudeste,Eletrônicos,2025-04-18 03:03:04,2025-04-19 03:03:04,Same-Day,2
1082,2025-03-07 23:16:40,689.87,769.9,0.1468,32.99,Boleto,Processando,AP,Norte,Eletrônicos,2025-04-27 13:57:33,2025-05-01 13:57:33,Scheduled,1
1083,2025-03-03 12:50:32,684.88,699.6,0.0682,32.99,Debito,Cancelado,CE,Nordeste,Eletrônicos,2025-05-07 17:56:25,2025-05-09 17:56:25,Scheduled,4
1084,2025-04-20 22:35:41,1922.54,2144.0,0.1233,42.9,Debito,Confirmado,AC,Norte,Eletrônicos,2025-04-17 06:08:19,2025-04-18 06:08:19,Same-Day,2
1085,2025-04-20 20:34:25,96.33,71.6,0.1153,32.99,Boleto,Confirmado,AP,Norte,Eletrônicos,2025-04-27 18:04:43,2025-04-27 18:04:43,Scheduled,4
1086,2025-03-07 10:06:48,1626.55,1796.0,0.1071,22.9,Credito,Processando,SC,Sul,Eletrônicos,2025-04-21 19:02:05,2025-04-21 19:02:05,Standard,4
1087,2025-03-14 10:24:32,3813.37,4316.0,0.1241,32.99,Debito,Em Analise,PR,Sul,Eletrônicos,2025-04-17 17:13:21,2025-04-18 17:13:21,Scheduled,4
1088,2025-03-17 23:47:09,135.03,103.6,0.0151,32.99,PIX,Processando,PR,Sul,Eletrônicos,2025-04-22 17:16:52,2025-04-27 17:16:52,Scheduled,2
1089,2025-03-22 11:38:24,256.18,259.72,0.1018,22.9,Debito,Confirmado,MA,Nordeste,Eletrônicos,2025-04-17 01:49:37,2025-04-20 01:49:37,Standard,2
1090,2025-03-21 01:45:23,50.18,17.9,0.0399,32.99,Credito,Cancelado,SP,Sudeste,Eletrônicos,2025-05-07 05:09:23,2025-05-08 05:09:23,Scheduled,1
1091,2025-05-01 12:25:37,233.08,215.6,0.1179,42.9,PIX,Processando,RO,Norte,Eletrônicos,2025-04-19 03:57:29,2025-04-21 03:57:29,Same-Day,4
1092,2025-04-25 06:34:29,682.32,769.9,0.1435,22.9,PIX,Em Analise,PE,Nordeste,Eletrônicos,2025-05-11 04:06:32,2025-05-11 04:06:32,Standard,1
1093,2025-03-08 00:25:04,810.45,899.0,0.1352,32.99,Boleto,Confirmado,SC,Sul,Eletrônicos,2025-05-07 08:13:36,2025-05-09 08:13:36,Scheduled,1
1094,2025-02-16 13:54:24,120.98,99.8,0.0172,22.9,Credito,Confirmado,AC,Norte,Eletrônicos,2025-04-24 17:02:47,2025-04-29 17:02:47,Standard,2
1095,2025-04-16 20:04:03,150.98,124.91,0.0554,32.99,Debito,Cancelado,PR,Sul,Eletrônicos,2025-05-16 07:00:42,2025-05-16 07:00:42,Scheduled,1
1096,2025-05-05 00:44:13,4096.78,4288.0,0.0546,42.9,Credito,Cancelado,PB,Nordeste,Eletrônicos,2025-05-01 05:19:00,2025-05-06 05:19:00,Same-Day,4
1097,2025-04-18 17:19:22,8118.75,8226.39,0.0183,42.9,PIX,Confirmado,PA,Norte,Eletrônicos,2025-04-22 18:22:45,2025-04-27 18:22:45,Same-Day,3
1098,2025-05-17 06:50:45,544.79,519.44,0.0147,32.99,PIX,Confirmado,SC,Sul,Eletrônicos,2025-04-19 20:24:58,2025-04-20 20:24:58,Scheduled,4
1099,2025-02-25 07:10:00,1493.85,1539.8,0.0577,42.9,Credito,Cancelado,RJ,Sudeste,Eletrônicos,2025-05-04 14:55:45,2025-05-07 14:55:45,Same-Day,2
1100,2025-04-23 00:19:24,315.57,331.98,0.1488,32.99,PIX,Processando,MG,Sudeste,Eletrônicos,2025-04-20 03:38:38,2025-04-20 03:38:38,Scheduled,2
1101,2025-04-07 00:16:51,65.74,35.8,0.0853,32.99,Credito,Confirmado,MG,Sudeste,Eletrônicos,2025-05-04 18:24:09,2025-05-08 18:24:09,Scheduled,2
1102,2025-04-18 12:05:14,91.77,53.9,0.0933,42.9,PIX,Cancelado,ES,Sudeste,Eletrônicos,2025-04-13 23:05:39,2025-04-17 23:05:39,Same-Day,1
1103,2025-05-05 16:43:31,2015.32,2144.0,0.0707,22.9,Credito,Processando,MG,Sudeste,Eletrônicos,2025-04-28 10:37:22,2025-04-28 10:37:22,Standard,2
1104,2025-04-16 20:23:30,3598.14,3958.2,0.0993,32.99,Credito,Processando,AP,Norte,Eletrônicos,2025-05-07 08:07:11,2025-05-08 08:07:11,Scheduled,2
1105,2025-04-16 10:01:15,236.87,249.82,0.1435,22.9,Boleto,Processando,ES,Sudeste,Eletrônicos,2025-04-19 15:17:23,2025-04-23 15:17:23,Standard,2
1106,2025-05-16 17:30:21,414.01,428.99,0.0883,22.9,Credito,Em Analise,RS,Sul,Eletrônicos,2025-05-09 18:28:29,2025-05-10 18:28:29,Standard,1
1107,2025-03-08 14:05:43,156.68,124.91,0.0098,32.99,Debito,Processando,PB,Nordeste,Eletrônicos,2025-04-29 12:00:41,2025-05-01 12:00:41,Scheduled,1
1108,2025-04-06 09:51:31,1855.74,1979.1,0.0739,22.9,PIX,Cancelado,RJ,Sudeste,Eletrônicos,2025-04-18 20:55:57,2025-04-21 20:55:57,Standard,1
1109,2025-02-26 07:13:38,15716.76,18416.0,0.1489,42.9,Boleto,Cancelado,RR,Norte,Eletrônicos,2025-04-22 18:48:07,2025-04-22 18:48:07,Same-Day,4
1110,2025-04-13 11:54:10,395.86,374.73,0.0581,42.9,Credito,Cancelado,PB,Nordeste,Eletrônicos,2025-04-28 22:41:42,2025-05-02 22:41:42,Same-Day,3
1111,2025-04-25 03:48:16,75.51,35.8,0.0891,42.9,Credito,Cancelado,MG,Sudeste,Eletrônicos,2025-04-20 21:23:11,2025-04-22 21:23:11,Same-Day,2
1112,2025-03-14 21:37:43,86.03,53.9,0.016,32.99,Boleto,Confirmado,AC,Norte,Eletrônicos,2025-04-27 08:07:40,2025-04-29 08:07:40,Scheduled,1
1113,2025-03-20 02:52:13,2726.9,2742.13,0.0212,42.9,Debito,Confirmado,PB,Nordeste,Eletrônicos,2025-05-04 06:47:00,2025-05-07 06:47:00,Same-Day,1
1114,2025-03-29 22:12:26,239.94,249.82,0.1312,22.9,Boleto,Confirmado,PR,Sul,Eletrônicos,2025-05-01 22:25:54,2025-05-02 22:25:54,Standard,2
1115,2025-03-02 04:18:26,1750.86,1799.01,0.0451,32.99,Debito,Processando,MA,Nordeste,Eletrônicos,2025-04-17 07:12:00,2025-04-18 07:12:00,Scheduled,1
1116,2025-03-31 20:04:01,2102.06,2158.0,0.0458,42.9,Debito,Confirmado,PI,Nordeste,Eletrônicos,2025-04-22 11:07:43,2025-04-22 11:07:43,Same-Day,2
1117,2025-04-21 19:58:13,17388.93,18416.0,0.0581,42.9,PIX,Processando,AP,Norte,Eletrônicos,2025-04-19 03:06:27,2025-04-24 03:06:27,Same-Day,4
1118,2025-05-14 00:55:37,85.56,49.9,0.145,42.9,Debito,Processando,CE,Nordeste,Eletrônicos,2025-04-21 11:37:54,2025-04-24 11:37:54,Same-Day,1
1119,2025-03-25 15:16:32,713.62,699.6,0.0127,22.9,Credito,Em Analise,ES,Sudeste,Eletrônicos,2025-05-07 19:19:13,2025-05-10 19:19:13,Standard,4
1120,2025-02-17 02:06:38,461.18,499.64,0.1228,22.9,Boleto,Confirmado,SC,Sul,Eletrônicos,2025-05-03 02:36:16,2025-05-06 02:36:16,Standard,4
1121,2025-03-16 17:43:47,923.31,949.0,0.0512,22.9,PIX,Processando,RJ,Sudeste,Eletrônicos,2025-05-11 10:20:52,2025-05-11 10:20:52,Standard,1
1122,2025-04-08 19:26:10,85.38,71.6,0.1274,22.9,Debito,Processando,MA,Nordeste,Eletrônicos,2025-05-02 11:46:03,2025-05-03 11:46:03,Standard,4
1123,2025-03-07 11:37:16,2644.26,3079.6,0.1488,22.9,Boleto,Confirmado,SC,Sul,Eletrônicos,2025-05-07 19:09:09,2025-05-11 19:09:09,Standard,4
1124,2025-04-11 20:58:59,494.83,497.97,0.0523,22.9,PIX,Cancelado,PI,Nordeste,Eletrônicos,2025-05-03 03:04:10,2025-05-07 03:04:10,Standard,3
1125,2025-03-05 10:47:21,1794.15,1796.0,0.0194,32.99,Boleto,Cancelado,RN,Nordeste,Eletrônicos,2025-04-21 16:36:45,2025-04-26 16:36:45,Scheduled,4
1126,2025-03-03 02:29:29,3552.93,3598.02,0.0217,32.99,Boleto,Em Analise,MG,Sudeste,Eletrônicos,2025-04-20 05:07:18,2025-04-21 05:07:18,Scheduled,2
1127,2025-05-16 08:31:27,368.15,389.58,0.1138,22.9,Credito,Em Analise,RR,Norte,Eletrônicos,2025-04-28 15:25:03,2025-05-01 15:25:03,Standard,3
1128,2025-04-14 13:06:08,201.09,161.7,0.0217,42.9,Boleto,Em Analise,SC,Sul,Eletrônicos,2025-05-08 15:19:29,2025-05-09 15:19:29,Same-Day,3
1129,2025-04-18 19:58:22,1512.58,1539.8,0.0391,32.99,Debito,Cancelado,PI,Nordeste,Eletrônicos,2025-04-15 00:34:05,2025-04-19 00:34:05,Scheduled,2
1130,2025-03-28 01:58:49,2134.65,2158.0,0.0307,42.9,Credito,Em Analise,CE,Nordeste,Eletrônicos,2025-04-20 21:12:25,2025-04-21 21:12:25,Same-Day,2
1131,2025-03-19 01:54:31,401.77,389.58,0.0534,32.99,Debito,Em Analise,PI,Nordeste,Eletrônicos,2025-05-15 13:51:58,2025-05-15 13:51:58,Scheduled,3
1132,2025-03-27 05:18:35,135.43,103.6,0.0112,32.99,Debito,Confirmado,PI,Nordeste,Eletrônicos,2025-05-03 02:02:39,2025-05-06 02:02:39,Scheduled,2
1133,2025-05-17 00:32:03,78.13,51.8,0.1285,32.99,PIX,Cancelado,CE,Nordeste,Eletrônicos,2025-05-08 02:55:58,2025-05-11 02:55:58,Scheduled,1
1134,2025-03-18 21:41:41,2862.33,3237.0,0.129,42.9,Boleto,Processando,PR,Sul,Eletrônicos,2025-04-13 16:33:58,2025-04-17 16:33:58,Same-Day,3
1135,2025-03-19 01:27:29,10312.47,10968.52,0.0619,22.9,Boleto,Processando,PB,Nordeste,Eletrônicos,2025-05-06 23:18:12,2025-05-09 23:18:12,Standard,4
1136,2025-03-27 14:35:40,1256.34,1347.0,0.0918,32.99,Boleto,Confirmado,RJ,Sudeste,Eletrônicos,2025-04-18 15:17:16,2025-04-21 15:17:16,Scheduled,3
1137,2025-03-31 14:29:17,130.41,107.8,0.0963,32.99,Debito,Confirmado,AC,Norte,Eletrônicos,2025-04-27 15:02:29,2025-05-01 15:02:29,Scheduled,2
1138,2025-02-24 18:07:08,106.45,71.6,0.1124,42.9,Credito,Cancelado,SC,Sul,Eletrônicos,2025-05-08 00:33:28,2025-05-13 00:33:28,Same-Day,4
1139,2025-03-18 10:31:48,125.0,99.8,0.0781,32.99,Credito,Confirmado,RN,Nordeste,Eletrônicos,2025-05-09 04:52:40,2025-05-12 04:52:40,Scheduled,2
1140,2025-03-20 01:13:19,194.49,174.9,0.0766,32.99,PIX,Em Analise,RS,Sul,Eletrônicos,2025-04-18 13:41:27,2025-04-21 13:41:27,Scheduled,1
1141,2025-03-01 13:39:27,81.6,53.7,0.0947,32.99,Debito,Em Analise,PR,Sul,Eletrônicos,2025-05-05 15:59:42,2025-05-09 15:59:42,Scheduled,3
1142,2025-03-15 17:31:54,4387.8,4879.71,0.1055,22.9,PIX,Em Analise,MA,Nordeste,Eletrônicos,2025-05-13 07:52:44,2025-05-15 07:52:44,Standard,3
1143,2025-05-08 10:37:20,239.33,207.2,0.052,42.9,Boleto,Processando,TO,Norte,Eletrônicos,2025-04-26 09:44:51,2025-04-29 09:44:51,Same-Day,4
1144,2025-03-16 06:24:55,754.61,769.9,0.0496,22.9,Credito,Processando,ES,Sudeste,Eletrônicos,2025-05-14 14:57:42,2025-05-15 14:57:42,Standard,1
1145,2025-03-12 11:40:30,4440.44,4604.0,0.0405,22.9,Credito,Processando,ES,Sudeste,Eletrônicos,2025-05-07 18:20:20,2025-05-11 18:20:20,Standard,1
1146,2025-03-16 03:04:21,2013.39,2158.0,0.0823,32.99,PIX,Cancelado,MG,Sudeste,Eletrônicos,2025-05-05 06:10:03,2025-05-08 06:10:03,Scheduled,2
1147,2025-04-28 03:59:41,1828.5,1898.0,0.054,32.99,PIX,Confirmado,CE,Nordeste,Eletrônicos,2025-05-02 13:52:19,2025-05-07 13:52:19,Scheduled,2
1148,2025-04-02 06:50:07,124.71,99.8,0.081,32.99,PIX,Em Analise,AM,Norte,Eletrônicos,2025-05-02 22:23:16,2025-05-05 22:23:16,Scheduled,2
1149,2025-04-14 12:35:41,2069.48,2158.0,0.0609,42.9,Boleto,Cancelado,SC,Sul,Eletrônicos,2025-04-19 05:36:41,2025-04-23 05:36:41,Same-Day,2
1150,2025-04-14 21:30:46,373.68,389.58,0.1255,32.99,Boleto,Cancelado,SC,Sul,Eletrônicos,2025-05-03 02:43:32,2025-05-03 02:43:32,Scheduled,3
1151,2025-03-24 09:47:28,689.65,663.96,0.011,32.99,Boleto,Processando,PR,Sul,Eletrônicos,2025-05-01 12:42:42,2025-05-05 12:42:42,Scheduled,4
1152,2025-03-24 12:57:21,182.79,174.9,0.0858,22.9,Debito,Processando,AM,Norte,Eletrônicos,2025-04-28 13:49:03,2025-05-01 13:49:03,Standard,1
1153,2025-04-06 13:02:58,157.03,124.91,0.0863,42.9,PIX,Confirmado,RN,Nordeste,Eletrônicos,2025-04-20 16:21:52,2025-04-22 16:21:52,Same-Day,1
1154,2025-03-14 14:23:40,91.72,51.8,0.0576,42.9,Debito,Processando,RJ,Sudeste,Eletrônicos,2025-04-30 07:07:07,2025-05-05 07:07:07,Same-Day,1
1155,2025-05-03 19:08:35,1727.27,1798.0,0.0632,42.9,Boleto,Confirmado,CE,Nordeste,Eletrônicos,2025-04-24 02:29:36,2025-04-24 02:29:36,Same-Day,2
1156,2025-02-28 19:16:29,208.64,199.6,0.12,32.99,Boleto,Em Analise,SC,Sul,Eletrônicos,2025-04-26 09:56:35,2025-05-01 09:56:35,Scheduled,4
1157,2025-04-10 15:30:07,7902.96,8226.39,0.0421,22.9,Credito,Confirmado,PR,Sul,Eletrônicos,2025-05-11 18:47:43,2025-05-14 18:47:43,Standard,3
1158,2025-02-25 10:37:34,48.55,17.9,0.1307,32.99,Boleto,Processando,ES,Sudeste,Eletrônicos,2025-04-25 01:17:06,2025-04-30 01:17:06,Scheduled,1
1159,2025-02-18 08:40:41,6894.54,7916.4,0.1345,42.9,Credito,Confirmado,AM,Norte,Eletrônicos,2025-04-20 10:54:16,2025-04-25 10:54:16,Same-Day,4
1160,2025-02-21 14:48:58,3278.02,3596.0,0.0976,32.99,PIX,Confirmado,PR,Sul,Eletrônicos,2025-05-04 03:01:04,2025-05-08 03:01:04,Scheduled,4
1161,2025-03-27 22:33:24,422.17,428.99,0.1159,42.9,Boleto,Em Analise,AP,Norte,Eletrônicos,2025-05-06 23:40:14,2025-05-07 23:40:14,Same-Day,1
1162,2025-03-31 17:24:54,12565.58,13812.0,0.0919,22.9,Debito,Em Analise,ES,Sudeste,Eletrônicos,2025-05-02 09:33:03,2025-05-06 09:33:03,Standard,3
1163,2025-05-16 23:13:58,5492.34,5937.3,0.0788,22.9,PIX,Em Analise,AM,Norte,Eletrônicos,2025-05-03 09:59:09,2025-05-03 09:59:09,Standard,3
1164,2025-04-23 00:34:44,10473.87,12199.96,0.145,42.9,Debito,Em Analise,RS,Sul,Eletrônicos,2025-04-26 18:10:36,2025-05-01 18:10:36,Same-Day,4
1165,2025-03-12 04:50:14,1850.51,1898.0,0.0424,32.99,Credito,Em Analise,RR,Norte,Eletrônicos,2025-04-28 07:04:56,2025-05-03 07:04:56,Scheduled,2
1166,2025-04-13 15:01:05,2721.69,2742.13,0.0231,42.9,PIX,Em Analise,PR,Sul,Eletrônicos,2025-04-29 14:55:40,2025-04-30 14:55:40,Same-Day,1
1167,2025-04-01 16:01:28,10518.68,10968.52,0.0431,22.9,Debito,Cancelado,RS,Sul,Eletrônicos,2025-05-09 22:47:20,2025-05-12 22:47:20,Standard,4
1168,2025-04-15 06:43:04,189.69,161.7,0.0922,42.9,Debito,Em Analise,PR,Sul,Eletrônicos,2025-05-01 11:18:22,2025-05-03 11:18:22,Same-Day,3
1169,2025-05-07 20:56:14,77.7,35.8,0.0278,42.9,Debito,Em Analise,RS,Sul,Eletrônicos,2025-05-13 20:01:45,2025-05-15 20:01:45,Same-Day,2
1170,2025-03-23 12:00:18,413.42,428.99,0.1363,42.9,Credito,Processando,PE,Nordeste,Eletrônicos,2025-04-20 16:30:06,2025-04-20 16:30:06,Same-Day,1
1171,2025-04-17 01:11:24,198.65,165.99,0.0617,42.9,Boleto,Processando,AP,Norte,Eletrônicos,2025-04-22 23:20:00,2025-04-26 23:20:00,Same-Day,1
1172,2025-04-22 17:20:09,131.88,124.91,0.1275,22.9,Credito,Confirmado,RR,Norte,Eletrônicos,2025-04-19 14:45:04,2025-04-21 14:45:04,Standard,1
1173,2025-05-06 02:21:20,211.26,174.9,0.0374,42.9,PIX,Processando,SC,Sul,Eletrônicos,2025-04-17 17:01:10,2025-04-20 17:01:10,Same-Day,1
1174,2025-03-21 14:45:31,517.93,519.44,0.047,22.9,Debito,Processando,TO,Norte,Eletrônicos,2025-05-14 23:58:00,2025-05-15 23:58:00,Standard,4
1175,2025-05-02 10:10:17,4585.92,4604.0,0.0089,22.9,Boleto,Processando,SC,Sul,Eletrônicos,2025-04-30 10:50:21,2025-04-30 10:50:21,Standard,1
1176,2025-02-23 07:13:30,7950.93,8226.39,0.0387,42.9,Credito,Cancelado,SE,Nordeste,Eletrônicos,2025-05-12 00:05:11,2025-05-15 00:05:11,Same-Day,3
1177,2025-05-09 06:20:21,1706.89,1796.0,0.0735,42.9,PIX,Em Analise,PA,Norte,Eletrônicos,2025-04-22 11:49:10,2025-04-24 11:49:10,Same-Day,4
1178,2025-04-28 01:42:12,172.98,174.9,0.1419,22.9,PIX,Confirmado,CE,Nordeste,Eletrônicos,2025-04-21 04:02:40,2025-04-22 04:02:40,Standard,1
1179,2025-04-09 10:27:01,1810.25,1898.0,0.0583,22.9,Debito,Em Analise,MA,Nordeste,Eletrônicos,2025-05-05 10:34:25,2025-05-10 10:34:25,Standard,2
1180,2025-04-20 09:30:47,5390.22,5937.3,0.096,22.9,Debito,Processando,MA,Nordeste,Eletrônicos,2025-04-29 01:56:00,2025-05-02 01:56:00,Standard,3
1181,2025-05-15 12:16:27,7741.16,8226.39,0.0642,42.9,Credito,Em Analise,PR,Sul,Eletrônicos,2025-04-17 18:28:48,2025-04-17 18:28:48,Same-Day,3
1182,2025-05-09 10:19:20,1658.08,1626.57,0.007,42.9,Boleto,Processando,MA,Nordeste,Eletrônicos,2025-04-18 19:35:08,2025-04-19 19:35:08,Same-Day,1
1183,2025-05-16 06:43:47,1685.15,1798.0,0.0755,22.9,Credito,Confirmado,RJ,Sudeste,Eletrônicos,2025-05-05 04:55:11,2025-05-05 04:55:11,Standard,2
1184,2025-04-15 05:39:59,542.41,524.7,0.0099,22.9,Boleto,Cancelado,PA,Norte,Eletrônicos,2025-05-12 02:14:21,2025-05-14 02:14:21,Standard,3
1185,2025-03-30 14:32:19,249.68,249.82,0.1326,32.99,Boleto,Em Analise,SC,Sul,Eletrônicos,2025-04-26 01:03:53,2025-05-01 01:03:53,Scheduled,2
1186,2025-04-20 06:20:36,10864.26,12199.96,0.113,42.9,PIX,Confirmado,SP,Sudeste,Eletrônicos,2025-05-12 12:57:00,2025-05-13 12:57:00,Same-Day,4
1187,2025-05-16 05:37:33,362.92,349.8,0.0568,32.99,Credito,Confirmado,PR,Sul,Eletrônicos,2025-05-03 02:59:45,2025-05-03 02:59:45,Scheduled,2
1188,2025-02-21 14:14:27,2963.74,3253.14,0.096,22.9,Credito,Processando,MA,Nordeste,Eletrônicos,2025-05-05 03:32:01,2025-05-07 03:32:01,Standard,2
1189,2025-05-12 03:25:02,3568.58,3596.0,0.0168,32.99,Boleto,Processando,AC,Norte,Eletrônicos,2025-05-11 16:28:51,2025-05-11 16:28:51,Scheduled,4
1190,2025-04-07 07:40:24,97.04,71.6,0.1054,32.99,Boleto,Em Analise,TO,Norte,Eletrônicos,2025-04-18 12:42:39,2025-04-21 12:42:39,Scheduled,4
1191,2025-03-14 06:56:53,2518.58,2847.0,0.1234,22.9,Debito,Em Analise,SP,Sudeste,Eletrônicos,2025-05-08 19:43:36,2025-05-08 19:43:36,Standard,3
1192,2025-04-17 15:03:48,2722.79,3079.6,0.1233,22.9,Boleto,Em Analise,SC,Sul,Eletrônicos,2025-05-08 04:39:01,2025-05-13 04:39:01,Standard,4
1193,2025-03-28 03:54:51,2748.62,2847.0,0.0426,22.9,PIX,Confirmado,PR,Sul,Eletrônicos,2025-05-05 19:48:14,2025-05-06 19:48:14,Standard,3
1194,2025-02-25 19:27:45,1069.26,1079.0,0.0396,32.99,Boleto,Processando,SP,Sudeste,Eletrônicos,2025-04-14 20:38:28,2025-04-18 20:38:28,Scheduled,1
1195,2025-05-05 04:11:46,152.69,129.86,0.0782,32.99,Debito,Confirmado,PR,Sul,Eletrônicos,2025-04-27 10:51:51,2025-04-30 10:51:51,Scheduled,1
1196,2025-05-01 01:30:34,7864.29,9149.97,0.1452,42.9,Credito,Cancelado,MG,Sudeste,Eletrônicos,2025-04-21 21:46:12,2025-04-24 21:46:12,Same-Day,3
1197,2025-03-25 19:02:04,9486.76,10968.52,0.1381,32.99,Credito,Confirmado,RS,Sul,Eletrônicos,2025-04-24 19:39:02,2025-04-29 19:39:02,Scheduled,4
1198,2025-04-27 09:21:53,4089.87,4288.0,0.0539,32.99,Boleto,Cancelado,AM,Norte,Eletrônicos,2025-05-15 23:14:04,2025-05-16 23:14:04,Scheduled,4
1199,2025-05-11 01:24:42,2556.8,2847.0,0.117,42.9,Boleto,Cancelado,RJ,Sudeste,Eletrônicos,2025-04-30 16:24:54,2025-05-03 16:24:54,Same-Day,3
1200,2025-04-13 20:22:18,3314.29,3796.0,0.1382,42.9,PIX,Cancelado,TO,Norte,Eletrônicos,2025-04-18 11:40:21,2025-04-18 11:40:21,Same-Day,4
1201,2025-04-23 20:42:12,445.21,428.99,0.0391,32.99,PIX,Cancelado,PE,Nordeste,Eletrônicos,2025-04-26 14:20:09,2025-04-26 14:20:09,Scheduled,1
1202,2025-03-22 15:24:57,1457.05,1626.57,0.1245,32.99,PIX,Confirmado,RJ,Sudeste,Eletrônicos,2025-04-18 20:34:06,2025-04-23 20:34:06,Scheduled,1
1203,2025-03-01 20:39:30,3494.34,3596.0,0.0402,42.9,Boleto,Cancelado,AP,Norte,Eletrônicos,2025-05-04 03:15:57,2025-05-05 03:15:57,Same-Day,4
1204,2025-03-04 13:40:07,1059.69,1072.0,0.0515,42.9,Debito,Cancelado,RN,Nordeste,Eletrônicos,2025-04-26 05:11:15,2025-04-26 05:11:15,Same-Day,1
1205,2025-04-04 12:07:45,203.94,165.99,0.0298,42.9,Debito,Em Analise,ES,Sudeste,Eletrônicos,2025-04-17 07:49:24,2025-04-18 07:49:24,Same-Day,1
1206,2025-02-24 14:54:05,679.35,699.6,0.0761,32.99,PIX,Processando,CE,Nordeste,Eletrônicos,2025-05-12 03:56:55,2025-05-16 03:56:55,Scheduled,4
1207,2025-03-12 07:30:56,370.23,374.73,0.1265,42.9,PIX,Confirmado,PR,Sul,Eletrônicos,2025-04-15 16:35:01,2025-04-18 16:35:01,Same-Day,3
1208,2025-04-02 14:26:09,8448.19,9149.97,0.0792,22.9,Credito,Confirmado,AP,Norte,Eletrônicos,2025-04-23 16:42:11,2025-04-28 16:42:11,Standard,3
1209,2025-02-17 04:19:57,3748.67,3796.0,0.0185,22.9,PIX,Em Analise,BA,Nordeste,Eletrônicos,2025-04-29 15:01:16,2025-05-04 15:01:16,Standard,4
1210,2025-04-11 00:07:38,3482.97,3596.0,0.0378,22.9,PIX,Confirmado,PA,Norte,Eletrônicos,2025-05-02 23:08:37,2025-05-07 23:08:37,Standard,4
1211,2025-02-24 07:54:35,1780.71,1898.0,0.0844,42.9,Boleto,Processando,MG,Sudeste,Eletrônicos,2025-04-18 19:49:26,2025-04-21 19:49:26,Same-Day,2
1212,2025-05-03 22:24:28,190.45,161.7,0.0875,42.9,Debito,Em Analise,SP,Sudeste,Eletrônicos,2025-04-21 11:50:54,2025-04-24 11:50:54,Same-Day,3
1213,2025-04-08 12:52:25,681.98,699.6,0.0865,42.9,Boleto,Processando,SC,Sul,Eletrônicos,2025-04-18 11:39:21,2025-04-22 11:39:21,Same-Day,4
1214,2025-03-08 13:04:31,1808.16,1796.0,0.0116,32.99,Debito,Em Analise,AP,Norte,Eletrônicos,2025-05-09 14:01:15,2025-05-12 14:01:15,Scheduled,4
1215,2025-05-16 20:27:38,10863.04,12199.96,0.1131,42.9,Credito,Em Analise,SC,Sul,Eletrônicos,2025-05-11 16:43:35,2025-05-16 16:43:35,Same-Day,4
1216,2025-05-08 18:45:48,89.28,53.7,0.1364,42.9,Boleto,Processando,SE,Nordeste,Eletrônicos,2025-05-13 12:53:25,2025-05-16 12:53:25,Same-Day,3
1217,2025-03-21 06:19:52,527.41,524.7,0.0766,42.9,Credito,Confirmado,RJ,Sudeste,Eletrônicos,2025-04-24 17:21:25,2025-04-25 17:21:25,Same-Day,3
1218,2025-05-13 09:19:18,1494.13,1626.57,0.1078,42.9,PIX,Processando,ES,Sudeste,Eletrônicos,2025-04-25 14:28:53,2025-04-29 14:28:53,Same-Day,1
1219,2025-05-13 06:13:56,6853.96,7916.4,0.1371,22.9,Boleto,Processando,PA,Norte,Eletrônicos,2025-05-10 13:11:14,2025-05-13 13:11:14,Standard,4
1220,2025-03-20 05:16:12,130.4,107.8,0.0964,32.99,PIX,Em Analise,PB,Nordeste,Eletrônicos,2025-04-17 15:33:01,2025-04-22 15:33:01,Scheduled,2
1221,2025-03-12 05:11:05,831.01,899.0,0.1011,22.9,Boleto,Processando,PB,Nordeste,Eletrônicos,2025-04-23 19:06:04,2025-04-26 19:06:04,Standard,1
1222,2025-04-12 05:11:41,4138.84,4604.0,0.1082,32.99,PIX,Confirmado,SC,Sul,Eletrônicos,2025-04-20 10:38:10,2025-04-25 10:38:10,Scheduled,1
1223,2025-04-26 22:57:34,4170.14,4316.0,0.0391,22.9,PIX,Processando,PA,Norte,Eletrônicos,2025-05-04 00:54:18,2025-05-05 00:54:18,Standard,4
1224,2025-05-15 15:49:40,90.17,51.8,0.0874,42.9,Debito,Processando,BA,Nordeste,Eletrônicos,2025-05-10 16:25:18,2025-05-15 16:25:18,Same-Day,1
1225,2025-05-16 19:21:31,1681.18,1898.0,0.1263,22.9,Boleto,Processando,RJ,Sudeste,Eletrônicos,2025-05-07 22:58:25,2025-05-10 22:58:25,Standard,2
1226,2025-02-22 17:04:13,5263.66,5484.26,0.0444,22.9,Debito,Cancelado,RS,Sul,Eletrônicos,2025-05-14 10:32:03,2025-05-16 10:32:03,Standard,2
1227,2025-03-14 05:50:51,775.49,857.98,0.1346,32.99,PIX,Processando,RS,Sul,Eletrônicos,2025-04-17 05:04:02,2025-04-18 05:04:02,Scheduled,2
1228,2025-03-24 02:59:15,7222.28,7916.4,0.0931,42.9,Credito,Processando,RS,Sul,Eletrônicos,2025-04-22 10:30:04,2025-04-25 10:30:04,Same-Day,4
1229,2025-03-11 16:04:43,3054.68,3216.0,0.0635,42.9,Debito,Cancelado,SC,Sul,Eletrônicos,2025-04-16 16:28:22,2025-04-17 16:28:22,Same-Day,3
1230,2025-03-02 13:42:19,2787.72,3049.99,0.0935,22.9,Debito,Processando,RO,Norte,Eletrônicos,2025-04-22 14:34:51,2025-04-27 14:34:51,Standard,1
1231,2025-03-21 14:43:53,8621.13,9149.97,0.0603,22.9,Debito,Cancelado,RJ,Sudeste,Eletrônicos,2025-04-14 04:52:39,2025-04-18 04:52:39,Standard,3
1232,2025-03-06 23:51:34,4309.23,4879.71,0.1257,42.9,PIX,Cancelado,PR,Sul,Eletrônicos,2025-05-07 20:44:13,2025-05-09 20:44:13,Same-Day,3
1233,2025-04-24 06:34:50,2031.89,2144.0,0.0723,42.9,Boleto,Cancelado,RJ,Sudeste,Eletrônicos,2025-05-03 23:38:59,2025-05-08 23:38:59,Same-Day,2
1234,2025-05-13 07:19:50,2706.14,3079.6,0.1352,42.9,Debito,Processando,RJ,Sudeste,Eletrônicos,2025-04-13 07:39:45,2025-04-18 07:39:45,Same-Day,4
1235,2025-04-25 19:26:10,815.24,857.98,0.0765,22.9,Boleto,Confirmado,PB,Nordeste,Eletrônicos,2025-04-20 18:56:48,2025-04-21 18:56:48,Standard,2
1236,2025-02-24 13:12:07,877.85,949.0,0.0991,22.9,PIX,Cancelado,SC,Sul,Eletrônicos,2025-05-14 21:00:04,2025-05-16 21:00:04,Standard,1
1237,2025-03-23 07:51:19,1552.6,1799.01,0.1497,22.9,PIX,Cancelado,BA,Nordeste,Eletrônicos,2025-05-06 01:06:13,2025-05-06 01:06:13,Standard,1
1238,2025-02-18 09:52:12,482.02,449.0,0.022,42.9,Credito,Processando,RJ,Sudeste,Eletrônicos,2025-04-30 11:15:02,2025-05-04 11:15:02,Same-Day,1
1239,2025-05-13 07:45:33,1949.99,2144.0,0.1105,42.9,PIX,Em Analise,RS,Sul,Eletrônicos,2025-05-07 06:16:19,2025-05-07 06:16:19,Same-Day,2
1240,2025-04-13 06:46:03,181.24,161.7,0.0208,22.9,PIX,Processando,PI,Nordeste,Eletrônicos,2025-04-23 00:34:31,2025-04-25 00:34:31,Standard,3
1241,2025-05-02 16:00:48,217.39,199.6,0.1258,42.9,Boleto,Em Analise,SC,Sul,Eletrônicos,2025-05-05 18:59:36,2025-05-10 18:59:36,Same-Day,4
1242,2025-03-06 18:53:07,8364.04,9149.97,0.0895,32.99,Credito,Confirmado,MG,Sudeste,Eletrônicos,2025-04-19 04:10:06,2025-04-19 04:10:06,Scheduled,3
1243,2025-02-25 18:44:21,94.52,71.6,0.1407,32.99,Credito,Confirmado,ES,Sudeste,Eletrônicos,2025-05-03 10:14:09,2025-05-06 10:14:09,Scheduled,4
1244,2025-05-03 03:55:01,79.89,53.9,0.1299,32.99,Boleto,Confirmado,PE,Nordeste,Eletrônicos,2025-04-26 06:09:22,2025-05-01 06:09:22,Scheduled,1
1245,2025-04-01 21:18:40,12106.22,12199.96,0.0112,42.9,Debito,Confirmado,PI,Nordeste,Eletrônicos,2025-04-25 01:17:55,2025-04-30 01:17:55,Same-Day,4
1246,2025-05-16 15:01:16,673.18,663.96,0.0206,22.9,Debito,Em Analise,PI,Nordeste,Eletrônicos,2025-05-01 14:30:07,2025-05-04 14:30:07,Standard,4
1247,2025-03-19 21:43:39,190.01,161.7,0.0902,42.9,PIX,Cancelado,SP,Sudeste,Eletrônicos,2025-05-08 08:50:44,2025-05-11 08:50:44,Same-Day,3
1248,2025-03-05 04:09:41,368.51,374.73,0.0777,22.9,Credito,Em Analise,RJ,Sudeste,Eletrônicos,2025-05-08 08:49:19,2025-05-10 08:49:19,Standard,3
1249,2025-02-24 05:42:22,5378.5,5484.26,0.0253,32.99,Boleto,Processando,SP,Sudeste,Eletrônicos,2025-04-22 08:16:47,2025-04-27 08:16:47,Scheduled,2
1250,2025-04-27 00:34:48,1963.61,1979.1,0.0194,22.9,Credito,Em Analise,PR,Sul,Eletrônicos,2025-05-10 23:27:35,2025-05-14 23:27:35,Standard,1
1251,2025-04-30 10:30:57,8451.9,9208.0,0.0846,22.9,Boleto,Cancelado,PA,Norte,Eletrônicos,2025-05-07 04:55:52,2025-05-12 04:55:52,Standard,2
1252,2025-03-12 04:55:16,3614.65,3598.02,0.0073,42.9,PIX,Em Analise,TO,Norte,Eletrônicos,2025-04-16 08:30:09,2025-04-18 08:30:09,Same-Day,2
1253,2025-04-15 00:38:03,4043.32,4604.0,0.1311,42.9,Credito,Em Analise,SP,Sudeste,Eletrônicos,2025-04-16 14:24:21,2025-04-21 14:24:21,Same-Day,1
1254,2025-03-07 03:02:07,222.48,215.6,0.1211,32.99,Boleto,Processando,MA,Nordeste,Eletrônicos,2025-04-13 14:38:14,2025-04-18 14:38:14,Scheduled,4
1255,2025-05-08 16:16:49,4804.16,5397.03,0.1178,42.9,PIX,Em Analise,SP,Sudeste,Eletrônicos,2025-04-18 16:30:45,2025-04-19 16:30:45,Same-Day,3
1256,2025-05-10 02:52:09,140.53,107.8,0.0024,32.99,Credito,Cancelado,PR,Sul,Eletrônicos,2025-04-15 00:03:20,2025-04-20 00:03:20,Scheduled,2
1257,2025-05-11 07:07:02,177.2,155.4,0.0071,22.9,Debito,Cancelado,CE,Nordeste,Eletrônicos,2025-05-14 09:54:39,2025-05-16 09:54:39,Standard,3
1258,2025-05-03 16:25:04,3027.66,3253.14,0.0825,42.9,Credito,Cancelado,MG,Sudeste,Eletrônicos,2025-04-24 04:56:37,2025-04-25 04:56:37,Same-Day,2
1259,2025-03-15 03:11:04,86.97,51.8,0.1492,42.9,PIX,Processando,AC,Norte,Eletrônicos,2025-04-26 12:03:19,2025-05-01 12:03:19,Same-Day,1
1260,2025-04-12 15:05:28,39.88,17.9,0.0513,22.9,Credito,Confirmado,MG,Sudeste,Eletrônicos,2025-04-17 15:10:54,2025-04-20 15:10:54,Standard,1
1261,2025-03-23 17:24:10,10434.44,10968.52,0.0517,32.99,PIX,Em Analise,SE,Nordeste,Eletrônicos,2025-04-30 20:27:18,2025-05-05 20:27:18,Scheduled,4
1262,2025-03-04 04:58:31,3040.6,3079.6,0.0201,22.9,Credito,Confirmado,RN,Nordeste,Eletrônicos,2025-04-30 17:09:40,2025-05-04 17:09:40,Standard,4
1263,2025-05-14 03:35:03,3444.83,3796.0,0.1012,32.99,Debito,Processando,RS,Sul,Eletrônicos,2025-04-22 01:56:50,2025-04-25 01:56:50,Scheduled,4
1264,2025-04-19 21:34:23,267.52,259.72,0.097,32.99,Debito,Cancelado,PR,Sul,Eletrônicos,2025-04-24 01:38:20,2025-04-27 01:38:20,Scheduled,2
1265,2025-05-09 20:21:39,9033.79,9149.97,0.0152,22.9,Credito,Em Analise,PI,Nordeste,Eletrônicos,2025-05-05 05:54:21,2025-05-09 05:54:21,Standard,3
1266,2025-04-26 22:32:08,4046.44,4316.0,0.0701,32.99,Boleto,Cancelado,MG,Sudeste,Eletrônicos,2025-04-18 19:29:29,2025-04-23 19:29:29,Scheduled,4
1267,2025-03-11 06:31:00,380.12,374.73,0.1001,42.9,Credito,Confirmado,RR,Norte,Eletrônicos,2025-04-27 23:43:15,2025-05-01 23:43:15,Same-Day,3
1268,2025-04-07 03:05:02,503.9,519.44,0.074,22.9,PIX,Processando,PI,Nordeste,Eletrônicos,2025-05-15 11:48:53,2025-05-16 11:48:53,Standard,4
1269,2025-03-15 03:13:50,9901.41,10968.52,0.1012,42.9,Credito,Processando,CE,Nordeste,Eletrônicos,2025-04-17 18:12:42,2025-04-17 18:12:42,Same-Day,4
1270,2025-03-29 04:09:11,186.48,174.9,0.1224,32.99,Debito,Cancelado,MG,Sudeste,Eletrônicos,2025-05-05 11:20:13,2025-05-10 11:20:13,Scheduled,1
1271,2025-03-07 21:37:15,58.96,17.9,0.1029,42.9,PIX,Cancelado,AM,Norte,Eletrônicos,2025-04-23 19:35:12,2025-04-24 19:35:12,Same-Day,1
1272,2025-05-14 09:19:05,904.21,949.0,0.0924,42.9,PIX,Processando,SC,Sul,Eletrônicos,2025-05-11 01:57:52,2025-05-14 01:57:52,Same-Day,1
1273,2025-03-25 07:37:17,771.06,857.98,0.128,22.9,Debito,Processando,SP,Sudeste,Eletrônicos,2025-04-21 17:31:50,2025-04-22 17:31:50,Standard,2
1274,2025-05-05 22:10:01,473.59,497.97,0.1351,42.9,Credito,Confirmado,SP,Sudeste,Eletrônicos,2025-05-06 21:35:49,2025-05-07 21:35:49,Same-Day,3
1275,2025-03-16 03:03:32,1648.91,1715.96,0.0583,32.99,PIX,Em Analise,MA,Nordeste,Eletrônicos,2025-05-09 22:22:26,2025-05-14 22:22:26,Scheduled,4
1276,2025-03-23 10:31:02,1792.2,1796.0,0.026,42.9,PIX,Cancelado,AP,Norte,Eletrônicos,2025-05-12 05:41:09,2025-05-13 05:41:09,Same-Day,4
1277,2025-04-11 01:11:46,2059.29,2309.7,0.1227,32.99,PIX,Processando,PB,Nordeste,Eletrônicos,2025-05-11 01:41:13,2025-05-16 01:41:13,Scheduled,3
1278,2025-05-03 08:55:04,1938.47,1979.1,0.0321,22.9,Debito,Confirmado,CE,Nordeste,Eletrônicos,2025-04-22 03:02:50,2025-04-22 03:02:50,Standard,1
1279,2025-03-10 05:34:45,3995.65,4604.0,0.1393,32.99,PIX,Processando,PA,Norte,Eletrônicos,2025-04-19 11:30:44,2025-04-20 11:30:44,Scheduled,1
1280,2025-05-01 21:37:33,4886.02,4879.71,0.0034,22.9,PIX,Processando,RO,Norte,Eletrônicos,2025-04-24 05:55:14,2025-04-28 05:55:14,Standard,3
1281,2025-02-18 16:34:39,4248.23,4879.71,0.1382,42.9,PIX,Cancelado,RR,Norte,Eletrônicos,2025-05-02 22:50:19,2025-05-05 22:50:19,Same-Day,3
1282,2025-03-12 23:14:12,1525.68,1626.57,0.0884,42.9,PIX,Em Analise,RR,Norte,Eletrônicos,2025-04-13 00:29:42,2025-04-18 00:29:42,Same-Day,1
1283,2025-05-14 06:24:48,1611.97,1798.0,0.1162,22.9,Boleto,Em Analise,RS,Sul,Eletrônicos,2025-04-29 00:41:58,2025-04-29 00:41:58,Standard,2
1284,2025-05-17 10:05:01,144.99,129.86,0.0598,22.9,Credito,Em Analise,RO,Norte,Eletrônicos,2025-04-23 10:22:16,2025-04-26 10:22:16,Standard,1
1285,2025-03-10 15:13:06,3093.91,3596.0,0.1488,32.99,PIX,Em Analise,SC,Sul,Eletrônicos,2025-04-19 06:49:25,2025-04-24 06:49:25,Scheduled,4
1286,2025-05-02 16:36:54,94.77,53.7,0.0341,42.9,Boleto,Cancelado,BA,Nordeste,Eletrônicos,2025-04-24 07:13:44,2025-04-29 07:13:44,Same-Day,3
1287,2025-05-06 00:39:06,4728.89,4879.71,0.0397,42.9,Debito,Cancelado,SC,Sul,Eletrônicos,2025-04-20 00:33:49,2025-04-25 00:33:49,Same-Day,3
1288,2025-04-27 10:42:47,181.54,149.7,0.0077,32.99,Boleto,Processando,MG,Sudeste,Eletrônicos,2025-04-18 23:15:43,2025-04-23 23:15:43,Scheduled,3
1289,2025-05-15 05:58:08,2016.79,2309.7,0.1411,32.99,Boleto,Confirmado,RO,Norte,Eletrônicos,2025-05-12 10:22:06,2025-05-17 10:22:06,Scheduled,3
1290,2025-02-26 19:01:45,7696.69,8226.39,0.0684,32.99,Debito,Cancelado,AM,Norte,Eletrônicos,2025-05-07 05:41:49,2025-05-07 05:41:49,Scheduled,3
1291,2025-05-08 14:03:13,4952.15,5484.26,0.1012,22.9,Boleto,Processando,PA,Norte,Eletrônicos,2025-05-13 22:50:44,2025-05-13 22:50:44,Standard,2
1292,2025-03-23 07:02:41,1735.31,1898.0,0.1031,32.99,Boleto,Confirmado,PE,Nordeste,Eletrônicos,2025-04-25 16:09:57,2025-04-30 16:09:57,Scheduled,2
1293,2025-03-02 21:52:39,116.56,107.8,0.1312,22.9,Credito,Processando,PI,Nordeste,Eletrônicos,2025-04-26 22:22:59,2025-04-30 22:22:59,Standard,2
1294,2025-03-29 05:24:41,998.11,1072.0,0.0997,32.99,Debito,Processando,MG,Sudeste,Eletrônicos,2025-04-30 05:27:44,2025-05-05 05:27:44,Scheduled,1
1295,2025-05-16 18:35:33,435.73,428.99,0.0843,42.9,Boleto,Confirmado,PR,Sul,Eletrônicos,2025-04-20 12:47:47,2025-04-21 12:47:47,Same-Day,1
1296,2025-04-29 12:06:25,80.97,53.7,0.1065,32.99,Credito,Confirmado,MG,Sudeste,Eletrônicos,2025-04-20 04:12:59,2025-04-25 04:12:59,Scheduled,3
1297,2025-05-10 12:20:41,170.89,155.4,0.1126,32.99,PIX,Cancelado,RR,Norte,Eletrônicos,2025-04-19 01:07:41,2025-04-23 01:07:41,Scheduled,3
1298,2025-05-03 00:48:11,1768.79,1796.0,0.0279,22.9,Debito,Processando,TO,Norte,Eletrônicos,2025-04-20 08:20:03,2025-04-22 08:20:03,Standard,4
1299,2025-04-24 05:10:46,246.68,207.2,0.0165,42.9,PIX,Cancelado,PR,Sul,Eletrônicos,2025-04-29 04:29:30,2025-05-03 04:29:30,Same-Day,4
1300,2025-05-04 08:17:49,181.01,149.7,0.0112,32.99,Boleto,Processando,RR,Norte,Eletrônicos,2025-04-14 01:44:15,2025-04-19 01:44:15,Scheduled,3
1301,2025-04-08 20:38:34,2056.71,2144.0,0.0561,32.99,Boleto,Processando,MG,Sudeste,Eletrônicos,2025-04-21 19:33:48,2025-04-25 19:33:48,Scheduled,2
1302,2025-04-18 12:23:44,369.64,374.73,0.0747,22.9,Debito,Processando,RJ,Sudeste,Eletrônicos,2025-04-23 06:20:43,2025-04-27 06:20:43,Standard,3
1303,2025-03-23 22:08:27,801.69,857.98,0.0923,22.9,Boleto,Cancelado,AC,Norte,Eletrônicos,2025-04-24 21:27:22,2025-04-29 21:27:22,Standard,2
1304,2025-03-02 04:53:03,2332.34,2697.0,0.1437,22.9,Boleto,Cancelado,TO,Norte,Eletrônicos,2025-05-03 09:46:33,2025-05-07 09:46:33,Standard,3
1305,2025-04-01 23:30:36,70.32,49.9,0.0496,22.9,Boleto,Cancelado,RJ,Sudeste,Eletrônicos,2025-05-12 04:29:34,2025-05-16 04:29:34,Standard,1
1306,2025-03-02 21:09:17,652.77,699.6,0.1141,32.99,Boleto,Cancelado,AC,Norte,Eletrônicos,2025-05-07 14:44:07,2025-05-07 14:44:07,Scheduled,4
1307,2025-04-13 09:01:57,171.71,161.7,0.0797,22.9,Debito,Confirmado,TO,Norte,Eletrônicos,2025-05-02 08:14:51,2025-05-06 08:14:51,Standard,3
1308,2025-03-02 21:07:06,2992.24,3049.99,0.033,42.9,Debito,Cancelado,PI,Nordeste,Eletrônicos,2025-04-28 06:43:51,2025-04-29 06:43:51,Same-Day,1
1309,2025-04-11 02:02:38,2995.78,3253.14,0.0923,42.9,Credito,Processando,SC,Sul,Eletrônicos,2025-05-11 22:34:53,2025-05-13 22:34:53,Same-Day,2
1310,2025-04-25 04:50:33,7055.64,8226.39,0.1451,22.9,Credito,Processando,AM,Norte,Eletrônicos,2025-05-12 02:00:30,2025-05-12 02:00:30,Standard,3
1311,2025-04-09 18:59:31,2679.83,2697.0,0.0186,32.99,Credito,Processando,CE,Nordeste,Eletrônicos,2025-05-01 20:11:27,2025-05-05 20:11:27,Scheduled,3
1312,2025-04-13 03:00:24,171.3,149.7,0.0761,32.99,Debito,Cancelado,RS,Sul,Eletrônicos,2025-05-04 23:09:11,2025-05-09 23:09:11,Scheduled,3
1313,2025-03-06 10:35:05,183.35,161.7,0.0077,22.9,Boleto,Confirmado,SC,Sul,Eletrônicos,2025-05-04 23:46:25,2025-05-06 23:46:25,Standard,3
1314,2025-03-10 16:38:34,451.21,428.99,0.0482,42.9,Debito,Processando,SC,Sul,Eletrônicos,2025-04-27 01:29:54,2025-04-29 01:29:54,Same-Day,1
1315,2025-03-24 23:30:17,258.44,259.72,0.0931,22.9,Boleto,Processando,AP,Norte,Eletrônicos,2025-04-25 09:52:50,2025-04-29 09:52:50,Standard,2
1316,2025-03-22 14:51:59,2530.61,2847.0,0.1262,42.9,Boleto,Em Analise,CE,Nordeste,Eletrônicos,2025-04-28 23:43:11,2025-04-30 23:43:11,Same-Day,3
1317,2025-03-15 06:32:25,3423.24,3796.0,0.1095,42.9,Boleto,Confirmado,SC,Sul,Eletrônicos,2025-04-29 14:03:51,2025-05-03 14:03:51,Same-Day,4
1318,2025-04-24 04:34:09,59.56,17.9,0.0694,42.9,Boleto,Em Analise,RN,Nordeste,Eletrônicos,2025-04-29 13:13:06,2025-04-29 13:13:06,Same-Day,1
1319,2025-04-26 22:41:28,116.0,107.8,0.1364,22.9,Credito,Processando,TO,Norte,Eletrônicos,2025-04-24 16:55:26,2025-04-24 16:55:26,Standard,2
1320,2025-03-07 11:00:02,91.25,71.6,0.0454,22.9,Debito,Processando,RS,Sul,Eletrônicos,2025-04-30 21:57:32,2025-05-02 21:57:32,Standard,4
1321,2025-02-25 17:09:15,611.77,663.96,0.1131,22.9,Boleto,Cancelado,RS,Sul,Eletrônicos,2025-04-30 20:35:08,2025-05-04 20:35:08,Standard,4
1322,2025-02-18 00:48:10,530.29,524.7,0.0711,42.9,Credito,Cancelado,AM,Norte,Eletrônicos,2025-04-15 12:02:36,2025-04-17 12:02:36,Same-Day,3
1323,2025-03-25 08:55:02,359.96,389.58,0.1348,22.9,PIX,Processando,RR,Norte,Eletrônicos,2025-05-05 17:38:56,2025-05-10 17:38:56,Standard,3
1324,2025-05-01 23:04:33,778.27,857.98,0.1196,22.9,Boleto,Processando,PI,Nordeste,Eletrônicos,2025-05-05 07:53:08,2025-05-09 07:53:08,Standard,2
1325,2025-02-19 21:53:28,3315.77,3796.0,0.1352,32.99,Debito,Processando,PA,Norte,Eletrônicos,2025-04-24 01:42:43,2025-04-27 01:42:43,Scheduled,4
1326,2025-04-22 22:30:28,202.28,174.9,0.0321,32.99,Boleto,Processando,RS,Sul,Eletrônicos,2025-04-15 10:48:02,2025-04-18 10:48:02,Scheduled,1
1327,2025-05-03 05:06:20,81.31,53.7,0.1002,32.99,Credito,Cancelado,BA,Nordeste,Eletrônicos,2025-05-06 01:02:01,2025-05-11 01:02:01,Scheduled,3
1328,2025-04-29 13:50:12,16418.41,18416.0,0.1108,42.9,Debito,Cancelado,SE,Nordeste,Eletrônicos,2025-04-23 07:53:39,2025-04-24 07:53:39,Same-Day,4
1329,2025-04-11 16:27:11,253.69,259.72,0.1114,22.9,Credito,Processando,CE,Nordeste,Eletrônicos,2025-04-26 06:53:49,2025-05-01 06:53:49,Standard,2
1330,2025-02-26 14:57:28,439.46,428.99,0.0756,42.9,Boleto,Confirmado,MG,Sudeste,Eletrônicos,2025-04-20 11:28:05,2025-04-25 11:28:05,Same-Day,1
1331,2025-04-30 23:44:22,939.37,898.0,0.0017,42.9,PIX,Em Analise,ES,Sudeste,Eletrônicos,2025-05-02 04:57:27,2025-05-04 04:57:27,Same-Day,2
1332,2025-03-15 08:52:48,393.03,374.73,0.0392,32.99,PIX,Em Analise,RN,Nordeste,Eletrônicos,2025-05-05 22:50:27,2025-05-06 22:50:27,Scheduled,3
1333,2025-03-04 06:41:30,4676.03,4879.71,0.0485,32.99,PIX,Em Analise,CE,Nordeste,Eletrônicos,2025-05-10 22:06:54,2025-05-13 22:06:54,Scheduled,3
1334,2025-05-13 20:27:01,622.01,663.96,0.1278,42.9,PIX,Confirmado,SC,Sul,Eletrônicos,2025-04-26 05:15:05,2025-04-27 05:15:05,Same-Day,4
1335,2025-04-14 12:15:43,1532.57,1715.96,0.1261,32.99,PIX,Confirmado,TO,Norte,Eletrônicos,2025-04-27 14:27:22,2025-04-27 14:27:22,Scheduled,4
1336,2025-05-12 01:04:31,1990.93,1979.1,0.0157,42.9,Debito,Processando,RS,Sul,Eletrônicos,2025-05-07 13:33:14,2025-05-11 13:33:14,Same-Day,1
1337,2025-04-20 16:29:40,1719.98,1979.1,0.1425,22.9,Credito,Processando,SC,Sul,Eletrônicos,2025-04-20 21:18:22,2025-04-22 21:18:22,Standard,1
1338,2025-03-03 05:44:22,678.76,663.96,0.0274,32.99,Debito,Em Analise,PA,Norte,Eletrônicos,2025-05-05 10:12:25,2025-05-07 10:12:25,Scheduled,4
1339,2025-03-31 08:29:03,388.25,389.58,0.0622,22.9,Debito,Confirmado,RO,Norte,Eletrônicos,2025-05-02 06:02:08,2025-05-03 06:02:08,Standard,3
1340,2025-04-02 07:48:32,1683.43,1715.96,0.0323,22.9,Boleto,Cancelado,TO,Norte,Eletrônicos,2025-05-06 02:11:59,2025-05-06 02:11:59,Standard,4
1341,2025-03-12 12:36:39,203.37,207.2,0.129,22.9,Debito,Processando,MG,Sudeste,Eletrônicos,2025-05-05 11:24:14,2025-05-08 11:24:14,Standard,4
1342,2025-04-04 19:20:54,819.96,898.0,0.1124,22.9,Debito,Confirmado,RJ,Sudeste,Eletrônicos,2025-05-10 00:44:48,2025-05-11 00:44:48,Standard,2
1343,2025-02-27 03:34:14,855.41,857.98,0.053,42.9,PIX,Processando,SE,Nordeste,Eletrônicos,2025-04-21 03:59:21,2025-04-24 03:59:21,Same-Day,2
1344,2025-04-01 23:04:30,1746.73,1898.0,0.1023,42.9,Credito,Processando,SC,Sul,Eletrônicos,2025-04-30 08:36:33,2025-05-02 08:36:33,Same-Day,2
1345,2025-04-07 09:16:20,1352.59,1347.0,0.0277,42.9,Boleto,Em Analise,PR,Sul,Eletrônicos,2025-05-02 09:09:36,2025-05-04 09:09:36,Same-Day,3
1346,2025-04-18 14:51:35,17383.66,18416.0,0.0573,22.9,Boleto,Processando,BA,Nordeste,Eletrônicos,2025-05-14 00:35:28,2025-05-15 00:35:28,Standard,4
1347,2025-04-08 08:09:08,3086.78,3237.0,0.0566,32.99,Boleto,Confirmado,RJ,Sudeste,Eletrônicos,2025-04-22 03:31:15,2025-04-23 03:31:15,Scheduled,3
1348,2025-04-09 21:39:22,909.81,899.0,0.0357,42.9,Credito,Em Analise,ES,Sudeste,Eletrônicos,2025-04-24 13:39:21,2025-04-29 13:39:21,Same-Day,1
1349,2025-03-11 08:03:50,145.79,129.86,0.1314,32.99,Credito,Cancelado,SE,Nordeste,Eletrônicos,2025-05-09 08:16:24,2025-05-13 08:16:24,Scheduled,1
1350,2025-03-01 01:28:01,65.15,35.8,0.1018,32.99,PIX,Em Analise,PR,Sul,Eletrônicos,2025-04-24 07:16:34,2025-04-24 07:16:34,Scheduled,2
1351,2025-02-19 23:08:06,2993.16,3079.6,0.042,42.9,Credito,Cancelado,PB,Nordeste,Eletrônicos,2025-05-15 15:29:22,2025-05-16 15:29:22,Same-Day,4
1352,2025-03-18 18:49:56,67.49,35.8,0.0363,32.99,Boleto,Cancelado,PR,Sul,Eletrônicos,2025-04-17 03:56:08,2025-04-21 03:56:08,Scheduled,2
1353,2025-02-26 15:34:37,184.16,161.7,0.0027,22.9,Boleto,Processando,PI,Nordeste,Eletrônicos,2025-05-11 18:54:00,2025-05-16 18:54:00,Standard,3
1354,2025-03-03 13:38:21,3795.27,3958.2,0.052,42.9,PIX,Confirmado,PR,Sul,Eletrônicos,2025-05-07 01:21:28,2025-05-08 01:21:28,Same-Day,2
1355,2025-03-31 06:57:24,195.78,165.99,0.079,42.9,Boleto,Processando,TO,Norte,Eletrônicos,2025-05-08 15:12:51,2025-05-11 15:12:51,Same-Day,1
1356,2025-04-22 05:04:04,392.09,374.73,0.0417,32.99,Boleto,Em Analise,SC,Sul,Eletrônicos,2025-04-25 19:21:52,2025-04-27 19:21:52,Scheduled,3
1357,2025-03-26 07:11:16,132.21,99.8,0.1051,42.9,Boleto,Confirmado,SE,Nordeste,Eletrônicos,2025-05-06 08:52:28,2025-05-08 08:52:28,Same-Day,2
1358,2025-03-26 19:52:38,689.35,699.6,0.0618,32.99,Debito,Em Analise,RO,Norte,Eletrônicos,2025-05-06 17:15:34,2025-05-10 17:15:34,Scheduled,4
1359,2025-04-07 01:18:01,3116.56,3237.0,0.0474,32.99,Debito,Em Analise,SC,Sul,Eletrônicos,2025-05-05 16:30:57,2025-05-10 16:30:57,Scheduled,3
1360,2025-04-04 16:47:51,79.3,53.9,0.1409,32.99,Credito,Processando,MA,Nordeste,Eletrônicos,2025-05-12 18:31:22,2025-05-15 18:31:22,Scheduled,1
1361,2025-02-27 16:39:13,182.35,165.99,0.0394,22.9,Debito,Cancelado,SC,Sul,Eletrônicos,2025-04-24 09:37:55,2025-04-29 09:37:55,Standard,1
1362,2025-04-18 18:34:37,829.66,857.98,0.0597,22.9,Credito,Em Analise,SP,Sudeste,Eletrônicos,2025-04-27 02:09:50,2025-05-02 02:09:50,Standard,2
1363,2025-04-08 14:41:57,211.06,199.6,0.0573,22.9,Credito,Confirmado,PE,Nordeste,Eletrônicos,2025-04-29 03:50:45,2025-04-30 03:50:45,Standard,4
1364,2025-05-03 10:06:12,1062.84,1079.0,0.0362,22.9,Debito,Em Analise,RJ,Sudeste,Eletrônicos,2025-04-29 20:00:01,2025-05-04 20:00:01,Standard,1
1365,2025-03-29 21:10:23,545.41,519.44,0.0326,42.9,Debito,Cancelado,MA,Nordeste,Eletrônicos,2025-04-27 02:23:12,2025-04-30 02:23:12,Same-Day,4
1366,2025-03-16 18:45:04,4427.97,4604.0,0.0454,32.99,PIX,Cancelado,RJ,Sudeste,Eletrônicos,2025-04-27 02:04:42,2025-05-02 02:04:42,Scheduled,1
1367,2025-03-21 15:01:54,213.34,207.2,0.1296,32.99,Credito,Confirmado,PB,Nordeste,Eletrônicos,2025-04-20 02:51:03,2025-04-23 02:51:03,Scheduled,4
1368,2025-05-12 14:40:33,620.53,663.96,0.1151,32.99,Debito,Processando,RJ,Sudeste,Eletrônicos,2025-05-12 06:27:14,2025-05-12 06:27:14,Scheduled,4
1369,2025-02-27 18:40:44,3451.33,3796.0,0.1021,42.9,Debito,Em Analise,PI,Nordeste,Eletrônicos,2025-05-06 11:02:15,2025-05-06 11:02:15,Same-Day,4
1370,2025-02-19 12:55:29,92.92,53.7,0.0686,42.9,Boleto,Confirmado,SP,Sudeste,Eletrônicos,2025-04-13 22:10:12,2025-04-17 22:10:12,Same-Day,3
1371,2025-03-20 09:30:15,1608.1,1715.96,0.0762,22.9,Credito,Em Analise,SC,Sul,Eletrônicos,2025-05-01 08:59:53,2025-05-06 08:59:53,Standard,4
1372,2025-02-26 20:13:28,1766.88,1796.0,0.0401,42.9,Credito,Confirmado,SP,Sudeste,Eletrônicos,2025-05-08 01:57:32,2025-05-11 01:57:32,Same-Day,4
1373,2025-02-17 16:44:57,171.32,129.86,0.0111,42.9,Debito,Cancelado,AC,Norte,Eletrônicos,2025-04-14 03:46:28,2025-04-18 03:46:28,Same-Day,1
1374,2025-04-19 17:05:33,1729.64,1796.0,0.0497,22.9,Boleto,Confirmado,BA,Nordeste,Eletrônicos,2025-04-29 14:28:50,2025-04-29 14:28:50,Standard,4
1375,2025-03-08 00:33:32,8546.75,9208.0,0.0743,22.9,PIX,Confirmado,PE,Nordeste,Eletrônicos,2025-05-10 07:46:58,2025-05-14 07:46:58,Standard,2
1376,2025-03-07 22:43:45,18280.52,18416.0,0.0086,22.9,Boleto,Em Analise,RJ,Sudeste,Eletrônicos,2025-04-15 20:53:55,2025-04-18 20:53:55,Standard,4
1377,2025-03-19 03:58:32,186.34,155.4,0.0132,32.99,Debito,Em Analise,RR,Norte,Eletrônicos,2025-05-08 18:08:31,2025-05-09 18:08:31,Scheduled,3
1378,2025-04-28 20:44:57,5725.68,5937.3,0.0395,22.9,Credito,Em Analise,BA,Nordeste,Eletrônicos,2025-05-05 11:55:33,2025-05-07 11:55:33,Standard,3
1379,2025-04-28 17:47:36,515.01,499.64,0.0551,42.9,PIX,Confirmado,PR,Sul,Eletrônicos,2025-04-21 06:21:47,2025-04-21 06:21:47,Same-Day,4
1380,2025-03-17 02:35:29,11513.15,12199.96,0.059,32.99,Boleto,Processando,RN,Nordeste,Eletrônicos,2025-04-21 11:36:07,2025-04-24 11:36:07,Scheduled,4
1381,2025-02-21 02:20:51,6025.0,6099.98,0.0177,32.99,Boleto,Cancelado,ES,Sudeste,Eletrônicos,2025-04-26 16:40:52,2025-04-27 16:40:52,Scheduled,2
1382,2025-03-02 16:40:37,1085.32,1079.0,0.0339,42.9,Boleto,Em Analise,RS,Sul,Eletrônicos,2025-04-24 09:23:15,2025-04-29 09:23:15,Same-Day,1
1383,2025-03-05 10:19:45,1748.5,1796.0,0.0392,22.9,Debito,Cancelado,AC,Norte,Eletrônicos,2025-05-09 23:42:10,2025-05-11 23:42:10,Standard,4
1384,2025-04-08 19:46:51,1306.96,1286.97,0.0101,32.99,Debito,Confirmado,SE,Nordeste,Eletrônicos,2025-04-26 21:28:50,2025-04-30 21:28:50,Scheduled,3
1385,2025-03-09 01:31:30,4127.85,4316.0,0.0489,22.9,Boleto,Cancelado,MG,Sudeste,Eletrônicos,2025-05-04 23:27:35,2025-05-06 23:27:35,Standard,4
1386,2025-02-21 20:44:29,3059.95,3049.99,0.0108,42.9,Debito,Processando,SP,Sudeste,Eletrônicos,2025-05-10 17:45:58,2025-05-13 17:45:58,Same-Day,1
1387,2025-03-18 08:07:16,8269.55,9208.0,0.1055,32.99,Debito,Confirmado,AP,Norte,Eletrônicos,2025-05-09 03:34:27,2025-05-11 03:34:27,Scheduled,2
1388,2025-04-23 17:09:40,1039.43,1079.0,0.0579,22.9,Credito,Cancelado,PA,Norte,Eletrônicos,2025-04-19 09:09:15,2025-04-21 09:09:15,Standard,1
1389,2025-04-23 08:54:26,698.31,699.6,0.049,32.99,Debito,Confirmado,RS,Sul,Eletrônicos,2025-04-29 22:08:12,2025-05-01 22:08:12,Scheduled,4
1390,2025-04-15 22:58:28,120.8,99.8,0.019,22.9,PIX,Cancelado,MG,Sudeste,Eletrônicos,2025-05-03 07:37:04,2025-05-06 07:37:04,Standard,2
1391,2025-03-24 22:58:49,5236.43,5397.03,0.034,22.9,PIX,Confirmado,ES,Sudeste,Eletrônicos,2025-04-22 23:23:52,2025-04-22 23:23:52,Standard,3
1392,2025-03-20 20:14:04,2102.16,2144.0,0.0349,32.99,PIX,Em Analise,SC,Sul,Eletrônicos,2025-05-10 07:36:20,2025-05-10 07:36:20,Scheduled,2
1393,2025-03-18 17:36:01,465.57,519.44,0.1478,22.9,Credito,Em Analise,AP,Norte,Eletrônicos,2025-04-20 23:06:30,2025-04-21 23:06:30,Standard,4
1394,2025-03-03 07:44:38,70.05,53.9,0.1253,22.9,Credito,Em Analise,TO,Norte,Eletrônicos,2025-05-09 15:03:52,2025-05-12 15:03:52,Standard,1
1395,2025-04-14 13:07:46,2337.38,2309.7,0.0023,32.99,Credito,Confirmado,SP,Sudeste,Eletrônicos,2025-04-18 13:30:19,2025-04-20 13:30:19,Scheduled,3
1396,2025-03-30 09:49:51,3949.76,4316.0,0.0925,32.99,PIX,Processando,ES,Sudeste,Eletrônicos,2025-04-20 02:20:02,2025-04-21 02:20:02,Scheduled,4
1397,2025-04-23 15:00:01,2084.57,2144.0,0.0384,22.9,Credito,Em Analise,MA,Nordeste,Eletrônicos,2025-04-19 15:49:44,2025-04-22 15:49:44,Standard,2
1398,2025-05-15 18:07:43,445.15,428.99,0.0157,22.9,PIX,Em Analise,TO,Norte,Eletrônicos,2025-04-21 22:09:11,2025-04-22 22:09:11,Standard,1
1399,2025-05-01 02:52:42,1247.39,1347.0,0.1058,42.9,PIX,Confirmado,RN,Nordeste,Eletrônicos,2025-04-15 18:20:57,2025-04-18 18:20:57,Same-Day,3
1400,2025-04-12 14:33:40,287.59,259.72,0.0197,32.99,PIX,Processando,PR,Sul,Eletrônicos,2025-05-12 08:07:27,2025-05-17 08:07:27,Scheduled,2
1401,2025-03-01 09:18:22,2582.4,2742.13,0.0666,22.9,Boleto,Confirmado,PB,Nordeste,Eletrônicos,2025-05-16 03:01:37,2025-05-17 03:01:37,Standard,1
1402,2025-02-24 06:36:17,39.1,17.9,0.0948,22.9,PIX,Em Analise,RJ,Sudeste,Eletrônicos,2025-05-04 08:29:31,2025-05-05 08:29:31,Standard,1
1403,2025-04-18 05:33:59,16916.78,18416.0,0.0832,32.99,PIX,Processando,SE,Nordeste,Eletrônicos,2025-05-10 11:37:50,2025-05-15 11:37:50,Scheduled,4
1404,2025-04-10 18:58:32,355.37,389.58,0.1466,22.9,Credito,Em Analise,AC,Norte,Eletrônicos,2025-04-19 22:46:48,2025-04-20 22:46:48,Standard,3
1405,2025-04-10 18:19:13,984.78,1079.0,0.1179,32.99,Credito,Em Analise,PR,Sul,Eletrônicos,2025-04-16 06:10:37,2025-04-21 06:10:37,Scheduled,1
1406,2025-02-20 21:04:36,12231.33,13812.0,0.1161,22.9,PIX,Em Analise,BA,Nordeste,Eletrônicos,2025-05-09 15:45:05,2025-05-12 15:45:05,Standard,3
1407,2025-05-13 22:59:52,2596.15,2697.0,0.0533,42.9,Boleto,Processando,PR,Sul,Eletrônicos,2025-04-15 00:09:52,2025-04-18 00:09:52,Same-Day,3
1408,2025-02-24 10:48:39,162.68,129.86,0.0013,32.99,Credito,Em Analise,RJ,Sudeste,Eletrônicos,2025-04-27 18:43:19,2025-04-30 18:43:19,Scheduled,1
1409,2025-03-29 14:01:12,8164.54,9149.97,0.1102,22.9,PIX,Cancelado,SP,Sudeste,Eletrônicos,2025-05-04 15:17:28,2025-05-04 15:17:28,Standard,3
1410,2025-04-19 13:01:25,320.23,349.8,0.15,22.9,Debito,Processando,AM,Norte,Eletrônicos,2025-05-09 16:06:04,2025-05-10 16:06:04,Standard,2
1411,2025-04-07 10:35:34,235.46,215.6,0.0609,32.99,Boleto,Processando,ES,Sudeste,Eletrônicos,2025-05-08 13:39:11,2025-05-12 13:39:11,Scheduled,4
1412,2025-05-07 06:51:55,4716.59,5484.26,0.1478,42.9,Boleto,Processando,BA,Nordeste,Eletrônicos,2025-05-08 22:12:46,2025-05-09 22:12:46,Same-Day,2
1413,2025-04-17 12:51:51,2303.4,2309.7,0.0213,42.9,Boleto,Confirmado,PB,Nordeste,Eletrônicos,2025-04-26 15:58:46,2025-04-28 15:58:46,Same-Day,3
1414,2025-04-20 11:01:11,2104.87,2158.0,0.0445,42.9,PIX,Cancelado,AP,Norte,Eletrônicos,2025-05-05 10:26:06,2025-05-10 10:26:06,Same-Day,2
1415,2025-04-09 10:00:43,8048.78,8226.39,0.0256,32.99,Credito,Em Analise,SC,Sul,Eletrônicos,2025-05-03 20:03:40,2025-05-06 20:03:40,Scheduled,3
1416,2025-04-11 05:25:09,394.79,389.58,0.0713,32.99,PIX,Processando,BA,Nordeste,Eletrônicos,2025-04-28 14:38:40,2025-05-01 14:38:40,Scheduled,3
1417,2025-04-15 12:55:48,362.94,374.73,0.1195,32.99,Credito,Confirmado,ES,Sudeste,Eletrônicos,2025-04-28 04:37:11,2025-04-29 04:37:11,Scheduled,3
1418,2025-03-28 16:22:25,13149.11,13812.0,0.0511,42.9,Credito,Processando,AC,Norte,Eletrônicos,2025-05-02 17:41:53,2025-05-06 17:41:53,Same-Day,3
1419,2025-05-06 18:58:37,4686.47,5397.03,0.1359,22.9,PIX,Em Analise,ES,Sudeste,Eletrônicos,2025-04-15 12:43:00,2025-04-17 12:43:00,Standard,3
1420,2025-02-16 19:07:45,10105.38,10968.52,0.0817,32.99,Credito,Processando,PE,Nordeste,Eletrônicos,2025-04-28 08:07:15,2025-05-03 08:07:15,Scheduled,4
1421,2025-04-15 13:28:27,91.08,51.8,0.0698,42.9,Debito,Processando,RS,Sul,Eletrônicos,2025-05-02 17:59:28,2025-05-05 17:59:28,Same-Day,1
1422,2025-03-07 02:38:28,12213.79,13812.0,0.1181,32.99,Credito,Cancelado,RS,Sul,Eletrônicos,2025-04-13 19:38:29,2025-04-18 19:38:29,Scheduled,3
1423,2025-04-28 01:18:45,170.79,129.86,0.0152,42.9,Debito,Cancelado,SC,Sul,Eletrônicos,2025-04-12 23:28:53,2025-04-17 23:28:53,Same-Day,1
1424,2025-02-18 05:46:01,464.53,499.64,0.1161,22.9,Debito,Processando,RR,Norte,Eletrônicos,2025-04-22 09:34:19,2025-04-26 09:34:19,Standard,4
1425,2025-04-15 06:00:35,3837.02,3958.2,0.0364,22.9,Boleto,Confirmado,TO,Norte,Eletrônicos,2025-05-14 03:32:41,2025-05-14 03:32:41,Standard,2
1426,2025-02-23 10:35:56,3133.71,3237.0,0.0421,32.99,Debito,Processando,RR,Norte,Eletrônicos,2025-04-27 15:30:51,2025-04-27 15:30:51,Scheduled,3
1427,2025-02-28 13:42:17,1824.08,1979.1,0.0899,22.9,PIX,Confirmado,ES,Sudeste,Eletrônicos,2025-04-28 23:37:19,2025-04-29 23:37:19,Standard,1
1428,2025-04-07 22:41:33,166.43,165.99,0.1353,22.9,Debito,Processando,ES,Sudeste,Eletrônicos,2025-05-06 18:54:38,2025-05-10 18:54:38,Standard,1
1429,2025-03-04 16:51:01,8431.65,9208.0,0.0868,22.9,PIX,Em Analise,RS,Sul,Eletrônicos,2025-04-18 05:51:49,2025-04-18 05:51:49,Standard,2
1430,2025-03-27 09:41:41,807.49,857.98,0.0973,32.99,PIX,Cancelado,PA,Norte,Eletrônicos,2025-04-19 06:03:45,2025-04-23 06:03:45,Scheduled,2
1431,2025-05-08 20:10:11,2884.24,3216.0,0.1165,42.9,Debito,Em Analise,MA,Nordeste,Eletrônicos,2025-04-25 08:21:40,2025-04-30 08:21:40,Same-Day,3
1432,2025-05-02 21:23:56,5209.99,5397.03,0.0389,22.9,Boleto,Em Analise,MG,Sudeste,Eletrônicos,2025-04-25 12:40:02,2025-04-27 12:40:02,Standard,3
1433,2025-05-11 16:16:11,1160.25,1286.97,0.1241,32.99,Boleto,Em Analise,ES,Sudeste,Eletrônicos,2025-05-14 09:40:54,2025-05-14 09:40:54,Scheduled,3
1434,2025-04-10 21:45:46,188.56,155.4,0.0627,42.9,PIX,Confirmado,CE,Nordeste,Eletrônicos,2025-05-02 13:06:04,2025-05-02 13:06:04,Same-Day,3
1435,2025-02-27 02:26:45,3877.0,3958.2,0.0263,22.9,Debito,Em Analise,RO,Norte,Eletrônicos,2025-04-28 15:59:37,2025-04-30 15:59:37,Standard,2
1436,2025-03-25 11:22:10,2922.86,3049.99,0.0525,32.99,Debito,Confirmado,SC,Sul,Eletrônicos,2025-05-04 01:50:13,2025-05-06 01:50:13,Scheduled,1
1437,2025-03-21 11:27:51,1675.54,1715.96,0.0369,22.9,Boleto,Confirmado,AM,Norte,Eletrônicos,2025-04-27 19:33:55,2025-04-29 19:33:55,Standard,4
1438,2025-05-02 16:51:18,360.7,349.8,0.0343,22.9,Boleto,Confirmado,MG,Sudeste,Eletrônicos,2025-05-14 03:44:16,2025-05-14 03:44:16,Standard,2
1439,2025-05-16 04:53:57,126.13,107.8,0.0424,22.9,Boleto,Confirmado,MA,Nordeste,Eletrônicos,2025-05-02 14:38:11,2025-05-07 14:38:11,Standard,2
1440,2025-05-02 02:03:08,149.24,129.86,0.0271,22.9,Boleto,Confirmado,PE,Nordeste,Eletrônicos,2025-04-21 12:18:19,2025-04-23 12:18:19,Standard,1
1441,2025-03-26 05:27:24,997.58,1072.0,0.1002,32.99,Credito,Processando,AP,Norte,Eletrônicos,2025-04-14 07:07:47,2025-04-18 07:07:47,Scheduled,1
1442,2025-03-05 23:20:30,78.55,49.9,0.087,32.99,Credito,Em Analise,TO,Norte,Eletrônicos,2025-05-13 02:12:53,2025-05-14 02:12:53,Scheduled,1
1443,2025-03-21 22:35:00,8292.67,9149.97,0.0973,32.99,Debito,Cancelado,SC,Sul,Eletrônicos,2025-04-24 21:09:45,2025-04-26 21:09:45,Scheduled,3
1444,2025-03-11 10:57:41,2633.63,2742.13,0.0516,32.99,Boleto,Cancelado,AM,Norte,Eletrônicos,2025-04-27 16:24:16,2025-04-27 16:24:16,Scheduled,1
1445,2025-04-05 20:35:21,336.54,331.98,0.1155,42.9,Debito,Cancelado,ES,Sudeste,Eletrônicos,2025-04-23 13:45:37,2025-04-23 13:45:37,Same-Day,2
1446,2025-04-20 18:07:45,1894.17,1898.0,0.0194,32.99,Boleto,Cancelado,RS,Sul,Eletrônicos,2025-05-11 05:56:32,2025-05-13 05:56:32,Scheduled,2
1447,2025-03-10 16:26:29,499.72,499.64,0.0857,42.9,Boleto,Processando,PB,Nordeste,Eletrônicos,2025-04-13 23:02:43,2025-04-17 23:02:43,Same-Day,4
1448,2025-02-22 07:34:49,5197.03,5397.03,0.0413,22.9,Credito,Cancelado,ES,Sudeste,Eletrônicos,2025-04-14 20:59:13,2025-04-19 20:59:13,Standard,3
1449,2025-02-27 01:59:07,417.96,428.99,0.0791,22.9,Boleto,Em Analise,SP,Sudeste,Eletrônicos,2025-04-26 13:16:46,2025-04-30 13:16:46,Standard,1
1450,2025-04-15 23:22:50,146.46,129.86,0.0485,22.9,Credito,Confirmado,RJ,Sudeste,Eletrônicos,2025-05-11 01:53:53,2025-05-11 01:53:53,Standard,1
1451,2025-03-25 23:53:46,5419.42,6099.98,0.1186,42.9,Boleto,Processando,PI,Nordeste,Eletrônicos,2025-05-08 01:59:30,2025-05-13 01:59:30,Same-Day,2
1452,2025-05-02 07:30:54,3761.85,4316.0,0.1337,22.9,Boleto,Confirmado,PR,Sul,Eletrônicos,2025-05-09 14:57:19,2025-05-13 14:57:19,Standard,4
1453,2025-05-13 08:51:54,3858.1,4316.0,0.1114,22.9,PIX,Cancelado,MG,Sudeste,Eletrônicos,2025-05-05 02:51:17,2025-05-10 02:51:17,Standard,4
1454,2025-04-01 03:33:36,3877.0,3958.2,0.0263,22.9,Credito,Processando,RS,Sul,Eletrônicos,2025-04-18 20:01:34,2025-04-18 20:01:34,Standard,2
1455,2025-03-08 17:36:13,8861.62,9208.0,0.0412,32.99,Credito,Processando,PI,Nordeste,Eletrônicos,2025-04-29 03:41:21,2025-05-04 03:41:21,Scheduled,2
1456,2025-02-22 22:31:32,2477.3,2847.0,0.1379,22.9,PIX,Em Analise,RS,Sul,Eletrônicos,2025-05-09 20:45:37,2025-05-13 20:45:37,Standard,3
1457,2025-03-05 00:32:57,209.41,199.6,0.0656,22.9,Boleto,Cancelado,SP,Sudeste,Eletrônicos,2025-04-23 08:25:05,2025-04-24 08:25:05,Standard,4
1458,2025-03-15 10:32:52,63.74,35.8,0.1412,32.99,Credito,Confirmado,AP,Norte,Eletrônicos,2025-04-18 15:15:43,2025-04-22 15:15:43,Scheduled,2
1459,2025-05-12 05:10:39,3767.96,3958.2,0.0589,42.9,Debito,Processando,TO,Norte,Eletrônicos,2025-05-02 01:18:20,2025-05-04 01:18:20,Same-Day,2
1460,2025-04-01 21:16:24,3425.96,3958.2,0.1428,32.99,PIX,Cancelado,PB,Nordeste,Eletrônicos,2025-05-03 16:42:53,2025-05-08 16:42:53,Scheduled,2
1461,2025-02-27 18:37:26,172.23,161.7,0.1389,32.99,Boleto,Processando,RR,Norte,Eletrônicos,2025-05-12 11:05:14,2025-05-12 11:05:14,Scheduled,3
1462,2025-03-21 06:15:48,4973.76,5484.26,0.0991,32.99,Debito,Confirmado,TO,Norte,Eletrônicos,2025-05-04 12:21:41,2025-05-08 12:21:41,Scheduled,2
1463,2025-03-28 00:03:18,3068.93,3049.99,0.0013,22.9,Credito,Processando,TO,Norte,Eletrônicos,2025-05-07 13:31:00,2025-05-11 13:31:00,Standard,1
1464,2025-05-05 00:58:57,7774.88,8226.39,0.0601,42.9,Boleto,Cancelado,SC,Sul,Eletrônicos,2025-05-08 07:37:38,2025-05-09 07:37:38,Same-Day,3
1465,2025-04-16 00:09:02,9492.02,10968.52,0.1367,22.9,Boleto,Cancelado,RO,Norte,Eletrônicos,2025-05-08 21:34:12,2025-05-12 21:34:12,Standard,4
1466,2025-03-13 16:52:04,222.58,207.2,0.1328,42.9,Credito,Cancelado,SC,Sul,Eletrônicos,2025-05-15 11:48:12,2025-05-16 11:48:12,Same-Day,4
1467,2025-03-28 09:58:48,3722.32,3796.0,0.0281,32.99,PIX,Confirmado,SP,Sudeste,Eletrônicos,2025-05-03 10:38:40,2025-05-08 10:38:40,Scheduled,4
1468,2025-04-21 09:07:29,1232.78,1286.97,0.0599,22.9,PIX,Em Analise,MG,Sudeste,Eletrônicos,2025-04-24 17:29:25,2025-04-27 17:29:25,Standard,3
1469,2025-03-05 05:31:12,478.47,497.97,0.1253,42.9,Debito,Cancelado,PA,Norte,Eletrônicos,2025-04-25 00:05:43,2025-04-28 00:05:43,Same-Day,3
1470,2025-03-15 12:01:24,1021.96,1072.0,0.0867,42.9,Debito,Processando,RR,Norte,Eletrônicos,2025-04-24 03:52:03,2025-04-26 03:52:03,Same-Day,1
1471,2025-04-12 00:02:25,1590.63,1796.0,0.1271,22.9,Credito,Cancelado,MA,Nordeste,Eletrônicos,2025-05-05 15:51:55,2025-05-05 15:51:55,Standard,4
1472,2025-02-20 07:27:24,86.61,49.9,0.124,42.9,Credito,Cancelado,MA,Nordeste,Eletrônicos,2025-04-18 15:53:09,2025-04-19 15:53:09,Same-Day,1
1473,2025-02-24 05:56:58,491.64,519.44,0.1361,42.9,Boleto,Em Analise,SE,Nordeste,Eletrônicos,2025-05-12 03:52:27,2025-05-15 03:52:27,Same-Day,4
1474,2025-04-10 18:42:37,3565.7,3596.0,0.0176,32.99,Debito,Processando,AP,Norte,Eletrônicos,2025-04-24 21:48:51,2025-04-25 21:48:51,Scheduled,4
1475,2025-04-16 23:12:04,9050.17,9208.0,0.0218,42.9,Debito,Confirmado,CE,Nordeste,Eletrônicos,2025-05-08 13:02:38,2025-05-10 13:02:38,Same-Day,2
1476,2025-03-23 06:25:00,870.24,857.98,0.0124,22.9,Boleto,Em Analise,MG,Sudeste,Eletrônicos,2025-04-30 14:20:13,2025-05-01 14:20:13,Standard,2
1477,2025-03-17 10:13:20,4682.73,5397.03,0.1403,42.9,Credito,Confirmado,PI,Nordeste,Eletrônicos,2025-04-19 16:18:54,2025-04-20 16:18:54,Same-Day,3
1478,2025-04-18 00:54:21,1693.64,1799.01,0.0713,22.9,Debito,Confirmado,RS,Sul,Eletrônicos,2025-04-20 06:20:19,2025-04-25 06:20:19,Standard,1
1479,2025-04-07 09:51:03,84.29,51.8,0.0096,32.99,Credito,Confirmado,RR,Norte,Eletrônicos,2025-05-06 14:08:03,2025-05-07 14:08:03,Scheduled,1
1480,2025-03-05 16:09:10,7557.73,7916.4,0.0482,22.9,Boleto,Em Analise,RR,Norte,Eletrônicos,2025-04-22 13:59:15,2025-04-27 13:59:15,Standard,4
1481,2025-03-27 01:27:17,71.97,51.8,0.0527,22.9,PIX,Cancelado,RJ,Sudeste,Eletrônicos,2025-05-01 07:44:13,2025-05-05 07:44:13,Standard,1
1482,2025-04-29 15:09:29,460.42,497.97,0.1214,22.9,Debito,Cancelado,RN,Nordeste,Eletrônicos,2025-04-16 13:46:43,2025-04-21 13:46:43,Standard,3
1483,2025-03-25 23:31:23,234.72,215.6,0.1103,42.9,Credito,Processando,ES,Sudeste,Eletrônicos,2025-05-09 16:03:11,2025-05-13 16:03:11,Same-Day,4
1484,2025-04-23 11:59:30,10971.47,12199.96,0.1034,32.99,Debito,Processando,SP,Sudeste,Eletrônicos,2025-05-16 05:27:21,2025-05-16 05:27:21,Scheduled,4
1485,2025-03-04 21:42:04,1325.62,1286.97,0.0033,42.9,Debito,Cancelado,RS,Sul,Eletrônicos,2025-04-28 00:49:52,2025-04-29 00:49:52,Same-Day,3
1486,2025-05-14 14:21:06,472.85,497.97,0.1366,42.9,Debito,Confirmado,RS,Sul,Eletrônicos,2025-04-19 01:43:38,2025-04-21 01:43:38,Same-Day,3
1487,2025-05-05 04:10:15,457.4,449.0,0.0323,22.9,Debito,Processando,RO,Norte,Eletrônicos,2025-05-01 22:48:02,2025-05-06 22:48:02,Standard,1
1488,2025-04-18 15:23:43,2611.23,2847.0,0.0944,32.99,Credito,Confirmado,PR,Sul,Eletrônicos,2025-05-06 12:31:01,2025-05-07 12:31:01,Scheduled,3
1489,2025-03-27 10:34:14,146.65,124.91,0.0093,22.9,Credito,Processando,RO,Norte,Eletrônicos,2025-05-03 06:39:52,2025-05-05 06:39:52,Standard,1
1490,2025-04-28 19:58:51,733.96,699.6,0.0122,42.9,Credito,Cancelado,MA,Nordeste,Eletrônicos,2025-05-07 05:07:38,2025-05-12 05:07:38,Same-Day,4
1491,2025-04-01 19:18:15,142.56,99.8,0.0014,42.9,Boleto,Em Analise,PI,Nordeste,Eletrônicos,2025-04-24 08:55:51,2025-04-29 08:55:51,Same-Day,2
1492,2025-04-16 01:48:42,185.11,155.4,0.0849,42.9,Debito,Em Analise,RR,Norte,Eletrônicos,2025-05-13 07:49:28,2025-05-15 07:49:28,Same-Day,3
1493,2025-03-16 07:47:24,4999.54,5484.26,0.0944,32.99,Boleto,Processando,RS,Sul,Eletrônicos,2025-04-23 02:28:38,2025-04-24 02:28:38,Scheduled,2
1494,2025-04-28 23:50:58,50.75,17.9,0.0076,32.99,Debito,Em Analise,SC,Sul,Eletrônicos,2025-05-14 10:43:06,2025-05-15 10:43:06,Scheduled,1
1495,2025-04-04 00:50:23,500.76,499.64,0.0436,22.9,Boleto,Cancelado,PR,Sul,Eletrônicos,2025-04-30 06:10:30,2025-05-03 06:10:30,Standard,4
1496,2025-03-09 18:28:14,1913.11,2144.0,0.1277,42.9,Debito,Em Analise,RN,Nordeste,Eletrônicos,2025-05-11 06:07:49,2025-05-16 06:07:49,Same-Day,2
1497,2025-04-21 13:43:00,377.47,349.8,0.0152,32.99,Boleto,Cancelado,BA,Nordeste,Eletrônicos,2025-04-28 11:07:33,2025-04-29 11:07:33,Scheduled,2
1498,2025-04-21 01:55:44,143.75,124.91,0.0325,22.9,Credito,Confirmado,MA,Nordeste,Eletrônicos,2025-05-12 19:34:30,2025-05-15 19:34:30,Standard,1
1499,2025-05-05 12:36:18,1043.26,1079.0,0.0637,32.99,Credito,Confirmado,RO,Norte,Eletrônicos,2025-04-17 15:14:07,2025-04-18 15:14:07,Scheduled,1
1500,2025-03-02 01:59:22,363.28,389.58,0.1263,22.9,PIX,Cancelado,AP,Norte,Eletrônicos,2025-05-13 08:02:58,2025-05-17 08:02:58,Standard,3
1501,2025-03-05 13:52:04,7656.89,7916.4,0.0382,42.9,Credito,Processando,RN,Nordeste,Eletrônicos,2025-04-21 11:56:15,2025-04-22 11:56:15,Same-Day,4
1502,2025-05-11 21:42:39,404.73,449.0,0.1496,22.9,PIX,Confirmado,RR,Norte,Eletrônicos,2025-04-20 18:11:35,2025-04-22 18:11:35,Standard,1
1503,2025-03-24 23:54:25,5132.27,5397.03,0.0533,22.9,Debito,Cancelado,AP,Norte,Eletrônicos,2025-05-03 06:49:22,2025-05-06 06:49:22,Standard,3
1504,2025-04-17 15:41:12,218.08,207.2,0.058,22.9,Credito,Confirmado,RS,Sul,Eletrônicos,2025-05-02 05:49:18,2025-05-03 05:49:18,Standard,4
1505,2025-03-29 09:31:45,179.95,149.7,0.0183,32.99,Debito,Cancelado,RN,Nordeste,Eletrônicos,2025-05-11 06:00:45,2025-05-12 06:00:45,Scheduled,3
1506,2025-04-11 09:09:05,379.41,374.73,0.102,42.9,Debito,Processando,MA,Nordeste,Eletrônicos,2025-05-09 06:41:13,2025-05-12 06:41:13,Same-Day,3
1507,2025-02-23 00:56:31,3509.59,3598.02,0.0365,42.9,Credito,Em Analise,MG,Sudeste,Eletrônicos,2025-04-25 17:06:50,2025-04-29 17:06:50,Same-Day,2
1508,2025-02-22 09:54:06,59.11,17.9,0.0943,42.9,Debito,Em Analise,SC,Sul,Eletrônicos,2025-04-30 03:02:12,2025-04-30 03:02:12,Same-Day,1
1509,2025-02-26 07:38:51,1605.07,1626.57,0.0335,32.99,Credito,Confirmado,AP,Norte,Eletrônicos,2025-05-07 03:46:21,2025-05-10 03:46:21,Scheduled,1
1510,2025-05-07 13:43:02,1473.08,1539.8,0.0582,22.9,Credito,Cancelado,PR,Sul,Eletrônicos,2025-05-06 01:54:06,2025-05-06 01:54:06,Standard,2
1511,2025-05-02 02:50:04,6922.04,7916.4,0.1285,22.9,Boleto,Em Analise,AP,Norte,Eletrônicos,2025-05-06 12:33:15,2025-05-07 12:33:15,Standard,4
1512,2025-03-10 16:36:13,4126.87,4604.0,0.1108,32.99,Debito,Confirmado,PR,Sul,Eletrônicos,2025-04-19 08:31:15,2025-04-20 08:31:15,Scheduled,1
1513,2025-02-27 15:47:43,75.55,53.9,0.0232,22.9,Credito,Processando,AP,Norte,Eletrônicos,2025-04-18 03:04:47,2025-04-18 03:04:47,Standard,1
1514,2025-03-07 14:08:31,7237.32,7916.4,0.0912,42.9,Debito,Em Analise,TO,Norte,Eletrônicos,2025-04-21 19:20:01,2025-04-21 19:20:01,Same-Day,4
1515,2025-03-20 07:20:20,323.57,331.98,0.0943,22.9,PIX,Cancelado,AC,Norte,Eletrônicos,2025-04-30 13:30:25,2025-05-03 13:30:25,Standard,2
1516,2025-02-25 06:17:42,5432.57,5484.26,0.0136,22.9,PIX,Confirmado,BA,Nordeste,Eletrônicos,2025-04-18 14:32:48,2025-04-20 14:32:48,Standard,2
1517,2025-03-31 19:29:57,225.71,207.2,0.0699,32.99,Boleto,Processando,RS,Sul,Eletrônicos,2025-05-04 02:11:42,2025-05-05 02:11:42,Scheduled,4
1518,2025-03-08 06:05:54,1259.55,1286.97,0.0391,22.9,Boleto,Cancelado,PR,Sul,Eletrônicos,2025-04-17 06:37:22,2025-04-21 06:37:22,Standard,3
1519,2025-02-19 12:41:42,284.41,259.72,0.0701,42.9,Credito,Cancelado,RS,Sul,Eletrônicos,2025-05-04 20:08:48,2025-05-08 20:08:48,Same-Day,2
1520,2025-05-11 08:53:32,367.05,389.58,0.1166,22.9,Debito,Em Analise,PA,Norte,Eletrônicos,2025-05-02 22:55:31,2025-05-02 22:55:31,Standard,3
1521,2025-04-03 18:55:52,4229.27,4288.0,0.0237,42.9,Debito,Cancelado,SP,Sudeste,Eletrônicos,2025-05-14 05:06:28,2025-05-16 05:06:28,Same-Day,4
1522,2025-03-14 01:01:22,1905.79,1898.0,0.0185,42.9,Debito,Processando,AM,Norte,Eletrônicos,2025-04-19 16:58:24,2025-04-22 16:58:24,Same-Day,2
1523,2025-03-08 05:21:54,2080.28,2144.0,0.0404,22.9,Boleto,Confirmado,RS,Sul,Eletrônicos,2025-05-04 12:50:22,2025-05-05 12:50:22,Standard,2
1524,2025-05-10 06:24:53,2662.73,3079.6,0.1428,22.9,Credito,Processando,RR,Norte,Eletrônicos,2025-04-26 00:15:18,2025-04-29 00:15:18,Standard,4
1525,2025-04-20 07:17:43,4110.33,4604.0,0.1122,22.9,Debito,Em Analise,RO,Norte,Eletrônicos,2025-04-28 03:50:07,2025-04-30 03:50:07,Standard,1
1526,2025-04-29 18:30:37,13794.85,13812.0,0.0029,22.9,PIX,Em Analise,SC,Sul,Eletrônicos,2025-04-24 07:02:11,2025-04-29 07:02:11,Standard,3
1527,2025-04-18 15:15:36,1826.64,1898.0,0.0602,42.9,Debito,Cancelado,SP,Sudeste,Eletrônicos,2025-04-19 13:00:33,2025-04-24 13:00:33,Same-Day,2
1528,2025-02-24 09:34:19,4155.47,4288.0,0.0386,32.99,Debito,Processando,AP,Norte,Eletrônicos,2025-05-07 04:52:54,2025-05-08 04:52:54,Scheduled,4
1529,2025-03-12 20:14:59,4903.43,5397.03,0.0957,22.9,Debito,Cancelado,RJ,Sudeste,Eletrônicos,2025-04-29 07:12:34,2025-04-29 07:12:34,Standard,3
1530,2025-02-26 20:21:17,187.54,165.99,0.0689,32.99,PIX,Cancelado,SC,Sul,Eletrônicos,2025-05-13 03:21:19,2025-05-13 03:21:19,Scheduled,1
1531,2025-03-18 16:46:47,133.97,129.86,0.1447,22.9,Debito,Cancelado,SP,Sudeste,Eletrônicos,2025-04-26 15:49:44,2025-04-28 15:49:44,Standard,1
1532,2025-04-28 06:23:11,1059.74,1072.0,0.0328,22.9,Credito,Confirmado,SC,Sul,Eletrônicos,2025-04-26 01:41:44,2025-04-30 01:41:44,Standard,1
1533,2025-03-13 12:50:09,113.9,99.8,0.0882,22.9,PIX,Confirmado,PR,Sul,Eletrônicos,2025-05-12 04:53:51,2025-05-15 04:53:51,Standard,2
1534,2025-04-10 11:56:43,731.96,769.9,0.105,42.9,Debito,Em Analise,RS,Sul,Eletrônicos,2025-04-27 11:08:03,2025-04-28 11:08:03,Same-Day,1
1535,2025-03-06 17:27:49,398.78,428.99,0.1238,22.9,PIX,Processando,SP,Sudeste,Eletrônicos,2025-04-23 15:33:37,2025-04-28 15:33:37,Standard,1
1536,2025-03-26 20:14:22,1654.19,1715.96,0.061,42.9,Boleto,Em Analise,RR,Norte,Eletrônicos,2025-05-12 17:37:14,2025-05-14 17:37:14,Same-Day,4
1537,2025-05-09 18:30:52,179.79,174.9,0.103,22.9,PIX,Processando,SC,Sul,Eletrônicos,2025-05-14 13:20:00,2025-05-16 13:20:00,Standard,1
1538,2025-05-14 20:12:35,10512.35,10968.52,0.0455,42.9,Credito,Em Analise,AP,Norte,Eletrônicos,2025-04-17 04:24:20,2025-04-19 04:24:20,Same-Day,4
1539,2025-03-01 15:21:35,533.34,524.7,0.0653,42.9,Credito,Processando,RS,Sul,Eletrônicos,2025-05-06 22:01:29,2025-05-06 22:01:29,Same-Day,3
1540,2025-02-25 19:03:07,3735.02,4288.0,0.1343,22.9,PIX,Confirmado,AP,Norte,Eletrônicos,2025-04-20 10:05:22,2025-04-25 10:05:22,Standard,4
1541,2025-05-16 16:34:06,2384.37,2742.13,0.1425,32.99,Debito,Confirmado,TO,Norte,Eletrônicos,2025-05-12 23:29:31,2025-05-13 23:29:31,Scheduled,1
1542,2025-03-09 23:41:54,4848.22,5397.03,0.1078,32.99,PIX,Cancelado,SE,Nordeste,Eletrônicos,2025-04-21 04:26:47,2025-04-26 04:26:47,Scheduled,3
1543,2025-04-20 21:24:03,5116.62,5397.03,0.0562,22.9,Debito,Em Analise,PR,Sul,Eletrônicos,2025-04-29 12:04:24,2025-04-29 12:04:24,Standard,3
1544,2025-03-09 05:08:52,1923.19,2144.0,0.123,42.9,Boleto,Cancelado,MG,Sudeste,Eletrônicos,2025-04-21 22:22:05,2025-04-23 22:22:05,Same-Day,2
1545,2025-04-30 09:44:11,1814.89,1799.01,0.0039,22.9,PIX,Cancelado,RO,Norte,Eletrônicos,2025-04-23 02:18:49,2025-04-25 02:18:49,Standard,1
1546,2025-02-24 04:49:26,182.11,161.7,0.0154,22.9,Boleto,Processando,RS,Sul,Eletrônicos,2025-05-03 12:25:32,2025-05-06 12:25:32,Standard,3
1547,2025-03-27 01:54:35,1976.92,2158.0,0.0992,32.99,PIX,Processando,ES,Sudeste,Eletrônicos,2025-04-17 22:20:44,2025-04-20 22:20:44,Scheduled,2
1548,2025-04-15 23:50:00,271.89,249.82,0.0437,32.99,Boleto,Processando,RS,Sul,Eletrônicos,2025-04-24 17:48:29,2025-04-29 17:48:29,Scheduled,2
1549,2025-05-11 01:31:29,3743.01,4316.0,0.1427,42.9,PIX,Confirmado,PE,Nordeste,Eletrônicos,2025-04-12 13:52:42,2025-04-17 13:52:42,Same-Day,4
1550,2025-02-20 07:22:01,6748.32,7196.04,0.0654,22.9,Credito,Processando,TO,Norte,Eletrônicos,2025-05-04 00:44:25,2025-05-09 00:44:25,Standard,4
1551,2025-03-21 10:50:04,1808.76,1898.0,0.0644,32.99,PIX,Em Analise,MA,Nordeste,Eletrônicos,2025-05-13 20:30:06,2025-05-16 20:30:06,Scheduled,2
1552,2025-03-18 11:36:06,509.51,519.44,0.1017,42.9,PIX,Processando,MG,Sudeste,Eletrônicos,2025-05-08 00:46:05,2025-05-12 00:46:05,Same-Day,4
1553,2025-02-28 06:16:12,106.26,71.6,0.1151,42.9,Boleto,Em Analise,CE,Nordeste,Eletrônicos,2025-04-21 07:33:27,2025-04-25 07:33:27,Same-Day,4
1554,2025-05-03 01:56:47,431.39,428.99,0.0713,32.99,PIX,Processando,RS,Sul,Eletrônicos,2025-04-18 17:35:01,2025-04-18 17:35:01,Scheduled,1
1555,2025-04-24 08:19:03,4765.97,4879.71,0.0321,42.9,Credito,Processando,SC,Sul,Eletrônicos,2025-04-24 18:02:36,2025-04-28 18:02:36,Same-Day,3
1556,2025-03-16 23:15:08,185.84,161.7,0.116,42.9,Credito,Confirmado,RR,Norte,Eletrônicos,2025-05-16 16:48:58,2025-05-16 16:48:58,Same-Day,3
1557,2025-03-09 04:44:16,175.49,149.7,0.0481,32.99,Debito,Cancelado,RO,Norte,Eletrônicos,2025-05-16 20:54:17,2025-05-16 20:54:17,Scheduled,3
1558,2025-04-28 14:18:24,1774.6,1799.01,0.0263,22.9,Boleto,Em Analise,RJ,Sudeste,Eletrônicos,2025-05-08 22:27:38,2025-05-10 22:27:38,Standard,1
1559,2025-04-16 17:58:02,181.24,174.9,0.0947,22.9,Debito,Cancelado,PB,Nordeste,Eletrônicos,2025-05-05 08:41:50,2025-05-05 08:41:50,Standard,1
1560,2025-05-16 00:16:53,1302.46,1286.97,0.0136,32.99,PIX,Cancelado,SC,Sul,Eletrônicos,2025-05-09 20:17:32,2025-05-11 20:17:32,Scheduled,3
1561,2025-04-08 04:55:05,765.96,857.98,0.1457,32.99,PIX,Em Analise,MG,Sudeste,Eletrônicos,2025-04-26 14:43:42,2025-04-29 14:43:42,Scheduled,2
1562,2025-03-28 09:12:24,1760.78,1898.0,0.0949,42.9,Credito,Em Analise,RO,Norte,Eletrônicos,2025-04-27 13:35:49,2025-04-30 13:35:49,Same-Day,2
1563,2025-03-11 08:22:01,199.46,207.2,0.1479,22.9,Credito,Processando,RJ,Sudeste,Eletrônicos,2025-05-15 04:16:31,2025-05-16 04:16:31,Standard,4
1564,2025-03-03 11:23:35,1504.48,1539.8,0.0508,42.9,Boleto,Em Analise,RJ,Sudeste,Eletrônicos,2025-04-26 20:24:12,2025-04-27 20:24:12,Same-Day,2
1565,2025-02-21 07:08:57,219.91,207.2,0.1457,42.9,Debito,Em Analise,SC,Sul,Eletrônicos,2025-05-02 16:56:33,2025-05-07 16:56:33,Same-Day,4
1566,2025-04-22 19:54:18,2143.95,2158.0,0.0218,32.99,Debito,Processando,PI,Nordeste,Eletrônicos,2025-05-04 14:21:32,2025-05-09 14:21:32,Scheduled,2
1567,2025-05-02 04:33:11,2768.3,2742.13,0.0061,42.9,Boleto,Processando,SC,Sul,Eletrônicos,2025-04-15 08:42:25,2025-04-18 08:42:25,Same-Day,1
1568,2025-04-01 12:53:04,7183.68,7196.04,0.0049,22.9,Credito,Em Analise,PR,Sul,Eletrônicos,2025-04-21 20:35:43,2025-04-26 20:35:43,Standard,4
1569,2025-04-28 01:05:13,841.08,857.98,0.0697,42.9,Debito,Confirmado,PA,Norte,Eletrônicos,2025-05-09 19:27:41,2025-05-13 19:27:41,Same-Day,2
1570,2025-02-16 11:43:13,2164.02,2158.0,0.0125,32.99,Debito,Cancelado,PI,Nordeste,Eletrônicos,2025-05-10 09:51:52,2025-05-14 09:51:52,Scheduled,2
1571,2025-03-07 11:35:23,1607.07,1715.96,0.0768,22.9,Credito,Processando,ES,Sudeste,Eletrônicos,2025-05-13 08:40:32,2025-05-14 08:40:32,Standard,4
1572,2025-03-19 22:01:07,1733.58,1799.01,0.0491,22.9,Debito,Confirmado,PE,Nordeste,Eletrônicos,2025-04-20 22:42:55,2025-04-20 22:42:55,Standard,1
1573,2025-05-15 09:57:41,1245.14,1286.97,0.0503,22.9,Credito,Confirmado,SC,Sul,Eletrônicos,2025-05-13 22:20:01,2025-05-13 22:20:01,Standard,3
1574,2025-04-03 17:30:14,1962.58,2144.0,0.0953,22.9,Debito,Cancelado,RO,Norte,Eletrônicos,2025-05-11 22:37:22,2025-05-12 22:37:22,Standard,2
1575,2025-04-07 05:52:35,148.06,107.8,0.0245,42.9,PIX,Confirmado,RS,Sul,Eletrônicos,2025-04-27 04:34:02,2025-04-28 04:34:02,Same-Day,2
1576,2025-04-27 23:30:37,80.69,53.9,0.115,32.99,Boleto,Em Analise,PE,Nordeste,Eletrônicos,2025-04-23 15:26:36,2025-04-26 15:26:36,Scheduled,1
1577,2025-04-05 03:52:31,2843.74,3079.6,0.0873,32.99,Boleto,Cancelado,SE,Nordeste,Eletrônicos,2025-04-25 03:25:54,2025-04-30 03:25:54,Scheduled,4
1578,2025-04-07 23:10:19,2489.38,2847.0,0.1372,32.99,Credito,Processando,PB,Nordeste,Eletrônicos,2025-05-10 08:04:15,2025-05-10 08:04:15,Scheduled,3
1579,2025-02-19 22:03:08,336.72,331.98,0.0547,22.9,PIX,Em Analise,PB,Nordeste,Eletrônicos,2025-05-04 14:31:27,2025-05-09 14:31:27,Standard,2
1580,2025-03-17 20:04:07,7893.64,9208.0,0.1474,42.9,Boleto,Em Analise,PI,Nordeste,Eletrônicos,2025-04-21 01:04:09,2025-04-22 01:04:09,Same-Day,2
1581,2025-03-05 14:02:18,137.02,124.91,0.0864,22.9,Credito,Processando,AC,Norte,Eletrônicos,2025-05-09 01:05:12,2025-05-12 01:05:12,Standard,1
1582,2025-03-08 14:48:00,7906.53,9208.0,0.146,42.9,Debito,Processando,SC,Sul,Eletrônicos,2025-05-08 23:45:26,2025-05-11 23:45:26,Same-Day,2
1583,2025-03-13 20:09:18,3080.39,3049.99,0.0041,42.9,Debito,Confirmado,TO,Norte,Eletrônicos,2025-05-01 12:21:55,2025-05-05 12:21:55,Same-Day,1
1584,2025-05-02 22:55:28,90.74,53.7,0.1092,42.9,Boleto,Em Analise,RJ,Sudeste,Eletrônicos,2025-04-25 07:00:32,2025-04-26 07:00:32,Same-Day,3
1585,2025-03-24 02:09:08,5232.88,5937.3,0.1225,22.9,Credito,Confirmado,SP,Sudeste,Eletrônicos,2025-05-07 09:02:19,2025-05-09 09:02:19,Standard,3
1586,2025-03-15 09:05:41,9119.67,9149.97,0.008,42.9,Credito,Em Analise,SP,Sudeste,Eletrônicos,2025-04-16 20:58:02,2025-04-19 20:58:02,Same-Day,3
1587,2025-04-16 06:41:12,398.66,389.58,0.0868,42.9,Debito,Em Analise,BA,Nordeste,Eletrônicos,2025-04-27 10:18:24,2025-04-28 10:18:24,Same-Day,3
1588,2025-04-20 22:27:51,1712.57,1898.0,0.1203,42.9,Credito,Processando,RS,Sul,Eletrônicos,2025-05-02 15:09:07,2025-05-02 15:09:07,Same-Day,2
1589,2025-03-27 21:05:19,82.17,53.7,0.0842,32.99,Debito,Processando,RO,Norte,Eletrônicos,2025-04-16 12:11:09,2025-04-17 12:11:09,Scheduled,3
1590,2025-03-01 00:06:08,248.11,207.2,0.0096,42.9,Boleto,Cancelado,SC,Sul,Eletrônicos,2025-05-01 22:18:27,2025-05-04 22:18:27,Same-Day,4
1591,2025-04-21 21:05:42,1412.65,1539.8,0.104,32.99,Debito,Cancelado,PR,Sul,Eletrônicos,2025-04-27 05:14:26,2025-05-02 05:14:26,Scheduled,2
1592,2025-04-20 08:20:35,6480.06,6506.28,0.0091,32.99,Boleto,Processando,RS,Sul,Eletrônicos,2025-05-13 18:22:12,2025-05-14 18:22:12,Scheduled,4
1593,2025-05-16 18:17:22,374.81,389.58,0.1226,32.99,Boleto,Cancelado,RR,Norte,Eletrônicos,2025-04-13 11:18:40,2025-04-18 11:18:40,Scheduled,3
1594,2025-03-31 22:33:54,74.36,51.8,0.0065,22.9,Debito,Processando,SC,Sul,Eletrônicos,2025-04-24 20:22:36,2025-04-26 20:22:36,Standard,1
1595,2025-03-02 05:59:59,2811.25,2847.0,0.0206,22.9,PIX,Em Analise,RJ,Sudeste,Eletrônicos,2025-05-10 19:23:40,2025-05-10 19:23:40,Standard,3
1596,2025-03-19 23:09:39,1602.29,1626.57,0.0413,42.9,PIX,Em Analise,MG,Sudeste,Eletrônicos,2025-04-19 00:46:54,2025-04-21 00:46:54,Same-Day,1
1597,2025-03-21 04:01:45,7187.24,7916.4,0.095,22.9,PIX,Em Analise,PE,Nordeste,Eletrônicos,2025-04-20 01:37:38,2025-04-22 01:37:38,Standard,4
1598,2025-03-23 02:06:45,4649.27,5397.03,0.1465,42.9,Debito,Em Analise,RJ,Sudeste,Eletrônicos,2025-05-15 19:36:49,2025-05-15 19:36:49,Same-Day,3
1599,2025-03-12 19:30:23,538.31,524.7,0.0177,22.9,Debito,Cancelado,RS,Sul,Eletrônicos,2025-04-24 04:07:18,2025-04-28 04:07:18,Standard,3
1600,2025-03-02 06:46:11,18054.89,18416.0,0.0214,32.99,Boleto,Processando,SC,Sul,Eletrônicos,2025-04-29 12:54:05,2025-04-30 12:54:05,Scheduled,4
1601,2025-03-16 21:02:45,4652.76,4879.71,0.0553,42.9,PIX,Em Analise,SP,Sudeste,Eletrônicos,2025-04-29 11:03:55,2025-04-29 11:03:55,Same-Day,3
1602,2025-02-21 16:57:16,338.93,349.8,0.1254,32.99,Debito,Processando,PR,Sul,Eletrônicos,2025-04-26 16:40:46,2025-04-26 16:40:46,Scheduled,2
1603,2025-05-01 03:30:33,197.25,165.99,0.0701,42.9,Credito,Cancelado,PB,Nordeste,Eletrônicos,2025-05-01 09:08:58,2025-05-04 09:08:58,Same-Day,1
1604,2025-03-02 01:13:09,5828.86,6099.98,0.0482,22.9,Debito,Em Analise,MG,Sudeste,Eletrônicos,2025-05-01 21:28:37,2025-05-03 21:28:37,Standard,2
1605,2025-03-20 03:06:07,175.31,155.4,0.0842,32.99,Debito,Cancelado,PR,Sul,Eletrônicos,2025-05-07 21:48:05,2025-05-07 21:48:05,Scheduled,3
1606,2025-04-03 08:13:56,3143.42,3237.0,0.0391,32.99,PIX,Confirmado,SE,Nordeste,Eletrônicos,2025-04-14 23:20:44,2025-04-17 23:20:44,Scheduled,3
1607,2025-04-19 22:32:31,454.96,449.0,0.0602,32.99,PIX,Em Analise,RN,Nordeste,Eletrônicos,2025-04-19 14:39:59,2025-04-22 14:39:59,Scheduled,1
1608,2025-03-21 10:58:09,70.31,49.9,0.0499,22.9,Debito,Processando,PI,Nordeste,Eletrônicos,2025-04-18 17:09:56,2025-04-23 17:09:56,Standard,1
1609,2025-02-18 04:10:05,1612.39,1796.0,0.1206,32.99,Debito,Cancelado,RJ,Sudeste,Eletrônicos,2025-04-22 00:44:59,2025-04-25 00:44:59,Scheduled,4
1610,2025-04-18 00:32:59,2695.67,3079.6,0.1386,42.9,Credito,Em Analise,PA,Norte,Eletrônicos,2025-05-10 06:22:52,2025-05-11 06:22:52,Same-Day,4
1611,2025-02-22 16:12:04,4366.81,4879.71,0.1139,42.9,PIX,Cancelado,BA,Nordeste,Eletrônicos,2025-04-20 17:04:45,2025-04-23 17:04:45,Same-Day,3
1612,2025-05-10 17:06:33,143.6,107.8,0.0659,42.9,Credito,Em Analise,SP,Sudeste,Eletrônicos,2025-05-07 09:54:11,2025-05-07 09:54:11,Same-Day,2
1613,2025-03-16 00:09:24,115.15,99.8,0.0757,22.9,PIX,Em Analise,SC,Sul,Eletrônicos,2025-05-03 17:22:41,2025-05-04 17:22:41,Standard,2
1614,2025-02-28 23:05:09,124.55,103.6,0.0188,22.9,Credito,Cancelado,RJ,Sudeste,Eletrônicos,2025-05-10 01:03:48,2025-05-15 01:03:48,Standard,2
1615,2025-04-02 16:41:21,664.14,699.6,0.112,42.9,Debito,Confirmado,RJ,Sudeste,Eletrônicos,2025-05-12 15:11:01,2025-05-13 15:11:01,Same-Day,4
1616,2025-04-10 20:59:59,90.06,51.8,0.0895,42.9,PIX,Cancelado,PR,Sul,Eletrônicos,2025-04-26 12:42:55,2025-05-01 12:42:55,Same-Day,1
1617,2025-03-25 01:15:48,3153.75,3598.02,0.1354,42.9,PIX,Processando,MA,Nordeste,Eletrônicos,2025-04-28 04:19:38,2025-04-29 04:19:38,Same-Day,2
1618,2025-03-17 14:01:28,226.58,199.6,0.0301,32.99,Credito,Em Analise,RJ,Sudeste,Eletrônicos,2025-05-16 07:19:06,2025-05-17 07:19:06,Scheduled,4
1619,2025-03-08 05:54:19,8139.86,9149.97,0.114,32.99,Boleto,Cancelado,SC,Sul,Eletrônicos,2025-04-15 15:30:19,2025-04-17 15:30:19,Scheduled,3
1620,2025-04-03 06:15:04,55.02,35.8,0.1027,22.9,PIX,Em Analise,PA,Norte,Eletrônicos,2025-04-24 17:57:07,2025-04-29 17:57:07,Standard,2
1621,2025-05-02 08:50:25,40.09,17.9,0.0399,22.9,Boleto,Cancelado,SP,Sudeste,Eletrônicos,2025-04-20 17:06:50,2025-04-21 17:06:50,Standard,1
1622,2025-05-11 12:27:55,8256.96,9149.97,0.1001,22.9,Boleto,Cancelado,PI,Nordeste,Eletrônicos,2025-04-30 00:19:21,2025-05-04 00:19:21,Standard,3
1623,2025-03-09 06:26:42,4671.36,5397.03,0.1387,22.9,Credito,Em Analise,PR,Sul,Eletrônicos,2025-05-11 10:52:01,2025-05-11 10:52:01,Standard,3
1624,2025-04-03 05:47:36,218.88,215.6,0.1378,32.99,PIX,Em Analise,PI,Nordeste,Eletrônicos,2025-04-22 08:50:42,2025-04-26 08:50:42,Scheduled,4
1625,2025-04-18 09:55:02,129.16,107.8,0.1079,32.99,Debito,Confirmado,RJ,Sudeste,Eletrônicos,2025-05-08 03:52:34,2025-05-08 03:52:34,Scheduled,2
1626,2025-04-28 18:55:33,2755.38,2742.13,0.0072,32.99,Boleto,Processando,SP,Sudeste,Eletrônicos,2025-05-03 11:16:58,2025-05-04 11:16:58,Scheduled,1
1627,2025-04-28 00:28:12,2497.51,2847.0,0.1308,22.9,Debito,Em Analise,RS,Sul,Eletrônicos,2025-05-04 17:03:44,2025-05-04 17:03:44,Standard,3
1628,2025-03-18 00:13:32,429.55,428.99,0.0987,42.9,Debito,Processando,RS,Sul,Eletrônicos,2025-05-07 02:32:28,2025-05-09 02:32:28,Same-Day,1
1629,2025-04-28 21:02:35,689.9,699.6,0.0466,22.9,Credito,Cancelado,BA,Nordeste,Eletrônicos,2025-05-15 21:59:03,2025-05-15 21:59:03,Standard,4
1630,2025-03-06 13:36:46,3035.96,3079.6,0.0281,42.9,PIX,Em Analise,PE,Nordeste,Eletrônicos,2025-05-03 14:35:20,2025-05-06 14:35:20,Same-Day,4
1631,2025-04-09 04:01:55,134.79,103.6,0.0174,32.99,Boleto,Cancelado,MA,Nordeste,Eletrônicos,2025-04-27 18:05:27,2025-04-29 18:05:27,Scheduled,2
1632,2025-03-19 23:27:23,1657.27,1626.57,0.0075,42.9,Credito,Em Analise,AC,Norte,Eletrônicos,2025-04-20 10:47:07,2025-04-21 10:47:07,Same-Day,1
1633,2025-03-21 11:52:33,1635.77,1796.0,0.1131,42.9,Debito,Confirmado,SC,Sul,Eletrônicos,2025-05-05 02:14:00,2025-05-08 02:14:00,Same-Day,4
1634,2025-02-20 18:55:39,132.92,103.6,0.0354,32.99,PIX,Confirmado,TO,Norte,Eletrônicos,2025-05-02 14:53:55,2025-05-04 14:53:55,Scheduled,2
1635,2025-04-22 23:24:34,555.8,524.7,0.0036,32.99,Boleto,Cancelado,AC,Norte,Eletrônicos,2025-04-27 08:31:12,2025-05-01 08:31:12,Scheduled,3
1636,2025-02-22 01:55:08,189.09,165.99,0.0596,32.99,Credito,Confirmado,CE,Nordeste,Eletrônicos,2025-05-13 09:28:58,2025-05-15 09:28:58,Scheduled,1
1637,2025-04-19 13:13:11,8574.33,9208.0,0.0724,32.99,Debito,Processando,MG,Sudeste,Eletrônicos,2025-04-28 22:06:54,2025-04-28 22:06:54,Scheduled,2
1638,2025-04-07 18:10:09,554.27,524.7,0.0254,42.9,Debito,Confirmado,SP,Sudeste,Eletrônicos,2025-04-28 10:28:34,2025-05-01 10:28:34,Same-Day,3
1639,2025-04-18 10:31:56,94.36,51.8,0.0066,42.9,Boleto,Processando,MA,Nordeste,Eletrônicos,2025-05-03 14:09:11,2025-05-03 14:09:11,Same-Day,1
1640,2025-03-31 01:01:03,95.07,53.7,0.0284,42.9,Boleto,Confirmado,RR,Norte,Eletrônicos,2025-05-14 16:25:24,2025-05-15 16:25:24,Same-Day,3
1641,2025-03-24 09:28:56,489.41,519.44,0.1019,22.9,Boleto,Confirmado,SP,Sudeste,Eletrônicos,2025-04-30 18:48:06,2025-04-30 18:48:06,Standard,4
1642,2025-04-23 05:03:20,4268.25,4288.0,0.0123,32.99,Debito,Processando,SP,Sudeste,Eletrônicos,2025-04-23 23:28:03,2025-04-24 23:28:03,Scheduled,4
1643,2025-04-11 19:45:31,88.54,71.6,0.0833,22.9,Boleto,Cancelado,SE,Nordeste,Eletrônicos,2025-05-13 09:30:43,2025-05-14 09:30:43,Standard,4
1644,2025-04-16 06:31:20,1088.25,1079.0,0.022,32.99,Debito,Cancelado,SC,Sul,Eletrônicos,2025-05-04 20:56:55,2025-05-09 20:56:55,Scheduled,1
1645,2025-03-09 23:11:42,1611.74,1626.57,0.0294,32.99,PIX,Confirmado,RJ,Sudeste,Eletrônicos,2025-05-02 16:26:23,2025-05-05 16:26:23,Scheduled,1
1646,2025-04-29 10:33:17,2073.58,2158.0,0.059,42.9,Credito,Confirmado,CE,Nordeste,Eletrônicos,2025-05-02 22:40:00,2025-05-06 22:40:00,Same-Day,2
1647,2025-03-17 17:24:51,12038.64,12199.96,0.0151,22.9,Debito,Cancelado,RJ,Sudeste,Eletrônicos,2025-05-08 06:38:16,2025-05-08 06:38:16,Standard,4
1648,2025-02-23 12:16:07,1714.25,1715.96,0.026,42.9,Boleto,Processando,MG,Sudeste,Eletrônicos,2025-05-11 22:31:45,2025-05-11 22:31:45,Same-Day,4
1649,2025-05-13 17:01:11,1492.26,1539.8,0.0523,32.99,PIX,Confirmado,AC,Norte,Eletrônicos,2025-04-23 07:10:03,2025-04-24 07:10:03,Scheduled,2
1650,2025-03-23 20:39:01,13161.3,13812.0,0.0495,32.99,Credito,Confirmado,PI,Nordeste,Eletrônicos,2025-05-06 06:10:25,2025-05-06 06:10:25,Scheduled,3
1651,2025-03-31 06:58:28,224.36,215.6,0.1124,32.99,Credito,Processando,SC,Sul,Eletrônicos,2025-05-01 03:09:15,2025-05-05 03:09:15,Scheduled,4
1652,2025-03-24 01:53:22,279.71,259.72,0.0112,22.9,Credito,Cancelado,RS,Sul,Eletrônicos,2025-04-18 10:19:09,2025-04-23 10:19:09,Standard,2
1653,2025-03-10 16:34:37,4799.14,5484.26,0.1291,22.9,PIX,Cancelado,TO,Norte,Eletrônicos,2025-05-04 05:06:12,2025-05-06 05:06:12,Standard,2
1654,2025-04-21 12:26:22,2049.89,2309.7,0.1224,22.9,PIX,Em Analise,MG,Sudeste,Eletrônicos,2025-05-06 17:00:48,2025-05-10 17:00:48,Standard,3
1655,2025-03-08 05:15:26,80.52,53.7,0.1149,32.99,PIX,Em Analise,MG,Sudeste,Eletrônicos,2025-04-22 20:06:41,2025-04-23 20:06:41,Scheduled,3
1656,2025-04-24 12:08:17,6237.38,6506.28,0.0464,32.99,Debito,Processando,RS,Sul,Eletrônicos,2025-05-04 14:20:27,2025-05-08 14:20:27,Scheduled,4
1657,2025-03-27 05:39:52,1617.27,1796.0,0.1234,42.9,Credito,Confirmado,RN,Nordeste,Eletrônicos,2025-04-27 02:03:25,2025-04-30 02:03:25,Same-Day,4
1658,2025-04-06 08:15:51,1530.6,1539.8,0.0274,32.99,Boleto,Em Analise,PE,Nordeste,Eletrônicos,2025-04-23 01:22:26,2025-04-26 01:22:26,Scheduled,2
1659,2025-02-24 19:00:21,40.47,17.9,0.0187,22.9,Debito,Confirmado,SC,Sul,Eletrônicos,2025-05-13 00:51:11,2025-05-13 00:51:11,Standard,1
1660,2025-04-26 18:39:26,2317.13,2309.7,0.0067,22.9,Boleto,Cancelado,RJ,Sudeste,Eletrônicos,2025-04-26 09:12:49,2025-05-01 09:12:49,Standard,3
1661,2025-04-21 22:16:33,11898.88,13812.0,0.1409,32.99,Credito,Confirmado,SP,Sudeste,Eletrônicos,2025-05-03 18:21:46,2025-05-05 18:21:46,Scheduled,3
1662,2025-03-19 06:58:11,432.07,428.99,0.0462,22.9,Boleto,Em Analise,AP,Norte,Eletrônicos,2025-05-11 04:24:17,2025-05-12 04:24:17,Standard,1
1663,2025-04-07 02:55:40,10554.24,12199.96,0.1376,32.99,Credito,Cancelado,ES,Sudeste,Eletrônicos,2025-05-01 06:00:38,2025-05-04 06:00:38,Scheduled,4
1664,2025-05-03 21:42:47,5209.28,5397.03,0.0409,32.99,Credito,Processando,RS,Sul,Eletrônicos,2025-05-05 21:48:18,2025-05-10 21:48:18,Scheduled,3
1665,2025-03-28 12:28:47,2829.43,3237.0,0.1361,32.99,PIX,Em Analise,PR,Sul,Eletrônicos,2025-05-09 07:25:03,2025-05-13 07:25:03,Scheduled,3
1666,2025-02-22 09:54:42,73.85,35.8,0.1356,42.9,Boleto,Processando,AP,Norte,Eletrônicos,2025-04-19 00:32:08,2025-04-21 00:32:08,Same-Day,2
1667,2025-03-28 15:00:09,1569.97,1796.0,0.1386,22.9,PIX,Confirmado,AP,Norte,Eletrônicos,2025-05-06 06:53:30,2025-05-06 06:53:30,Standard,4
1668,2025-03-11 19:53:57,745.61,769.9,0.0744,32.99,Credito,Cancelado,RJ,Sudeste,Eletrônicos,2025-05-14 00:08:33,2025-05-16 00:08:33,Scheduled,1
1669,2025-03-30 11:30:55,248.88,259.72,0.1299,22.9,Debito,Processando,SC,Sul,Eletrônicos,2025-04-22 12:12:38,2025-04-24 12:12:38,Standard,2
1670,2025-02-23 20:58:13,952.12,1072.0,0.1426,32.99,PIX,Processando,CE,Nordeste,Eletrônicos,2025-04-23 23:25:09,2025-04-26 23:25:09,Scheduled,1
1671,2025-03-01 19:16:33,93.98,53.7,0.0487,42.9,PIX,Em Analise,PA,Norte,Eletrônicos,2025-04-28 03:51:28,2025-05-01 03:51:28,Same-Day,3
1672,2025-05-15 12:34:27,198.47,165.99,0.0628,42.9,PIX,Confirmado,SP,Sudeste,Eletrônicos,2025-05-09 13:52:12,2025-05-13 13:52:12,Same-Day,1
1673,2025-03-10 06:44:39,2891.89,3216.0,0.1079,22.9,PIX,Processando,RS,Sul,Eletrônicos,2025-04-13 23:00:02,2025-04-17 23:00:02,Standard,3
1674,2025-03-16 00:19:41,7582.27,7916.4,0.0451,22.9,Credito,Em Analise,AM,Norte,Eletrônicos,2025-05-05 16:15:40,2025-05-10 16:15:40,Standard,4
1675,2025-02-18 09:35:10,1788.25,1979.1,0.1131,32.99,PIX,Confirmado,BA,Nordeste,Eletrônicos,2025-04-24 00:17:39,2025-04-29 00:17:39,Scheduled,1
1676,2025-05-10 20:08:43,2734.59,2742.13,0.0111,22.9,Boleto,Em Analise,PR,Sul,Eletrônicos,2025-04-23 11:21:16,2025-04-24 11:21:16,Standard,1
1677,2025-03-06 11:53:33,501.56,519.44,0.0785,22.9,Boleto,Confirmado,PR,Sul,Eletrônicos,2025-04-29 01:04:11,2025-05-02 01:04:11,Standard,4
1678,2025-03-23 05:22:02,904.47,898.0,0.0183,22.9,Boleto,Em Analise,SP,Sudeste,Eletrônicos,2025-04-16 20:41:16,2025-04-21 20:41:16,Standard,2
1679,2025-03-03 11:23:20,3472.7,3598.02,0.044,32.99,Debito,Confirmado,TO,Norte,Eletrônicos,2025-05-12 15:47:22,2025-05-16 15:47:22,Scheduled,2
1680,2025-04-23 01:16:02,6949.82,7196.04,0.0388,32.99,Boleto,Confirmado,RS,Sul,Eletrônicos,2025-05-01 03:46:03,2025-05-02 03:46:03,Scheduled,4
1681,2025-03-03 23:44:55,184.26,161.7,0.1258,42.9,Credito,Confirmado,AP,Norte,Eletrônicos,2025-04-26 06:18:14,2025-04-30 06:18:14,Same-Day,3
1682,2025-03-30 21:39:19,1330.84,1347.0,0.029,22.9,Boleto,Cancelado,RO,Norte,Eletrônicos,2025-04-27 06:57:55,2025-04-28 06:57:55,Standard,3
1683,2025-05-07 04:43:20,261.21,259.72,0.1213,32.99,PIX,Cancelado,RS,Sul,Eletrônicos,2025-05-02 17:05:25,2025-05-07 17:05:25,Scheduled,2
1684,2025-04-07 08:36:54,1176.59,1286.97,0.1191,42.9,PIX,Cancelado,MG,Sudeste,Eletrônicos,2025-05-05 05:16:25,2025-05-08 05:16:25,Same-Day,3
1685,2025-03-18 23:47:48,340.14,331.98,0.0748,32.99,Debito,Confirmado,AM,Norte,Eletrônicos,2025-05-02 23:36:41,2025-05-03 23:36:41,Scheduled,2
1686,2025-03-28 13:43:31,94.91,53.9,0.0351,42.9,PIX,Confirmado,MG,Sudeste,Eletrônicos,2025-05-11 15:23:55,2025-05-15 15:23:55,Same-Day,1
1687,2025-05-07 03:49:50,3175.52,3253.14,0.034,32.99,Boleto,Cancelado,TO,Norte,Eletrônicos,2025-05-15 02:28:26,2025-05-17 02:28:26,Scheduled,2
1688,2025-04-16 14:32:24,12882.29,13812.0,0.0697,32.99,PIX,Cancelado,AP,Norte,Eletrônicos,2025-05-01 20:16:02,2025-05-03 20:16:02,Scheduled,3
1689,2025-03-10 14:27:01,392.25,349.8,0.0013,42.9,Debito,Cancelado,ES,Sudeste,Eletrônicos,2025-04-24 17:07:37,2025-04-27 17:07:37,Same-Day,2
1690,2025-03-05 08:37:07,128.33,103.6,0.0797,32.99,PIX,Cancelado,ES,Sudeste,Eletrônicos,2025-04-19 04:56:36,2025-04-22 04:56:36,Scheduled,2
1691,2025-03-08 14:57:18,125.39,107.8,0.1429,32.99,PIX,Cancelado,BA,Nordeste,Eletrônicos,2025-04-21 18:01:06,2025-04-25 18:01:06,Scheduled,2
1692,2025-04-15 03:37:21,10756.95,10968.52,0.0232,42.9,PIX,Cancelado,SC,Sul,Eletrônicos,2025-05-12 02:45:27,2025-05-14 02:45:27,Same-Day,4
1693,2025-05-08 01:54:01,70.25,51.8,0.086,22.9,Debito,Em Analise,PI,Nordeste,Eletrônicos,2025-04-26 17:53:46,2025-04-29 17:53:46,Standard,1
1694,2025-04-20 02:04:48,4725.87,5484.26,0.1443,32.99,PIX,Processando,MA,Nordeste,Eletrônicos,2025-05-09 08:04:11,2025-05-10 08:04:11,Scheduled,2
1695,2025-05-04 12:22:36,58.49,17.9,0.1291,42.9,PIX,Cancelado,RR,Norte,Eletrônicos,2025-04-28 00:15:01,2025-05-01 00:15:01,Same-Day,1
1696,2025-03-18 15:17:18,322.61,331.98,0.1276,32.99,Boleto,Confirmado,ES,Sudeste,Eletrônicos,2025-05-05 12:13:14,2025-05-10 12:13:14,Scheduled,2
1697,2025-04-19 22:25:31,3370.85,3796.0,0.1233,42.9,Credito,Cancelado,MG,Sudeste,Eletrônicos,2025-05-03 00:50:45,2025-05-05 00:50:45,Same-Day,4
1698,2025-04-11 05:26:41,5169.51,5397.03,0.0464,22.9,PIX,Confirmado,SE,Nordeste,Eletrônicos,2025-04-22 11:23:39,2025-04-22 11:23:39,Standard,3
1699,2025-03-28 08:50:57,8020.71,9208.0,0.1336,42.9,Debito,Cancelado,RJ,Sudeste,Eletrônicos,2025-05-15 06:46:22,2025-05-15 06:46:22,Same-Day,2
1700,2025-05-09 15:50:23,408.5,449.0,0.1412,22.9,Credito,Cancelado,BA,Nordeste,Eletrônicos,2025-04-29 22:20:31,2025-05-02 22:20:31,Standard,1
1701,2025-04-07 16:09:00,1874.75,1979.1,0.0744,42.9,PIX,Em Analise,MG,Sudeste,Eletrônicos,2025-04-27 18:24:25,2025-04-30 18:24:25,Same-Day,1
1702,2025-03-09 03:49:50,771.84,769.9,0.0532,42.9,Credito,Em Analise,PA,Norte,Eletrônicos,2025-04-17 12:16:33,2025-04-19 12:16:33,Same-Day,1
1703,2025-04-03 06:55:46,217.23,207.2,0.0621,22.9,Boleto,Em Analise,SP,Sudeste,Eletrônicos,2025-04-28 05:15:55,2025-04-29 05:15:55,Standard,4
1704,2025-03-21 13:02:21,8734.46,9149.97,0.0501,42.9,Credito,Cancelado,PI,Nordeste,Eletrônicos,2025-05-12 16:18:35,2025-05-15 16:18:35,Same-Day,3
1705,2025-04-12 20:47:34,1268.82,1286.97,0.0319,22.9,Debito,Cancelado,RS,Sul,Eletrônicos,2025-04-21 12:14:14,2025-04-24 12:14:14,Standard,3
1706,2025-05-17 03:29:10,1754.86,1898.0,0.0928,32.99,PIX,Confirmado,CE,Nordeste,Eletrônicos,2025-04-26 22:01:53,2025-04-29 22:01:53,Scheduled,2
1707,2025-03-13 07:01:51,3968.99,4288.0,0.0844,42.9,PIX,Cancelado,SE,Nordeste,Eletrônicos,2025-05-12 06:49:34,2025-05-17 06:49:34,Same-Day,4
1708,2025-03-27 19:06:54,72.87,53.7,0.0694,22.9,Credito,Cancelado,RJ,Sudeste,Eletrônicos,2025-04-20 18:38:58,2025-04-22 18:38:58,Standard,3
1709,2025-03-20 19:02:32,426.87,389.58,0.0144,42.9,Debito,Processando,TO,Norte,Eletrônicos,2025-05-06 06:25:24,2025-05-08 06:25:24,Same-Day,3
1710,2025-03-11 18:37:08,2549.68,2847.0,0.1195,42.9,PIX,Confirmado,SC,Sul,Eletrônicos,2025-05-02 12:12:34,2025-05-04 12:12:34,Same-Day,3
1711,2025-04-08 16:09:02,10714.13,10968.52,0.0262,32.99,Debito,Cancelado,RO,Norte,Eletrônicos,2025-04-26 00:45:00,2025-05-01 00:45:00,Scheduled,4
1712,2025-04-19 02:03:26,75.87,53.9,0.0172,22.9,PIX,Processando,PI,Nordeste,Eletrônicos,2025-04-17 15:30:55,2025-04-20 15:30:55,Standard,1
1713,2025-04-16 10:51:33,2508.64,2742.13,0.0935,22.9,PIX,Processando,PR,Sul,Eletrônicos,2025-04-29 03:31:18,2025-04-29 03:31:18,Standard,1
1714,2025-04-03 13:34:30,1480.71,1539.8,0.0598,32.99,Boleto,Cancelado,SC,Sul,Eletrônicos,2025-04-30 01:21:25,2025-05-04 01:21:25,Scheduled,2
1715,2025-05-02 04:16:26,238.33,207.2,0.009,32.99,Credito,Em Analise,RJ,Sudeste,Eletrônicos,2025-05-12 16:03:17,2025-05-13 16:03:17,Scheduled,4
1716,2025-04-04 17:49:37,1647.4,1715.96,0.0533,22.9,Boleto,Processando,ES,Sudeste,Eletrônicos,2025-05-06 05:36:55,2025-05-10 05:36:55,Standard,4
1717,2025-05-06 01:17:04,1540.15,1715.96,0.1158,22.9,Boleto,Em Analise,AC,Norte,Eletrônicos,2025-04-25 23:27:36,2025-04-29 23:27:36,Standard,4
1718,2025-03-05 10:45:16,1654.94,1798.0,0.0923,22.9,Debito,Processando,BA,Nordeste,Eletrônicos,2025-04-27 00:49:24,2025-05-01 00:49:24,Standard,2
1719,2025-05-01 20:42:32,495.36,499.64,0.0544,22.9,Credito,Confirmado,PA,Norte,Eletrônicos,2025-04-19 15:05:49,2025-04-24 15:05:49,Standard,4
1720,2025-04-01 18:02:24,3033.81,3079.6,0.0288,42.9,Boleto,Processando,AC,Norte,Eletrônicos,2025-04-21 16:35:32,2025-04-22 16:35:32,Same-Day,4
1721,2025-04-07 14:55:15,3288.09,3596.0,0.0948,32.99,Boleto,Em Analise,SC,Sul,Eletrônicos,2025-04-15 00:51:04,2025-04-19 00:51:04,Scheduled,4
1722,2025-04-01 11:29:27,811.47,898.0,0.1331,32.99,PIX,Processando,ES,Sudeste,Eletrônicos,2025-04-30 18:55:19,2025-05-01 18:55:19,Scheduled,2
1723,2025-04-21 09:22:57,358.8,349.8,0.0969,42.9,Credito,Processando,CE,Nordeste,Eletrônicos,2025-04-27 11:06:36,2025-04-28 11:06:36,Same-Day,2
1724,2025-05-06 03:04:55,1549.68,1715.96,0.1219,42.9,PIX,Cancelado,SE,Nordeste,Eletrônicos,2025-04-22 16:13:59,2025-04-26 16:13:59,Same-Day,4
1725,2025-04-26 20:47:09,526.57,524.7,0.0782,42.9,Boleto,Confirmado,SC,Sul,Eletrônicos,2025-04-25 03:06:40,2025-04-27 03:06:40,Same-Day,3
1726,2025-03-11 04:23:08,3243.5,3598.02,0.1077,32.99,Boleto,Em Analise,SP,Sudeste,Eletrônicos,2025-04-30 10:29:19,2025-05-01 10:29:19,Scheduled,2
1727,2025-03-27 08:45:08,112.58,103.6,0.1344,22.9,Debito,Em Analise,TO,Norte,Eletrônicos,2025-05-02 16:08:40,2025-05-02 16:08:40,Standard,2
1728,2025-02-24 04:12:52,9719.07,10968.52,0.116,22.9,Boleto,Cancelado,ES,Sudeste,Eletrônicos,2025-04-18 09:46:03,2025-04-23 09:46:03,Standard,4
1729,2025-03-11 05:17:55,452.9,497.97,0.1365,22.9,PIX,Confirmado,ES,Sudeste,Eletrônicos,2025-04-23 05:19:43,2025-04-27 05:19:43,Standard,3
1730,2025-02-23 13:20:20,3593.3,3796.0,0.0647,42.9,Boleto,Cancelado,AC,Norte,Eletrônicos,2025-05-07 15:27:44,2025-05-10 15:27:44,Same-Day,4
1731,2025-03-20 15:04:07,3151.28,3596.0,0.1356,42.9,PIX,Em Analise,PR,Sul,Eletrônicos,2025-04-24 18:32:59,2025-04-29 18:32:59,Same-Day,4
1732,2025-04-08 09:56:56,1827.64,1979.1,0.0932,32.99,PIX,Confirmado,MA,Nordeste,Eletrônicos,2025-05-06 08:07:19,2025-05-11 08:07:19,Scheduled,1
1733,2025-04-30 14:30:58,311.56,331.98,0.1305,22.9,Debito,Cancelado,SC,Sul,Eletrônicos,2025-04-29 11:46:51,2025-04-30 11:46:51,Standard,2
1734,2025-03-25 11:05:04,3607.77,3596.0,0.0059,32.99,Boleto,Processando,SP,Sudeste,Eletrônicos,2025-05-08 23:06:13,2025-05-09 23:06:13,Scheduled,4
1735,2025-04-30 07:54:17,3285.8,3598.02,0.0987,42.9,Credito,Em Analise,AP,Norte,Eletrônicos,2025-04-19 18:59:25,2025-04-22 18:59:25,Same-Day,2
1736,2025-02-28 16:31:45,195.55,174.9,0.1272,42.9,PIX,Processando,SC,Sul,Eletrônicos,2025-05-01 22:57:25,2025-05-01 22:57:25,Same-Day,1
1737,2025-04-21 06:48:48,6359.37,6506.28,0.0261,22.9,PIX,Processando,SE,Nordeste,Eletrônicos,2025-04-30 16:17:11,2025-05-01 16:17:11,Standard,4
1738,2025-03-06 00:20:31,429.29,428.99,0.0993,42.9,Credito,Cancelado,RJ,Sudeste,Eletrônicos,2025-04-21 22:32:13,2025-04-25 22:32:13,Same-Day,1
1739,2025-04-21 21:14:00,2841.08,3216.0,0.1237,22.9,Debito,Confirmado,SC,Sul,Eletrônicos,2025-04-16 01:21:26,2025-04-19 01:21:26,Standard,3
1740,2025-03-10 10:38:55,1496.18,1539.8,0.0432,22.9,Boleto,Em Analise,MG,Sudeste,Eletrônicos,2025-04-19 13:47:21,2025-04-20 13:47:21,Standard,2
1741,2025-04-29 05:43:19,130.29,103.6,0.0608,32.99,Credito,Cancelado,SC,Sul,Eletrônicos,2025-05-11 17:27:40,2025-05-12 17:27:40,Scheduled,2
1742,2025-02-28 19:35:22,72.01,53.7,0.0854,22.9,PIX,Em Analise,SP,Sudeste,Eletrônicos,2025-04-18 11:46:44,2025-04-21 11:46:44,Standard,3
1743,2025-04-07 09:01:29,897.97,949.0,0.0779,22.9,Credito,Processando,PR,Sul,Eletrônicos,2025-05-12 01:09:04,2025-05-15 01:09:04,Standard,1
1744,2025-02-23 11:53:33,1649.96,1626.57,0.0059,32.99,Credito,Confirmado,ES,Sudeste,Eletrônicos,2025-04-27 22:39:53,2025-04-27 22:39:53,Scheduled,1
1745,2025-03-19 06:19:04,1625.4,1626.57,0.0148,22.9,Credito,Cancelado,PE,Nordeste,Eletrônicos,2025-05-05 15:47:26,2025-05-08 15:47:26,Standard,1
1746,2025-03-16 13:39:53,75.79,53.7,0.0151,22.9,PIX,Confirmado,MG,Sudeste,Eletrônicos,2025-04-22 11:25:57,2025-04-27 11:25:57,Standard,3
1747,2025-03-03 11:48:35,392.99,374.73,0.0393,32.99,PIX,Em Analise,ES,Sudeste,Eletrônicos,2025-05-15 07:27:04,2025-05-17 07:27:04,Scheduled,3
1748,2025-03-30 01:28:32,1752.63,1796.0,0.0369,22.9,PIX,Confirmado,CE,Nordeste,Eletrônicos,2025-05-13 00:03:04,2025-05-14 00:03:04,Standard,4
1749,2025-04-29 07:58:33,178.33,174.9,0.1113,22.9,PIX,Confirmado,RS,Sul,Eletrônicos,2025-04-17 20:35:00,2025-04-18 20:35:00,Standard,1
1750,2025-05-09 20:05:40,5598.89,6099.98,0.0859,22.9,Credito,Confirmado,PE,Nordeste,Eletrônicos,2025-04-21 13:46:53,2025-04-23 13:46:53,Standard,2
1751,2025-02-28 17:18:57,179.96,165.99,0.1146,32.99,Credito,Cancelado,PB,Nordeste,Eletrônicos,2025-04-22 00:48:14,2025-04-26 00:48:14,Scheduled,1
1752,2025-03-25 06:40:57,8162.91,8226.39,0.0105,22.9,Credito,Processando,ES,Sudeste,Eletrônicos,2025-05-05 17:33:27,2025-05-09 17:33:27,Standard,3
1753,2025-04-10 07:22:22,70.93,51.8,0.0728,22.9,Boleto,Cancelado,SC,Sul,Eletrônicos,2025-04-30 13:19:30,2025-05-01 13:19:30,Standard,1
1754,2025-03-17 04:18:29,4685.46,4879.71,0.0486,42.9,Boleto,Processando,RR,Norte,Eletrônicos,2025-05-09 00:14:36,2025-05-09 00:14:36,Same-Day,3
1755,2025-05-03 09:20:10,850.9,949.0,0.1275,22.9,PIX,Processando,PR,Sul,Eletrônicos,2025-05-10 07:02:49,2025-05-12 07:02:49,Standard,1
1756,2025-02-19 03:37:09,1556.63,1715.96,0.1062,22.9,Boleto,Em Analise,RO,Norte,Eletrônicos,2025-04-29 15:54:02,2025-04-29 15:54:02,Standard,4
1757,2025-04-05 16:33:45,474.61,519.44,0.1304,22.9,Credito,Processando,RR,Norte,Eletrônicos,2025-04-28 23:48:11,2025-04-29 23:48:11,Standard,4
1758,2025-04-07 06:55:10,6503.64,6506.28,0.007,42.9,Credito,Em Analise,PR,Sul,Eletrônicos,2025-05-09 13:32:17,2025-05-14 13:32:17,Same-Day,4
1759,2025-03-22 12:47:27,6451.14,7196.04,0.1081,32.99,Boleto,Em Analise,RJ,Sudeste,Eletrônicos,2025-05-03 06:04:59,2025-05-05 06:04:59,Scheduled,4
1760,2025-03-27 08:42:56,3327.62,3596.0,0.081,22.9,Credito,Processando,PR,Sul,Eletrônicos,2025-04-19 15:09:21,2025-04-19 15:09:21,Standard,4
1761,2025-03-20 19:18:51,231.81,215.6,0.1238,42.9,Boleto,Confirmado,RR,Norte,Eletrônicos,2025-04-27 17:00:10,2025-05-01 17:00:10,Same-Day,4
1762,2025-04-14 20:37:10,909.77,949.0,0.0761,32.99,Credito,Confirmado,AM,Norte,Eletrônicos,2025-05-09 04:56:07,2025-05-14 04:56:07,Scheduled,1
1763,2025-04-10 21:01:51,4992.86,5397.03,0.081,32.99,Boleto,Em Analise,AM,Norte,Eletrônicos,2025-04-19 22:24:38,2025-04-23 22:24:38,Scheduled,3
1764,2025-03-18 09:24:29,10905.87,10968.52,0.0078,22.9,Boleto,Em Analise,PI,Nordeste,Eletrônicos,2025-04-24 22:52:12,2025-04-26 22:52:12,Standard,4
1765,2025-02-19 21:19:46,321.58,331.98,0.1003,22.9,Debito,Cancelado,MA,Nordeste,Eletrônicos,2025-04-29 05:19:03,2025-05-04 05:19:03,Standard,2
1766,2025-02-24 00:28:24,2763.26,2847.0,0.041,32.99,PIX,Processando,RS,Sul,Eletrônicos,2025-04-20 06:48:21,2025-04-20 06:48:21,Scheduled,3
1767,2025-02-27 18:45:32,8224.61,8226.39,0.003,22.9,Debito,Cancelado,AP,Norte,Eletrônicos,2025-05-11 01:34:52,2025-05-12 01:34:52,Standard,3
1768,2025-03-19 09:42:37,9148.91,9208.0,0.01,32.99,Boleto,Processando,SP,Sudeste,Eletrônicos,2025-04-22 11:37:25,2025-04-25 11:37:25,Scheduled,2
1769,2025-04-21 22:18:07,3124.24,3598.02,0.1436,42.9,Credito,Cancelado,PI,Nordeste,Eletrônicos,2025-04-15 13:20:09,2025-04-20 13:20:09,Same-Day,2
1770,2025-03-26 08:09:15,4398.04,4604.0,0.0519,32.99,Boleto,Processando,SC,Sul,Eletrônicos,2025-04-16 20:51:09,2025-04-20 20:51:09,Scheduled,1
1771,2025-05-02 18:52:32,1606.8,1798.0,0.1302,42.9,Credito,Confirmado,RS,Sul,Eletrônicos,2025-05-08 13:37:41,2025-05-11 13:37:41,Same-Day,2
1772,2025-04-08 11:46:47,792.44,899.0,0.144,22.9,Boleto,Em Analise,SC,Sul,Eletrônicos,2025-05-03 00:51:20,2025-05-07 00:51:20,Standard,1
1773,2025-02-18 22:09:22,48.36,17.9,0.1415,32.99,Boleto,Em Analise,MA,Nordeste,Eletrônicos,2025-05-05 10:01:10,2025-05-10 10:01:10,Scheduled,1
1774,2025-02-23 02:17:13,336.51,349.8,0.1323,32.99,Boleto,Em Analise,SE,Nordeste,Eletrônicos,2025-04-23 16:30:31,2025-04-24 16:30:31,Scheduled,2
1775,2025-04-03 13:26:13,87.75,51.8,0.1342,42.9,PIX,Processando,PB,Nordeste,Eletrônicos,2025-04-25 19:51:13,2025-04-27 19:51:13,Same-Day,1
1776,2025-03-27 15:41:52,80.72,49.9,0.0434,32.99,PIX,Confirmado,AM,Norte,Eletrônicos,2025-04-15 10:39:08,2025-04-19 10:39:08,Scheduled,1
1777,2025-03-01 21:24:28,5307.51,5397.03,0.0227,32.99,Debito,Cancelado,ES,Sudeste,Eletrônicos,2025-05-11 21:13:55,2025-05-11 21:13:55,Scheduled,3
1778,2025-04-17 20:47:48,257.71,259.72,0.0959,22.9,Debito,Cancelado,RS,Sul,Eletrônicos,2025-05-09 23:23:46,2025-05-11 23:23:46,Standard,2
1779,2025-04-05 03:57:32,2877.07,3079.6,0.0732,22.9,Debito,Confirmado,MG,Sudeste,Eletrônicos,2025-05-14 17:20:40,2025-05-16 17:20:40,Standard,4
1780,2025-02-24 04:44:13,7112.44,7196.04,0.0148,22.9,Debito,Confirmado,ES,Sudeste,Eletrônicos,2025-05-03 02:43:13,2025-05-04 02:43:13,Standard,4
1781,2025-02-20 01:02:23,226.69,215.6,0.1016,32.99,Boleto,Cancelado,PI,Nordeste,Eletrônicos,2025-05-06 07:05:42,2025-05-07 07:05:42,Scheduled,4
1782,2025-04-13 05:12:04,4490.76,4879.71,0.0844,22.9,Boleto,Processando,SC,Sul,Eletrônicos,2025-04-25 18:06:43,2025-04-25 18:06:43,Standard,3
1783,2025-05-02 05:49:38,136.74,107.8,0.1295,42.9,Boleto,Confirmado,PR,Sul,Eletrônicos,2025-04-19 14:49:13,2025-04-19 14:49:13,Same-Day,2
1784,2025-03-21 01:46:15,4926.64,5397.03,0.0914,22.9,PIX,Cancelado,PI,Nordeste,Eletrônicos,2025-05-01 12:10:04,2025-05-04 12:10:04,Standard,3
1785,2025-04-06 16:34:30,10047.03,10968.52,0.0861,22.9,Debito,Em Analise,AC,Norte,Eletrônicos,2025-04-27 14:13:39,2025-05-01 14:13:39,Standard,4
1786,2025-04-16 01:24:28,99.86,71.6,0.0661,32.99,Debito,Confirmado,MA,Nordeste,Eletrônicos,2025-04-18 13:56:28,2025-04-20 13:56:28,Scheduled,4
1787,2025-04-10 01:31:07,7409.9,7916.4,0.0694,42.9,Debito,Confirmado,AM,Norte,Eletrônicos,2025-04-20 05:31:54,2025-04-21 05:31:54,Same-Day,4
1788,2025-04-11 06:50:24,192.75,174.9,0.1432,42.9,Credito,Confirmado,SP,Sudeste,Eletrônicos,2025-05-03 15:14:47,2025-05-05 15:14:47,Same-Day,1
1789,2025-03-01 01:24:11,727.95,699.6,0.0208,42.9,Debito,Processando,AM,Norte,Eletrônicos,2025-04-27 01:27:45,2025-05-02 01:27:45,Same-Day,4
1790,2025-02-18 00:55:21,880.82,898.0,0.0669,42.9,Credito,Confirmado,PB,Nordeste,Eletrônicos,2025-05-09 06:39:09,2025-05-12 06:39:09,Same-Day,2
1791,2025-02-24 02:14:48,79.69,51.8,0.0984,32.99,Debito,Processando,SP,Sudeste,Eletrônicos,2025-04-17 06:52:52,2025-04-18 06:52:52,Scheduled,1
1792,2025-02-17 13:49:43,1462.61,1539.8,0.065,22.9,Debito,Cancelado,BA,Nordeste,Eletrônicos,2025-04-20 00:00:43,2025-04-23 00:00:43,Standard,2
1793,2025-05-15 22:02:53,147.24,129.86,0.0425,22.9,Debito,Confirmado,AM,Norte,Eletrônicos,2025-05-03 00:17:22,2025-05-05 00:17:22,Standard,1
1794,2025-04-28 02:27:14,1839.1,1898.0,0.0431,22.9,Boleto,Processando,AM,Norte,Eletrônicos,2025-04-21 18:06:28,2025-04-21 18:06:28,Standard,2
1795,2025-04-12 11:16:46,143.44,124.91,0.035,22.9,Credito,Confirmado,ES,Sudeste,Eletrônicos,2025-04-16 23:43:58,2025-04-20 23:43:58,Standard,1
1796,2025-03-28 18:19:33,449.75,428.99,0.0516,42.9,Credito,Confirmado,AC,Norte,Eletrônicos,2025-05-14 08:52:48,2025-05-17 08:52:48,Same-Day,1
1797,2025-04-01 00:10:18,216.39,199.6,0.1308,42.9,Debito,Processando,RJ,Sudeste,Eletrônicos,2025-05-07 04:46:19,2025-05-07 04:46:19,Same-Day,4
1798,2025-03-23 21:21:32,7625.73,8226.39,0.0758,22.9,Boleto,Processando,AM,Norte,Eletrônicos,2025-05-01 07:16:20,2025-05-06 07:16:20,Standard,3
1799,2025-03-19 02:59:15,1764.33,1796.0,0.036,32.99,PIX,Confirmado,RN,Nordeste,Eletrônicos,2025-05-12 22:28:47,2025-05-14 22:28:47,Scheduled,4
1800,2025-03-17 15:48:13,2066.47,2158.0,0.0577,32.99,Credito,Processando,AM,Norte,Eletrônicos,2025-04-18 14:34:12,2025-04-18 14:34:12,Scheduled,2
1801,2025-04-07 21:10:28,544.17,519.44,0.0159,32.99,Debito,Processando,AP,Norte,Eletrônicos,2025-05-07 07:54:46,2025-05-12 07:54:46,Scheduled,4
1802,2025-02-17 12:27:55,66.03,49.9,0.1356,22.9,Boleto,Confirmado,SC,Sul,Eletrônicos,2025-04-27 02:38:30,2025-04-30 02:38:30,Standard,1
1803,2025-03-29 17:55:43,1045.96,1079.0,0.0612,32.99,Credito,Cancelado,AP,Norte,Eletrônicos,2025-04-16 16:26:06,2025-04-21 16:26:06,Scheduled,1
1804,2025-05-05 07:39:45,1720.96,1979.1,0.1471,32.99,Boleto,Confirmado,RJ,Sudeste,Eletrônicos,2025-04-30 15:16:12,2025-05-02 15:16:12,Scheduled,1
1805,2025-03-12 20:17:14,2065.29,2144.0,0.0521,32.99,Boleto,Confirmado,SC,Sul,Eletrônicos,2025-04-26 16:28:39,2025-04-26 16:28:39,Scheduled,2
1806,2025-03-22 02:07:41,5367.42,6099.98,0.1255,32.99,Credito,Confirmado,AM,Norte,Eletrônicos,2025-04-24 05:19:27,2025-04-28 05:19:27,Scheduled,2
1807,2025-03-15 22:41:39,2253.77,2309.7,0.0385,32.99,PIX,Confirmado,RJ,Sudeste,Eletrônicos,2025-05-11 14:48:19,2025-05-13 14:48:19,Scheduled,3
1808,2025-02-24 19:41:05,192.85,161.7,0.0114,32.99,PIX,Cancelado,ES,Sudeste,Eletrônicos,2025-04-16 04:33:19,2025-04-21 04:33:19,Scheduled,3
1809,2025-04-04 02:45:37,5404.11,5397.03,0.0048,32.99,Boleto,Em Analise,PR,Sul,Eletrônicos,2025-04-16 05:15:43,2025-04-20 05:15:43,Scheduled,3
1810,2025-03-15 00:33:57,2611.11,2847.0,0.0909,22.9,PIX,Processando,MG,Sudeste,Eletrônicos,2025-05-15 07:03:48,2025-05-16 07:03:48,Standard,3
1811,2025-05-10 00:40:01,74.09,53.7,0.0467,22.9,Debito,Cancelado,SP,Sudeste,Eletrônicos,2025-04-29 17:13:14,2025-04-30 17:13:14,Standard,3
1812,2025-05-05 03:07:21,452.13,449.0,0.0665,32.99,Boleto,Confirmado,RR,Norte,Eletrônicos,2025-04-24 20:30:38,2025-04-29 20:30:38,Scheduled,1
1813,2025-05-12 22:17:27,4061.53,4604.0,0.1228,22.9,Boleto,Processando,RN,Nordeste,Eletrônicos,2025-04-18 03:47:59,2025-04-19 03:47:59,Standard,1
1814,2025-05-10 23:56:30,74.79,53.9,0.0372,22.9,Debito,Em Analise,RN,Nordeste,Eletrônicos,2025-05-03 03:02:50,2025-05-08 03:02:50,Standard,1
1815,2025-02-25 01:08:21,290.59,259.72,0.0463,42.9,Boleto,Cancelado,SP,Sudeste,Eletrônicos,2025-05-11 04:42:14,2025-05-11 04:42:14,Same-Day,2
1816,2025-02-21 18:29:03,3489.29,3958.2,0.1268,32.99,PIX,Cancelado,PB,Nordeste,Eletrônicos,2025-05-01 22:41:58,2025-05-01 22:41:58,Scheduled,2
1817,2025-02-20 04:59:20,817.48,857.98,0.0739,22.9,Boleto,Cancelado,MA,Nordeste,Eletrônicos,2025-04-19 18:44:46,2025-04-21 18:44:46,Standard,2
1818,2025-03-02 06:02:41,164.11,149.7,0.1241,32.99,Debito,Em Analise,RN,Nordeste,Eletrônicos,2025-04-28 22:22:35,2025-04-30 22:22:35,Scheduled,3
1819,2025-04-25 11:34:42,502.97,497.97,0.0562,32.99,Credito,Processando,PI,Nordeste,Eletrônicos,2025-04-14 20:47:53,2025-04-19 20:47:53,Scheduled,3
1820,2025-04-01 03:36:27,71.6,51.8,0.0598,22.9,PIX,Confirmado,AP,Norte,Eletrônicos,2025-04-24 17:20:29,2025-04-28 17:20:29,Standard,1
1821,2025-05-10 08:25:06,1067.99,1072.0,0.0251,22.9,PIX,Em Analise,BA,Nordeste,Eletrônicos,2025-05-12 21:19:41,2025-05-13 21:19:41,Standard,1
1822,2025-03-07 22:58:08,1574.55,1799.01,0.1375,22.9,PIX,Confirmado,RS,Sul,Eletrônicos,2025-04-27 22:39:48,2025-05-01 22:39:48,Standard,1
1823,2025-04-01 05:03:14,10601.97,12199.96,0.1345,42.9,PIX,Confirmado,SC,Sul,Eletrônicos,2025-05-02 14:35:18,2025-05-05 14:35:18,Same-Day,4
1824,2025-04-23 18:15:44,362.32,374.73,0.1476,42.9,Credito,Em Analise,PB,Nordeste,Eletrônicos,2025-04-21 16:26:21,2025-04-25 16:26:21,Same-Day,3
1825,2025-04-26 02:16:26,5113.95,5397.03,0.0604,42.9,Boleto,Processando,MA,Nordeste,Eletrônicos,2025-05-10 21:35:42,2025-05-13 21:35:42,Same-Day,3
1826,2025-03-10 23:22:50,5241.19,5937.3,0.1228,32.99,PIX,Em Analise,MG,Sudeste,Eletrônicos,2025-05-13 11:15:53,2025-05-15 11:15:53,Scheduled,3
1827,2025-04-13 14:07:12,912.87,949.0,0.0622,22.9,PIX,Em Analise,BA,Nordeste,Eletrônicos,2025-04-28 17:48:51,2025-04-28 17:48:51,Standard,1
1828,2025-05-07 15:58:25,177.81,155.4,0.0681,32.99,Debito,Confirmado,RR,Norte,Eletrônicos,2025-05-06 05:34:33,2025-05-11 05:34:33,Scheduled,3
1829,2025-04-13 20:38:41,470.42,499.64,0.1245,32.99,Debito,Cancelado,SE,Nordeste,Eletrônicos,2025-04-23 03:23:22,2025-04-27 03:23:22,Scheduled,4
1830,2025-03-16 17:11:29,2814.17,2847.0,0.0266,42.9,Credito,Processando,RN,Nordeste,Eletrônicos,2025-04-24 19:29:55,2025-04-29 19:29:55,Same-Day,3
1831,2025-03-23 09:03:40,526.05,499.64,0.033,42.9,Credito,Confirmado,PR,Sul,Eletrônicos,2025-04-19 22:02:30,2025-04-19 22:02:30,Same-Day,4
1832,2025-03-11 08:05:42,3461.18,3598.02,0.0472,32.99,Debito,Processando,PB,Nordeste,Eletrônicos,2025-05-05 13:21:46,2025-05-05 13:21:46,Scheduled,2
1833,2025-03-31 08:44:23,315.64,331.98,0.1182,22.9,Credito,Em Analise,PR,Sul,Eletrônicos,2025-04-13 10:59:26,2025-04-18 10:59:26,Standard,2
1834,2025-04-12 17:26:55,6175.57,6506.28,0.0559,32.99,Debito,Processando,PR,Sul,Eletrônicos,2025-04-14 14:44:17,2025-04-17 14:44:17,Scheduled,4
1835,2025-03-27 13:24:25,13103.29,13812.0,0.0537,32.99,Credito,Cancelado,CE,Nordeste,Eletrônicos,2025-05-13 17:18:12,2025-05-13 17:18:12,Scheduled,3
1836,2025-02-17 17:42:03,5554.54,6506.28,0.1498,22.9,Credito,Em Analise,SC,Sul,Eletrônicos,2025-04-26 16:35:04,2025-04-30 16:35:04,Standard,4
1837,2025-03-07 12:54:28,1245.83,1286.97,0.0576,32.99,Credito,Em Analise,SP,Sudeste,Eletrônicos,2025-04-19 03:08:15,2025-04-24 03:08:15,Scheduled,3
1838,2025-05-02 17:08:33,4741.08,4879.71,0.0372,42.9,Debito,Cancelado,RS,Sul,Eletrônicos,2025-05-08 13:16:54,2025-05-09 13:16:54,Same-Day,3
1839,2025-02-24 14:52:29,1243.96,1347.0,0.0935,22.9,PIX,Em Analise,SC,Sul,Eletrônicos,2025-04-24 06:53:52,2025-04-25 06:53:52,Standard,3
1840,2025-05-14 13:36:45,2537.5,2847.0,0.1203,32.99,Credito,Cancelado,SC,Sul,Eletrônicos,2025-04-15 05:45:11,2025-04-18 05:45:11,Scheduled,3
1841,2025-03-23 02:25:21,1813.29,1799.01,0.0104,32.99,Credito,Processando,RO,Norte,Eletrônicos,2025-05-05 17:41:02,2025-05-06 17:41:02,Scheduled,1
1842,2025-04-08 17:45:01,386.42,389.58,0.0928,32.99,Boleto,Processando,RS,Sul,Eletrônicos,2025-05-10 12:10:37,2025-05-13 12:10:37,Scheduled,3
1843,2025-03-20 15:39:30,216.86,174.9,0.0054,42.9,Credito,Processando,RN,Nordeste,Eletrônicos,2025-05-09 22:40:54,2025-05-11 22:40:54,Same-Day,1
1844,2025-03-15 21:16:06,1771.15,1898.0,0.0789,22.9,Debito,Em Analise,SC,Sul,Eletrônicos,2025-04-20 22:15:50,2025-04-23 22:15:50,Standard,2
1845,2025-03-29 06:37:16,5751.61,5937.3,0.0385,42.9,PIX,Processando,PE,Nordeste,Eletrônicos,2025-04-30 16:35:09,2025-04-30 16:35:09,Same-Day,3
1846,2025-04-28 21:53:30,1307.94,1347.0,0.046,22.9,Debito,Cancelado,RS,Sul,Eletrônicos,2025-04-30 21:26:45,2025-05-03 21:26:45,Standard,3
1847,2025-04-21 05:52:31,2896.71,3079.6,0.0701,32.99,Boleto,Cancelado,PR,Sul,Eletrônicos,2025-04-27 13:38:53,2025-04-27 13:38:53,Scheduled,4
1848,2025-02-19 13:21:24,1676.89,1898.0,0.1391,42.9,Credito,Processando,ES,Sudeste,Eletrônicos,2025-05-03 18:39:21,2025-05-07 18:39:21,Same-Day,2
1849,2025-02-28 18:09:05,129.3,107.8,0.1066,32.99,PIX,Em Analise,SE,Nordeste,Eletrônicos,2025-04-30 07:44:22,2025-05-02 07:44:22,Scheduled,2
1850,2025-05-03 07:57:31,780.33,857.98,0.1405,42.9,Boleto,Cancelado,RR,Norte,Eletrônicos,2025-05-12 21:36:29,2025-05-12 21:36:29,Same-Day,2
1851,2025-05-06 05:21:32,182.55,165.99,0.099,32.99,Boleto,Processando,AP,Norte,Eletrônicos,2025-04-29 09:57:21,2025-04-30 09:57:21,Scheduled,1
1852,2025-05-13 09:34:28,82.84,49.9,0.0011,32.99,Boleto,Cancelado,RN,Nordeste,Eletrônicos,2025-05-12 12:38:09,2025-05-16 12:38:09,Scheduled,1
1853,2025-03-09 13:28:59,3687.82,3796.0,0.0398,42.9,PIX,Confirmado,SP,Sudeste,Eletrônicos,2025-04-24 22:58:13,2025-04-26 22:58:13,Same-Day,4
1854,2025-05-06 19:45:00,5655.07,6506.28,0.1359,32.99,Credito,Cancelado,SE,Nordeste,Eletrônicos,2025-05-03 18:33:39,2025-05-05 18:33:39,Scheduled,4
1855,2025-02-20 10:17:34,4431.72,4879.71,0.0965,22.9,Boleto,Confirmado,SE,Nordeste,Eletrônicos,2025-05-10 01:22:48,2025-05-10 01:22:48,Standard,3
1856,2025-05-11 16:53:18,192.05,174.9,0.1472,42.9,Debito,Em Analise,RJ,Sudeste,Eletrônicos,2025-05-11 08:34:56,2025-05-14 08:34:56,Same-Day,1
1857,2025-03-16 14:43:35,545.41,524.7,0.0234,32.99,Boleto,Cancelado,AC,Norte,Eletrônicos,2025-05-14 00:04:42,2025-05-15 00:04:42,Scheduled,3
1858,2025-02-23 21:36:33,5179.76,5397.03,0.0445,22.9,Boleto,Processando,SC,Sul,Eletrônicos,2025-04-22 21:19:50,2025-04-26 21:19:50,Standard,3
1859,2025-04-15 13:31:31,448.55,428.99,0.0544,42.9,Debito,Processando,RO,Norte,Eletrônicos,2025-05-10 05:36:27,2025-05-14 05:36:27,Same-Day,1
1860,2025-04-01 11:58:48,90.35,49.9,0.049,42.9,PIX,Cancelado,RN,Nordeste,Eletrônicos,2025-05-06 15:35:55,2025-05-09 15:35:55,Same-Day,1
1861,2025-05-04 11:33:00,1772.94,1798.0,0.0378,42.9,Credito,Cancelado,PR,Sul,Eletrônicos,2025-05-05 20:15:54,2025-05-05 20:15:54,Same-Day,2
1862,2025-03-16 23:09:50,8564.4,9149.97,0.0665,22.9,Credito,Processando,MG,Sudeste,Eletrônicos,2025-05-09 17:12:38,2025-05-10 17:12:38,Standard,3
1863,2025-04-19 01:37:48,203.28,199.6,0.0963,22.9,Debito,Confirmado,MA,Nordeste,Eletrônicos,2025-05-10 02:46:10,2025-05-10 02:46:10,Standard,4
1864,2025-03-10 13:37:21,2593.95,2697.0,0.0467,22.9,Boleto,Confirmado,RS,Sul,Eletrônicos,2025-04-29 17:04:47,2025-04-29 17:04:47,Standard,3
1865,2025-04-08 03:01:12,4854.14,4879.71,0.012,32.99,Credito,Confirmado,RS,Sul,Eletrônicos,2025-04-17 03:31:11,2025-04-18 03:31:11,Scheduled,3
1866,2025-04-18 21:32:27,80.98,53.7,0.1063,32.99,Credito,Cancelado,AP,Norte,Eletrônicos,2025-04-23 20:29:26,2025-04-26 20:29:26,Scheduled,3
1867,2025-03-27 18:09:20,1221.2,1286.97,0.0689,22.9,Boleto,Em Analise,RO,Norte,Eletrônicos,2025-04-18 16:20:31,2025-04-23 16:20:31,Standard,3
1868,2025-04-24 14:22:23,426.16,428.99,0.0835,32.99,Credito,Em Analise,PA,Norte,Eletrônicos,2025-04-29 09:19:18,2025-04-30 09:19:18,Scheduled,1
1869,2025-03-01 08:26:52,2675.45,2847.0,0.0683,22.9,Boleto,Em Analise,SC,Sul,Eletrônicos,2025-05-08 23:35:43,2025-05-10 23:35:43,Standard,3
1870,2025-02-23 02:55:18,10612.95,12199.96,0.1336,42.9,Boleto,Confirmado,PR,Sul,Eletrônicos,2025-05-06 16:33:58,2025-05-10 16:33:58,Same-Day,4
1871,2025-04-18 21:27:16,232.74,207.2,0.0838,42.9,Debito,Cancelado,RS,Sul,Eletrônicos,2025-05-02 05:58:17,2025-05-02 05:58:17,Same-Day,4
1872,2025-05-03 15:09:30,208.64,215.6,0.1385,22.9,PIX,Cancelado,PR,Sul,Eletrônicos,2025-04-25 11:35:54,2025-04-29 11:35:54,Standard,4
1873,2025-05-06 06:42:40,196.18,165.99,0.0766,42.9,Boleto,Cancelado,AP,Norte,Eletrônicos,2025-05-13 21:58:28,2025-05-15 21:58:28,Same-Day,1
1874,2025-03-15 08:35:20,4688.39,4879.71,0.0439,22.9,Boleto,Em Analise,MG,Sudeste,Eletrônicos,2025-05-10 22:17:23,2025-05-12 22:17:23,Standard,3
1875,2025-05-07 01:29:51,1044.39,1079.0,0.0533,22.9,Boleto,Confirmado,MA,Nordeste,Eletrônicos,2025-04-29 02:13:29,2025-04-30 02:13:29,Standard,1
1876,2025-05-02 13:19:26,2161.84,2309.7,0.0783,32.99,Debito,Processando,ES,Sudeste,Eletrônicos,2025-04-21 00:00:07,2025-04-22 00:00:07,Scheduled,3
1877,2025-04-09 18:23:17,8465.45,9149.97,0.0795,42.9,Debito,Confirmado,RR,Norte,Eletrônicos,2025-04-21 21:50:55,2025-04-24 21:50:55,Same-Day,3
1878,2025-04-03 03:45:19,4951.82,5484.26,0.1031,32.99,Debito,Cancelado,RJ,Sudeste,Eletrônicos,2025-04-21 12:34:13,2025-04-21 12:34:13,Scheduled,2
1879,2025-03-20 15:51:51,515.79,499.64,0.0337,32.99,Credito,Processando,AC,Norte,Eletrônicos,2025-05-17 04:41:52,2025-05-17 04:41:52,Scheduled,4
1880,2025-02-18 15:23:09,8341.15,9208.0,0.0988,42.9,Credito,Processando,MA,Nordeste,Eletrônicos,2025-04-28 22:36:12,2025-04-28 22:36:12,Same-Day,2
1881,2025-04-28 05:10:10,3844.88,4316.0,0.1168,32.99,PIX,Cancelado,SE,Nordeste,Eletrônicos,2025-04-16 06:51:08,2025-04-20 06:51:08,Scheduled,4
1882,2025-03-09 17:19:00,2108.26,2309.7,0.1015,32.99,Debito,Em Analise,ES,Sudeste,Eletrônicos,2025-05-08 11:52:32,2025-05-09 11:52:32,Scheduled,3
1883,2025-04-08 18:59:47,1023.89,1079.0,0.0723,22.9,Credito,Em Analise,RJ,Sudeste,Eletrônicos,2025-05-06 04:36:13,2025-05-06 04:36:13,Standard,1
1884,2025-04-03 16:59:44,807.28,898.0,0.1488,42.9,Credito,Em Analise,PR,Sul,Eletrônicos,2025-05-06 20:38:16,2025-05-11 20:38:16,Same-Day,2
1885,2025-03-05 10:59:29,90.15,71.6,0.0607,22.9,PIX,Confirmado,AM,Norte,Eletrônicos,2025-05-06 09:23:14,2025-05-10 09:23:14,Standard,4
1886,2025-03-21 05:32:17,4553.24,4604.0,0.016,22.9,PIX,Confirmado,CE,Nordeste,Eletrônicos,2025-04-20 20:16:09,2025-04-20 20:16:09,Standard,1
1887,2025-04-14 03:23:18,174.77,161.7,0.1232,32.99,Boleto,Processando,SP,Sudeste,Eletrônicos,2025-04-24 13:28:33,2025-04-29 13:28:33,Scheduled,3
1888,2025-04-07 18:18:16,153.93,124.91,0.0318,32.99,Debito,Processando,PB,Nordeste,Eletrônicos,2025-04-28 18:02:00,2025-05-01 18:02:00,Scheduled,1
1889,2025-05-11 08:54:52,5344.91,5937.3,0.107,42.9,Boleto,Confirmado,AC,Norte,Eletrônicos,2025-05-05 13:35:08,2025-05-07 13:35:08,Same-Day,3
1890,2025-02-22 21:19:34,3198.95,3253.14,0.0268,32.99,Credito,Processando,PA,Norte,Eletrônicos,2025-05-08 10:15:26,2025-05-10 10:15:26,Scheduled,2
1891,2025-04-07 01:34:20,4300.18,4288.0,0.0025,22.9,Boleto,Confirmado,SP,Sudeste,Eletrônicos,2025-05-13 14:55:40,2025-05-15 14:55:40,Standard,4
1892,2025-03-10 23:14:15,528.92,497.97,0.024,42.9,Credito,Em Analise,RJ,Sudeste,Eletrônicos,2025-04-18 06:49:46,2025-04-20 06:49:46,Same-Day,3
1893,2025-05-04 23:44:26,1034.33,1072.0,0.0565,22.9,Credito,Em Analise,MG,Sudeste,Eletrônicos,2025-05-10 23:45:16,2025-05-12 23:45:16,Standard,1
1894,2025-03-02 10:52:01,512.9,497.97,0.016,22.9,PIX,Processando,RS,Sul,Eletrônicos,2025-04-25 13:27:08,2025-04-28 13:27:08,Standard,3
1895,2025-04-28 12:46:34,721.72,699.6,0.0297,42.9,Debito,Cancelado,PE,Nordeste,Eletrônicos,2025-05-04 01:54:44,2025-05-05 01:54:44,Same-Day,4
1896,2025-03-28 13:05:03,64.68,35.8,0.1147,32.99,Boleto,Processando,AC,Norte,Eletrônicos,2025-05-16 23:20:32,2025-05-16 23:20:32,Scheduled,2
1897,2025-05-04 14:42:55,1939.27,2144.0,0.1155,42.9,Credito,Em Analise,SC,Sul,Eletrônicos,2025-04-27 01:09:53,2025-05-02 01:09:53,Same-Day,2
1898,2025-03-26 04:45:17,8112.09,9208.0,0.1226,32.99,Credito,Em Analise,RN,Nordeste,Eletrônicos,2025-05-13 15:07:50,2025-05-14 15:07:50,Scheduled,2
1899,2025-02-25 20:19:25,38.54,17.9,0.1262,22.9,PIX,Em Analise,AM,Norte,Eletrônicos,2025-05-14 02:10:01,2025-05-17 02:10:01,Standard,1
1900,2025-03-20 00:43:30,519.65,519.44,0.0631,32.99,Debito,Processando,BA,Nordeste,Eletrônicos,2025-04-20 20:13:02,2025-04-25 20:13:02,Scheduled,4
1901,2025-03-22 03:26:13,2696.09,3049.99,0.1301,42.9,PIX,Cancelado,RJ,Sudeste,Eletrônicos,2025-05-06 16:35:39,2025-05-07 16:35:39,Same-Day,1
1902,2025-05-12 07:01:30,1699.97,1799.01,0.0789,42.9,Debito,Processando,RJ,Sudeste,Eletrônicos,2025-05-11 15:26:07,2025-05-13 15:26:07,Same-Day,1
1903,2025-02-24 04:23:06,748.54,769.9,0.0706,32.99,Credito,Processando,ES,Sudeste,Eletrônicos,2025-05-08 00:06:46,2025-05-12 00:06:46,Scheduled,1
1904,2025-02-28 23:24:04,345.08,349.8,0.1078,32.99,Credito,Em Analise,RJ,Sudeste,Eletrônicos,2025-04-25 01:19:23,2025-04-27 01:19:23,Scheduled,2
1905,2025-04-11 16:46:33,768.09,769.9,0.0321,22.9,Debito,Processando,TO,Norte,Eletrônicos,2025-04-18 19:22:59,2025-04-22 19:22:59,Standard,1
1906,2025-05-03 08:45:11,1555.69,1715.96,0.1184,42.9,Debito,Em Analise,PI,Nordeste,Eletrônicos,2025-05-04 02:15:07,2025-05-04 02:15:07,Same-Day,4
1907,2025-05-16 07:46:55,5164.06,5484.26,0.0644,32.99,PIX,Cancelado,RS,Sul,Eletrônicos,2025-05-12 18:17:30,2025-05-16 18:17:30,Scheduled,2
1908,2025-04-18 04:37:01,68.11,35.8,0.0191,32.99,Credito,Processando,SE,Nordeste,Eletrônicos,2025-05-06 08:41:06,2025-05-06 08:41:06,Scheduled,2
1909,2025-05-03 00:11:54,914.92,898.0,0.0179,32.99,PIX,Cancelado,SC,Sul,Eletrônicos,2025-05-10 16:37:56,2025-05-15 16:37:56,Scheduled,2
1910,2025-03-18 14:40:42,680.55,663.96,0.0247,32.99,Credito,Processando,RS,Sul,Eletrônicos,2025-04-28 14:02:29,2025-05-03 14:02:29,Scheduled,4
1911,2025-04-07 06:17:32,267.92,259.72,0.1336,42.9,Credito,Confirmado,RJ,Sudeste,Eletrônicos,2025-04-21 15:13:13,2025-04-23 15:13:13,Same-Day,2
1912,2025-02-23 11:23:51,139.34,124.91,0.1486,32.99,Debito,Cancelado,AP,Norte,Eletrônicos,2025-05-03 18:12:23,2025-05-06 18:12:23,Scheduled,1
1913,2025-04-28 00:47:41,120.96,103.6,0.0535,22.9,Credito,Cancelado,RJ,Sudeste,Eletrônicos,2025-05-01 10:37:28,2025-05-03 10:37:28,Standard,2
1914,2025-02-28 10:24:41,529.68,519.44,0.0438,32.99,Credito,Em Analise,PE,Nordeste,Eletrônicos,2025-04-27 01:45:45,2025-04-27 01:45:45,Scheduled,4
1915,2025-03-20 10:41:07,6993.0,7196.04,0.0328,32.99,Credito,Processando,SP,Sudeste,Eletrônicos,2025-05-07 23:52:51,2025-05-11 23:52:51,Scheduled,4
1916,2025-03-11 14:00:39,8092.79,9208.0,0.1236,22.9,PIX,Em Analise,RN,Nordeste,Eletrônicos,2025-04-17 04:46:00,2025-04-20 04:46:00,Standard,2
1917,2025-04-20 07:09:03,127.32,107.8,0.0314,22.9,Boleto,Processando,TO,Norte,Eletrônicos,2025-04-27 00:51:23,2025-04-30 00:51:23,Standard,2
1918,2025-04-06 06:14:58,471.85,497.97,0.1386,42.9,PIX,Confirmado,ES,Sudeste,Eletrônicos,2025-04-21 14:41:19,2025-04-21 14:41:19,Same-Day,3
1919,2025-02-25 04:52:37,266.71,259.72,0.1001,32.99,Boleto,Cancelado,PR,Sul,Eletrônicos,2025-04-21 20:52:35,2025-04-22 20:52:35,Scheduled,2
1920,2025-04-15 02:47:58,1675.52,1898.0,0.1346,32.99,Boleto,Cancelado,PI,Nordeste,Eletrônicos,2025-05-10 08:32:17,2025-05-14 08:32:17,Scheduled,2
1921,2025-05-05 16:46:58,4497.11,4879.71,0.0831,22.9,Boleto,Confirmado,MG,Sudeste,Eletrônicos,2025-04-16 07:51:18,2025-04-21 07:51:18,Standard,3
1922,2025-03-22 04:03:15,157.09,149.7,0.1036,22.9,Boleto,Confirmado,CE,Nordeste,Eletrônicos,2025-04-23 04:15:25,2025-04-28 04:15:25,Standard,3
1923,2025-05-06 13:45:38,2826.5,3079.6,0.0929,32.99,Boleto,Processando,TO,Norte,Eletrônicos,2025-05-13 10:20:06,2025-05-17 10:20:06,Scheduled,4
1924,2025-04-23 06:25:59,6962.21,7916.4,0.1247,32.99,Boleto,Processando,PA,Norte,Eletrônicos,2025-04-16 11:11:07,2025-04-17 11:11:07,Scheduled,4
1925,2025-02-26 02:48:14,80.13,53.9,0.1254,32.99,PIX,Processando,TO,Norte,Eletrônicos,2025-04-26 16:36:17,2025-04-28 16:36:17,Scheduled,1
1926,2025-03-03 14:57:34,3502.95,3796.0,0.0885,42.9,PIX,Confirmado,PB,Nordeste,Eletrônicos,2025-04-19 10:37:37,2025-04-24 10:37:37,Same-Day,4
1927,2025-05-15 09:57:45,439.38,449.0,0.0949,32.99,Debito,Em Analise,SC,Sul,Eletrônicos,2025-04-28 13:39:16,2025-05-01 13:39:16,Scheduled,1
1928,2025-03-26 23:21:25,368.69,389.58,0.1383,32.99,Boleto,Cancelado,RJ,Sudeste,Eletrônicos,2025-04-22 11:53:36,2025-04-24 11:53:36,Scheduled,3
1929,2025-04-28 11:04:47,108.78,99.8,0.1395,22.9,Boleto,Confirmado,TO,Norte,Eletrônicos,2025-04-13 15:11:59,2025-04-17 15:11:59,Standard,2
1930,2025-04-26 21:18:24,5535.32,6099.98,0.0996,42.9,Debito,Em Analise,PB,Nordeste,Eletrônicos,2025-05-02 01:25:16,2025-05-04 01:25:16,Same-Day,2
1931,2025-04-15 16:03:30,940.82,899.0,0.0012,42.9,Debito,Cancelado,RS,Sul,Eletrônicos,2025-04-18 00:43:08,2025-04-19 00:43:08,Same-Day,1
1932,2025-04-16 09:27:08,6427.03,6506.28,0.0157,22.9,Credito,Em Analise,AC,Norte,Eletrônicos,2025-04-18 11:54:11,2025-04-21 11:54:11,Standard,4
1933,2025-04-06 06:47:57,3340.44,3796.0,0.1287,32.99,Credito,Cancelado,RR,Norte,Eletrônicos,2025-04-21 09:28:47,2025-04-23 09:28:47,Scheduled,4
1934,2025-02-25 00:13:55,545.83,519.44,0.0127,32.99,Credito,Cancelado,AM,Norte,Eletrônicos,2025-04-15 21:01:33,2025-04-19 21:01:33,Scheduled,4
1935,2025-05-08 12:49:51,91.2,49.9,0.032,42.9,Credito,Confirmado,AC,Norte,Eletrônicos,2025-04-19 09:45:29,2025-04-20 09:45:29,Same-Day,1
1936,2025-03-28 18:48:10,189.1,161.7,0.0346,32.99,Boleto,Processando,ES,Sudeste,Eletrônicos,2025-04-30 15:20:33,2025-04-30 15:20:33,Scheduled,3
1937,2025-04-15 06:03:28,179.13,149.7,0.09,42.9,Credito,Em Analise,MG,Sudeste,Eletrônicos,2025-04-23 04:21:44,2025-04-26 04:21:44,Same-Day,3
1938,2025-02-16 17:53:39,90.22,51.8,0.0865,42.9,Credito,Cancelado,PB,Nordeste,Eletrônicos,2025-04-13 23:09:12,2025-04-18 23:09:12,Same-Day,1
1939,2025-02-25 14:43:20,3109.42,3216.0,0.0434,32.99,Debito,Cancelado,RJ,Sudeste,Eletrônicos,2025-05-08 10:06:14,2025-05-10 10:06:14,Scheduled,3
1940,2025-02-24 23:09:26,541.37,524.7,0.0311,32.99,Boleto,Cancelado,AM,Norte,Eletrônicos,2025-04-27 09:16:36,2025-04-30 09:16:36,Scheduled,3
1941,2025-03-24 15:27:14,10833.61,12199.96,0.1147,32.99,Boleto,Confirmado,PE,Nordeste,Eletrônicos,2025-05-14 17:31:12,2025-05-14 17:31:12,Scheduled,4
1942,2025-03-25 13:51:13,5277.14,6099.98,0.1403,32.99,Credito,Cancelado,RO,Norte,Eletrônicos,2025-05-12 16:52:31,2025-05-12 16:52:31,Scheduled,2
1943,2025-02-28 03:33:00,60.66,17.9,0.0079,42.9,Credito,Cancelado,AP,Norte,Eletrônicos,2025-05-10 02:57:55,2025-05-12 02:57:55,Same-Day,1
1944,2025-03-03 22:06:09,532.55,499.64,0.02,42.9,PIX,Processando,RJ,Sudeste,Eletrônicos,2025-04-25 15:57:48,2025-04-29 15:57:48,Same-Day,4
1945,2025-03-16 23:42:34,12504.8,13812.0,0.0963,22.9,Credito,Em Analise,PE,Nordeste,Eletrônicos,2025-05-02 15:13:26,2025-05-06 15:13:26,Standard,3
1946,2025-03-25 02:09:52,2850.73,3216.0,0.1207,22.9,Debito,Confirmado,MA,Nordeste,Eletrônicos,2025-05-12 09:05:54,2025-05-15 09:05:54,Standard,3
1947,2025-04-06 00:32:00,76.97,49.9,0.1187,32.99,PIX,Confirmado,RJ,Sudeste,Eletrônicos,2025-05-06 20:27:54,2025-05-11 20:27:54,Scheduled,1
1948,2025-04-11 08:36:05,255.83,249.82,0.108,32.99,Boleto,Cancelado,PR,Sul,Eletrônicos,2025-05-12 04:48:13,2025-05-16 04:48:13,Scheduled,2
1949,2025-02-26 18:13:15,1581.59,1798.0,0.1331,22.9,Boleto,Em Analise,PA,Norte,Eletrônicos,2025-05-15 09:13:10,2025-05-15 09:13:10,Standard,2
1950,2025-03-10 19:50:53,2107.1,2144.0,0.0326,32.99,Debito,Confirmado,PA,Norte,Eletrônicos,2025-04-18 00:10:57,2025-04-23 00:10:57,Scheduled,2
1951,2025-04-30 18:33:17,278.79,249.82,0.0161,32.99,Boleto,Em Analise,PA,Norte,Eletrônicos,2025-04-18 18:34:54,2025-04-22 18:34:54,Scheduled,2
1952,2025-04-18 19:49:10,81.92,53.9,0.0923,32.99,Boleto,Em Analise,SE,Nordeste,Eletrônicos,2025-05-02 04:55:37,2025-05-06 04:55:37,Scheduled,1
1953,2025-04-03 09:43:39,1619.21,1798.0,0.1233,42.9,Debito,Confirmado,RJ,Sudeste,Eletrônicos,2025-04-29 23:41:30,2025-05-01 23:41:30,Same-Day,2
1954,2025-04-25 23:04:48,7248.2,7916.4,0.0873,22.9,Credito,Confirmado,CE,Nordeste,Eletrônicos,2025-05-09 06:25:03,2025-05-14 06:25:03,Standard,4
1955,2025-03-21 10:32:49,154.01,129.86,0.1444,42.9,Credito,Em Analise,CE,Nordeste,Eletrônicos,2025-05-13 13:27:58,2025-05-14 13:27:58,Same-Day,1
1956,2025-04-29 18:53:12,5772.98,6506.28,0.1193,42.9,PIX,Processando,PA,Norte,Eletrônicos,2025-04-22 23:49:16,2025-04-27 23:49:16,Same-Day,4
1957,2025-04-17 13:58:11,8263.14,9208.0,0.1051,22.9,Debito,Em Analise,RS,Sul,Eletrônicos,2025-05-13 15:33:13,2025-05-14 15:33:13,Standard,2
1958,2025-03-27 00:06:45,131.89,99.8,0.009,32.99,PIX,Processando,MA,Nordeste,Eletrônicos,2025-05-08 13:13:22,2025-05-13 13:13:22,Scheduled,2
1959,2025-05-05 19:41:44,2165.94,2158.0,0.0162,42.9,Debito,Em Analise,RJ,Sudeste,Eletrônicos,2025-04-24 17:15:44,2025-04-24 17:15:44,Same-Day,2
1960,2025-04-16 06:48:17,2462.28,2742.13,0.1177,42.9,Boleto,Cancelado,PI,Nordeste,Eletrônicos,2025-04-16 07:28:43,2025-04-21 07:28:43,Same-Day,1
1961,2025-04-15 00:22:30,1767.5,1798.0,0.0297,22.9,Debito,Cancelado,RS,Sul,Eletrônicos,2025-05-03 00:25:00,2025-05-03 00:25:00,Standard,2
1962,2025-04-19 02:02:59,271.65,249.82,0.0043,22.9,Debito,Confirmado,PA,Norte,Eletrônicos,2025-04-25 07:31:55,2025-04-29 07:31:55,Standard,2
1963,2025-03-10 05:16:25,229.05,215.6,0.1366,42.9,Debito,Confirmado,SP,Sudeste,Eletrônicos,2025-05-14 19:10:03,2025-05-14 19:10:03,Same-Day,4
1964,2025-03-18 10:16:48,112.66,103.6,0.1336,22.9,PIX,Em Analise,PE,Nordeste,Eletrônicos,2025-05-11 12:08:37,2025-05-11 12:08:37,Standard,2
1965,2025-03-10 04:42:42,506.15,499.64,0.0328,22.9,Boleto,Cancelado,CE,Nordeste,Eletrônicos,2025-05-09 22:14:57,2025-05-13 22:14:57,Standard,4
1966,2025-03-02 20:08:08,4098.32,4604.0,0.117,32.99,Boleto,Em Analise,AM,Norte,Eletrônicos,2025-04-20 20:26:06,2025-04-20 20:26:06,Scheduled,1
1967,2025-04-25 19:39:47,82.53,49.9,0.0072,32.99,PIX,Processando,TO,Norte,Eletrônicos,2025-04-28 04:32:35,2025-05-01 04:32:35,Scheduled,1
1968,2025-03-13 17:20:35,5706.08,5937.3,0.0428,22.9,Boleto,Confirmado,RS,Sul,Eletrônicos,2025-05-06 17:59:46,2025-05-07 17:59:46,Standard,3
1969,2025-04-20 09:15:32,3954.92,4316.0,0.0936,42.9,Boleto,Confirmado,PR,Sul,Eletrônicos,2025-04-17 21:16:05,2025-04-22 21:16:05,Same-Day,4
1970,2025-03-13 00:09:55,838.08,898.0,0.1145,42.9,Credito,Processando,MA,Nordeste,Eletrônicos,2025-05-04 04:43:31,2025-05-08 04:43:31,Same-Day,2
1971,2025-04-08 09:47:59,86.8,53.9,0.0016,32.99,Credito,Em Analise,PR,Sul,Eletrônicos,2025-04-24 01:20:28,2025-04-25 01:20:28,Scheduled,1
1972,2025-04-23 20:16:53,10455.06,10968.52,0.0489,22.9,Boleto,Confirmado,RN,Nordeste,Eletrônicos,2025-04-21 23:00:30,2025-04-22 23:00:30,Standard,4
1973,2025-04-13 11:44:02,2633.06,2697.0,0.0322,22.9,Boleto,Processando,MG,Sudeste,Eletrônicos,2025-04-24 08:48:49,2025-04-28 08:48:49,Standard,3
1974,2025-03-13 05:15:23,1127.17,1286.97,0.1498,32.99,PIX,Em Analise,RR,Norte,Eletrônicos,2025-04-27 07:43:26,2025-04-30 07:43:26,Scheduled,3
1975,2025-03-14 20:03:24,129.95,107.8,0.1006,32.99,Debito,Em Analise,PR,Sul,Eletrônicos,2025-04-20 17:10:58,2025-04-25 17:10:58,Scheduled,2
1976,2025-03-23 11:21:41,136.62,99.8,0.0609,42.9,Credito,Processando,RS,Sul,Eletrônicos,2025-04-22 14:59:50,2025-04-25 14:59:50,Same-Day,2
1977,2025-05-12 18:45:44,699.36,663.96,0.0113,42.9,Boleto,Processando,TO,Norte,Eletrônicos,2025-04-18 14:27:13,2025-04-20 14:27:13,Same-Day,4
1978,2025-03-06 16:10:08,896.77,949.0,0.0898,32.99,Boleto,Processando,PE,Nordeste,Eletrônicos,2025-05-08 23:46:58,2025-05-13 23:46:58,Scheduled,1
1979,2025-05-07 18:24:03,3463.44,3796.0,0.0963,32.99,Boleto,Confirmado,RO,Norte,Eletrônicos,2025-04-25 01:15:14,2025-04-28 01:15:14,Scheduled,4
1980,2025-05-03 23:50:38,250.8,259.72,0.1225,22.9,Credito,Em Analise,RS,Sul,Eletrônicos,2025-05-15 20:00:34,2025-05-15 20:00:34,Standard,2
1981,2025-05-04 13:16:05,893.06,899.0,0.0433,32.99,PIX,Processando,AC,Norte,Eletrônicos,2025-05-07 06:04:38,2025-05-07 06:04:38,Scheduled,1
1982,2025-04-20 19:53:14,2797.18,3253.14,0.1472,22.9,PIX,Confirmado,BA,Nordeste,Eletrônicos,2025-05-12 10:28:25,2025-05-16 10:28:25,Standard,2
1983,2025-03-17 17:24:08,489.61,499.64,0.0659,22.9,Boleto,Em Analise,SE,Nordeste,Eletrônicos,2025-04-20 03:47:35,2025-04-25 03:47:35,Standard,4
1984,2025-04-13 00:52:00,380.99,374.73,0.0444,22.9,Credito,Cancelado,SP,Sudeste,Eletrônicos,2025-04-29 05:17:59,2025-05-01 05:17:59,Standard,3
1985,2025-04-22 08:52:16,127.57,99.8,0.0523,32.99,Credito,Cancelado,PR,Sul,Eletrônicos,2025-05-09 06:03:21,2025-05-14 06:03:21,Scheduled,2
1986,2025-02-26 10:00:48,152.73,129.86,0.0779,32.99,PIX,Em Analise,RJ,Sudeste,Eletrônicos,2025-05-04 20:57:11,2025-05-04 20:57:11,Scheduled,1
1987,2025-05-02 03:45:50,183.32,174.9,0.1405,32.99,Boleto,Confirmado,SP,Sudeste,Eletrônicos,2025-04-17 13:12:04,2025-04-21 13:12:04,Scheduled,1
1988,2025-03-15 01:06:47,96.69,71.6,0.1103,32.99,Debito,Cancelado,RO,Norte,Eletrônicos,2025-05-09 14:23:37,2025-05-14 14:23:37,Scheduled,4
1989,2025-04-05 04:58:21,1610.26,1715.96,0.0866,42.9,Debito,Confirmado,PR,Sul,Eletrônicos,2025-04-24 11:51:40,2025-04-24 11:51:40,Same-Day,4
1990,2025-05-12 23:05:21,725.43,699.6,0.0244,42.9,Debito,Processando,AM,Norte,Eletrônicos,2025-05-03 07:52:33,2025-05-04 07:52:33,Same-Day,4
1991,2025-05-04 04:14:18,238.03,199.6,0.0224,42.9,Debito,Processando,AC,Norte,Eletrônicos,2025-04-19 16:36:43,2025-04-24 16:36:43,Same-Day,4
1992,2025-03-19 22:43:31,6687.17,7196.04,0.0753,32.99,Credito,Em Analise,ES,Sudeste,Eletrônicos,2025-04-20 23:32:53,2025-04-25 23:32:53,Scheduled,4
1993,2025-02-17 14:58:07,1795.77,1979.1,0.1093,32.99,Boleto,Cancelado,AP,Norte,Eletrônicos,2025-05-06 14:31:56,2025-05-11 14:31:56,Scheduled,1
1994,2025-03-29 05:15:29,716.12,769.9,0.1127,32.99,Debito,Confirmado,SC,Sul,Eletrônicos,2025-05-06 17:32:53,2025-05-06 17:32:53,Scheduled,1
1995,2025-05-08 17:17:16,183.12,155.4,0.0339,32.99,Debito,Cancelado,RS,Sul,Eletrônicos,2025-05-04 11:22:50,2025-05-07 11:22:50,Scheduled,3
1996,2025-03-18 10:13:15,2317.95,2309.7,0.015,42.9,Boleto,Em Analise,SC,Sul,Eletrônicos,2025-05-03 11:56:11,2025-05-08 11:56:11,Same-Day,3
1997,2025-05-12 22:02:18,748.38,769.9,0.0577,22.9,Debito,Confirmado,SE,Nordeste,Eletrônicos,2025-04-23 23:56:49,2025-04-28 23:56:49,Standard,1
1998,2025-03-16 03:27:45,266.86,259.72,0.1377,42.9,PIX,Processando,RN,Nordeste,Eletrônicos,2025-04-18 04:58:35,2025-04-22 04:58:35,Same-Day,2
1999,2025-03-06 06:11:28,8497.69,9208.0,0.0818,42.9,Credito,Processando,PR,Sul,Eletrônicos,2025-05-03 16:55:26,2025-05-07 16:55:26,Same-Day,2
2000,2025-04-29 05:14:26,141.81,124.91,0.048,22.9,Credito,Cancelado,MA,Nordeste,Eletrônicos,2025-04-25 17:26:27,2025-04-25 17:26:27,Standard,1
